{"@module": "pymatgen.entries.computed_entries", "@class": "ComputedEntry", "energy": 0.0, "composition": {"K": 2.0, "Cu": 6.0, "S": 4.0}, "entry_id": "100001", "correction": 0.0, "energy_adjustments": [], "parameters": {"id": "100001", "name": "KCu3S2", "ibrav": 0, "vol": 1475.875256817256, "lda_pw_cutoff_Ry": 76, "qe_conv_pbe": {"qe_conv_maxiter": 20, "qe_delta_kppa": 1500, "qe_delta_cutoff": 5, "qe_conv_thresh": 0.00044099190468536564, "qe_conv_steps": [[60, 1500, -1193.317161232441], [65, 1500, -1193.495075351135], [70, 1500, -1193.550780958555], [75, 1500, -1193.564238909646], [80, 1500, -1193.566285910042], [85, 1500, -1193.566439735191], [85, 3000, -1193.566441426802]], "qe_conv_time": 1002.5093622207642}, "num_elec_pbe": 156.0, "max_mem": 109012.0, "qe_conv_lda": {"qe_conv_maxiter": 20, "qe_delta_kppa": 1500, "qe_delta_cutoff": 5, "qe_conv_thresh": 0.00044099190468536564, "qe_conv_steps": [[76, 1500, -1240.981551408579], [81, 1500, -1240.996422975884], [86, 1500, -1240.999912962123], [91, 1500, -1241.000469237532], [96, 1500, -1241.000510198286], [96, 3000, -1241.000512397587]], "qe_conv_time": 981.4376900196075}, "num_elec_lda": 156.0, "bg_conv_pbe": {"bg_conv_maxiter": 20, "bg_delta_kppa": 1500, "bg_delta_cutoff": 5, "bg_conv_thresh": 0.025, "bg_conv_steps": [[85, 3000, 0.4655238225093599], [85, 4500, 0.46668605054967066]], "bg_conv_time": 449.7246296405792}, "indirect_gap_pbe": 0.46552379518100095, "bg_conv_lda": {"bg_conv_maxiter": 20, "bg_delta_kppa": 1500, "bg_delta_cutoff": 5, "bg_conv_thresh": 0.025, "bg_conv_steps": [[96, 3000, 0.2867405582066308], [96, 4500, 0.2883995297180482]], "bg_conv_time": 500.32125520706177}, "indirect_gap_lda": 0.28674061599745104, "gw_conv_pbe": {"gw_conv_thr": 0.025, "gw_bnd_start": 200, "gw_bnd_step": 100, "gw_cut_start": 4, "gw_cut_step": 4, "kpt_bnd_idx": {"@module": "numpy", "@class": "array", "dtype": "int64", "data": [1, 1, 78, 79]}, "gw_bands": 200, "gw_cutoff": 4, "w_conv_grid": [[200, 4, 0.866002], [300, 4, 0.7944330000000001], [400, 4, 0.764497], [500, 4, 0.748919], [500, 8, 0.710511], [500, 8, 0.710511], [500, 12, 0.724207], [500, 12, 0.724207], [600, 12, 0.7129030000000001], [600, 16, 0.7360660000000001], [600, 16, 0.7360660000000001]], "pwcutoff": 85, "w_conv_time": [14.984758377075195, 16.557117223739624, 18.327621698379517, 20.08210062980652, 29.351795434951782, 29.355838775634766, 53.10021734237671, 53.10288190841675, 56.6434600353241, 108.33310556411743, 108.3350522518158], "w_ngw": 8, "w_z_factor": [{"@module": "numpy", "@class": "array", "dtype": "float64", "data": [[78.0, 0.74, -0.179582], [79.0, 0.78, -0.15755]]}, {"@module": "numpy", "@class": "array", "dtype": "float64", "data": [[78.0, 0.74, -0.1261], [79.0, 0.78, -0.143846]]}, {"@module": "numpy", "@class": "array", "dtype": "float64", "data": [[78.0, 0.75, -0.165772], [79.0, 0.78, -0.152354]]}, {"@module": "numpy", "@class": "array", "dtype": "float64", "data": [[78.0, 0.75, -0.186449], [79.0, 0.78, -0.155615]]}, {"@module": "numpy", "@class": "array", "dtype": "float64", "data": [[78.0, 0.74, -0.167612], [79.0, 0.78, -0.149511]]}, {"@module": "numpy", "@class": "array", "dtype": "float64", "data": [[78.0, 0.74, -0.168179], [79.0, 0.77, -0.150593]]}, {"@module": "numpy", "@class": "array", "dtype": "float64", "data": [[78.0, 0.74, -0.164597], [79.0, 0.78, -0.148261]]}, {"@module": "numpy", "@class": "array", "dtype": "float64", "data": [[78.0, 0.74, -0.163031], [79.0, 0.77, -0.148084]]}], "gw_kppa": 310, "gw_kpt_grid": {"@module": "numpy", "@class": "array", "dtype": "int64", "data": [4, 4, 2]}, "conv_list": [[{"kppa": 0}, {"kpt_grid": "1x1x1"}, {"num_kpts": 1}, {"X_bnds": 600.0}, {"G_bnds": 600.0}, {"X_cutoff": 16.0}, {"gamma_gap": 0.7360660000000001}, {"num_gw_calc": 8}, {"wall_time": 1432}, {"num_cores": 8}, {"z-factor": "None"}], [{"kppa": 0}, {"kpt_grid": "1x1x1"}, {"num_kpts": 1}, {"X_bnds": 200}, {"G_bnds": 200}, {"X_cutoff": 4}, {"gamma_gap": 4}, {"num_gw_calc": 1}, {"wall_time": 15}, {"num_cores": 8}, {"z-factor": "None"}], [{"kppa": 10}, {"kpt_grid": "2x2x2"}, {"num_kpts": 1}, {"X_bnds": 200}, {"G_bnds": 200}, {"X_cutoff": 4}, {"gamma_gap": 1.190434}, {"num_gw_calc": 2}, {"wall_time": 145}, {"num_cores": 8}, {"z-factor": {"@module": "numpy", "@class": "array", "dtype": "float64", "data": [[78.0, 0.75, -0.174965], [79.0, 0.79, -0.151408]]}}], [{"kppa": 310}, {"kpt_grid": "4x4x2"}, {"num_kpts": 1}, {"X_bnds": 200}, {"G_bnds": 200}, {"X_cutoff": 4}, {"gamma_gap": 1.200778}, {"num_gw_calc": 3}, {"wall_time": 989}, {"num_cores": 8}, {"z-factor": {"@module": "numpy", "@class": "array", "dtype": "float64", "data": [[78.0, 0.75, -0.170689], [79.0, 0.79, -0.146695]]}}]], "conv_time": 2564.897523880005}, "gw_band_range_pbe": [1, 85], "gw_conv_lda": {"gw_conv_thr": 0.025, "gw_bnd_start": 200, "gw_bnd_step": 100, "gw_cut_start": 4, "gw_cut_step": 4, "kpt_bnd_idx": {"@module": "numpy", "@class": "array", "dtype": "int64", "data": [1, 1, 78, 79]}, "gw_bands": 200, "gw_cutoff": 4, "w_conv_grid": [[200, 4, 0.973563], [300, 4, 0.904941], [400, 4, 0.875553], [500, 4, 0.861888], [500, 8, 0.828336], [500, 8, 0.828336], [500, 12, 0.840187], [500, 12, 0.840187], [600, 12, 0.831277], [600, 16, 0.85381], [600, 16, 0.85381]], "pwcutoff": 96, "w_conv_time": [16.35750937461853, 18.127626657485962, 20.631240129470825, 23.05332326889038, 34.28990912437439, 34.29155659675598, 56.129150390625, 56.131287813186646, 61.30517935752869, 117.67666435241699, 117.67785835266113], "w_ngw": 8, "w_z_factor": [{"@module": "numpy", "@class": "array", "dtype": "float64", "data": [[78.0, 0.74, -0.132801], [79.0, 0.78, -0.156269]]}, {"@module": "numpy", "@class": "array", "dtype": "float64", "data": [[78.0, 0.74, -0.169571], [79.0, 0.78, -0.149373]]}, {"@module": "numpy", "@class": "array", "dtype": "float64", "data": [[78.0, 0.75, -0.167457], [79.0, 0.78, -0.148014]]}, {"@module": "numpy", "@class": "array", "dtype": "float64", "data": [[78.0, 0.75, -0.174538], [79.0, 0.78, -0.149504]]}, {"@module": "numpy", "@class": "array", "dtype": "float64", "data": [[78.0, 0.74, -0.171204], [79.0, 0.78, -0.148088]]}, {"@module": "numpy", "@class": "array", "dtype": "float64", "data": [[78.0, 0.74, -0.169599], [79.0, 0.77, -0.14876]]}, {"@module": "numpy", "@class": "array", "dtype": "float64", "data": [[78.0, 0.74, -0.161262], [79.0, 0.77, -0.145185]]}, {"@module": "numpy", "@class": "array", "dtype": "float64", "data": [[78.0, 0.74, -0.16469], [79.0, 0.77, -0.147616]]}], "gw_kppa": 310, "gw_kpt_grid": {"@module": "numpy", "@class": "array", "dtype": "int64", "data": [4, 4, 2]}, "conv_list": [[{"kppa": 0}, {"kpt_grid": "1x1x1"}, {"num_kpts": 1}, {"X_bnds": 600.0}, {"G_bnds": 600.0}, {"X_cutoff": 16.0}, {"gamma_gap": 0.85381}, {"num_gw_calc": 8}, {"wall_time": 1877}, {"num_cores": 8}, {"z-factor": "None"}], [{"kppa": 0}, {"kpt_grid": "1x1x1"}, {"num_kpts": 1}, {"X_bnds": 200}, {"G_bnds": 200}, {"X_cutoff": 4}, {"gamma_gap": 4}, {"num_gw_calc": 1}, {"wall_time": 17}, {"num_cores": 8}, {"z-factor": "None"}], [{"kppa": 10}, {"kpt_grid": "2x2x2"}, {"num_kpts": 1}, {"X_bnds": 200}, {"G_bnds": 200}, {"X_cutoff": 4}, {"gamma_gap": 1.207767}, {"num_gw_calc": 2}, {"wall_time": 172}, {"num_cores": 8}, {"z-factor": {"@module": "numpy", "@class": "array", "dtype": "float64", "data": [[78.0, 0.74, -0.17799], [79.0, 0.78, -0.155644]]}}], [{"kppa": 310}, {"kpt_grid": "4x4x2"}, {"num_kpts": 1}, {"X_bnds": 200}, {"G_bnds": 200}, {"X_cutoff": 4}, {"gamma_gap": 1.2158120000000001}, {"num_gw_calc": 3}, {"wall_time": 1283}, {"num_cores": 8}, {"z-factor": {"@module": "numpy", "@class": "array", "dtype": "float64", "data": [[78.0, 0.75, -0.172222], [79.0, 0.79, -0.150815]]}}]], "conv_time": 3331.7368524074554}, "gw_band_range_lda": [1, 85], "g0w0_ppa_pbe": {"gw_direct_gap": 1.069301, "kppa": 380, "kpt_grid": "4x4x4", "num_kpt": 24, "bands_in X": 700, "bands_in_G": 700, "cutoff": 20, "z_factor": [[78.0, 0.75, -0.00155669], [79.0, 0.79, -0.0013378]], "scissor": 0.5705, "ncpu": 16,