{"@module": "pymatgen.entries.computed_entries", "@class": "ComputedEntry", "energy": 0.0, "composition": {"Bi": 4.0, "S": 4.0, "Cl": 4.0}, "entry_id": "100173", "correction": 0.0, "energy_adjustments": [], "parameters": {"id": "100173", "name": "BiSCl", "ibrav": {"celldm(1)": 7.550400767318429, "ibrav": 8, "celldm(2)": 1.9398823676636203, "celldm(3)": 2.500813415091977}, "vol": 2088.174068883644, "lda_pw_cutoff_Ry": 62, "qe_conv_pbe": {"qe_conv_maxiter": 20, "qe_delta_kppa": 1500, "qe_delta_cutoff": 5, "qe_conv_thresh": 0.00044099190468536564, "qe_conv_steps": [[60, 1500, -373.3761587559604], [65, 1500, -373.3763826964198], [65, 3000, -373.3763840936614]], "qe_conv_time": 255.91591906547546}, "num_elec_pbe": 112.0, "max_mem": 69167.0, "qe_conv_lda": {"qe_conv_maxiter": 20, "qe_delta_kppa": 1500, "qe_delta_cutoff": 5, "qe_conv_thresh": 0.00044099190468536564, "qe_conv_steps": [[62, 1500, -437.760690100198], [67, 1500, -437.761067939828], [67, 3000, -437.7610695979931]], "qe_conv_time": 246.05917310714722}, "num_elec_lda": 112.0, "bg_conv_pbe": {"bg_conv_maxiter": 20, "bg_delta_kppa": 1500, "bg_delta_cutoff": 5, "bg_conv_thresh": 0.025, "bg_conv_steps": [[65, 3000, 1.8507425159099984], [65, 4500, 1.8442517354177002]], "bg_conv_time": 249.81665062904358}, "indirect_gap_pbe": 1.850731386518216, "bg_conv_lda": {"bg_conv_maxiter": 20, "bg_delta_kppa": 1500, "bg_delta_cutoff": 5, "bg_conv_thresh": 0.025, "bg_conv_steps": [[67, 3000, 1.692319587261072], [67, 4500, 1.6857017185480492]], "bg_conv_time": 223.76941585540771}, "indirect_gap_lda": 1.6923203197870629, "gw_conv_pbe": {"gw_conv_thr": 0.025, "gw_bnd_start": 200, "gw_bnd_step": 100, "gw_cut_start": 4, "gw_cut_step": 4, "kpt_bnd_idx": {"@module": "numpy", "@class": "array", "dtype": "int64", "data": [1, 1, 56, 57]}, "gw_bands": 200, "gw_cutoff": 4, "w_conv_grid": [[200, 4, 2.211421], [300, 4, 2.206498], [300, 8, 2.333728], [300, 8, 2.333728], [300, 12, 2.364305], [300, 12, 2.364305], [300, 16, 2.3744929999999997], [300, 16, 2.3744929999999997], [400, 16, 2.400944], [500, 16, 2.413815], [500, 20, 2.4183310000000002], [500, 20, 2.4183310000000002], [600, 20, 2.4254759999999997], [600, 24, 2.426932], [600, 24, 2.426932]], "pwcutoff": 65, "w_conv_time": [13.768519639968872, 14.840917348861694, 25.559894561767578, 25.56099557876587, 50.20148277282715, 50.20362401008606, 97.41231679916382, 97.41381335258484, 112.32409930229187, 125.63809275627136, 237.05146670341492, 237.05254411697388, 264.1582431793213, 442.80110144615173, 442.802551984787], "w_ngw": 10, "w_z_factor": [{"@module": "numpy", "@class": "array", "dtype": "float64", "data": [[56.0, 0.78, -0.152832], [57.0, 0.81, -0.140083]]}, {"@module": "numpy", "@class": "array", "dtype": "float64", "data": [[56.0, 0.78, -0.1546], [57.0, 0.81, -0.133163]]}, {"@module": "numpy", "@class": "array", "dtype": "float64", "data": [[56.0, 0.77, -0.155254], [57.0, 0.8, -0.134666]]}, {"@module": "numpy", "@class": "array", "dtype": "float64", "data": [[56.0, 0.77, -0.154841], [57.0, 0.8, -0.133219]]}, {"@module": "numpy", "@class": "array", "dtype": "float64", "data": [[56.0, 0.77, -0.153614], [57.0, 0.8, -0.135145]]}, {"@module": "numpy", "@class": "array", "dtype": "float64", "data": [[56.0, 0.77, -0.159259], [57.0, 0.8, -0.131357]]}, {"@module": "numpy", "@class": "array", "dtype": "float64", "data": [[56.0, 0.77, -0.157207], [57.0, 0.8, -0.132134]]}, {"@module": "numpy", "@class": "array", "dtype": "float64", "data": [[56.0, 0.77, -0.159359], [57.0, 0.8, -0.123088]]}, {"@module": "numpy", "@class": "array", "dtype": "float64", "data": [[56.0, 0.77, -0.157312], [57.0, 0.8, -0.13068]]}, {"@module": "numpy", "@class": "array", "dtype": "float64", "data": [[56.0, 0.77, -0.157598], [57.0, 0.8, -0.130729]]}], "gw_kppa": 70, "gw_kpt_grid": {"@module": "numpy", "@class": "array", "dtype": "int64", "data": [4, 2, 2]}, "conv_list": [[{"kppa": 0}, {"kpt_grid": "1x1x1"}, {"num_kpts": 1}, {"X_bnds": 600.0}, {"G_bnds": 600.0}, {"X_cutoff": 24.0}, {"gamma_gap": 2.426932}, {"num_gw_calc": 10}, {"wall_time": 1720}, {"num_cores": 8}, {"z-factor": "None"}], [{"kppa": 0}, {"kpt_grid": "1x1x1"}, {"num_kpts": 1}, {"X_bnds": 200}, {"G_bnds": 200}, {"X_cutoff": 4}, {"gamma_gap": 8}, {"num_gw_calc": 1}, {"wall_time": 14}, {"num_cores": 8}, {"z-factor": "None"}], [{"kppa": 10}, {"kpt_grid": "2x2x2"}, {"num_kpts": 1}, {"X_bnds": 200}, {"G_bnds": 200}, {"X_cutoff": 4}, {"gamma_gap": 2.358456}, {"num_gw_calc": 2}, {"wall_time": 119}, {"num_cores": 8}, {"z-factor": {"@module": "numpy", "@class": "array", "dtype": "float64", "data": [[56.0, 0.79, -0.149338], [57.0, 0.82, -0.127903]]}}], [{"kppa": 70}, {"kpt_grid": "4x2x2"}, {"num_kpts": 1}, {"X_bnds": 200}, {"G_bnds": 200}, {"X_cutoff": 4}, {"gamma_gap": 2.344671}, {"num_gw_calc": 3}, {"wall_time": 267}, {"num_cores": 8}, {"z-factor": {"@module": "numpy", "@class": "array", "dtype": "float64", "data": [[56.0, 0.79, -0.147226], [57.0, 0.82, -0.125671]]}}]], "conv_time": 2105.166355371475}, "gw_band_range_pbe": [1, 69], "gw_conv_lda": {"gw_conv_thr": 0.025, "gw_bnd_start": 200, "gw_bnd_step": 100, "gw_cut_start": 4, "gw_cut_step": 4, "kpt_bnd_idx": {"@module": "numpy", "@class": "array", "dtype": "int64", "data": [1, 1, 56, 57]}, "gw_bands": 200, "gw_cutoff": 4, "w_conv_grid": [[200, 4, 2.34233], [300, 4, 2.3271740000000003], [300, 8, 2.431245], [300, 8, 2.431245], [300, 12, 2.455756], [300, 12, 2.455756], [400, 12, 2.466832], [400, 16, 2.475989], [400, 16, 2.475989]], "pwcutoff": 67, "w_conv_time": [13.820042133331299, 14.850277185440063, 25.80018711090088, 25.800928354263306, 52.103684425354004, 52.10548257827759, 57.77361536026001, 113.85870552062988, 113.8600435256958], "w_ngw": 6, "w_z_factor": [{"@module": "numpy", "@class": "array", "dtype": "float64", "data": [[56.0, 0.78, -0.159181], [57.0, 0.8, -0.132038]]}, {"@module": "numpy", "@class": "array", "dtype": "float64", "data": [[56.0, 0.78, -0.159213], [57.0, 0.8, -0.140963]]}, {"@module": "numpy", "@class": "array", "dtype": "float64", "data": [[56.0, 0.77, -0.159309], [57.0, 0.8, -0.142329]]}, {"@module": "numpy", "@class": "array", "dtype": "float64", "data": [[56.0, 0.77, -0.161517], [57.0, 0.8, -0.143739]]}, {"@module": "numpy", "@class": "array", "dtype": "float64", "data": [[56.0, 0.77, -0.157854], [57.0, 0.8, -0.132207]]}, {"@module": "numpy", "@class": "array", "dtype": "float64", "data": [[56.0, 0.77, -0.15804], [57.0, 0.8, -0.139557]]}], "gw_kppa": 70, "gw_kpt_grid": {"@module": "numpy", "@class": "array", "dtype": "int64", "data": [4, 2, 2]}, "conv_list": [[{"kppa": 0}, {"kpt_grid": "1x1x1"}, {"num_kpts": 1}, {"X_bnds": 400.0}, {"G_bnds": 400.0}, {"X_cutoff": 16.0}, {"gamma_gap": 2.475989}, {"num_gw_calc": 6}, {"wall_time": 603}, {"num_cores": 8}, {"z-factor": "None"}], [{"kppa": 0}, {"kpt_grid": "1x1x1"}, {"num_kpts": 1}, {"X_bnds": 200}, {"G_bnds": 200}, {"X_cutoff": 4}, {"gamma_gap": 8}, {"num_gw_calc": 1}, {"wall_time": 14}, {"num_cores": 8}, {"z-factor": "None"}], [{"kppa": 10}, {"kpt_grid": "2x2x2"}, {"num_kpts": 1}, {"X_bnds": 200}, {"G_bnds": 200}, {"X_cutoff": 4}, {"gamma_gap": 2.465071}, {"num_gw_calc": 2}, {"wall_time": 96}, {"num_cores": 8}, {"z-factor": {"@module": "numpy", "@class": "array", "dtype": "float64", "data": [[56.0, 0.78, -0.158083], [57.0, 0.81, -0.135059]]}}], [{"kppa": 70}, {"kpt_grid": "4x2x2"}, {"num_kpts": 1}, {"X_bnds": 200}, {"G_bnds": 200}, {"X_cutoff": 4}, {"gamma_gap": 2.455528}, {"num_gw_calc": 3}, {"wall_time": 202}, {"num_cores": 8}, {"z-factor": {"@module": "numpy", "@class": "array", "dtype": "float64", "data": [[56.0, 0.79, -0.154548], [57.0, 0.81, -0.132458]]}}]], "conv_time": 900.151148557663}, "gw_band_range_lda": [1, 69], "g0w0_ppa_pbe": {"gw_direct_gap": 2.571958, "kppa": 310, "kpt_grid": "6x2x2", "num_kpt": 16, "bands_in X": 700, "bands_in_G": 700, "cutoff": 28, "z_factor": [[56.0, 0.78, -0.00152453], [57.0, 0.81, -0.00118543]], "scissor": 0.625296, "ncpu": 32, "calc_time": 23520.142250061035},