{"@module": "pymatgen.entries.computed_entries", "@class": "ComputedEntry", "energy": 0.0, "composition": {"Cd": 2.0, "Ge": 2.0, "P": 4.0}, "entry_id": "100467", "correction": 0.0, "energy_adjustments": [], "parameters": {"id": "100467", "name": "CdGeP2", "ibrav": {"celldm(1)": 10.843248555343044, "ibrav": 7, "celldm(3)": 1.8760892296967582}, "vol": 1195.9189118147756, "lda_pw_cutoff_Ry": 94, "qe_conv_pbe": {"qe_conv_maxiter": 20, "qe_delta_kppa": 1500, "qe_delta_cutoff": 5, "qe_conv_thresh": 0.00029399460312357707, "qe_conv_steps": [[60, 1500, -478.8651466042363], [65, 1500, -478.865368743373], [65, 3000, -478.8653926062074]], "qe_conv_time": 113.91436982154846}, "num_elec_pbe": 88.00000000000001, "max_mem": 181803.0, "qe_conv_lda": {"qe_conv_maxiter": 20, "qe_delta_kppa": 1500, "qe_delta_cutoff": 5, "qe_conv_thresh": 0.00029399460312357707, "qe_conv_steps": [[94, 1500, -556.8582828536847], [99, 1500, -556.8586715565392], [104, 1500, -556.8587795061468], [104, 3000, -556.8588126211383]], "qe_conv_time": 185.29562497138977}, "num_elec_lda": 88.00000000000001, "bg_conv_pbe": {"bg_conv_maxiter": 20, "bg_delta_kppa": 1500, "bg_delta_cutoff": 5, "bg_conv_thresh": 0.025, "bg_conv_steps": [[65, 3000, 0.91916577119593], [65, 6000, 0.9191810357134317]], "bg_conv_time": 138.33834218978882}, "indirect_gap_pbe": 0.9191660766556784, "bg_conv_lda": {"bg_conv_maxiter": 20, "bg_delta_kppa": 1500, "bg_delta_cutoff": 5, "bg_conv_thresh": 0.025, "bg_conv_steps": [[104, 3000, 0.7141601639985449], [104, 6000, 0.7141890025176315]], "bg_conv_time": 170.64395093917847}, "indirect_gap_lda": 0.7141591418789593, "gw_conv_pbe": {"gw_conv_thr": 0.025, "gw_bnd_start": 200, "gw_bnd_step": 100, "gw_cut_start": 4, "gw_cut_step": 4, "kpt_bnd_idx": {"@module": "numpy", "@class": "array", "dtype": "int64", "data": [1, 1, 44, 45]}, "gw_bands": 200, "gw_cutoff": 4, "w_conv_grid": [[200, 4, 1.044374], [300, 4, 1.023887], [300, 8, 1.055057], [300, 8, 1.055057], [300, 12, 1.0595089999999998], [300, 12, 1.0595089999999998]], "pwcutoff": 65, "w_conv_time": [11.83026671409607, 12.01062798500061, 12.970821857452393, 12.972748517990112, 18.84770941734314, 18.850109338760376], "w_ngw": 4, "w_z_factor": [{"@module": "numpy", "@class": "array", "dtype": "float64", "data": [[44.0, 0.79, -0.132303], [45.0, 0.79, -0.131024]]}, {"@module": "numpy", "@class": "array", "dtype": "float64", "data": [[44.0, 0.79, -0.128735], [45.0, 0.79, -0.128083]]}, {"@module": "numpy", "@class": "array", "dtype": "float64", "data": [[44.0, 0.78, -0.123889], [45.0, 0.79, -0.127276]]}, {"@module": "numpy", "@class": "array", "dtype": "float64", "data": [[44.0, 0.78, -0.126951], [45.0, 0.79, -0.129691]]}], "gw_kppa": 1000, "gw_kpt_grid": {"@module": "numpy", "@class": "array", "dtype": "int64", "data": [6, 6, 6]}, "conv_list": [[{"kppa": 0}, {"kpt_grid": "1x1x1"}, {"num_kpts": 1}, {"X_bnds": 300.0}, {"G_bnds": 300.0}, {"X_cutoff": 12.0}, {"gamma_gap": 1.0595089999999998}, {"num_gw_calc": 4}, {"wall_time": 229}, {"num_cores": 8}, {"z-factor": "None"}], [{"kppa": 0}, {"kpt_grid": "1x1x1"}, {"num_kpts": 1}, {"X_bnds": 200}, {"G_bnds": 200}, {"X_cutoff": 4}, {"gamma_gap": 8}, {"num_gw_calc": 1}, {"wall_time": 12}, {"num_cores": 8}, {"z-factor": "None"}], [{"kppa": 10}, {"kpt_grid": "2x2x2"}, {"num_kpts": 1}, {"X_bnds": 200}, {"G_bnds": 200}, {"X_cutoff": 4}, {"gamma_gap": 1.279909}, {"num_gw_calc": 2}, {"wall_time": 43}, {"num_cores": 8}, {"z-factor": {"@module": "numpy", "@class": "array", "dtype": "float64", "data": [[44.0, 0.79, -0.145186], [45.0, 0.79, -0.142848]]}}], [{"kppa": 220}, {"kpt_grid": "4x4x4"}, {"num_kpts": 1}, {"X_bnds": 200}, {"G_bnds": 200}, {"X_cutoff": 4}, {"gamma_gap": 1.341772}, {"num_gw_calc": 3}, {"wall_time": 438}, {"num_cores": 8}, {"z-factor": {"@module": "numpy", "@class": "array", "dtype": "float64", "data": [[44.0, 0.79, -0.143085], [45.0, 0.8, -0.138822]]}}], [{"kppa": 1000}, {"kpt_grid": "6x6x6"}, {"num_kpts": 1}, {"X_bnds": 200}, {"G_bnds": 200}, {"X_cutoff": 4}, {"gamma_gap": 1.3427280000000001}, {"num_gw_calc": 4}, {"wall_time": 1051}, {"num_cores": 32}, {"z-factor": {"@module": "numpy", "@class": "array", "dtype": "float64", "data": [[44.0, 0.79, -0.142793], [45.0, 0.8, -0.13804]]}}]], "conv_time": 1758.4358270168304}, "gw_band_range_pbe": [1, 53], "gw_conv_lda": {"gw_conv_thr": 0.025, "gw_bnd_start": 200, "gw_bnd_step": 100, "gw_cut_start": 4, "gw_cut_step": 4, "kpt_bnd_idx": {"@module": "numpy", "@class": "array", "dtype": "int64", "data": [1, 1, 44, 45]}, "gw_bands": 200, "gw_cutoff": 4, "w_conv_grid": [[200, 4, 1.2645240000000002], [300, 4, 1.243333], [300, 8, 1.2518710000000002], [300, 8, 1.2518710000000002]], "pwcutoff": 104, "w_conv_time": [12.842541933059692, 13.448058605194092, 15.76603364944458, 15.767555475234985], "w_ngw": 3, "w_z_factor": [{"@module": "numpy", "@class": "array", "dtype": "float64", "data": [[44.0, 0.79, -0.128884], [45.0, 0.79, -0.12954]]}, {"@module": "numpy", "@class": "array", "dtype": "float64", "data": [[44.0, 0.79, -0.127871], [45.0, 0.79, -0.128029]]}, {"@module": "numpy", "@class": "array", "dtype": "float64", "data": [[44.0, 0.78, -0.128935], [45.0, 0.79, -0.128749]]}], "gw_kppa": 1000, "gw_kpt_grid": {"@module": "numpy", "@class": "array", "dtype": "int64", "data": [6, 6, 6]}, "conv_list": [[{"kppa": 0}, {"kpt_grid": "1x1x1"}, {"num_kpts": 1}, {"X_bnds": 300.0}, {"G_bnds": 300.0}, {"X_cutoff": 8.0}, {"gamma_gap": 1.2518710000000002}, {"num_gw_calc": 3}, {"wall_time": 319}, {"num_cores": 8}, {"z-factor": "None"}], [{"kppa": 0}, {"kpt_grid": "1x1x1"}, {"num_kpts": 1}, {"X_bnds": 200}, {"G_bnds": 200}, {"X_cutoff": 4}, {"gamma_gap": 8}, {"num_gw_calc": 1}, {"wall_time": 13}, {"num_cores": 8}, {"z-factor": "None"}], [{"kppa": 10}, {"kpt_grid": "2x2x2"}, {"num_kpts": 1}, {"X_bnds": 200}, {"G_bnds": 200}, {"X_cutoff": 4}, {"gamma_gap": 1.458853}, {"num_gw_calc": 2}, {"wall_time": 65}, {"num_cores": 8}, {"z-factor": {"@module": "numpy", "@class": "array", "dtype": "float64", "data": [[44.0, 0.78, -0.148274], [45.0, 0.79, -0.145459]]}}], [{"kppa": 220}, {"kpt_grid": "4x4x4"}, {"num_kpts": 1}, {"X_bnds": 200}, {"G_bnds": 200}, {"X_cutoff": 4}, {"gamma_gap": 1.517776}, {"num_gw_calc": 3}, {"wall_time": 1621}, {"num_cores": 8}, {"z-factor": {"@module": "numpy", "@class": "array", "dtype": "float64", "data": [[44.0, 0.78, -0.148111], [45.0, 0.79, -0.143239]]}}], [{"kppa": 1000}, {"kpt_grid": "6x6x6"}, {"num_kpts": 1}, {"X_bnds": 200}, {"G_bnds": 200}, {"X_cutoff": 4}, {"gamma_gap": 1.523595}, {"num_gw_calc": 4}, {"wall_time": 3794}, {"num_cores": 32}, {"z-factor": {"@module": "numpy", "@class": "array", "dtype": "float64", "data": [[44.0, 0.78, -0.147429], [45.0, 0.79, -0.141995]]}}]], "conv_time": 5797.060437679291}, "gw_band_range_lda": [1, 53], "g0w0_ppa_pbe": {"gw_direct_gap": 1.338311, "kppa": 2750, "kpt_grid": "8x8x8", "num_kpt": 78, "bands_in X": 400, "bands_in_G": 400, "cutoff": 16, "z_factor": [[44.0, 0.78, -0.00138426], [45.0, 0.79, -0.00133458]], "scissor": 0.419145, "ncpu": 32, "calc_time": 57835.903037548065}, "g0w0_ppa_lda": {"gw_direct_gap": 1.486836, "kppa": 2750, "kpt_grid": "8x8x8", "num_kpt": 78, "bands_in X": 400, "bands_in_G": 400, "cutoff": 12, "z_factor": [[44.0, 0.78, -0.00143536], [45.0, 0.79, -0.00138567]], "scissor": 0.772676, "ncpu": 16, "calc_time": 105152.25131607056}}, "data": {}}