{"@module": "pymatgen.entries.computed_entries", "@class": "ComputedEntry", "energy": 0.0, "composition": {"Tl": 4.0, "Se": 4.0}, "entry_id": "104189", "correction": 0.0, "energy_adjustments": [], "parameters": {"id": "104189", "name": "TlSe", "ibrav": {"celldm(1)": 15.15560359251502, "ibrav": 7, "celldm(3)": 0.8692019950124689}, "vol": 1512.9007251358066, "lda_pw_cutoff_Ry": 78, "qe_conv_pbe": {"qe_conv_maxiter": 20, "qe_delta_kppa": 1500, "qe_delta_cutoff": 5, "qe_conv_thresh": 0.00029399460312357707, "qe_conv_steps": [[60, 1500, -229.7335184004838], [65, 1500, -229.7335181513906], [65, 3000, -229.7335247602657]], "qe_conv_time": 120.4917299747467}, "num_elec_pbe": 76.00000000000001, "max_mem": 140401.0, "qe_conv_lda": {"qe_conv_maxiter": 20, "qe_delta_kppa": 1500, "qe_delta_cutoff": 5, "qe_conv_thresh": 0.00029399460312357707, "qe_conv_steps": [[78, 1500, -727.4272015569093], [83, 1500, -727.4277324982605], [88, 1500, -727.4277845478706], [88, 3000, -727.4277958068694]], "qe_conv_time": 259.51703357696533}, "num_elec_lda": 116.0, "bg_conv_pbe": {"bg_conv_maxiter": 20, "bg_delta_kppa": 1500, "bg_delta_cutoff": 5, "bg_conv_thresh": 0.025, "bg_conv_steps": [[65, 3000, 0.0366122250665879], [65, 6000, 0.09887133812438677], [65, 12000, 0.10629627037318674]], "bg_conv_time": 265.6782681941986}, "indirect_gap_pbe": 0.10669029390759922, "bg_conv_lda": {"bg_conv_maxiter": 20, "bg_delta_kppa": 1500, "bg_delta_cutoff": 5, "bg_conv_thresh": 0.025, "bg_conv_steps": [[88, 3000, -0.06431664931270024], [88, 6000, 0.0003858114640951387], [88, 12000, 0.010877346453828594]], "bg_conv_time": 453.2434604167938}, "indirect_gap_lda": 0.011501607420400673, "gw_conv_pbe": {"gw_conv_thr": 0.025, "gw_bnd_start": 200, "gw_bnd_step": 100, "gw_cut_start": 4, "gw_cut_step": 4, "kpt_bnd_idx": {"@module": "numpy", "@class": "array", "dtype": "int64", "data": [1, 1, 38, 39]}, "gw_bands": 200, "gw_cutoff": 4, "w_conv_grid": [[200, 4, 2.914755], [300, 4, 2.8953439999999997], [300, 8, 2.940816], [300, 8, 2.940816], [300, 12, 2.939505], [300, 12, 2.939505]], "pwcutoff": 65, "w_conv_time": [13.587268114089966, 14.158007144927979, 17.541855812072754, 17.543458938598633, 25.746683835983276, 25.748740434646606], "w_ngw": 4, "w_z_factor": [{"@module": "numpy", "@class": "array", "dtype": "float64", "data": [[38.0, 0.79, -0.162757], [39.0, 0.8, -0.147634]]}, {"@module": "numpy", "@class": "array", "dtype": "float64", "data": [[38.0, 0.79, -0.160542], [39.0, 0.8, -0.152345]]}, {"@module": "numpy", "@class": "array", "dtype": "float64", "data": [[38.0, 0.79, -0.157235], [39.0, 0.79, -0.152257]]}, {"@module": "numpy", "@class": "array", "dtype": "float64", "data": [[38.0, 0.79, -0.155921], [39.0, 0.79, -0.149298]]}], "gw_kppa": 220, "gw_kpt_grid": {"@module": "numpy", "@class": "array", "dtype": "int64", "data": [4, 4, 4]}, "conv_list": [[{"kppa": 0}, {"kpt_grid": "1x1x1"}, {"num_kpts": 1}, {"X_bnds": 300.0}, {"G_bnds": 300.0}, {"X_cutoff": 12.0}, {"gamma_gap": 2.939505}, {"num_gw_calc": 4}, {"wall_time": 574}, {"num_cores": 8}, {"z-factor": "None"}], [{"kppa": 0}, {"kpt_grid": "1x1x1"}, {"num_kpts": 1}, {"X_bnds": 200}, {"G_bnds": 200}, {"X_cutoff": 4}, {"gamma_gap": 8}, {"num_gw_calc": 1}, {"wall_time": 14}, {"num_cores": 8}, {"z-factor": "None"}], [{"kppa": 10}, {"kpt_grid": "2x2x2"}, {"num_kpts": 1}, {"X_bnds": 200}, {"G_bnds": 200}, {"X_cutoff": 4}, {"gamma_gap": 2.5350780000000004}, {"num_gw_calc": 2}, {"wall_time": 51}, {"num_cores": 8}, {"z-factor": {"@module": "numpy", "@class": "array", "dtype": "float64", "data": [[38.0, 0.79, -0.202822], [39.0, 0.8, -0.128122]]}}], [{"kppa": 220}, {"kpt_grid": "4x4x4"}, {"num_kpts": 1}, {"X_bnds": 200}, {"G_bnds": 200}, {"X_cutoff": 4}, {"gamma_gap": 2.519263}, {"num_gw_calc": 3}, {"wall_time": 543}, {"num_cores": 8}, {"z-factor": {"@module": "numpy", "@class": "array", "dtype": "float64", "data": [[38.0, 0.79, -0.171677], [39.0, 0.8, -0.13006]]}}]], "conv_time": 1166.5010442733765}, "gw_band_range_pbe": [1, 46], "gw_conv_lda": {"gw_conv_thr": 0.025, "gw_bnd_start": 200, "gw_bnd_step": 100, "gw_cut_start": 4, "gw_cut_step": 4, "kpt_bnd_idx": {"@module": "numpy", "@class": "array", "dtype": "int64", "data": [1, 1, 58, 59]}, "gw_bands": 200, "gw_cutoff": 4, "w_conv_grid": [[200, 4, 2.9763979999999997], [300, 4, 2.9582239999999995], [300, 8, 2.995017], [300, 8, 2.995017], [300, 12, 2.994484], [300, 12, 2.994484]], "pwcutoff": 88, "w_conv_time": [15.000170469284058, 16.920348644256592, 20.48927092552185, 20.490508317947388, 29.640344619750977, 29.641220331192017], "w_ngw": 4, "w_z_factor": [{"@module": "numpy", "@class": "array", "dtype": "float64", "data": [[58.0, 0.79, -0.160692], [59.0, 0.8, -0.156434]]}, {"@module": "numpy", "@class": "array", "dtype": "float64", "data": [[58.0, 0.79, -0.161677], [59.0, 0.8, -0.15307]]}, {"@module": "numpy", "@class": "array", "dtype": "float64", "data": [[58.0, 0.78, -0.163504], [59.0, 0.79, -0.154467]]}, {"@module": "numpy", "@class": "array", "dtype": "float64", "data": [[58.0, 0.78, -0.161211], [59.0, 0.79, -0.155911]]}], "gw_kppa": 220, "gw_kpt_grid": {"@module": "numpy", "@class": "array", "dtype": "int64", "data": [4, 4, 4]}, "conv_list": [[{"kppa": 0}, {"kpt_grid": "1x1x1"}, {"num_kpts": 1}, {"X_bnds": 300.0}, {"G_bnds": 300.0}, {"X_cutoff": 12.0}, {"gamma_gap": 2.994484}, {"num_gw_calc": 4}, {"wall_time": 459}, {"num_cores": 8}, {"z-factor": "None"}], [{"kppa": 0}, {"kpt_grid": "1x1x1"}, {"num_kpts": 1}, {"X_bnds": 200}, {"G_bnds": 200}, {"X_cutoff": 4}, {"gamma_gap": 8}, {"num_gw_calc": 1}, {"wall_time": 16}, {"num_cores": 8}, {"z-factor": "None"}], [{"kppa": 10}, {"kpt_grid": "2x2x2"}, {"num_kpts": 1}, {"X_bnds": 200}, {"G_bnds": 200}, {"X_cutoff": 4}, {"gamma_gap": 2.6089279999999997}, {"num_gw_calc": 2}, {"wall_time": 81}, {"num_cores": 8}, {"z-factor": {"@module": "numpy", "@class": "array", "dtype": "float64", "data": [[58.0, 0.79, -0.199657], [59.0, 0.8, -0.1473]]}}], [{"kppa": 220}, {"kpt_grid": "4x4x4"}, {"num_kpts": 1}, {"X_bnds": 200}, {"G_bnds": 200}, {"X_cutoff": 4}, {"gamma_gap": 2.586204}, {"num_gw_calc": 3}, {"wall_time": 1094}, {"num_cores": 8}, {"z-factor": {"@module": "numpy", "@class": "array", "dtype": "float64", "data": [[58.0, 0.78, -0.163911], [59.0, 0.8, -0.130861]]}}]], "conv_time": 1632.4419479370117}, "gw_band_range_lda": [1, 66], "g0w0_ppa_pbe": {"gw_direct_gap": 2.539425, "kppa": 1000, "kpt_grid": "6x6x6", "num_kpt": 36, "bands_in X": 400, "bands_in_G": 400, "cutoff": 16, "z_factor": [[38.0, 0.78, -0.0014863], [39.0, 0.79, -0.0013357]], "scissor": 0.48080400000000006, "ncpu": 32, "calc_time": 18572.29037618637}, "g0w0_ppa_lda": {"gw_direct_gap": 2.580541, "kppa": 1000, "kpt_grid": "6x6x6", "num_kpt": 36, "bands_in X": 400, "bands_in_G": 400, "cutoff": 16, "z_factor": [[58.0, 0.78, -0.00164832], [59.0, 0.79, -0.00138881]], "scissor": 0.6424, "ncpu": 32, "calc_time": 26204.591710567474}}, "data": {}}