{"@module": "pymatgen.entries.computed_entries", "@class": "ComputedEntry", "energy": 0.0, "composition": {"Mg": 2.0, "Sn": 1.0}, "entry_id": "104870", "correction": 0.0, "energy_adjustments": [], "parameters": {"id": "104870", "name": "Mg2Sn", "ibrav": {"celldm(1)": 12.734864415206822, "ibrav": 2}, "vol": 516.324799640134, "lda_pw_cutoff_Ry": 76, "qe_conv_pbe": {"qe_conv_maxiter": 20, "qe_delta_kppa": 1500, "qe_delta_cutoff": 5, "qe_conv_thresh": 0.00011024797617134141, "qe_conv_steps": [[60, 1500, -168.9982824664194], [65, 1500, -168.9986462968969], [70, 1500, -168.99903676589], [75, 1500, -168.9993794867095], [80, 1500, -168.9996452660349], [85, 1500, -168.9998321768312], [90, 1500, -168.9999519624974], [95, 1500, -169.000022205395], [95, 3000, -169.0001823133199], [95, 4500, -169.0002146656575]], "qe_conv_time": 71.96484231948853}, "num_elec_pbe": 34.0, "max_mem": 91862.0, "qe_conv_lda": {"qe_conv_maxiter": 20, "qe_delta_kppa": 1500, "qe_delta_cutoff": 5, "qe_conv_thresh": 0.00011024797617134141, "qe_conv_steps": [[76, 1500, -197.1497134934924], [81, 1500, -197.1501033979971], [86, 1500, -197.150150985639], [86, 3000, -197.1503193613072], [86, 4500, -197.1503527570503]], "qe_conv_time": 37.86908483505249}, "num_elec_lda": 34.0, "bg_conv_pbe": {"bg_conv_maxiter": 20, "bg_delta_kppa": 1500, "bg_delta_cutoff": 5, "bg_conv_thresh": 0.025, "bg_conv_steps": [[95, 4500, -0.15232231632310939], [95, 7500, -0.15277052704714741]], "bg_conv_time": 24.20653462409973}, "indirect_gap_pbe": -0.15233994458250988, "bg_conv_lda": {"bg_conv_maxiter": 20, "bg_delta_kppa": 1500, "bg_delta_cutoff": 5, "bg_conv_thresh": 0.025, "bg_conv_steps": [[86, 4500, -0.17728120574973705], [86, 7500, -0.17777650048632132]], "bg_conv_time": 20.706103801727295}, "indirect_gap_lda": -0.1772043219209325, "gw_conv_pbe": {"gw_conv_thr": 0.025, "gw_bnd_start": 200, "gw_bnd_step": 100, "gw_cut_start": 4, "gw_cut_step": 4, "kpt_bnd_idx": {"@module": "numpy", "@class": "array", "dtype": "int64", "data": [1, 1, 17, 18]}, "gw_bands": 200, "gw_cutoff": 4, "w_conv_grid": [[200, 4, 1.4739909999999998], [300, 4, 1.477217], [300, 8, 1.6060370000000002], [300, 8, 1.6060370000000002], [300, 12, 1.607697], [300, 12, 1.607697], [400, 12, 1.6146440000000002], [400, 16, 1.599273], [400, 16, 1.599273]], "pwcutoff": 95, "w_conv_time": [33.012309074401855, 35.1651930809021, 36.394259452819824, 36.39607048034668, 38.505629539489746, 38.50883746147156, 39.76010251045227, 44.51364469528198, 44.516868591308594], "w_ngw": 6, "w_z_factor": [{"@module": "numpy", "@class": "array", "dtype": "float64", "data": [[17.0, 0.8, -0.143717], [18.0, 0.82, -0.774888]]}, {"@module": "numpy", "@class": "array", "dtype": "float64", "data": [[17.0, 0.81, -0.108882], [18.0, 0.82, -0.98225]]}, {"@module": "numpy", "@class": "array", "dtype": "float64", "data": [[17.0, 0.8, -0.11006], [18.0, 0.82, -0.985016]]}, {"@module": "numpy", "@class": "array", "dtype": "float64", "data": [[17.0, 0.8, -0.110247], [18.0, 0.82, -0.983457]]}, {"@module": "numpy", "@class": "array", "dtype": "float64", "data": [[17.0, 0.8, -0.108766], [18.0, 0.82, -0.988994]]}, {"@module": "numpy", "@class": "array", "dtype": "float64", "data": [[17.0, 0.8, -0.108589], [18.0, 0.82, -0.986914]]}], "gw_kppa": 1030, "gw_kpt_grid": {"@module": "numpy", "@class": "array", "dtype": "int64", "data": [8, 8, 8]}, "conv_list": [[{"kppa": 0}, {"kpt_grid": "1x1x1"}, {"num_kpts": 1}, {"X_bnds": 400.0}, {"G_bnds": 400.0}, {"X_cutoff": 16.0}, {"gamma_gap": 1.599273}, {"num_gw_calc": 6}, {"wall_time": 444}, {"num_cores": 8}, {"z-factor": "None"}], [{"kppa": 0}, {"kpt_grid": "1x1x1"}, {"num_kpts": 1}, {"X_bnds": 200}, {"G_bnds": 200}, {"X_cutoff": 4}, {"gamma_gap": 8}, {"num_gw_calc": 1}, {"wall_time": 34}, {"num_cores": 8}, {"z-factor": "None"}], [{"kppa": 10}, {"kpt_grid": "2x2x2"}, {"num_kpts": 1}, {"X_bnds": 200}, {"G_bnds": 200}, {"X_cutoff": 4}, {"gamma_gap": 1.741166}, {"num_gw_calc": 2}, {"wall_time": 68}, {"num_cores": 8}, {"z-factor": {"@module": "numpy", "@class": "array", "dtype": "float64", "data": [[17.0, 0.77, -0.155354]]}}], [{"kppa": 90}, {"kpt_grid": "4x4x4"}, {"num_kpts": 1}, {"X_bnds": 200}, {"G_bnds": 200}, {"X_cutoff": 4}, {"gamma_gap": 2.014831}, {"num_gw_calc": 3}, {"wall_time": 330}, {"num_cores": 8}, {"z-factor": {"@module": "numpy", "@class": "array", "dtype": "float64", "data": [[17.0, 0.78, -0.164514], [18.0, 0.78, -0.170471]]}}], [{"kppa": 380}, {"kpt_grid": "6x6x6"}, {"num_kpts": 1}, {"X_bnds": 200}, {"G_bnds": 200}, {"X_cutoff": 4}, {"gamma_gap": 2.045189}, {"num_gw_calc": 4}, {"wall_time": 397}, {"num_cores": 32}, {"z-factor": {"@module": "numpy", "@class": "array", "dtype": "float64", "data": [[17.0, 0.78, -0.166654], [18.0, 0.78, -0.171702]]}}], [{"kppa": 1030}, {"kpt_grid": "8x8x8"}, {"num_kpts": 1}, {"X_bnds": 200}, {"G_bnds": 200}, {"X_cutoff": 4}, {"gamma_gap": 2.057424}, {"num_gw_calc": 5}, {"wall_time": 1522}, {"num_cores": 32}, {"z-factor": {"@module": "numpy", "@class": "array", "dtype": "float64", "data": [[17.0, 0.78, -0.166941], [18.0, 0.78, -0.171594]]}}]], "conv_time": 2759.135788679123}, "gw_band_range_pbe": [1, 22], "gw_conv_lda": {"gw_conv_thr": 0.025, "gw_bnd_start": 200, "gw_bnd_step": 100, "gw_cut_start": 4, "gw_cut_step": 4, "kpt_bnd_idx": {"@module": "numpy", "@class": "array", "dtype": "int64", "data": [1, 1, 17, 18]}, "gw_bands": 200, "gw_cutoff": 4, "w_conv_grid": [[200, 4, 1.663225], [300, 4, 1.6556450000000003], [300, 8, 1.747635], [300, 8, 1.747635], [300, 12, 1.753557], [300, 12, 1.753557], [400, 12, 1.7569460000000001], [400, 16, 1.752897], [400, 16, 1.752897]], "pwcutoff": 86, "w_conv_time": [32.14570093154907, 35.18148112297058, 35.95512938499451, 35.95702934265137, 38.20434308052063, 38.20740222930908, 39.48931431770325, 43.73989772796631, 43.743030071258545], "w_ngw": 6, "w_z_factor": [{"@module": "numpy", "@class": "array", "dtype": "float64", "data": [[17.0, 0.8, -0.100666], [18.0, 0.82, -0.103245]]}, {"@module": "numpy", "@class": "array", "dtype": "float64", "data": [[17.0, 0.8, -0.130905], [18.0, 0.82, -0.921993]]}, {"@module": "numpy", "@class": "array", "dtype": "float64", "data": [[17.0, 0.8, -0.928942], [18.0, 0.82, -0.990231]]}, {"@module": "numpy", "@class": "array", "dtype": "float64", "data": [[17.0, 0.8, -0.109234], [18.0, 0.82, -0.101125]]}, {"@module": "numpy", "@class": "array", "dtype": "float64", "data": [[17.0, 0.8, -0.106791], [18.0, 0.82, -0.102984]]}, {"@module": "numpy", "@class": "array", "dtype": "float64", "data": [[17.0, 0.8, -0.10515], [18.0, 0.82, -0.10265]]}], "gw_kppa": 10, "gw_kpt_grid": {"@module": "numpy", "@class": "array", "dtype": "int64", "data": [2, 2, 2]}, "conv_list": [[{"kppa": 0}, {"kpt_grid": "1x1x1"}, {"num_kpts": 1}, {"X_bnds": 400.0}, {"G_bnds": 400.0}, {"X_cutoff": 16.0}, {"gamma_gap": 1.752897}, {"num_gw_calc": 6}, {"wall_time": 432}, {"num_cores": 8}, {"z-factor": "None"}], [{"kppa": 0}, {"kpt_grid": "1x1x1"}, {"num_kpts": 1}, {"X_bnds": 200}, {"G_bnds": 200}, {"X_cutoff": 4}, {"gamma_gap": 8}, {"num_gw_calc": 1}, {"wall_time": 33}, {"num_cores": 8}, {"z-factor": "None"}], [{"kppa": 10}, {"kpt_grid": "2x2x2"}, {"num_kpts": 1}, {"X_bnds": 200}, {"G_bnds": 200}, {"X_cutoff": 4}, {"gamma_gap": 1.6631239999999998}, {"num_gw_calc": 2}, {"wall_time": 66}, {"num_cores": 8}, {"z-factor": {"@module": "numpy", "@class": "array", "dtype": "float64", "data": [[17.0, 0.77, -0.178196], [18.0, 0.77, -0.184661]]}}]], "conv_time": 497.43385887145996}, "gw_band_range_lda": [1, 22], "g0w0_ppa_pbe": {"gw_direct_gap": 2.059589, "kppa": 2190, "kpt_grid": "10x10x10", "num_kpt": 47, "bands_in X": 500, "bands_in_G": 500, "cutoff": 20, "z_factor": [[17.0, 0.78, -0.00166977], [18.0, 0.78, -0.00166484]], "scissor": 0.609043, "ncpu": 32, "calc_time": 24378.599595546722}, "g0w0_ppa_lda": {"gw_direct_gap": 1.9221409999999999, "kppa": 90, "kpt_grid": "4x4x4", "num_kpt": 8, "bands_in X": 500, "bands_in_G": 500, "cutoff": 20, "z_factor": [[17.0, 0.78, -0.00174386], [18.0, 0.78, -0.00180591]],