{"@module": "pymatgen.entries.computed_entries", "@class": "ComputedEntry", "energy": 0.0, "composition": {"Zr": 1.0, "Se": 2.0}, "entry_id": "109291", "correction": 0.0, "energy_adjustments": [], "parameters": {"id": "109291", "name": "ZrSe2", "ibrav": {"celldm(1)": 7.126157250296027, "ibrav": 4, "celldm(3)": 1.639883320074251}, "vol": 513.9368813388265, "lda_pw_cutoff_Ry": 78, "qe_conv_pbe": {"qe_conv_maxiter": 20, "qe_delta_kppa": 1500, "qe_delta_cutoff": 5, "qe_conv_thresh": 0.00011024797617134141, "qe_conv_steps": [[60, 1500, -66.49529100170245], [65, 1500, -66.4953079970756], [65, 3000, -66.49533615000804]], "qe_conv_time": 24.162654638290405}, "num_elec_pbe": 24.0, "max_mem": 56731.0, "qe_conv_lda": {"qe_conv_maxiter": 20, "qe_delta_kppa": 1500, "qe_delta_cutoff": 5, "qe_conv_thresh": 0.00011024797617134141, "qe_conv_steps": [[78, 1500, -293.1747227830812], [83, 1500, -293.1749900748617], [88, 1500, -293.1750149700024], [88, 3000, -293.1750470788789]], "qe_conv_time": 91.04098343849182}, "num_elec_lda": 44.0, "bg_conv_pbe": {"bg_conv_maxiter": 20, "bg_delta_kppa": 1500, "bg_delta_cutoff": 5, "bg_conv_thresh": 0.025, "bg_conv_steps": [[65, 3000, 0.34515601457543554], [65, 4500, 0.34332168807447183]], "bg_conv_time": 18.48043990135193}, "indirect_gap_pbe": 0.34517417834108133, "bg_conv_lda": {"bg_conv_maxiter": 20, "bg_delta_kppa": 1500, "bg_delta_cutoff": 5, "bg_conv_thresh": 0.025, "bg_conv_steps": [[88, 3000, 0.26834986724279036], [88, 4500, 0.2670406155347852]], "bg_conv_time": 57.32571458816528}, "indirect_gap_lda": 0.26836482797832983, "gw_conv_pbe": {"gw_conv_thr": 0.025, "gw_bnd_start": 200, "gw_bnd_step": 100, "gw_cut_start": 4, "gw_cut_step": 4, "kpt_bnd_idx": {"@module": "numpy", "@class": "array", "dtype": "int64", "data": [1, 1, 12, 13]}, "gw_bands": 200, "gw_cutoff": 4, "w_conv_grid": [[200, 4, 1.276218], [300, 4, 1.275181], [300, 8, 1.443085], [300, 8, 1.443085], [300, 12, 1.4917019999999999], [300, 12, 1.4917019999999999], [300, 16, 1.493079], [300, 16, 1.493079], [400, 16, 1.494031], [400, 20, 1.492147], [400, 20, 1.492147]], "pwcutoff": 65, "w_conv_time": [10.871589422225952, 11.195716142654419, 11.344947814941406, 11.345678567886353, 12.424227952957153, 12.4264976978302, 13.386504173278809, 13.387791156768799, 14.136170387268066, 17.345514059066772, 17.346210956573486], "w_ngw": 7, "w_z_factor": [{"@module": "numpy", "@class": "array", "dtype": "float64", "data": [[12.0, 0.79, -0.120372], [13.0, 0.79, -0.128735]]}, {"@module": "numpy", "@class": "array", "dtype": "float64", "data": [[12.0, 0.79, -0.120455], [13.0, 0.79, -0.127744]]}, {"@module": "numpy", "@class": "array", "dtype": "float64", "data": [[12.0, 0.79, -0.122807], [13.0, 0.79, -0.128703]]}, {"@module": "numpy", "@class": "array", "dtype": "float64", "data": [[12.0, 0.78, -0.123234], [13.0, 0.79, -0.127307]]}, {"@module": "numpy", "@class": "array", "dtype": "float64", "data": [[12.0, 0.78, -0.122734], [13.0, 0.79, -0.125431]]}, {"@module": "numpy", "@class": "array", "dtype": "float64", "data": [[12.0, 0.78, -0.130122], [13.0, 0.79, -0.118809]]}, {"@module": "numpy", "@class": "array", "dtype": "float64", "data": [[12.0, 0.78, -0.122631], [13.0, 0.79, -0.11376]]}], "gw_kppa": 230, "gw_kpt_grid": {"@module": "numpy", "@class": "array", "dtype": "int64", "data": [6, 6, 4]}, "conv_list": [[{"kppa": 0}, {"kpt_grid": "1x1x1"}, {"num_kpts": 1}, {"X_bnds": 400.0}, {"G_bnds": 400.0}, {"X_cutoff": 20.0}, {"gamma_gap": 1.492147}, {"num_gw_calc": 7}, {"wall_time": 172}, {"num_cores": 8}, {"z-factor": "None"}], [{"kppa": 0}, {"kpt_grid": "1x1x1"}, {"num_kpts": 1}, {"X_bnds": 200}, {"G_bnds": 200}, {"X_cutoff": 4}, {"gamma_gap": 8}, {"num_gw_calc": 1}, {"wall_time": 11}, {"num_cores": 8}, {"z-factor": "None"}], [{"kppa": 10}, {"kpt_grid": "2x2x2"}, {"num_kpts": 1}, {"X_bnds": 200}, {"G_bnds": 200}, {"X_cutoff": 4}, {"gamma_gap": 1.895104}, {"num_gw_calc": 2}, {"wall_time": 21}, {"num_cores": 8}, {"z-factor": {"@module": "numpy", "@class": "array", "dtype": "float64", "data": [[12.0, 0.8, -0.134272], [13.0, 0.79, -0.188229]]}}], [{"kppa": 50}, {"kpt_grid": "4x4x2"}, {"num_kpts": 1}, {"X_bnds": 200}, {"G_bnds": 200}, {"X_cutoff": 4}, {"gamma_gap": 1.808862}, {"num_gw_calc": 3}, {"wall_time": 43}, {"num_cores": 8}, {"z-factor": {"@module": "numpy", "@class": "array", "dtype": "float64", "data": [[12.0, 0.79, -0.142029], [13.0, 0.78, -0.159813]]}}], [{"kppa": 220}, {"kpt_grid": "4x4x4"}, {"num_kpts": 1}, {"X_bnds": 200}, {"G_bnds": 200}, {"X_cutoff": 4}, {"gamma_gap": 1.852254}, {"num_gw_calc": 4}, {"wall_time": 39}, {"num_cores": 32}, {"z-factor": {"@module": "numpy", "@class": "array", "dtype": "float64", "data": [[12.0, 0.79, -0.139512], [13.0, 0.78, -0.186502]]}}], [{"kppa": 230}, {"kpt_grid": "6x6x4"}, {"num_kpts": 1}, {"X_bnds": 200}, {"G_bnds": 200}, {"X_cutoff": 4}, {"gamma_gap": 1.840714}, {"num_gw_calc": 5}, {"wall_time": 101}, {"num_cores": 32}, {"z-factor": {"@module": "numpy", "@class": "array", "dtype": "float64", "data": [[12.0, 0.79, -0.138868], [13.0, 0.78, -0.103789]]}}]], "conv_time": 374.7776634693146}, "gw_band_range_pbe": [1, 16], "gw_conv_lda": {"gw_conv_thr": 0.025, "gw_bnd_start": 200, "gw_bnd_step": 100, "gw_cut_start": 4, "gw_cut_step": 4, "kpt_bnd_idx": {"@module": "numpy", "@class": "array", "dtype": "int64", "data": [1, 1, 22, 23]}, "gw_bands": 200, "gw_cutoff": 4, "w_conv_grid": [[200, 4, 1.9960939999999998], [300, 4, 1.998329], [300, 8, 2.1005119999999997], [300, 8, 2.1005119999999997], [300, 12, 2.141317], [300, 12, 2.141317], [300, 16, 2.14138], [300, 16, 2.14138], [400, 16, 2.1459140000000003], [400, 20, 2.143056], [400, 20, 2.143056]], "pwcutoff": 88, "w_conv_time": [11.371345281600952, 11.2161545753479, 11.578287839889526, 11.579740524291992, 12.500174283981323, 12.501104593276978, 14.106975793838501, 14.108954429626465, 14.892818927764893, 18.432305097579956, 18.433799266815186], "w_ngw": 7, "w_z_factor": [{"@module": "numpy", "@class": "array", "dtype": "float64", "data": [[22.0, 0.8, -0.945915], [23.0, 0.79, -0.156682]]}, {"@module": "numpy", "@class": "array", "dtype": "float64", "data": [[22.0, 0.8, -0.12264], [23.0, 0.79, -0.131021]]}, {"@module": "numpy", "@class": "array", "dtype": "float64", "data": [[22.0, 0.79, -0.113211], [23.0, 0.79, -0.115187]]}, {"@module": "numpy", "@class": "array", "dtype": "float64", "data": [[22.0, 0.79, -0.875791], [23.0, 0.79, -0.11675]]}, {"@module": "numpy", "@class": "array", "dtype": "float64", "data": [[22.0, 0.79, -0.107751], [23.0, 0.79, -0.45175]]}, {"@module": "numpy", "@class": "array", "dtype": "float64", "data": [[22.0, 0.79, -0.142774], [23.0, 0.79, -0.193684]]}, {"@module": "numpy", "@class": "array", "dtype": "float64", "data": [[22.0, 0.79, -0.129325], [23.0, 0.79, -0.175838]]}], "gw_kppa": 230, "gw_kpt_grid": {"@module": "numpy", "@class": "array", "dtype": "int64", "data": [6, 6, 4]}, "conv_list": [[{"kppa": 0}, {"kpt_grid": "1x1x1"}, {"num_kpts": 1}, {"X_bnds": 400.0}, {"G_bnds": 400.0}, {"X_cutoff": 20.0}, {"gamma_gap": 2.143056}, {"num_gw_calc": 7}, {"wall_time": 218}, {"num_cores": 8}, {"z-factor": "None"}], [{"kppa": 0}, {"kpt_grid": "1x1x1"}, {"num_kpts": 1}, {"X_bnds": 200}, {"G_bnds": 200}, {"X_cutoff": 4}, {"gamma_gap": 8}, {"num_gw_calc": 1}, {"wall_time": 12}, {"num_cores": 8}, {"z-factor": "None"}], [{"kppa": 10}, {"kpt_grid": "2x2x2"}, {"num_kpts": 1}, {"X_bnds": 200}, {"G_bnds": 200}, {"X_cutoff": 4}, {"gamma_gap": 2.4559789999999997}, {"num_gw_calc": 2}, {"wall_time": 27}, {"num_cores": 8}, {"z-factor": {"@module": "numpy", "@class": "array", "dtype": "float64", "data": [[22.0, 0.8, -0.134454], [23.0, 0.79, -0.175899]]}}], [{"kppa": 50}, {"kpt_grid": "4x4x2"}, {"num_kpts": 1}, {"X_bnds": 200}, {"G_bnds": 200}, {"X_cutoff": 4}, {"gamma_gap": 2.3599419999999998}, {"num_gw_calc": 3}, {"wall_time": 74}, {"num_cores": 8}, {"z-factor": {"@module": "numpy", "@class": "array", "dtype": "float64",