{"@module": "pymatgen.entries.computed_entries", "@class": "ComputedEntry", "energy": 0.0, "composition": {"Fe": 4.0, "S": 8.0}, "entry_id": "109377", "correction": 0.0, "energy_adjustments": [], "parameters": {"id": "109377", "name": "FeS2", "ibrav": {"celldm(1)": 10.234756740281965, "ibrav": 1}, "vol": 1072.093281512474, "lda_pw_cutoff_Ry": 78, "qe_conv_pbe": {"qe_conv_maxiter": 20, "qe_delta_kppa": 1500, "qe_delta_cutoff": 5, "qe_conv_thresh": 0.00044099190468536564, "qe_conv_steps": [[60, 1500, -555.4069921735969], [65, 1500, -555.4153478744104], [70, 1500, -555.4170997071327], [75, 1500, -555.4174995790091], [75, 3000, -555.4175541899614]], "qe_conv_time": 71.38771533966064}, "num_elec_pbe": 112.0, "max_mem": 153118.0, "qe_conv_lda": {"qe_conv_maxiter": 20, "qe_delta_kppa": 1500, "qe_delta_cutoff": 5, "qe_conv_thresh": 0.00044099190468536564, "qe_conv_steps": [[78, 1500, -589.7380937347051], [83, 1500, -589.7424557172108], [88, 1500, -589.743444868397], [93, 1500, -589.7435722949477], [93, 3000, -589.7436338561876]], "qe_conv_time": 90.19860482215881}, "num_elec_lda": 112.0, "bg_conv_pbe": {"bg_conv_maxiter": 20, "bg_delta_kppa": 1500, "bg_delta_cutoff": 5, "bg_conv_thresh": 0.025, "bg_conv_steps": [[75, 3000, 0.5672768249026485], [75, 4500, 0.5692536908243787]], "bg_conv_time": 68.29767632484436}, "indirect_gap_pbe": 0.5672535619043032, "bg_conv_lda": {"bg_conv_maxiter": 20, "bg_delta_kppa": 1500, "bg_delta_cutoff": 5, "bg_conv_thresh": 0.025, "bg_conv_steps": [[93, 3000, 0.525943304585063], [93, 4500, 0.5281342027861247]], "bg_conv_time": 86.88580441474915}, "indirect_gap_lda": 0.5280900258178388, "gw_conv_pbe": {"gw_conv_thr": 0.025, "gw_bnd_start": 200, "gw_bnd_step": 100, "gw_cut_start": 4, "gw_cut_step": 4, "kpt_bnd_idx": {"@module": "numpy", "@class": "array", "dtype": "int64", "data": [1, 1, 56, 57]}, "gw_bands": 200, "gw_cutoff": 4, "w_conv_grid": [[200, 4, 0.34884300000000007], [300, 4, 0.272392], [400, 4, 0.247956], [400, 8, 0.17813300000000004], [400, 8, 0.17813300000000004], [400, 12, 0.18018500000000004], [400, 12, 0.18018500000000004], [500, 12, 0.14274900000000007], [600, 12, 0.12339800000000001], [600, 16, 0.12677899999999998], [600, 16, 0.12677899999999998], [700, 16, 0.10669300000000004], [700, 20, 0.12374800000000002], [700, 20, 0.12374800000000002]], "pwcutoff": 75, "w_conv_time": [12.52905821800232, 12.730960130691528, 13.305015563964844, 14.259036779403687, 14.260491132736206, 18.137924432754517, 18.13984990119934, 19.864832162857056, 24.29142665863037, 32.659554958343506, 32.661415576934814, 36.49064254760742, 56.38923120498657, 56.39103102684021], "w_ngw": 10, "w_z_factor": [{"@module": "numpy", "@class": "array", "dtype": "float64", "data": [[56.0, 0.71, -0.191063], [57.0, 0.78, -0.141975]]}, {"@module": "numpy", "@class": "array", "dtype": "float64", "data": [[56.0, 0.71, -0.24001], [57.0, 0.78, -0.138407]]}, {"@module": "numpy", "@class": "array", "dtype": "float64", "data": [[56.0, 0.72, -0.179577], [57.0, 0.78, -0.13685]]}, {"@module": "numpy", "@class": "array", "dtype": "float64", "data": [[56.0, 0.71, -0.21486], [57.0, 0.78, -0.13572]]}, {"@module": "numpy", "@class": "array", "dtype": "float64", "data": [[56.0, 0.71, -0.209173], [57.0, 0.78, -0.136467]]}, {"@module": "numpy", "@class": "array", "dtype": "float64", "data": [[56.0, 0.71, -0.193542], [57.0, 0.78, -0.136883]]}, {"@module": "numpy", "@class": "array", "dtype": "float64", "data": [[56.0, 0.71, -0.18299], [57.0, 0.78, -0.13579]]}, {"@module": "numpy", "@class": "array", "dtype": "float64", "data": [[56.0, 0.71, -0.219889], [57.0, 0.78, -0.133894]]}, {"@module": "numpy", "@class": "array", "dtype": "float64", "data": [[56.0, 0.71, -0.204049], [57.0, 0.78, -0.137502]]}, {"@module": "numpy", "@class": "array", "dtype": "float64", "data": [[56.0, 0.7, -0.207277], [57.0, 0.78, -0.136362]]}], "gw_kppa": 330, "gw_kpt_grid": {"@module": "numpy", "@class": "array", "dtype": "int64", "data": [4, 4, 4]}, "conv_list": [[{"kppa": 0}, {"kpt_grid": "1x1x1"}, {"num_kpts": 1}, {"X_bnds": 700.0}, {"G_bnds": 700.0}, {"X_cutoff": 20.0}, {"gamma_gap": 0.12374800000000002}, {"num_gw_calc": 10}, {"wall_time": 368}, {"num_cores": 8}, {"z-factor": "None"}], [{"kppa": 0}, {"kpt_grid": "1x1x1"}, {"num_kpts": 1}, {"X_bnds": 200}, {"G_bnds": 200}, {"X_cutoff": 4}, {"gamma_gap": 4}, {"num_gw_calc": 1}, {"wall_time": 13}, {"num_cores": 8}, {"z-factor": "None"}], [{"kppa": 10}, {"kpt_grid": "2x2x2"}, {"num_kpts": 1}, {"X_bnds": 200}, {"G_bnds": 200}, {"X_cutoff": 4}, {"gamma_gap": 0.20386899999999997}, {"num_gw_calc": 2}, {"wall_time": 43}, {"num_cores": 8}, {"z-factor": {"@module": "numpy", "@class": "array", "dtype": "float64", "data": [[56.0, 0.71, -0.231485], [57.0, 0.8, -0.118737]]}}], [{"kppa": 330}, {"kpt_grid": "4x4x4"}, {"num_kpts": 1}, {"X_bnds": 200}, {"G_bnds": 200}, {"X_cutoff": 4}, {"gamma_gap": 0.18717900000000004}, {"num_gw_calc": 3}, {"wall_time": 350}, {"num_cores": 8}, {"z-factor": {"@module": "numpy", "@class": "array", "dtype": "float64", "data": [[56.0, 0.71, -0.261982], [57.0, 0.8, -0.120049]]}}]], "conv_time": 759.5935382843018}, "gw_band_range_pbe": [1, 69], "gw_conv_lda": {"gw_conv_thr": 0.025, "gw_bnd_start": 200, "gw_bnd_step": 100, "gw_cut_start": 4, "gw_cut_step": 4, "kpt_bnd_idx": {"@module": "numpy", "@class": "array", "dtype": "int64", "data": [1, 1, 56, 57]}, "gw_bands": 200, "gw_cutoff": 4, "w_conv_grid": [[200, 4, 0.4359599999999999], [300, 4, 0.37445799999999985], [400, 4, 0.35864699999999994], [400, 8, 0.2835189999999999], [400, 8, 0.2835189999999999], [400, 12, 0.28249299999999994], [400, 12, 0.28249299999999994], [500, 12, 0.2451669999999999], [600, 12, 0.228931], [600, 16, 0.23364799999999997], [600, 16, 0.23364799999999997], [700, 16, 0.21432299999999993], [700, 20, 0.23199399999999998], [700, 20, 0.23199399999999998]], "pwcutoff": 93, "w_conv_time": [12.629319429397583, 13.25992226600647, 13.757984161376953, 15.220310926437378, 15.222178220748901, 19.11668825149536, 19.12077260017395, 20.62044620513916, 22.286377668380737, 32.85356116294861, 32.85501527786255, 35.57629680633545, 57.57494401931763, 57.57679748535156], "w_ngw": 10, "w_z_factor": [{"@module": "numpy", "@class": "array", "dtype": "float64", "data": [[56.0, 0.71, -0.190906], [57.0, 0.78, -0.143366]]}, {"@module": "numpy", "@class": "array", "dtype": "float64", "data": [[56.0, 0.71, -0.250722], [57.0, 0.78, -0.137918]]}, {"@module": "numpy", "@class": "array", "dtype": "float64", "data": [[56.0, 0.72, -0.181857], [57.0, 0.78, -0.137898]]}, {"@module": "numpy", "@class": "array", "dtype": "float64", "data": [[56.0, 0.71, -0.188778], [57.0, 0.78, -0.135764]]}, {"@module": "numpy", "@class": "array", "dtype": "float64", "data": [[56.0, 0.71, -0.188628], [57.0, 0.78, -0.139554]]}, {"@module": "numpy", "@class": "array", "dtype": "float64", "data": [[56.0, 0.71, -0.197555], [57.0, 0.78, -0.132177]]}, {"@module": "numpy", "@class": "array", "dtype": "float64", "data": [[56.0, 0.71, -0.196534], [57.0, 0.78, -0.137924]]}, {"@module": "numpy", "@class": "array", "dtype": "float64", "data": [[56.0, 0.7, -0.197925], [57.0, 0.78, -0.139352]]}, {"@module": "numpy", "@class": "array", "dtype": "float64", "data": [[56.0, 0.7, -0.188779], [57.0, 0.78, -0.139082]]}, {"@module": "numpy", "@class": "array", "dtype": "float64", "data": [[56.0, 0.7, -0.191567], [57.0, 0.78, -0.139372]]}], "gw_kppa": 330, "gw_kpt_grid": {"@module": "numpy", "@class": "array", "dtype": "int64", "data": [4, 4, 4]},