{"@module": "pymatgen.entries.computed_entries", "@class": "ComputedEntry", "energy": 0.0, "composition": {"In": 2.0, "N": 2.0}, "entry_id": "109463", "correction": 0.0, "energy_adjustments": [], "parameters": {"id": "109463", "name": "InN", "ibrav": {"celldm(1)": 6.685359732342155, "ibrav": 4, "celldm(3)": 1.6122439749670696}, "vol": 417.19177516634915, "lda_pw_cutoff_Ry": 72, "qe_conv_pbe": {"qe_conv_maxiter": 20, "qe_delta_kppa": 1500, "qe_delta_cutoff": 5, "qe_conv_thresh": 0.00014699730156178854, "qe_conv_steps": [[60, 1500, -124.4682535645662], [65, 1500, -124.4719024847724], [70, 1500, -124.4733986295931], [75, 1500, -124.4739422090424], [80, 1500, -124.4740960715409], [85, 1500, -124.4741370808927], [85, 3000, -124.4741651205646]], "qe_conv_time": 55.03343200683594}, "num_elec_pbe": 36.0, "max_mem": 16959.0, "qe_conv_lda": {"qe_conv_maxiter": 20, "qe_delta_kppa": 1500, "qe_delta_cutoff": 5, "qe_conv_thresh": 0.00014699730156178854, "qe_conv_steps": [[72, 1500, -153.2097574162847], [77, 1500, -153.2100435627578], [82, 1500, -153.2101207951244], [82, 3000, -153.2101484689826]], "qe_conv_time": 35.711467266082764}, "num_elec_lda": 36.0, "bg_conv_pbe": {"bg_conv_maxiter": 20, "bg_delta_kppa": 1500, "bg_delta_cutoff": 5, "bg_conv_thresh": 0.025, "bg_conv_steps": [[85, 3000, 2.452726800523107e-07], [85, 4500, 2.4306990124687694e-07]], "bg_conv_time": 26.72934627532959}, "indirect_gap_pbe": 2.4306718228343603e-07, "bg_conv_lda": {"bg_conv_maxiter": 20, "bg_delta_kppa": 1500, "bg_delta_cutoff": 5, "bg_conv_thresh": 0.025, "bg_conv_steps": [[82, 3000, 2.7158415875502166e-07], [82, 4500, 2.3758069924608293e-07]], "bg_conv_time": 24.083064556121826}, "indirect_gap_lda": 2.375805904875453e-07, "gw_conv_pbe": {"gw_conv_thr": 0.025, "gw_bnd_start": 200, "gw_bnd_step": 100, "gw_cut_start": 4, "gw_cut_step": 4, "kpt_bnd_idx": {"@module": "numpy", "@class": "array", "dtype": "int64", "data": [1, 1, 18, 19]}, "gw_bands": 200, "gw_cutoff": 4, "w_conv_grid": [[200, 4, 0.02474500000000024], [300, 4, 0.024693999999999994], [300, 8, 0.046509000000000134], [300, 8, 0.046509000000000134]], "pwcutoff": 85, "w_conv_time": [12.357754707336426, 12.374186754226685, 12.65030550956726, 12.652119636535645], "w_ngw": 3, "w_z_factor": [{"@module": "numpy", "@class": "array", "dtype": "float64", "data": [[18.0, 0.77, -0.116834], [19.0, 0.77, -0.116887]]}, {"@module": "numpy", "@class": "array", "dtype": "float64", "data": [[18.0, 0.77, -0.114166], [19.0, 0.77, -0.120633]]}, {"@module": "numpy", "@class": "array", "dtype": "float64", "data": [[18.0, 0.76, -0.117422], [19.0, 0.76, -0.128866]]}], "gw_kppa": 10, "gw_kpt_grid": {"@module": "numpy", "@class": "array", "dtype": "int64", "data": [2, 2, 2]}, "conv_list": [[{"kppa": 0}, {"kpt_grid": "1x1x1"}, {"num_kpts": 1}, {"X_bnds": 300.0}, {"G_bnds": 300.0}, {"X_cutoff": 8.0}, {"gamma_gap": 0.046509000000000134}, {"num_gw_calc": 3}, {"wall_time": 114}, {"num_cores": 8}, {"z-factor": "None"}], [{"kppa": 0}, {"kpt_grid": "1x1x1"}, {"num_kpts": 1}, {"X_bnds": 200}, {"G_bnds": 200}, {"X_cutoff": 4}, {"gamma_gap": 8}, {"num_gw_calc": 1}, {"wall_time": 13}, {"num_cores": 8}, {"z-factor": "None"}], [{"kppa": 10}, {"kpt_grid": "2x2x2"}, {"num_kpts": 1}, {"X_bnds": 200}, {"G_bnds": 200}, {"X_cutoff": 4}, {"gamma_gap": 0.0022079999999999878}, {"num_gw_calc": 2}, {"wall_time": 26}, {"num_cores": 8}, {"z-factor": {"@module": "numpy", "@class": "array", "dtype": "float64", "data": [[18.0, 0.77, -0.133256], [19.0, 0.77, -0.135519]]}}]], "conv_time": 139.38563799858093}, "gw_band_range_pbe": [1, 21], "gw_conv_lda": {"gw_conv_thr": 0.025, "gw_bnd_start": 200, "gw_bnd_step": 100, "gw_cut_start": 4, "gw_cut_step": 4, "kpt_bnd_idx": {"@module": "numpy", "@class": "array", "dtype": "int64", "data": [1, 1, 18, 19]}, "gw_bands": 200, "gw_cutoff": 4, "w_conv_grid": [[200, 4, 0.02907100000000007], [300, 4, 0.025672999999999835], [300, 8, 0.04838699999999996], [300, 8, 0.04838699999999996]], "pwcutoff": 82, "w_conv_time": [12.218620538711548, 12.489918231964111, 12.785379886627197, 12.786458730697632], "w_ngw": 3, "w_z_factor": [{"@module": "numpy", "@class": "array", "dtype": "float64", "data": [[18.0, 0.76, -0.114449], [19.0, 0.76, -0.122554]]}, {"@module": "numpy", "@class": "array", "dtype": "float64", "data": [[18.0, 0.76, -0.108854], [19.0, 0.76, -0.119218]]}, {"@module": "numpy", "@class": "array", "dtype": "float64", "data": [[18.0, 0.75, -0.112747], [19.0, 0.75, -0.131658]]}], "gw_kppa": 70, "gw_kpt_grid": {"@module": "numpy", "@class": "array", "dtype": "int64", "data": [4, 4, 2]}, "conv_list": [[{"kppa": 0}, {"kpt_grid": "1x1x1"}, {"num_kpts": 1}, {"X_bnds": 300.0}, {"G_bnds": 300.0}, {"X_cutoff": 8.0}, {"gamma_gap": 0.04838699999999996}, {"num_gw_calc": 3}, {"wall_time": 110}, {"num_cores": 8}, {"z-factor": "None"}], [{"kppa": 0}, {"kpt_grid": "1x1x1"}, {"num_kpts": 1}, {"X_bnds": 200}, {"G_bnds": 200}, {"X_cutoff": 4}, {"gamma_gap": 8}, {"num_gw_calc": 1}, {"wall_time": 13}, {"num_cores": 8}, {"z-factor": "None"}], [{"kppa": 10}, {"kpt_grid": "2x2x2"}, {"num_kpts": 1}, {"X_bnds": 200}, {"G_bnds": 200}, {"X_cutoff": 4}, {"gamma_gap": 0.0011940000000000284}, {"num_gw_calc": 2}, {"wall_time": 27}, {"num_cores": 8}, {"z-factor": {"@module": "numpy", "@class": "array", "dtype": "float64", "data": [[18.0, 0.77, -0.138335], [19.0, 0.77, -0.138783]]}}], [{"kppa": 70}, {"kpt_grid": "4x4x2"}, {"num_kpts": 1}, {"X_bnds": 200}, {"G_bnds": 200}, {"X_cutoff": 4}, {"gamma_gap": 0.002836000000000005}, {"num_gw_calc": 3}, {"wall_time": 68}, {"num_cores": 8}, {"z-factor": {"@module": "numpy", "@class": "array", "dtype": "float64", "data": [[18.0, 0.78, -0.133338], [19.0, 0.78, -0.133363]]}}]], "conv_time": 204.455956697464}, "gw_band_range_lda": [1, 21], "g0w0_ppa_pbe": {"gw_direct_gap": 0.0006480000000000097, "kppa": 70, "kpt_grid": "4x4x2", "num_kpt": 8, "bands_in X": 400, "bands_in_G": 400, "cutoff": 12, "z_factor": [[18.0, 0.77, -0.00128677], [19.0, 0.77, -0.00128707]], "scissor": 0.0006480000000000097, "ncpu": 32, "calc_time": 83.72400784492493}, "g0w0_ppa_lda": {"gw_direct_gap": 0.0008099999999999913, "kppa": 290, "kpt_grid": "4x4x4", "num_kpt": 13, "bands_in X": 400, "bands_in_G": 400, "cutoff": 12, "z_factor": [[18.0, 0.77, -0.00132785], [19.0, 0.77, -0.00132781]], "scissor": 0.0008089999999999972, "ncpu": 32, "calc_time": 177.90430688858032}}, "data": {}}