{"@module": "pymatgen.entries.computed_entries", "@class": "ComputedEntry", "energy": 0.0, "composition": {"Hg": 4.0, "O": 4.0}, "entry_id": "14124", "correction": 0.0, "energy_adjustments": [], "parameters": {"id": "14124", "name": "HgO", "ibrav": {"celldm(1)": 6.655426470383872, "ibrav": 8, "celldm(2)": 1.567562963173287, "celldm(3)": 1.877651267781595}, "vol": 867.6960046297472, "lda_pw_cutoff_Ry": 60, "qe_conv_pbe": {"qe_conv_maxiter": 20, "qe_delta_kppa": 1500, "qe_delta_cutoff": 5, "qe_conv_thresh": 0.00029399460312357707, "qe_conv_steps": [[60, 1500, -684.2198562742547], [65, 1500, -684.2420123471383], [70, 1500, -684.2522456511498], [75, 1500, -684.2565450148688], [80, 1500, -684.2581184758361], [85, 1500, -684.2586316269895], [90, 1500, -684.2587602390983], [90, 3000, -684.2587623819202]], "qe_conv_time": 459.50547647476196}, "num_elec_pbe": 104.0, "max_mem": 36710.0, "qe_conv_lda": {"qe_conv_maxiter": 20, "qe_delta_kppa": 1500, "qe_delta_cutoff": 5, "qe_conv_thresh": 0.00029399460312357707, "qe_conv_steps": [[60, 1500, -732.6153820142522], [65, 1500, -732.6272051035805], [70, 1500, -732.6318794052894], [75, 1500, -732.6335855343165], [80, 1500, -732.63412781541], [85, 1500, -732.6342623345216], [85, 3000, -732.6342645585282]], "qe_conv_time": 362.2521405220032}, "num_elec_lda": 104.0, "bg_conv_pbe": {"bg_conv_maxiter": 20, "bg_delta_kppa": 1500, "bg_delta_cutoff": 5, "bg_conv_thresh": 0.025, "bg_conv_steps": [[90, 3000, 1.1871053211763574], [90, 4500, 1.190670026684375]], "bg_conv_time": 229.75600457191467}, "indirect_gap_pbe": 1.1868692101680165, "bg_conv_lda": {"bg_conv_maxiter": 20, "bg_delta_kppa": 1500, "bg_delta_cutoff": 5, "bg_conv_thresh": 0.025, "bg_conv_steps": [[85, 3000, 1.1204612369379332], [85, 4500, 1.127344640435517]], "bg_conv_time": 188.93712997436523}, "indirect_gap_lda": 1.120461045860711, "gw_conv_pbe": {"gw_conv_thr": 0.025, "gw_bnd_start": 200, "gw_bnd_step": 100, "gw_cut_start": 4, "gw_cut_step": 4, "kpt_bnd_idx": {"@module": "numpy", "@class": "array", "dtype": "int64", "data": [1, 1, 52, 53]}, "gw_bands": 200, "gw_cutoff": 4, "w_conv_grid": [[200, 4, 3.4608359999999996], [300, 4, 3.4593], [300, 8, 3.4647759999999996], [300, 8, 3.4647759999999996]], "pwcutoff": 90, "w_conv_time": [11.876134395599365, 12.98500943183899, 14.266328811645508, 14.26712155342102], "w_ngw": 3, "w_z_factor": [{"@module": "numpy", "@class": "array", "dtype": "float64", "data": [[52.0, 0.78, -0.135276], [53.0, 0.79, -0.12534]]}, {"@module": "numpy", "@class": "array", "dtype": "float64", "data": [[52.0, 0.78, -0.138898], [53.0, 0.79, -0.124788]]}, {"@module": "numpy", "@class": "array", "dtype": "float64", "data": [[52.0, 0.77, -0.146836], [53.0, 0.78, -0.127619]]}], "gw_kppa": 80, "gw_kpt_grid": {"@module": "numpy", "@class": "array", "dtype": "int64", "data": [4, 2, 2]}, "conv_list": [[{"kppa": 0}, {"kpt_grid": "1x1x1"}, {"num_kpts": 1}, {"X_bnds": 300.0}, {"G_bnds": 300.0}, {"X_cutoff": 8.0}, {"gamma_gap": 3.4647759999999996}, {"num_gw_calc": 3}, {"wall_time": 356}, {"num_cores": 8}, {"z-factor": "None"}], [{"kppa": 0}, {"kpt_grid": "1x1x1"}, {"num_kpts": 1}, {"X_bnds": 200}, {"G_bnds": 200}, {"X_cutoff": 4}, {"gamma_gap": 8}, {"num_gw_calc": 1}, {"wall_time": 12}, {"num_cores": 8}, {"z-factor": "None"}], [{"kppa": 10}, {"kpt_grid": "2x2x2"}, {"num_kpts": 1}, {"X_bnds": 200}, {"G_bnds": 200}, {"X_cutoff": 4}, {"gamma_gap": 3.15694}, {"num_gw_calc": 2}, {"wall_time": 72}, {"num_cores": 8}, {"z-factor": {"@module": "numpy", "@class": "array", "dtype": "float64", "data": [[52.0, 0.78, -0.161148], [53.0, 0.8, -0.114754]]}}], [{"kppa": 80}, {"kpt_grid": "4x2x2"}, {"num_kpts": 1}, {"X_bnds": 200}, {"G_bnds": 200}, {"X_cutoff": 4}, {"gamma_gap": 3.181622}, {"num_gw_calc": 3}, {"wall_time": 151}, {"num_cores": 8}, {"z-factor": {"@module": "numpy", "@class": "array", "dtype": "float64", "data": [[52.0, 0.78, -0.144248], [53.0, 0.81, -0.112127]]}}]], "conv_time": 577.4710566997528}, "gw_band_range_pbe": [1, 57], "gw_conv_lda": {"gw_conv_thr": 0.025, "gw_bnd_start": 200, "gw_bnd_step": 100, "gw_cut_start": 4, "gw_cut_step": 4, "kpt_bnd_idx": {"@module": "numpy", "@class": "array", "dtype": "int64", "data": [1, 1, 52, 53]}, "gw_bands": 200, "gw_cutoff": 4, "w_conv_grid": [[200, 4, 3.414833], [300, 4, 3.4114430000000002], [300, 8, 3.413116], [300, 8, 3.413116]], "pwcutoff": 85, "w_conv_time": [13.011979341506958, 12.836518287658691, 14.529923439025879, 14.532471179962158], "w_ngw": 3, "w_z_factor": [{"@module": "numpy", "@class": "array", "dtype": "float64", "data": [[52.0, 0.78, -0.133993], [53.0, 0.79, -0.124388]]}, {"@module": "numpy", "@class": "array", "dtype": "float64", "data": [[52.0, 0.78, -0.140053], [53.0, 0.79, -0.12716]]}, {"@module": "numpy", "@class": "array", "dtype": "float64", "data": [[52.0, 0.77, -0.159037], [53.0, 0.78, -0.136095]]}], "gw_kppa": 80, "gw_kpt_grid": {"@module": "numpy", "@class": "array", "dtype": "int64", "data": [4, 2, 2]}, "conv_list": [[{"kppa": 0}, {"kpt_grid": "1x1x1"}, {"num_kpts": 1}, {"X_bnds": 300.0}, {"G_bnds": 300.0}, {"X_cutoff": 8.0}, {"gamma_gap": 3.413116}, {"num_gw_calc": 3}, {"wall_time": 309}, {"num_cores": 8}, {"z-factor": "None"}], [{"kppa": 0}, {"kpt_grid": "1x1x1"}, {"num_kpts": 1}, {"X_bnds": 200}, {"G_bnds": 200}, {"X_cutoff": 4}, {"gamma_gap": 8}, {"num_gw_calc": 1}, {"wall_time": 14}, {"num_cores": 8}, {"z-factor": "None"}], [{"kppa": 10}, {"kpt_grid": "2x2x2"}, {"num_kpts": 1}, {"X_bnds": 200}, {"G_bnds": 200}, {"X_cutoff": 4}, {"gamma_gap": 3.067095}, {"num_gw_calc": 2}, {"wall_time": 68}, {"num_cores": 8}, {"z-factor": {"@module": "numpy", "@class": "array", "dtype": "float64", "data": [[52.0, 0.78, -0.167304], [53.0, 0.8, -0.115432]]}}], [{"kppa": 80}, {"kpt_grid": "4x2x2"}, {"num_kpts": 1}, {"X_bnds": 200}, {"G_bnds": 200}, {"X_cutoff": 4}, {"gamma_gap": 3.0919689999999997}, {"num_gw_calc": 3}, {"wall_time": 142}, {"num_cores": 8}, {"z-factor": {"@module": "numpy", "@class": "array", "dtype": "float64", "data": [[52.0, 0.78, -0.154261], [53.0, 0.81, -0.113834]]}}]], "conv_time": 516.6771295070648}, "gw_band_range_lda": [1, 57], "g0w0_ppa_pbe": {"gw_direct_gap": 3.1526300000000003, "kppa": 290, "kpt_grid": "4x4x2", "num_kpt": 20, "bands_in X": 400, "bands_in_G": 400, "cutoff": 12, "z_factor": [[52.0, 0.77, -0.00165318], [53.0, 0.79, -0.00113131]], "scissor": 1.109244, "ncpu": 32, "calc_time": 472.8588411808014}, "g0w0_ppa_lda": {"gw_direct_gap": 3.0579760000000005, "kppa": 290, "kpt_grid": "4x4x2", "num_kpt": 20, "bands_in X": 400, "bands_in_G": 400, "cutoff": 12, "z_factor": [[52.0, 0.77, -0.00147448], [53.0, 0.79, -0.0012453]], "scissor": 1.0580820000000002, "ncpu": 32, "calc_time": 445.8642113208771}}, "data": {}}