{"@module": "pymatgen.entries.computed_entries", "@class": "ComputedEntry", "energy": 0.0, "composition": {"Fe": 2.0, "P": 4.0}, "entry_id": "15027", "correction": 0.0, "energy_adjustments": [], "parameters": {"id": "15027", "name": "FeP2", "ibrav": {"celldm(1)": 5.145724262146932, "ibrav": 8, "celldm(2)": 1.826257803892765, "celldm(3)": 2.077414616232097}, "vol": 516.9217418361927, "lda_pw_cutoff_Ry": 78, "qe_conv_pbe": {"qe_conv_maxiter": 20, "qe_delta_kppa": 1500, "qe_delta_cutoff": 5, "qe_conv_thresh": 0.00022049595234268282, "qe_conv_steps": [[60, 1500, -263.204244394796], [65, 1500, -263.2081524761422], [70, 1500, -263.2088647546954], [75, 1500, -263.2089694509226], [75, 3000, -263.2089566539436]], "qe_conv_time": 79.37609672546387}, "num_elec_pbe": 52.0, "max_mem": 34404.0, "qe_conv_lda": {"qe_conv_maxiter": 20, "qe_delta_kppa": 1500, "qe_delta_cutoff": 5, "qe_conv_thresh": 0.00022049595234268282, "qe_conv_steps": [[78, 1500, -278.4516573861397], [83, 1500, -278.4539003534782], [88, 1500, -278.4543818434276], [93, 1500, -278.4544466123243], [93, 3000, -278.4544350813364]], "qe_conv_time": 122.72112393379211}, "num_elec_lda": 52.0, "bg_conv_pbe": {"bg_conv_maxiter": 20, "bg_delta_kppa": 1500, "bg_delta_cutoff": 5, "bg_conv_thresh": 0.025, "bg_conv_steps": [[75, 3000, 0.3410994234882977], [75, 4500, 0.3353618550749837]], "bg_conv_time": 49.12880492210388}, "indirect_gap_pbe": 0.3410963342347845, "bg_conv_lda": {"bg_conv_maxiter": 20, "bg_delta_kppa": 1500, "bg_delta_cutoff": 5, "bg_conv_thresh": 0.025, "bg_conv_steps": [[93, 3000, 0.2958367379275752], [93, 4500, 0.2878882701646849]], "bg_conv_time": 68.1669089794159}, "indirect_gap_lda": 0.2958302445291074, "gw_conv_pbe": {"gw_conv_thr": 0.025, "gw_bnd_start": 200, "gw_bnd_step": 100, "gw_cut_start": 4, "gw_cut_step": 4, "kpt_bnd_idx": {"@module": "numpy", "@class": "array", "dtype": "int64", "data": [1, 1, 26, 27]}, "gw_bands": 200, "gw_cutoff": 4, "w_conv_grid": [[200, 4, 3.475423], [300, 4, 3.469646], [300, 8, 3.2958060000000002], [300, 8, 3.2958060000000002], [300, 12, 3.305567], [300, 12, 3.305567], [400, 12, 3.302224], [400, 16, 3.333321], [400, 16, 3.333321], [400, 20, 3.3693769999999996], [400, 20, 3.3693769999999996], [400, 24, 3.390786], [400, 24, 3.390786], [500, 24, 3.3865360000000004], [500, 28, 3.4008579999999995], [500, 28, 3.4008579999999995]], "pwcutoff": 75, "w_conv_time": [10.800134658813477, 11.224701166152954, 11.093488931655884, 11.094279289245605, 12.172524452209473, 12.1739342212677, 12.765738487243652, 14.551324844360352, 14.55326247215271, 17.971646547317505, 17.973631381988525, 24.45503044128418, 24.45570397377014, 25.532322645187378, 33.921934843063354, 33.9226553440094], "w_ngw": 10, "w_z_factor": [{"@module": "numpy", "@class": "array", "dtype": "float64", "data": [[26.0, 0.71, -0.233533], [27.0, 0.74, -0.162392]]}, {"@module": "numpy", "@class": "array", "dtype": "float64", "data": [[26.0, 0.71, -0.240679], [27.0, 0.74, -0.180262]]}, {"@module": "numpy", "@class": "array", "dtype": "float64", "data": [[26.0, 0.71, -0.215356], [27.0, 0.73, -0.205336]]}, {"@module": "numpy", "@class": "array", "dtype": "float64", "data": [[26.0, 0.71, -0.230946], [27.0, 0.73, -0.204063]]}, {"@module": "numpy", "@class": "array", "dtype": "float64", "data": [[26.0, 0.71, -0.172076], [27.0, 0.73, -0.216159]]}, {"@module": "numpy", "@class": "array", "dtype": "float64", "data": [[26.0, 0.71, -0.240243], [27.0, 0.72, -0.225925]]}, {"@module": "numpy", "@class": "array", "dtype": "float64", "data": [[26.0, 0.7, -0.234099], [27.0, 0.72, -0.207366]]}, {"@module": "numpy", "@class": "array", "dtype": "float64", "data": [[26.0, 0.7, -0.23472], [27.0, 0.72, -0.18654]]}, {"@module": "numpy", "@class": "array", "dtype": "float64", "data": [[26.0, 0.71, -0.194165], [27.0, 0.72, -0.183224]]}, {"@module": "numpy", "@class": "array", "dtype": "float64", "data": [[26.0, 0.71, -0.19493], [27.0, 0.72, -0.183518]]}], "gw_kppa": 200, "gw_kpt_grid": {"@module": "numpy", "@class": "array", "dtype": "int64", "data": [6, 2, 2]}, "conv_list": [[{"kppa": 0}, {"kpt_grid": "1x1x1"}, {"num_kpts": 1}, {"X_bnds": 500.0}, {"G_bnds": 500.0}, {"X_cutoff": 28.0}, {"gamma_gap": 3.4008579999999995}, {"num_gw_calc": 10}, {"wall_time": 283}, {"num_cores": 8}, {"z-factor": "None"}], [{"kppa": 0}, {"kpt_grid": "1x1x1"}, {"num_kpts": 1}, {"X_bnds": 200}, {"G_bnds": 200}, {"X_cutoff": 4}, {"gamma_gap": 8}, {"num_gw_calc": 1}, {"wall_time": 11}, {"num_cores": 8}, {"z-factor": "None"}], [{"kppa": 10}, {"kpt_grid": "2x2x2"}, {"num_kpts": 1}, {"X_bnds": 200}, {"G_bnds": 200}, {"X_cutoff": 4}, {"gamma_gap": 2.6033090000000003}, {"num_gw_calc": 2}, {"wall_time": 35}, {"num_cores": 8}, {"z-factor": {"@module": "numpy", "@class": "array", "dtype": "float64", "data": [[26.0, 0.72, -0.185745], [27.0, 0.75, -0.187272]]}}], [{"kppa": 50}, {"kpt_grid": "4x2x2"}, {"num_kpts": 1}, {"X_bnds": 200}, {"G_bnds": 200}, {"X_cutoff": 4}, {"gamma_gap": 2.478174}, {"num_gw_calc": 3}, {"wall_time": 60}, {"num_cores": 8}, {"z-factor": {"@module": "numpy", "@class": "array", "dtype": "float64", "data": [[26.0, 0.72, -0.188404], [27.0, 0.75, -0.180278]]}}], [{"kppa": 200}, {"kpt_grid": "6x2x2"}, {"num_kpts": 1}, {"X_bnds": 200}, {"G_bnds": 200}, {"X_cutoff": 4}, {"gamma_gap": 2.479777}, {"num_gw_calc": 4}, {"wall_time": 37}, {"num_cores": 32}, {"z-factor": {"@module": "numpy", "@class": "array", "dtype": "float64", "data": [[26.0, 0.72, -0.188532], [27.0, 0.75, -0.174467]]}}]], "conv_time": 412.29102063179016}, "gw_band_range_pbe": [1, 33], "gw_conv_lda": {"gw_conv_thr": 0.025, "gw_bnd_start": 200, "gw_bnd_step": 100, "gw_cut_start": 4, "gw_cut_step": 4, "kpt_bnd_idx": {"@module": "numpy", "@class": "array", "dtype": "int64", "data": [1, 1, 26, 27]}, "gw_bands": 200, "gw_cutoff": 4, "w_conv_grid": [[200, 4, 3.484929], [300, 4, 3.4741989999999996], [300, 8, 3.244334], [300, 8, 3.244334], [300, 12, 3.223874], [300, 12, 3.223874], [400, 12, 3.222677], [400, 16, 3.24638], [400, 16, 3.24638]], "pwcutoff": 93, "w_conv_time": [10.963249444961548, 11.196599245071411, 11.684640169143677, 11.68618106842041, 12.17360806465149, 12.17446780204773, 12.957718133926392, 15.12555456161499, 15.126675367355347], "w_ngw": 6, "w_z_factor": [{"@module": "numpy", "@class": "array", "dtype": "float64", "data": [[26.0, 0.71, -0.208921], [27.0, 0.74, -0.169471]]}, {"@module": "numpy", "@class": "array", "dtype": "float64", "data": [[26.0, 0.7, -0.346327], [27.0, 0.74, -0.201414]]}, {"@module": "numpy", "@class": "array", "dtype": "float64", "data": [[26.0, 0.7, -0.279871], [27.0, 0.73, -0.17787]]}, {"@module": "numpy", "@class": "array", "dtype": "float64", "data": [[26.0, 0.7, -0.218619], [27.0, 0.72, -0.184627]]}, {"@module": "numpy", "@class": "array", "dtype": "float64", "data": [[26.0, 0.7, -0.205279], [27.0, 0.72, -0.186089]]}, {"@module": "numpy", "@class": "array", "dtype": "float64", "data": [[26.0, 0.7, -0.205734], [27.0, 0.72, -0.187166]]}], "gw_kppa": 200, "gw_kpt_grid": {"@module": "numpy", "@class": "array", "dtype": "int64", "data": [6, 2, 2]}, "conv_list": [[{"kppa": 0}, {"kpt_grid": "1x1x1"}, {"num_kpts": 1}, {"X_bnds": 400.0}, {"G_bnds": 400.0}, {"X_cutoff": 16.0}, {"gamma_gap": 3.24638}, {"num_gw_calc": 6}, {"wall_time": 182}, {"num_cores": 8}, {"z-factor": "None"}], [{"kppa": 0}, {"kpt_grid": "1x1x1"}, {"num_kpts": 1}, {"X_bnds": 200}, {"G_bnds": 200}, {"X_cutoff": 4}, {"gamma_gap": 8}, {"num_gw_calc": 1}, {"wall_time": 11}, {"num_cores": 8}, {"z-factor": "None"}], [{"kppa": 10}, {"kpt_grid": "2x2x2"}, {"num_kpts": 1}, {"X_bnds": 200}, {"G_bnds": 200}, {"X_cutoff": 4}, {"gamma_gap": 2.566559}, {"num_gw_calc": 2}, {"wall_time": 39}, {"num_cores": 8}, {"z-factor": {"@module": "numpy", "@class": "array", "dtype": "float64",