{"@module": "pymatgen.entries.computed_entries", "@class": "ComputedEntry", "energy": 0.0, "composition": {"Tl": 3.0, "As": 1.0, "Se": 3.0}, "entry_id": "15148", "correction": 0.0, "energy_adjustments": [], "parameters": {"id": "15148", "name": "Tl3AsSe3", "ibrav": {"celldm(1)": 11.658851947851806, "ibrav": 5, "celldm(4)": -0.2796478555316337}, "vol": 1346.2678476628437, "lda_pw_cutoff_Ry": 78, "qe_conv_pbe": {"qe_conv_maxiter": 20, "qe_delta_kppa": 1500, "qe_delta_cutoff": 5, "qe_conv_thresh": 0.0002572452777331299, "qe_conv_steps": [[60, 1500, -178.588247290608], [65, 1500, -178.5882480010796], [65, 3000, -178.5883065367678]], "qe_conv_time": 59.93506336212158}, "num_elec_pbe": 62.0, "max_mem": 235210.0, "qe_conv_lda": {"qe_conv_maxiter": 20, "qe_delta_kppa": 1500, "qe_delta_cutoff": 5, "qe_conv_thresh": 0.0002572452777331299, "qe_conv_steps": [[78, 1500, -651.4801412126172], [83, 1500, -651.4806852370668], [88, 1500, -651.4807371935636], [88, 3000, -651.4807858213298]], "qe_conv_time": 225.98472952842712}, "num_elec_lda": 102.0, "bg_conv_pbe": {"bg_conv_maxiter": 20, "bg_delta_kppa": 1500, "bg_delta_cutoff": 5, "bg_conv_thresh": 0.025, "bg_conv_steps": [[65, 3000, -0.3023384931372181], [65, 6000, -0.30155599306473674]], "bg_conv_time": 62.4912645816803}, "indirect_gap_pbe": -0.30139642165225383, "bg_conv_lda": {"bg_conv_maxiter": 20, "bg_delta_kppa": 1500, "bg_delta_cutoff": 5, "bg_conv_thresh": 0.025, "bg_conv_steps": [[88, 3000, -0.365928641192224], [88, 6000, -0.3470125705404506]], "bg_conv_time": 198.37751364707947}, "indirect_gap_lda": -0.3470502964390068, "gw_conv_pbe": {"gw_conv_thr": 0.025, "gw_bnd_start": 200, "gw_bnd_step": 100, "gw_cut_start": 4, "gw_cut_step": 4, "kpt_bnd_idx": {"@module": "numpy", "@class": "array", "dtype": "int64", "data": [1, 1, 31, 32]}, "gw_bands": 200, "gw_cutoff": 4, "w_conv_grid": [[200, 4, 0.547642], [300, 4, 0.553922], [300, 8, 0.675538], [300, 8, 0.675538], [300, 12, 0.701851], [300, 12, 0.701851], [300, 16, 0.707347], [300, 16, 0.707347], [400, 16, 0.714666], [400, 20, 0.716838], [400, 20, 0.716838]], "pwcutoff": 65, "w_conv_time": [13.509993314743042, 13.723697423934937, 16.023268938064575, 16.024853944778442, 23.54949402809143, 23.551321268081665, 36.01662993431091, 36.01835346221924, 43.12183451652527, 71.0603141784668, 71.0613431930542], "w_ngw": 7, "w_z_factor": [{"@module": "numpy", "@class": "array", "dtype": "float64", "data": [[31.0, 0.77, -0.173872], [32.0, 0.78, -0.172]]}, {"@module": "numpy", "@class": "array", "dtype": "float64", "data": [[31.0, 0.77, -0.171858], [32.0, 0.78, -0.169399]]}, {"@module": "numpy", "@class": "array", "dtype": "float64", "data": [[31.0, 0.77, -0.172521], [32.0, 0.78, -0.170125]]}, {"@module": "numpy", "@class": "array", "dtype": "float64", "data": [[31.0, 0.77, -0.172492], [32.0, 0.78, -0.17017]]}, {"@module": "numpy", "@class": "array", "dtype": "float64", "data": [[31.0, 0.77, -0.172464], [32.0, 0.78, -0.170174]]}, {"@module": "numpy", "@class": "array", "dtype": "float64", "data": [[31.0, 0.77, -0.172359], [32.0, 0.78, -0.1698]]}, {"@module": "numpy", "@class": "array", "dtype": "float64", "data": [[31.0, 0.77, -0.172364], [32.0, 0.78, -0.169852]]}], "gw_kppa": 880, "gw_kpt_grid": {"@module": "numpy", "@class": "array", "dtype": "int64", "data": [6, 6, 6]}, "conv_list": [[{"kppa": 0}, {"kpt_grid": "1x1x1"}, {"num_kpts": 1}, {"X_bnds": 400.0}, {"G_bnds": 400.0}, {"X_cutoff": 20.0}, {"gamma_gap": 0.716838}, {"num_gw_calc": 7}, {"wall_time": 486}, {"num_cores": 8}, {"z-factor": "None"}], [{"kppa": 0}, {"kpt_grid": "1x1x1"}, {"num_kpts": 1}, {"X_bnds": 200}, {"G_bnds": 200}, {"X_cutoff": 4}, {"gamma_gap": 8}, {"num_gw_calc": 1}, {"wall_time": 14}, {"num_cores": 8}, {"z-factor": "None"}], [{"kppa": 10}, {"kpt_grid": "2x2x2"}, {"num_kpts": 1}, {"X_bnds": 200}, {"G_bnds": 200}, {"X_cutoff": 4}, {"gamma_gap": 0.457556}, {"num_gw_calc": 2}, {"wall_time": 47}, {"num_cores": 8}, {"z-factor": {"@module": "numpy", "@class": "array", "dtype": "float64", "data": [[31.0, 0.78, -0.156215], [32.0, 0.8, -0.145435]]}}], [{"kppa": 190}, {"kpt_grid": "4x4x4"}, {"num_kpts": 1}, {"X_bnds": 200}, {"G_bnds": 200}, {"X_cutoff": 4}, {"gamma_gap": 0.49361603100000007}, {"num_gw_calc": 3}, {"wall_time": 532}, {"num_cores": 8}, {"z-factor": {"@module": "numpy", "@class": "array", "dtype": "float64", "data": [[31.0, 0.78, -0.157397], [32.0, 0.79, -0.147989]]}}], [{"kppa": 880}, {"kpt_grid": "6x6x6"}, {"num_kpts": 1}, {"X_bnds": 200}, {"G_bnds": 200}, {"X_cutoff": 4}, {"gamma_gap": 0.48910300000000007}, {"num_gw_calc": 4}, {"wall_time": 1098}, {"num_cores": 32}, {"z-factor": {"@module": "numpy", "@class": "array", "dtype": "float64", "data": [[31.0, 0.78, -0.159375], [32.0, 0.79, -0.150071]]}}]], "conv_time": 2160.373996257782}, "gw_band_range_pbe": [1, 38], "gw_conv_lda": {"gw_conv_thr": 0.025, "gw_bnd_start": 200, "gw_bnd_step": 100, "gw_cut_start": 4, "gw_cut_step": 4, "kpt_bnd_idx": {"@module": "numpy", "@class": "array", "dtype": "int64", "data": [1, 1, 51, 52]}, "gw_bands": 200, "gw_cutoff": 4, "w_conv_grid": [[200, 4, 0.9403790000000001], [300, 4, 0.934142], [300, 8, 1.025357], [300, 8, 1.025357], [300, 12, 1.048701], [300, 12, 1.048701], [400, 12, 1.0469870000000001], [400, 16, 1.053956], [400, 16, 1.053956]], "pwcutoff": 88, "w_conv_time": [13.709309101104736, 14.346503019332886, 17.45058584213257, 17.452649354934692, 25.19139337539673, 25.1929931640625, 28.948184490203857, 47.935646772384644, 47.937474966049194], "w_ngw": 6, "w_z_factor": [{"@module": "numpy", "@class": "array", "dtype": "float64", "data": [[51.0, 0.77, -0.174072], [52.0, 0.78, -0.17291]]}, {"@module": "numpy", "@class": "array", "dtype": "float64", "data": [[51.0, 0.78, -0.170593], [52.0, 0.78, -0.168814]]}, {"@module": "numpy", "@class": "array", "dtype": "float64", "data": [[51.0, 0.77, -0.171168], [52.0, 0.78, -0.169214]]}, {"@module": "numpy", "@class": "array", "dtype": "float64", "data": [[51.0, 0.77, -0.171497], [52.0, 0.78, -0.169214]]}, {"@module": "numpy", "@class": "array", "dtype": "float64", "data": [[51.0, 0.77, -0.169825], [52.0, 0.78, -0.168084]]}, {"@module": "numpy", "@class": "array", "dtype": "float64", "data": [[51.0, 0.77, -0.169807], [52.0, 0.78, -0.168091]]}], "gw_kppa": 880, "gw_kpt_grid": {"@module": "numpy", "@class": "array", "dtype": "int64", "data": [6, 6, 6]}, "conv_list": [[{"kppa": 0}, {"kpt_grid": "1x1x1"}, {"num_kpts": 1}, {"X_bnds": 400.0}, {"G_bnds": 400.0}, {"X_cutoff": 16.0}, {"gamma_gap": 1.053956}, {"num_gw_calc": 6}, {"wall_time": 660}, {"num_cores": 8}, {"z-factor": "None"}], [{"kppa": 0}, {"kpt_grid": "1x1x1"}, {"num_kpts": 1}, {"X_bnds": 200}, {"G_bnds": 200}, {"X_cutoff": 4}, {"gamma_gap": 8}, {"num_gw_calc": 1}, {"wall_time": 14}, {"num_cores": 8}, {"z-factor": "None"}], [{"kppa": 10}, {"kpt_grid": "2x2x2"}, {"num_kpts": 1}, {"X_bnds": 200}, {"G_bnds": 200}, {"X_cutoff": 4}, {"gamma_gap": 0.807781}, {"num_gw_calc": 2}, {"wall_time": 96}, {"num_cores": 8}, {"z-factor": {"@module": "numpy", "@class": "array", "dtype": "float64", "data": [[51.0, 0.78, -0.157721], [52.0, 0.8, -0.147689]]}}], [{"kppa": 190}, {"kpt_grid": "4x4x4"}, {"num_kpts": 1}, {"X_bnds": 200}, {"G_bnds": 200}, {"X_cutoff": 4}, {"gamma_gap": 0.8372919999999999}, {"num_gw_calc": 3}, {"wall_time": 1662}, {"num_cores": 8}, {"z-factor": {"@module": "numpy", "@class": "array", "dtype": "float64", "data": [[51.0, 0.78, -0.159472], [52.0, 0.79, -0.151163]]}}], [{"kppa": 880}, {"kpt_grid": "6x6x6"}, {"num_kpts": 1}, {"X_bnds": 200}, {"G_bnds": 200}, {"X_cutoff": 4}, {"gamma_gap": 0.820353}, {"num_gw_calc": 4}, {"wall_time": 3625}, {"num_cores": 32}, {"z-factor": {"@module": "numpy", "@class": "array", "dtype": "float64", "data": [[51.0, 0.78, -0.16299], [52.0, 0.79, -0.154591]]}}]], "conv_time": 6040.463623046875}, "gw_band_range_lda": [1, 58], "g0w0_ppa_pbe": {"gw_direct_gap": 0.622126, "kppa": 2410, "kpt_grid": "8x8x8", "num_kpt": 65, "bands_in X": 500, "bands_in_G": 500, "cutoff": 24,