{"@module": "pymatgen.entries.computed_entries", "@class": "ComputedEntry", "energy": 0.0, "composition": {"Cd": 1.0, "In": 2.0, "Se": 4.0}, "entry_id": "151953", "correction": 0.0, "energy_adjustments": [], "parameters": {"id": "151953", "name": "Cd(InSe2)2", "ibrav": {"celldm(1)": 10.988946440253628, "ibrav": 6, "celldm(3)": 0.9976440645904627}, "vol": 1323.8652819692059, "lda_pw_cutoff_Ry": 94, "qe_conv_pbe": {"qe_conv_maxiter": 20, "qe_delta_kppa": 1500, "qe_delta_cutoff": 5, "qe_conv_thresh": 0.0002572452777331299, "qe_conv_steps": [[60, 1500, -297.9795924950195], [65, 1500, -297.980247810909], [70, 1500, -297.9804921532841], [70, 3000, -297.9804996351253]], "qe_conv_time": 88.80698370933533}, "num_elec_pbe": 70.0, "max_mem": 111857.0, "qe_conv_lda": {"qe_conv_maxiter": 20, "qe_delta_kppa": 1500, "qe_delta_cutoff": 5, "qe_conv_thresh": 0.0002572452777331299, "qe_conv_steps": [[94, 1500, -792.5856031087936], [99, 1500, -792.5858165156566], [99, 3000, -792.5858278549589]], "qe_conv_time": 236.66352605819702}, "num_elec_lda": 110.0, "bg_conv_pbe": {"bg_conv_maxiter": 20, "bg_delta_kppa": 1500, "bg_delta_cutoff": 5, "bg_conv_thresh": 0.025, "bg_conv_steps": [[70, 3000, 0.9905480365437912], [70, 6000, 0.9905488197973698]], "bg_conv_time": 71.25878405570984}, "indirect_gap_pbe": 0.9905424753584545, "bg_conv_lda": {"bg_conv_maxiter": 20, "bg_delta_kppa": 1500, "bg_delta_cutoff": 5, "bg_conv_thresh": 0.025, "bg_conv_steps": [[99, 3000, 0.7721112649185863], [99, 6000, 0.7718501319721279]], "bg_conv_time": 243.30026531219482}, "indirect_gap_lda": 0.7721103264787773, "gw_conv_pbe": {"gw_conv_thr": 0.025, "gw_bnd_start": 200, "gw_bnd_step": 100, "gw_cut_start": 4, "gw_cut_step": 4, "kpt_bnd_idx": {"@module": "numpy", "@class": "array", "dtype": "int64", "data": [1, 1, 35, 36]}, "gw_bands": 200, "gw_cutoff": 4, "w_conv_grid": [[200, 4, 0.936102], [300, 4, 0.9498230000000001], [300, 8, 1.075383], [300, 8, 1.075383], [300, 12, 1.097094], [300, 12, 1.097094], [400, 12, 1.107862], [400, 16, 1.110676], [400, 16, 1.110676]], "pwcutoff": 70, "w_conv_time": [12.36159634590149, 12.815411806106567, 15.836237668991089, 15.838465690612793, 27.697001218795776, 27.699326992034912, 31.989115715026855, 54.126245975494385, 54.12783861160278], "w_ngw": 6, "w_z_factor": [{"@module": "numpy", "@class": "array", "dtype": "float64", "data": [[35.0, 0.79, -0.119006], [36.0, 0.8, -0.120975]]}, {"@module": "numpy", "@class": "array", "dtype": "float64", "data": [[35.0, 0.79, -0.140396], [36.0, 0.8, -0.135497]]}, {"@module": "numpy", "@class": "array", "dtype": "float64", "data": [[35.0, 0.78, -0.141328], [36.0, 0.8, -0.136465]]}, {"@module": "numpy", "@class": "array", "dtype": "float64", "data": [[35.0, 0.78, -0.141272], [36.0, 0.79, -0.136503]]}, {"@module": "numpy", "@class": "array", "dtype": "float64", "data": [[35.0, 0.78, -0.141023], [36.0, 0.79, -0.136031]]}, {"@module": "numpy", "@class": "array", "dtype": "float64", "data": [[35.0, 0.78, -0.141029], [36.0, 0.79, -0.13603]]}], "gw_kppa": 880, "gw_kpt_grid": {"@module": "numpy", "@class": "array", "dtype": "int64", "data": [6, 6, 6]}, "conv_list": [[{"kppa": 0}, {"kpt_grid": "1x1x1"}, {"num_kpts": 1}, {"X_bnds": 400.0}, {"G_bnds": 400.0}, {"X_cutoff": 16.0}, {"gamma_gap": 1.110676}, {"num_gw_calc": 6}, {"wall_time": 361}, {"num_cores": 8}, {"z-factor": "None"}], [{"kppa": 0}, {"kpt_grid": "1x1x1"}, {"num_kpts": 1}, {"X_bnds": 200}, {"G_bnds": 200}, {"X_cutoff": 4}, {"gamma_gap": 8}, {"num_gw_calc": 1}, {"wall_time": 13}, {"num_cores": 8}, {"z-factor": "None"}], [{"kppa": 10}, {"kpt_grid": "2x2x2"}, {"num_kpts": 1}, {"X_bnds": 200}, {"G_bnds": 200}, {"X_cutoff": 4}, {"gamma_gap": 1.326463}, {"num_gw_calc": 2}, {"wall_time": 50}, {"num_cores": 8}, {"z-factor": {"@module": "numpy", "@class": "array", "dtype": "float64", "data": [[35.0, 0.79, -0.145996], [36.0, 0.81, -0.139194]]}}], [{"kppa": 190}, {"kpt_grid": "4x4x4"}, {"num_kpts": 1}, {"X_bnds": 200}, {"G_bnds": 200}, {"X_cutoff": 4}, {"gamma_gap": 1.465814}, {"num_gw_calc": 3}, {"wall_time": 392}, {"num_cores": 8}, {"z-factor": {"@module": "numpy", "@class": "array", "dtype": "float64", "data": [[35.0, 0.8, -0.141525], [36.0, 0.81, -0.130887]]}}], [{"kppa": 880}, {"kpt_grid": "6x6x6"}, {"num_kpts": 1}, {"X_bnds": 200}, {"G_bnds": 200}, {"X_cutoff": 4}, {"gamma_gap": 1.4735019999999999}, {"num_gw_calc": 4}, {"wall_time": 726}, {"num_cores": 32}, {"z-factor": {"@module": "numpy", "@class": "array", "dtype": "float64", "data": [[35.0, 0.8, -0.141493], [36.0, 0.81, -0.130008]]}}]], "conv_time": 1526.9436333179474}, "gw_band_range_pbe": [1, 42], "gw_conv_lda": {"gw_conv_thr": 0.025, "gw_bnd_start": 200, "gw_bnd_step": 100, "gw_cut_start": 4, "gw_cut_step": 4, "kpt_bnd_idx": {"@module": "numpy", "@class": "array", "dtype": "int64", "data": [1, 1, 55, 56]}, "gw_bands": 200, "gw_cutoff": 4, "w_conv_grid": [[200, 4, 1.367285], [300, 4, 1.33463], [400, 4, 1.322659], [400, 8, 1.4225889999999999], [400, 8, 1.4225889999999999], [400, 12, 1.445076467], [400, 12, 1.445076467], [500, 12, 1.4467599999999998], [500, 16, 1.4529679999999998], [500, 16, 1.4529679999999998]], "pwcutoff": 99, "w_conv_time": [13.381555795669556, 14.359129428863525, 15.765316724777222, 21.227705001831055, 21.22929859161377, 38.794352293014526, 38.79587721824646, 39.780150413513184, 61.55166029930115, 61.5535089969635], "w_ngw": 7, "w_z_factor": [{"@module": "numpy", "@class": "array", "dtype": "float64", "data": [[55.0, 0.79, -0.139814], [56.0, 0.8, -0.135586]]}, {"@module": "numpy", "@class": "array", "dtype": "float64", "data": [[55.0, 0.79, -0.139677], [56.0, 0.8, -0.133518]]}, {"@module": "numpy", "@class": "array", "dtype": "float64", "data": [[55.0, 0.79, -0.185183], [56.0, 0.8, -0.153556]]}, {"@module": "numpy", "@class": "array", "dtype": "float64", "data": [[55.0, 0.79, -0.137923], [56.0, 0.8, -0.131522]]}, {"@module": "numpy", "@class": "array", "dtype": "float64", "data": [[55.0, 0.79, -0.138028], [56.0, 0.8, -0.131415]]}, {"@module": "numpy", "@class": "array", "dtype": "float64", "data": [[55.0, 0.79, -0.138031], [56.0, 0.8, -0.130848]]}, {"@module": "numpy", "@class": "array", "dtype": "float64", "data": [[55.0, 0.79, -0.137995], [56.0, 0.8, -0.130824]]}], "gw_kppa": 880, "gw_kpt_grid": {"@module": "numpy", "@class": "array", "dtype": "int64", "data": [6, 6, 6]}, "conv_list": [[{"kppa": 0}, {"kpt_grid": "1x1x1"}, {"num_kpts": 1}, {"X_bnds": 500.0}, {"G_bnds": 500.0}, {"X_cutoff": 16.0}, {"gamma_gap": 1.4529679999999998}, {"num_gw_calc": 7}, {"wall_time": 615}, {"num_cores": 8}, {"z-factor": "None"}], [{"kppa": 0}, {"kpt_grid": "1x1x1"}, {"num_kpts": 1}, {"X_bnds": 200}, {"G_bnds": 200}, {"X_cutoff": 4}, {"gamma_gap": 4}, {"num_gw_calc": 1}, {"wall_time": 14}, {"num_cores": 8}, {"z-factor": "None"}], [{"kppa": 10}, {"kpt_grid": "2x2x2"}, {"num_kpts": 1}, {"X_bnds": 200}, {"G_bnds": 200}, {"X_cutoff": 4}, {"gamma_gap": 1.6284589999999999}, {"num_gw_calc": 2}, {"wall_time": 141}, {"num_cores": 8}, {"z-factor": {"@module": "numpy", "@class": "array", "dtype": "float64", "data": [[55.0, 0.79, -0.15319], [56.0, 0.8, -0.143963]]}}], [{"kppa": 190}, {"kpt_grid": "4x4x4"}, {"num_kpts": 1}, {"X_bnds": 200}, {"G_bnds": 200}, {"X_cutoff": 4}, {"gamma_gap": 1.765678}, {"num_gw_calc": 3}, {"wall_time": 2017}, {"num_cores": 8}, {"z-factor": {"@module": "numpy", "@class": "array", "dtype": "float64", "data": [[55.0, 0.8, -0.14838], [56.0, 0.81, -0.135729]]}}], [{"kppa": 880}, {"kpt_grid": "6x6x6"}, {"num_kpts": 1}, {"X_bnds": 200}, {"G_bnds": 200}, {"X_cutoff": 4}, {"gamma_gap": 1.783774}, {"num_gw_calc": 4}, {"wall_time": 4600}, {"num_cores": 32}, {"z-factor": {"@module": "numpy", "@class": "array", "dtype": "float64", "data": [[55.0, 0.8, -0.146899], [56.0, 0.81, -0.1339]]}}]], "conv_time": 7371.515263795853}, "gw_band_range_lda": [1, 62], "g0w0_ppa_pbe": {"gw_direct_gap": 1.6235179999999998, "kppa": 2390, "kpt_grid": "6x6x8", "num_kpt": 50, "bands_in X": 500, "bands_in_G": 500, "cutoff": 20,