{"@module": "pymatgen.entries.computed_entries", "@class": "ComputedEntry", "energy": 0.0, "composition": {"Cd": 1.0, "In": 2.0, "Se": 4.0}, "entry_id": "151954", "correction": 0.0, "energy_adjustments": [], "parameters": {"id": "151954", "name": "Cd(InSe2)2", "ibrav": {"celldm(1)": 10.998395070922278, "ibrav": 7, "celldm(3)": 2.005463823645642}, "vol": 1334.0520790278708, "lda_pw_cutoff_Ry": 94, "qe_conv_pbe": {"qe_conv_maxiter": 20, "qe_delta_kppa": 1500, "qe_delta_cutoff": 5, "qe_conv_thresh": 0.0002572452777331299, "qe_conv_steps": [[60, 1500, -297.9840674620359], [65, 1500, -297.9847207926582], [70, 1500, -297.98496577335], [70, 3000, -297.9849747281029]], "qe_conv_time": 154.6362419128418}, "num_elec_pbe": 70.0, "max_mem": 540058.0, "qe_conv_lda": {"qe_conv_maxiter": 20, "qe_delta_kppa": 1500, "qe_delta_cutoff": 5, "qe_conv_thresh": 0.0002572452777331299, "qe_conv_steps": [[94, 1500, -792.5867510128459], [99, 1500, -792.5869651676402], [99, 3000, -792.5869792471946]], "qe_conv_time": 269.06772470474243}, "num_elec_lda": 110.0, "bg_conv_pbe": {"bg_conv_maxiter": 20, "bg_delta_kppa": 1500, "bg_delta_cutoff": 5, "bg_conv_thresh": 0.025, "bg_conv_steps": [[70, 3000, 0.9645848293973655], [70, 6000, 0.9645887265686602]], "bg_conv_time": 146.10111808776855}, "indirect_gap_pbe": 0.964582123565317, "bg_conv_lda": {"bg_conv_maxiter": 20, "bg_delta_kppa": 1500, "bg_delta_cutoff": 5, "bg_conv_thresh": 0.025, "bg_conv_steps": [[99, 3000, 0.7351372919248766], [99, 6000, 0.7351550724063759]], "bg_conv_time": 319.0708622932434}, "indirect_gap_lda": 0.7351346697011354, "gw_conv_pbe": {"gw_conv_thr": 0.025, "gw_bnd_start": 200, "gw_bnd_step": 100, "gw_cut_start": 4, "gw_cut_step": 4, "kpt_bnd_idx": {"@module": "numpy", "@class": "array", "dtype": "int64", "data": [1, 1, 35, 36]}, "gw_bands": 200, "gw_cutoff": 4, "w_conv_grid": [[200, 4, 0.8592029999999999], [300, 4, 0.846233], [300, 8, 0.963928], [300, 8, 0.963928], [300, 12, 0.986402], [300, 12, 0.986402], [400, 12, 1.000158], [400, 16, 1.004015], [400, 16, 1.004015]], "pwcutoff": 70, "w_conv_time": [13.402847290039062, 13.807211637496948, 16.184496641159058, 16.18603825569153, 24.450146436691284, 24.45230793952942, 27.856379508972168, 47.12535119056702, 47.1275372505188], "w_ngw": 6, "w_z_factor": [{"@module": "numpy", "@class": "array", "dtype": "float64", "data": [[35.0, 0.78, -0.150932], [36.0, 0.79, -0.148021]]}, {"@module": "numpy", "@class": "array", "dtype": "float64", "data": [[35.0, 0.78, -0.1491], [36.0, 0.79, -0.14562]]}, {"@module": "numpy", "@class": "array", "dtype": "float64", "data": [[35.0, 0.78, -0.150246], [36.0, 0.79, -0.146473]]}, {"@module": "numpy", "@class": "array", "dtype": "float64", "data": [[35.0, 0.78, -0.150404], [36.0, 0.79, -0.146534]]}, {"@module": "numpy", "@class": "array", "dtype": "float64", "data": [[35.0, 0.78, -0.149131], [36.0, 0.79, -0.145488]]}, {"@module": "numpy", "@class": "array", "dtype": "float64", "data": [[35.0, 0.78, -0.149123], [36.0, 0.79, -0.145485]]}], "gw_kppa": 880, "gw_kpt_grid": {"@module": "numpy", "@class": "array", "dtype": "int64", "data": [6, 6, 6]}, "conv_list": [[{"kppa": 0}, {"kpt_grid": "1x1x1"}, {"num_kpts": 1}, {"X_bnds": 400.0}, {"G_bnds": 400.0}, {"X_cutoff": 16.0}, {"gamma_gap": 1.004015}, {"num_gw_calc": 6}, {"wall_time": 396}, {"num_cores": 8}, {"z-factor": "None"}], [{"kppa": 0}, {"kpt_grid": "1x1x1"}, {"num_kpts": 1}, {"X_bnds": 200}, {"G_bnds": 200}, {"X_cutoff": 4}, {"gamma_gap": 8}, {"num_gw_calc": 1}, {"wall_time": 14}, {"num_cores": 8}, {"z-factor": "None"}], [{"kppa": 10}, {"kpt_grid": "2x2x2"}, {"num_kpts": 1}, {"X_bnds": 200}, {"G_bnds": 200}, {"X_cutoff": 4}, {"gamma_gap": 1.2565870000000001}, {"num_gw_calc": 2}, {"wall_time": 76}, {"num_cores": 8}, {"z-factor": {"@module": "numpy", "@class": "array", "dtype": "float64", "data": [[35.0, 0.79, -0.149544], [36.0, 0.8, -0.142649]]}}], [{"kppa": 190}, {"kpt_grid": "4x4x4"}, {"num_kpts": 1}, {"X_bnds": 200}, {"G_bnds": 200}, {"X_cutoff": 4}, {"gamma_gap": 1.391304}, {"num_gw_calc": 3}, {"wall_time": 896}, {"num_cores": 8}, {"z-factor": {"@module": "numpy", "@class": "array", "dtype": "float64", "data": [[35.0, 0.8, -0.143084], [36.0, 0.81, -0.133232]]}}], [{"kppa": 880}, {"kpt_grid": "6x6x6"}, {"num_kpts": 1}, {"X_bnds": 200}, {"G_bnds": 200}, {"X_cutoff": 4}, {"gamma_gap": 1.398371}, {"num_gw_calc": 4}, {"wall_time": 2019}, {"num_cores": 32}, {"z-factor": {"@module": "numpy", "@class": "array", "dtype": "float64", "data": [[35.0, 0.8, -0.142888], [36.0, 0.81, -0.13218]]}}]], "conv_time": 3385.583913087845}, "gw_band_range_pbe": [1, 42], "gw_conv_lda": {"gw_conv_thr": 0.025, "gw_bnd_start": 200, "gw_bnd_step": 100, "gw_cut_start": 4, "gw_cut_step": 4, "kpt_bnd_idx": {"@module": "numpy", "@class": "array", "dtype": "int64", "data": [1, 1, 55, 56]}, "gw_bands": 200, "gw_cutoff": 4, "w_conv_grid": [[200, 4, 1.2457129999999998], [300, 4, 1.217388], [400, 4, 1.206794], [400, 8, 1.296488], [400, 8, 1.296488], [400, 12, 1.31826], [400, 12, 1.31826], [500, 12, 1.319613], [500, 16, 1.327046], [500, 16, 1.327046]], "pwcutoff": 99, "w_conv_time": [14.183056354522705, 15.33366584777832, 16.644132137298584, 19.68253493309021, 19.68417763710022, 32.68872618675232, 32.69023275375366, 36.82912993431091, 62.83079814910889, 62.83238387107849], "w_ngw": 7, "w_z_factor": [{"@module": "numpy", "@class": "array", "dtype": "float64", "data": [[55.0, 0.79, -0.148063], [56.0, 0.79, -0.144108]]}, {"@module": "numpy", "@class": "array", "dtype": "float64", "data": [[55.0, 0.79, -0.143444], [56.0, 0.79, -0.140409]]}, {"@module": "numpy", "@class": "array", "dtype": "float64", "data": [[55.0, 0.79, -0.142], [56.0, 0.8, -0.139993]]}, {"@module": "numpy", "@class": "array", "dtype": "float64", "data": [[55.0, 0.78, -0.14429], [56.0, 0.79, -0.140098]]}, {"@module": "numpy", "@class": "array", "dtype": "float64", "data": [[55.0, 0.78, -0.153436], [56.0, 0.79, -0.140425]]}, {"@module": "numpy", "@class": "array", "dtype": "float64", "data": [[55.0, 0.78, -0.149437], [56.0, 0.79, -0.139704]]}, {"@module": "numpy", "@class": "array", "dtype": "float64", "data": [[55.0, 0.78, -0.149279], [56.0, 0.79, -0.139694]]}], "gw_kppa": 880, "gw_kpt_grid": {"@module": "numpy", "@class": "array", "dtype": "int64", "data": [6, 6, 6]}, "conv_list": [[{"kppa": 0}, {"kpt_grid": "1x1x1"}, {"num_kpts": 1}, {"X_bnds": 500.0}, {"G_bnds": 500.0}, {"X_cutoff": 16.0}, {"gamma_gap": 1.327046}, {"num_gw_calc": 7}, {"wall_time": 782}, {"num_cores": 8}, {"z-factor": "None"}], [{"kppa": 0}, {"kpt_grid": "1x1x1"}, {"num_kpts": 1}, {"X_bnds": 200}, {"G_bnds": 200}, {"X_cutoff": 4}, {"gamma_gap": 4}, {"num_gw_calc": 1}, {"wall_time": 15}, {"num_cores": 8}, {"z-factor": "None"}], [{"kppa": 10}, {"kpt_grid": "2x2x2"}, {"num_kpts": 1}, {"X_bnds": 200}, {"G_bnds": 200}, {"X_cutoff": 4}, {"gamma_gap": 1.578767}, {"num_gw_calc": 2}, {"wall_time": 120}, {"num_cores": 8}, {"z-factor": {"@module": "numpy", "@class": "array", "dtype": "float64", "data": [[55.0, 0.79, -0.15523], [56.0, 0.8, -0.147035]]}}], [{"kppa": 190}, {"kpt_grid": "4x4x4"}, {"num_kpts": 1}, {"X_bnds": 200}, {"G_bnds": 200}, {"X_cutoff": 4}, {"gamma_gap": 1.711061}, {"num_gw_calc": 3}, {"wall_time": 2151}, {"num_cores": 8}, {"z-factor": {"@module": "numpy", "@class": "array", "dtype": "float64", "data": [[55.0, 0.79, -0.149207], [56.0, 0.81, -0.138028]]}}], [{"kppa": 880}, {"kpt_grid": "6x6x6"}, {"num_kpts": 1}, {"X_bnds": 200}, {"G_bnds": 200}, {"X_cutoff": 4}, {"gamma_gap": 1.730415}, {"num_gw_calc": 4}, {"wall_time": 5074}, {"num_cores": 32}, {"z-factor": {"@module": "numpy", "@class": "array", "dtype": "float64", "data": [[55.0, 0.79, -0.147892], [56.0, 0.81, -0.136016]]}}]], "conv_time": 8124.220511436462}, "gw_band_range_lda": [1, 62], "g0w0_ppa_pbe": {"gw_direct_gap": 1.5470110000000001, "kppa": 2410, "kpt_grid": "8x8x8", "num_kpt": 78, "bands_in X": 500, "bands_in_G": 500, "cutoff": 20, "z_factor": [[35.0, 0.79, -0.00140017], [36.0, 0.81, -0.00128586]], "scissor": 0.582426,