{"@module": "pymatgen.entries.computed_entries", "@class": "ComputedEntry", "energy": 0.0, "composition": {"Sr": 3.0, "Sb": 1.0, "N": 1.0}, "entry_id": "152052", "correction": 0.0, "energy_adjustments": [], "parameters": {"id": "152052", "name": "Sr3SbN", "ibrav": {"celldm(1)": 9.774608426718697, "ibrav": 1}, "vol": 933.895118656046, "lda_pw_cutoff_Ry": 72, "qe_conv_pbe": {"qe_conv_maxiter": 20, "qe_delta_kppa": 1500, "qe_delta_cutoff": 5, "qe_conv_thresh": 0.00018374662695223566, "qe_conv_steps": [[60, 1500, -174.0612130804747], [65, 1500, -174.0626616992007], [70, 1500, -174.0632842968366], [75, 1500, -174.0635310940625], [80, 1500, -174.0636222016005], [80, 3000, -174.0636840803072]], "qe_conv_time": 48.361512660980225}, "num_elec_pbe": 50.0, "max_mem": 75508.0, "qe_conv_lda": {"qe_conv_maxiter": 20, "qe_delta_kppa": 1500, "qe_delta_cutoff": 5, "qe_conv_thresh": 0.00018374662695223566, "qe_conv_steps": [[72, 1500, -204.0870222932912], [77, 1500, -204.0877078833017], [82, 1500, -204.0878387676965], [82, 3000, -204.0879091964969]], "qe_conv_time": 33.732118129730225}, "num_elec_lda": 50.0, "bg_conv_pbe": {"bg_conv_maxiter": 20, "bg_delta_kppa": 1500, "bg_delta_cutoff": 5, "bg_conv_thresh": 0.025, "bg_conv_steps": [[80, 3000, 0.24645161764672305], [80, 4500, 0.2462317414401276]], "bg_conv_time": 24.31468415260315}, "indirect_gap_pbe": 0.24642051505686194, "bg_conv_lda": {"bg_conv_maxiter": 20, "bg_delta_kppa": 1500, "bg_delta_cutoff": 5, "bg_conv_thresh": 0.025, "bg_conv_steps": [[82, 3000, 0.2265083442010639], [82, 4500, 0.22636901083621422]], "bg_conv_time": 22.60767960548401}, "indirect_gap_lda": 0.22655037225602867, "gw_conv_pbe": {"gw_conv_thr": 0.025, "gw_bnd_start": 200, "gw_bnd_step": 100, "gw_cut_start": 4, "gw_cut_step": 4, "kpt_bnd_idx": {"@module": "numpy", "@class": "array", "dtype": "int64", "data": [1, 1, 25, 26]}, "gw_bands": 200, "gw_cutoff": 4, "w_conv_grid": [[200, 4, 0.08817000000000003], [300, 4, 0.09330300000000002], [300, 8, 0.246187], [300, 8, 0.246187], [300, 12, 0.309305], [300, 12, 0.309305], [300, 16, 0.3288730000000001], [300, 16, 0.3288730000000001], [400, 16, 0.364198], [500, 16, 0.379126], [500, 20, 0.39292], [500, 20, 0.39292], [600, 20, 0.40481], [600, 24, 0.41446600000000006], [600, 24, 0.41446600000000006]], "pwcutoff": 80, "w_conv_time": [12.117846965789795, 12.68250060081482, 13.41630482673645, 13.41713571548462, 16.217407703399658, 16.218987226486206, 19.962892055511475, 19.96478843688965, 21.720337867736816, 22.878961324691772, 32.26947474479675, 32.271498680114746, 35.00647854804993, 54.72810363769531, 54.73006772994995], "w_ngw": 10, "w_z_factor": [{"@module": "numpy", "@class": "array", "dtype": "float64", "data": [[25.0, 0.77, -0.143096], [26.0, 0.83, -0.965228]]}, {"@module": "numpy", "@class": "array", "dtype": "float64", "data": [[26.0, 0.83, -0.92522]]}, {"@module": "numpy", "@class": "array", "dtype": "float64", "data": [[25.0, 0.75, -0.401915], [26.0, 0.84, -0.326119]]}, {"@module": "numpy", "@class": "array", "dtype": "float64", "data": [[25.0, 0.75, -0.377813], [26.0, 0.84, -0.39588]]}, {"@module": "numpy", "@class": "array", "dtype": "float64", "data": [[25.0, 0.75, -0.389808], [26.0, 0.84, -0.36083]]}, {"@module": "numpy", "@class": "array", "dtype": "float64", "data": [[25.0, 0.77, -0.144643], [26.0, 0.83, -0.965858]]}, {"@module": "numpy", "@class": "array", "dtype": "float64", "data": [[25.0, 0.77, -0.138428], [26.0, 0.83, -0.956286]]}, {"@module": "numpy", "@class": "array", "dtype": "float64", "data": [[25.0, 0.77, -0.139841], [26.0, 0.83, -0.956612]]}, {"@module": "numpy", "@class": "array", "dtype": "float64", "data": [[25.0, 0.76, -0.173009], [26.0, 0.83, -0.945699]]}, {"@module": "numpy", "@class": "array", "dtype": "float64", "data": [[25.0, 0.76, -0.189811], [26.0, 0.83, -0.937955]]}], "gw_kppa": 1720, "gw_kpt_grid": {"@module": "numpy", "@class": "array", "dtype": "int64", "data": [8, 8, 8]}, "conv_list": [[{"kppa": 0}, {"kpt_grid": "1x1x1"}, {"num_kpts": 1}, {"X_bnds": 600.0}, {"G_bnds": 600.0}, {"X_cutoff": 24.0}, {"gamma_gap": 0.41446600000000006}, {"num_gw_calc": 10}, {"wall_time": 346}, {"num_cores": 8}, {"z-factor": "None"}], [{"kppa": 0}, {"kpt_grid": "1x1x1"}, {"num_kpts": 1}, {"X_bnds": 200}, {"G_bnds": 200}, {"X_cutoff": 4}, {"gamma_gap": 8}, {"num_gw_calc": 1}, {"wall_time": 13}, {"num_cores": 8}, {"z-factor": "None"}], [{"kppa": 10}, {"kpt_grid": "2x2x2"}, {"num_kpts": 1}, {"X_bnds": 200}, {"G_bnds": 200}, {"X_cutoff": 4}, {"gamma_gap": 0.366208}, {"num_gw_calc": 2}, {"wall_time": 33}, {"num_cores": 8}, {"z-factor": {"@module": "numpy", "@class": "array", "dtype": "float64", "data": [[25.0, 0.76, -0.18433], [26.0, 0.81, -0.141572]]}}], [{"kppa": 140}, {"kpt_grid": "4x4x4"}, {"num_kpts": 1}, {"X_bnds": 200}, {"G_bnds": 200}, {"X_cutoff": 4}, {"gamma_gap": 0.456712}, {"num_gw_calc": 3}, {"wall_time": 165}, {"num_cores": 8}, {"z-factor": {"@module": "numpy", "@class": "array", "dtype": "float64", "data": [[25.0, 0.76, -0.181258], [26.0, 0.81, -0.142596]]}}], [{"kppa": 630}, {"kpt_grid": "6x6x6"}, {"num_kpts": 1}, {"X_bnds": 200}, {"G_bnds": 200}, {"X_cutoff": 4}, {"gamma_gap": 0.490235}, {"num_gw_calc": 4}, {"wall_time": 243}, {"num_cores": 32}, {"z-factor": {"@module": "numpy", "@class": "array", "dtype": "float64", "data": [[25.0, 0.76, -0.175421], [26.0, 0.81, -0.14011]]}}], [{"kppa": 1720}, {"kpt_grid": "8x8x8"}, {"num_kpts": 1}, {"X_bnds": 200}, {"G_bnds": 200}, {"X_cutoff": 4}, {"gamma_gap": 0.503888}, {"num_gw_calc": 5}, {"wall_time": 965}, {"num_cores": 32}, {"z-factor": {"@module": "numpy", "@class": "array", "dtype": "float64", "data": [[25.0, 0.76, -0.175765], [26.0, 0.81, -0.139135]]}}]], "conv_time": 1749.9392714500427}, "gw_band_range_pbe": [1, 32], "gw_conv_lda": {"gw_conv_thr": 0.025, "gw_bnd_start": 200, "gw_bnd_step": 100, "gw_cut_start": 4, "gw_cut_step": 4, "kpt_bnd_idx": {"@module": "numpy", "@class": "array", "dtype": "int64", "data": [1, 1, 25, 26]}, "gw_bands": 200, "gw_cutoff": 4, "w_conv_grid": [[200, 4, 0.432389], [300, 4, 0.43967999999999996], [300, 8, 0.6020019999999999], [300, 8, 0.6020019999999999], [300, 12, 0.66072], [300, 12, 0.66072], [300, 16, 0.6792860000000001], [300, 16, 0.6792860000000001], [400, 16, 0.703982], [400, 20, 0.715387], [400, 20, 0.715387], [500, 20, 0.733491], [500, 24, 0.742095], [500, 24, 0.742095], [600, 24, 0.755316], [600, 28, 0.759698], [600, 28, 0.759698]], "pwcutoff": 82, "w_conv_time": [12.251858711242676, 12.633678913116455, 13.517080068588257, 13.518565654754639, 16.24246597290039, 16.24379801750183, 19.545748472213745, 19.54781484603882, 21.471996068954468, 29.10059881210327, 29.102133989334106, 32.24713397026062, 49.510517597198486, 49.5117871761322, 54.97769260406494, 75.22215437889099, 75.2241063117981], "w_ngw": 11, "w_z_factor": [{"@module": "numpy", "@class": "array", "dtype": "float64", "data": [[25.0, 0.77, -0.156442], [26.0, 0.83, -0.96001]]}, {"@module": "numpy", "@class": "array", "dtype": "float64", "data": [[25.0, 0.77, -0.149972], [26.0, 0.83, -0.949754]]}, {"@module": "numpy", "@class": "array", "dtype": "float64", "data": [[25.0, 0.76, -0.161655], [26.0, 0.83, -0.961166]]}, {"@module": "numpy", "@class": "array", "dtype": "float64", "data": [[25.0, 0.76, -0.135129], [26.0, 0.83, -0.10022]]}, {"@module": "numpy", "@class": "array", "dtype": "float64", "data": [[25.0, 0.76, -0.135165], [26.0, 0.83, -0.968975]]}, {"@module": "numpy", "@class": "array", "dtype": "float64", "data": [[25.0, 0.76, -0.159261], [26.0, 0.83, -0.947382]]}, {"@module": "numpy", "@class": "array", "dtype": "float64", "data": [[25.0, 0.76, -0.155563], [26.0, 0.83, -0.946443]]}, {"@module": "numpy", "@class": "array", "dtype": "float64", "data": [[25.0, 0.76, -0.170809], [26.0, 0.83, -0.938738]]}, {"@module": "numpy", "@class": "array", "dtype": "float64", "data": [[25.0, 0.76, -0.18112], [26.0, 0.83, -0.935514]]}, {"@module": "numpy", "@class": "array", "dtype": "float64",