{"@module": "pymatgen.entries.computed_entries", "@class": "ComputedEntry", "energy": 0.0, "composition": {"Sr": 3.0, "Bi": 1.0, "N": 1.0}, "entry_id": "152053", "correction": 0.0, "energy_adjustments": [], "parameters": {"id": "152053", "name": "Sr3BiN", "ibrav": {"celldm(1)": 9.839633902980346, "ibrav": 1}, "vol": 952.6575652656703, "lda_pw_cutoff_Ry": 72, "qe_conv_pbe": {"qe_conv_maxiter": 20, "qe_delta_kppa": 1500, "qe_delta_cutoff": 5, "qe_conv_thresh": 0.00018374662695223566, "qe_conv_steps": [[60, 1500, -171.4706030182449], [65, 1500, -171.4720425502897], [70, 1500, -171.4726682675779], [75, 1500, -171.472920196468], [80, 1500, -171.4730010840217], [80, 3000, -171.4731009298382]], "qe_conv_time": 48.539320945739746}, "num_elec_pbe": 50.0, "max_mem": 97060.0, "qe_conv_lda": {"qe_conv_maxiter": 20, "qe_delta_kppa": 1500, "qe_delta_cutoff": 5, "qe_conv_thresh": 0.00018374662695223566, "qe_conv_steps": [[72, 1500, -195.2610246618385], [77, 1500, -195.26116297288], [77, 3000, -195.2612711146049]], "qe_conv_time": 25.73144841194153}, "num_elec_lda": 50.0, "bg_conv_pbe": {"bg_conv_maxiter": 20, "bg_delta_kppa": 1500, "bg_delta_cutoff": 5, "bg_conv_thresh": 0.025, "bg_conv_steps": [[80, 3000, 0.24724460033725232], [80, 4500, 0.24714844754858453]], "bg_conv_time": 23.098469495773315}, "indirect_gap_pbe": 0.24724704059715383, "bg_conv_lda": {"bg_conv_maxiter": 20, "bg_delta_kppa": 1500, "bg_delta_cutoff": 5, "bg_conv_thresh": 0.025, "bg_conv_steps": [[77, 3000, 0.23312116838648658], [77, 4500, 0.2331632495924677]], "bg_conv_time": 21.50201940536499}, "indirect_gap_lda": 0.23317013347874913, "gw_conv_pbe": {"gw_conv_thr": 0.025, "gw_bnd_start": 200, "gw_bnd_step": 100, "gw_cut_start": 4, "gw_cut_step": 4, "kpt_bnd_idx": {"@module": "numpy", "@class": "array", "dtype": "int64", "data": [1, 1, 25, 26]}, "gw_bands": 200, "gw_cutoff": 4, "w_conv_grid": [[200, 4, 0.07008299999999995], [300, 4, 0.06592899999999996], [300, 8, 0.2306330000000001], [300, 8, 0.2306330000000001], [300, 12, 0.28857], [300, 12, 0.28857], [300, 16, 0.30748999999999993], [300, 16, 0.30748999999999993], [400, 16, 0.33022799999999985], [400, 20, 0.34442099999999987], [400, 20, 0.34442099999999987], [500, 20, 0.363707], [500, 24, 0.37107], [500, 24, 0.37107], [600, 24, 0.3837360000000001], [600, 28, 0.38900099999999993], [600, 28, 0.38900099999999993]], "pwcutoff": 80, "w_conv_time": [13.686636447906494, 14.373297691345215, 13.931947469711304, 13.933475732803345, 16.68074893951416, 16.682537078857422, 21.453891277313232, 21.45537567138672, 24.021045923233032, 32.42538404464722, 32.4268057346344, 38.14898490905762, 56.09036707878113, 56.091705560684204, 58.76373481750488, 90.60259103775024, 90.60339331626892], "w_ngw": 11, "w_z_factor": [{"@module": "numpy", "@class": "array", "dtype": "float64", "data": [[25.0, 0.8, -0.893356], [26.0, 0.84, -0.942215]]}, {"@module": "numpy", "@class": "array", "dtype": "float64", "data": [[25.0, 0.8, -0.793979], [26.0, 0.84, -0.945963]]}, {"@module": "numpy", "@class": "array", "dtype": "float64", "data": [[25.0, 0.79, -0.105081], [26.0, 0.84, -0.951652]]}, {"@module": "numpy", "@class": "array", "dtype": "float64", "data": [[25.0, 0.79, -0.110665], [26.0, 0.84, -0.949756]]}, {"@module": "numpy", "@class": "array", "dtype": "float64", "data": [[25.0, 0.79, -0.110354], [26.0, 0.84, -0.95226]]}, {"@module": "numpy", "@class": "array", "dtype": "float64", "data": [[25.0, 0.79, -0.488826], [26.0, 0.84, -0.708786]]}, {"@module": "numpy", "@class": "array", "dtype": "float64", "data": [[25.0, 0.79, -0.388243], [26.0, 0.84, -0.680416]]}, {"@module": "numpy", "@class": "array", "dtype": "float64", "data": [[25.0, 0.79, -0.879905], [26.0, 0.84, -0.879833]]}, {"@module": "numpy", "@class": "array", "dtype": "float64", "data": [[25.0, 0.79, -0.893688], [26.0, 0.84, -0.874892]]}, {"@module": "numpy", "@class": "array", "dtype": "float64", "data": [[25.0, 0.79, -0.776635], [26.0, 0.84, -0.897136]]}, {"@module": "numpy", "@class": "array", "dtype": "float64", "data": [[25.0, 0.79, -0.779553], [26.0, 0.84, -0.896469]]}], "gw_kppa": 630, "gw_kpt_grid": {"@module": "numpy", "@class": "array", "dtype": "int64", "data": [6, 6, 6]}, "conv_list": [[{"kppa": 0}, {"kpt_grid": "1x1x1"}, {"num_kpts": 1}, {"X_bnds": 600.0}, {"G_bnds": 600.0}, {"X_cutoff": 28.0}, {"gamma_gap": 0.38900099999999993}, {"num_gw_calc": 11}, {"wall_time": 488}, {"num_cores": 8}, {"z-factor": "None"}], [{"kppa": 0}, {"kpt_grid": "1x1x1"}, {"num_kpts": 1}, {"X_bnds": 200}, {"G_bnds": 200}, {"X_cutoff": 4}, {"gamma_gap": 8}, {"num_gw_calc": 1}, {"wall_time": 14}, {"num_cores": 8}, {"z-factor": "None"}], [{"kppa": 10}, {"kpt_grid": "2x2x2"}, {"num_kpts": 1}, {"X_bnds": 200}, {"G_bnds": 200}, {"X_cutoff": 4}, {"gamma_gap": 0.40916700000000006}, {"num_gw_calc": 2}, {"wall_time": 35}, {"num_cores": 8}, {"z-factor": {"@module": "numpy", "@class": "array", "dtype": "float64", "data": [[25.0, 0.77, -0.167179], [26.0, 0.81, -0.133601]]}}], [{"kppa": 140}, {"kpt_grid": "4x4x4"}, {"num_kpts": 1}, {"X_bnds": 200}, {"G_bnds": 200}, {"X_cutoff": 4}, {"gamma_gap": 0.46468199999999993}, {"num_gw_calc": 3}, {"wall_time": 174}, {"num_cores": 8}, {"z-factor": {"@module": "numpy", "@class": "array", "dtype": "float64", "data": [[25.0, 0.77, -0.172041], [26.0, 0.81, -0.14219]]}}], [{"kppa": 630}, {"kpt_grid": "6x6x6"}, {"num_kpts": 1}, {"X_bnds": 200}, {"G_bnds": 200}, {"X_cutoff": 4}, {"gamma_gap": 0.487706}, {"num_gw_calc": 4}, {"wall_time": 258}, {"num_cores": 32}, {"z-factor": {"@module": "numpy", "@class": "array", "dtype": "float64", "data": [[25.0, 0.77, -0.171392], [26.0, 0.81, -0.140379]]}}]], "conv_time": 952.7379853725433}, "gw_band_range_pbe": [1, 32], "gw_conv_lda": {"gw_conv_thr": 0.025, "gw_bnd_start": 200, "gw_bnd_step": 100, "gw_cut_start": 4, "gw_cut_step": 4, "kpt_bnd_idx": {"@module": "numpy", "@class": "array", "dtype": "int64", "data": [1, 1, 25, 26]}, "gw_bands": 200, "gw_cutoff": 4, "w_conv_grid": [[200, 4, 0.385873897], [300, 4, 0.385647], [300, 8, 0.552194], [300, 8, 0.552194], [300, 12, 0.609855], [300, 12, 0.609855], [300, 16, 0.627801], [300, 16, 0.627801], [400, 16, 0.6481680000000001], [400, 20, 0.660414], [400, 20, 0.660414], [500, 20, 0.6654100000000001], [500, 24, 0.672215], [500, 24, 0.672215]], "pwcutoff": 77, "w_conv_time": [12.263676166534424, 13.994105577468872, 14.788896322250366, 14.790428638458252, 16.36553120613098, 16.367442846298218, 19.999847412109375, 20.001436948776245, 22.429560661315918, 32.43588876724243, 32.43704676628113, 39.08024287223816, 52.00456881523132, 52.00642490386963], "w_ngw": 9, "w_z_factor": [{"@module": "numpy", "@class": "array", "dtype": "float64", "data": [[25.0, 0.79, -0.134188], [26.0, 0.84, -0.862772]]}, {"@module": "numpy", "@class": "array", "dtype": "float64", "data": [[25.0, 0.79, -0.160404], [26.0, 0.84, -0.748031]]}, {"@module": "numpy", "@class": "array", "dtype": "float64", "data": [[25.0, 0.78, -0.164762], [26.0, 0.84, -0.734239]]}, {"@module": "numpy", "@class": "array", "dtype": "float64", "data": [[25.0, 0.78, -0.173395], [26.0, 0.84, -0.73761]]}, {"@module": "numpy", "@class": "array", "dtype": "float64", "data": [[25.0, 0.77, -0.16905], [26.0, 0.84, -0.737198]]}, {"@module": "numpy", "@class": "array", "dtype": "float64", "data": [[25.0, 0.77, -0.207277], [26.0, 0.84, -0.632139]]}, {"@module": "numpy", "@class": "array", "dtype": "float64", "data": [[25.0, 0.77, -0.21484], [26.0, 0.84, -0.625085]]}, {"@module": "numpy", "@class": "array", "dtype": "float64", "data": [[25.0, 0.76, -0.891044]]}, {"@module": "numpy", "@class": "array", "dtype": "float64", "data": [[25.0, 0.76, -0.811791]]}], "gw_kppa": 140, "gw_kpt_grid": {"@module": "numpy", "@class": "array", "dtype": "int64", "data": [4, 4, 4]},