{"@module": "pymatgen.entries.computed_entries", "@class": "ComputedEntry", "energy": 0.0, "composition": {"Cd": 2.0, "S": 2.0}, "entry_id": "154186", "correction": 0.0, "energy_adjustments": [], "parameters": {"id": "154186", "name": "CdS", "ibrav": {"celldm(1)": 7.816852152174361, "ibrav": 4, "celldm(3)": 1.62359482654418}, "vol": 671.589633553616, "lda_pw_cutoff_Ry": 94, "qe_conv_pbe": {"qe_conv_maxiter": 20, "qe_delta_kppa": 1500, "qe_delta_cutoff": 5, "qe_conv_thresh": 0.00014699730156178854, "qe_conv_steps": [[60, 1500, -331.4170586002723], [65, 1500, -331.4171398528098], [65, 3000, -331.4171475965472]], "qe_conv_time": 49.29658532142639}, "num_elec_pbe": 52.0, "max_mem": 79066.0, "qe_conv_lda": {"qe_conv_maxiter": 20, "qe_delta_kppa": 1500, "qe_delta_cutoff": 5, "qe_conv_thresh": 0.00014699730156178854, "qe_conv_steps": [[94, 1500, -372.7594118690948], [99, 1500, -372.759795063205], [104, 1500, -372.7598975936719], [104, 3000, -372.7599091867908]], "qe_conv_time": 70.40461254119873}, "num_elec_lda": 52.0, "bg_conv_pbe": {"bg_conv_maxiter": 20, "bg_delta_kppa": 1500, "bg_delta_cutoff": 5, "bg_conv_thresh": 0.025, "bg_conv_steps": [[65, 3000, 1.2238159557407728], [65, 4500, 1.2238347422606026]], "bg_conv_time": 46.733774185180664}, "indirect_gap_pbe": 1.2238152252249275, "bg_conv_lda": {"bg_conv_maxiter": 20, "bg_delta_kppa": 1500, "bg_delta_cutoff": 5, "bg_conv_thresh": 0.025, "bg_conv_steps": [[104, 3000, 0.9340612131856617], [104, 4500, 0.9341142336156916]], "bg_conv_time": 53.12919473648071}, "indirect_gap_lda": 0.9340615560927971, "gw_conv_pbe": {"gw_conv_thr": 0.025, "gw_bnd_start": 200, "gw_bnd_step": 100, "gw_cut_start": 4, "gw_cut_step": 4, "kpt_bnd_idx": {"@module": "numpy", "@class": "array", "dtype": "int64", "data": [1, 1, 26, 27]}, "gw_bands": 200, "gw_cutoff": 4, "w_conv_grid": [[200, 4, 1.244571], [300, 4, 1.237628], [300, 8, 1.426961], [300, 8, 1.426961], [300, 12, 1.4570790000000002], [300, 12, 1.4570790000000002], [300, 16, 1.478919], [300, 16, 1.478919], [400, 16, 1.4880829999999998], [400, 20, 1.506233], [400, 20, 1.506233], [500, 20, 1.5119280000000002], [500, 24, 1.5223200000000001], [500, 24, 1.5223200000000001]], "pwcutoff": 65, "w_conv_time": [14.22952151298523, 13.916617631912231, 15.299224138259888, 15.300018548965454, 15.378643035888672, 15.382346391677856, 19.311084270477295, 19.31466579437256, 21.22089672088623, 26.9814236164093, 26.98284363746643, 29.405417919158936, 40.72588753700256, 40.72734999656677], "w_ngw": 9, "w_z_factor": [{"@module": "numpy", "@class": "array", "dtype": "float64", "data": [[26.0, 0.78, -0.129654], [27.0, 0.81, -0.119476]]}, {"@module": "numpy", "@class": "array", "dtype": "float64", "data": [[26.0, 0.78, -0.127805], [27.0, 0.81, -0.118411]]}, {"@module": "numpy", "@class": "array", "dtype": "float64", "data": [[26.0, 0.78, -0.130674], [27.0, 0.8, -0.119693]]}, {"@module": "numpy", "@class": "array", "dtype": "float64", "data": [[26.0, 0.78, -0.130568], [27.0, 0.8, -0.119714]]}, {"@module": "numpy", "@class": "array", "dtype": "float64", "data": [[26.0, 0.78, -0.130648], [27.0, 0.8, -0.119753]]}, {"@module": "numpy", "@class": "array", "dtype": "float64", "data": [[26.0, 0.78, -0.130385], [27.0, 0.8, -0.119505]]}, {"@module": "numpy", "@class": "array", "dtype": "float64", "data": [[26.0, 0.78, -0.130417], [27.0, 0.8, -0.119533]]}, {"@module": "numpy", "@class": "array", "dtype": "float64", "data": [[26.0, 0.78, -0.129901], [27.0, 0.8, -0.119519]]}, {"@module": "numpy", "@class": "array", "dtype": "float64", "data": [[26.0, 0.78, -0.129965], [27.0, 0.8, -0.119553]]}], "gw_kppa": 310, "gw_kpt_grid": {"@module": "numpy", "@class": "array", "dtype": "int64", "data": [6, 6, 4]}, "conv_list": [[{"kppa": 0}, {"kpt_grid": "1x1x1"}, {"num_kpts": 1}, {"X_bnds": 500.0}, {"G_bnds": 500.0}, {"X_cutoff": 24.0}, {"gamma_gap": 1.5223200000000001}, {"num_gw_calc": 9}, {"wall_time": 310}, {"num_cores": 8}, {"z-factor": "None"}], [{"kppa": 0}, {"kpt_grid": "1x1x1"}, {"num_kpts": 1}, {"X_bnds": 200}, {"G_bnds": 200}, {"X_cutoff": 4}, {"gamma_gap": 8}, {"num_gw_calc": 1}, {"wall_time": 15}, {"num_cores": 8}, {"z-factor": "None"}], [{"kppa": 10}, {"kpt_grid": "2x2x2"}, {"num_kpts": 1}, {"X_bnds": 200}, {"G_bnds": 200}, {"X_cutoff": 4}, {"gamma_gap": 1.6668129999999999}, {"num_gw_calc": 2}, {"wall_time": 30}, {"num_cores": 8}, {"z-factor": {"@module": "numpy", "@class": "array", "dtype": "float64", "data": [[26.0, 0.79, -0.139115], [27.0, 0.81, -0.126386]]}}], [{"kppa": 70}, {"kpt_grid": "4x4x2"}, {"num_kpts": 1}, {"X_bnds": 200}, {"G_bnds": 200}, {"X_cutoff": 4}, {"gamma_gap": 1.756541}, {"num_gw_calc": 3}, {"wall_time": 81}, {"num_cores": 8}, {"z-factor": {"@module": "numpy", "@class": "array", "dtype": "float64", "data": [[26.0, 0.8, -0.132291], [27.0, 0.82, -0.119117]]}}], [{"kppa": 290}, {"kpt_grid": "4x4x4"}, {"num_kpts": 1}, {"X_bnds": 200}, {"G_bnds": 200}, {"X_cutoff": 4}, {"gamma_gap": 1.804105}, {"num_gw_calc": 4}, {"wall_time": 82}, {"num_cores": 32}, {"z-factor": {"@module": "numpy", "@class": "array", "dtype": "float64", "data": [[26.0, 0.8, -0.130459], [27.0, 0.82, -0.116098]]}}], [{"kppa": 310}, {"kpt_grid": "6x6x4"}, {"num_kpts": 1}, {"X_bnds": 200}, {"G_bnds": 200}, {"X_cutoff": 4}, {"gamma_gap": 1.8094569999999999}, {"num_gw_calc": 5}, {"wall_time": 242}, {"num_cores": 32}, {"z-factor": {"@module": "numpy", "@class": "array", "dtype": "float64", "data": [[26.0, 0.8, -0.12882], [27.0, 0.82, -0.114142]]}}]], "conv_time": 743.2217650413513}, "gw_band_range_pbe": [1, 29], "gw_conv_lda": {"gw_conv_thr": 0.025, "gw_bnd_start": 200, "gw_bnd_step": 100, "gw_cut_start": 4, "gw_cut_step": 4, "kpt_bnd_idx": {"@module": "numpy", "@class": "array", "dtype": "int64", "data": [1, 1, 26, 27]}, "gw_bands": 200, "gw_cutoff": 4, "w_conv_grid": [[200, 4, 1.778008], [300, 4, 1.768402], [300, 8, 1.92567], [300, 8, 1.92567], [300, 12, 1.9545439999999998], [300, 12, 1.9545439999999998], [300, 16, 1.977746], [300, 16, 1.977746], [400, 16, 1.983317], [400, 20, 2.002618], [400, 20, 2.002618]], "pwcutoff": 104, "w_conv_time": [13.872533798217773, 13.659945011138916, 14.692717790603638, 14.694819927215576, 16.0184006690979, 16.02001690864563, 20.066331386566162, 20.067927837371826, 21.288204193115234, 28.531373739242554, 28.533083200454712], "w_ngw": 7, "w_z_factor": [{"@module": "numpy", "@class": "array", "dtype": "float64", "data": [[26.0, 0.78, -0.127609], [27.0, 0.81, -0.116764]]}, {"@module": "numpy", "@class": "array", "dtype": "float64", "data": [[26.0, 0.78, -0.125831], [27.0, 0.81, -0.117137]]}, {"@module": "numpy", "@class": "array", "dtype": "float64", "data": [[26.0, 0.78, -0.128269], [27.0, 0.81, -0.117307]]}, {"@module": "numpy", "@class": "array", "dtype": "float64", "data": [[26.0, 0.78, -0.128548], [27.0, 0.8, -0.117277]]}, {"@module": "numpy", "@class": "array", "dtype": "float64", "data": [[26.0, 0.78, -0.128319], [27.0, 0.8, -0.117268]]}, {"@module": "numpy", "@class": "array", "dtype": "float64", "data": [[26.0, 0.77, -0.129463], [27.0, 0.8, -0.117186]]}, {"@module": "numpy", "@class": "array", "dtype": "float64", "data": [[26.0, 0.77, -0.129108], [27.0, 0.8, -0.116992]]}], "gw_kppa": 310, "gw_kpt_grid": {"@module": "numpy", "@class": "array", "dtype": "int64", "data": [6, 6, 4]}, "conv_list": [[{"kppa": 0}, {"kpt_grid": "1x1x1"}, {"num_kpts": 1}, {"X_bnds": 400.0}, {"G_bnds": 400.0}, {"X_cutoff": 20.0}, {"gamma_gap": 2.002618}, {"num_gw_calc": 7}, {"wall_time": 269}, {"num_cores": 8}, {"z-factor": "None"}], [{"kppa": 0}, {"kpt_grid": "1x1x1"}, {"num_kpts": 1}, {"X_bnds": 200}, {"G_bnds": 200}, {"X_cutoff": 4}, {"gamma_gap": 8}, {"num_gw_calc": 1}, {"wall_time": 14}, {"num_cores": 8}, {"z-factor": "None"}], [{"kppa": 10}, {"kpt_grid": "2x2x2"}, {"num_kpts": 1}, {"X_bnds": 200}, {"G_bnds": 200}, {"X_cutoff": 4}, {"gamma_gap": 2.071717}, {"num_gw_calc": 2}, {"wall_time": 44}, {"num_cores": 8}, {"z-factor": {"@module": "numpy", "@class": "array", "dtype": "float64",