{"@module": "pymatgen.entries.computed_entries", "@class": "ComputedEntry", "energy": 0.0, "composition": {"Si": 3.0, "O": 6.0}, "entry_id": "154289", "correction": 0.0, "energy_adjustments": [], "parameters": {"id": "154289", "name": "SiO2", "ibrav": {"celldm(1)": 9.28694570064832, "ibrav": 4, "celldm(3)": 1.1001172056226143}, "vol": 763.1120433882996, "lda_pw_cutoff_Ry": 60, "qe_conv_pbe": {"qe_conv_maxiter": 20, "qe_delta_kppa": 1500, "qe_delta_cutoff": 5, "qe_conv_thresh": 0.00033074392851402423, "qe_conv_steps": [[60, 1500, -108.0854571694055], [65, 1500, -108.1192219629098], [70, 1500, -108.1347341904938], [75, 1500, -108.140855250437], [80, 1500, -108.1429651511084], [85, 1500, -108.1434193349966], [90, 1500, -108.1435694379028], [90, 3000, -108.1435694540838]], "qe_conv_time": 84.39202857017517}, "num_elec_pbe": 48.00000000000001, "max_mem": 54959.0, "qe_conv_lda": {"qe_conv_maxiter": 20, "qe_delta_kppa": 1500, "qe_delta_cutoff": 5, "qe_conv_thresh": 0.00033074392851402423, "qe_conv_steps": [[60, 1500, -112.2759523701977], [65, 1500, -112.2938024286845], [70, 1500, -112.3008987579063], [75, 1500, -112.3033346314846], [80, 1500, -112.3040645620843], [85, 1500, -112.3042356464263], [85, 3000, -112.3042354652304]], "qe_conv_time": 66.7538480758667}, "num_elec_lda": 48.00000000000001, "bg_conv_pbe": {"bg_conv_maxiter": 20, "bg_delta_kppa": 1500, "bg_delta_cutoff": 5, "bg_conv_thresh": 0.025, "bg_conv_steps": [[90, 3000, 6.046713040592287], [90, 4500, 6.046805129105249]], "bg_conv_time": 47.688364028930664}, "indirect_gap_pbe": 6.046712934353578, "bg_conv_lda": {"bg_conv_maxiter": 20, "bg_delta_kppa": 1500, "bg_delta_cutoff": 5, "bg_conv_thresh": 0.025, "bg_conv_steps": [[85, 3000, 5.796525298090513], [85, 4500, 5.796526295220223]], "bg_conv_time": 28.67686629295349}, "indirect_gap_lda": 5.796525299529473, "gw_conv_pbe": {"gw_conv_thr": 0.025, "gw_bnd_start": 200, "gw_bnd_step": 100, "gw_cut_start": 4, "gw_cut_step": 4, "kpt_bnd_idx": {"@module": "numpy", "@class": "array", "dtype": "int64", "data": [1, 1, 24, 25]}, "gw_bands": 200, "gw_cutoff": 4, "w_conv_grid": [[200, 4, 8.78239], [300, 4, 8.763660999999999], [300, 8, 8.989053], [300, 8, 8.989053], [300, 12, 9.100538], [300, 12, 9.100538], [300, 16, 9.144306], [300, 16, 9.144306], [300, 20, 9.170212], [300, 20, 9.170212], [300, 24, 9.180695], [300, 24, 9.180695], [400, 24, 9.19267], [400, 28, 9.199521], [400, 28, 9.199521]], "pwcutoff": 90, "w_conv_time": [11.981449127197266, 11.122976779937744, 12.667856216430664, 12.668637990951538, 14.421438932418823, 14.422178983688354, 18.031311750411987, 18.03336763381958, 22.876054286956787, 22.877923727035522, 32.317641735076904, 32.31896996498108, 36.95272898674011, 52.98225283622742, 52.98418307304382], "w_ngw": 9, "w_z_factor": [{"@module": "numpy", "@class": "array", "dtype": "float64", "data": [[24.0, 0.83, -0.10341], [25.0, 0.86, -0.847785]]}, {"@module": "numpy", "@class": "array", "dtype": "float64", "data": [[24.0, 0.83, -0.104362], [25.0, 0.86, -0.843025]]}, {"@module": "numpy", "@class": "array", "dtype": "float64", "data": [[24.0, 0.82, -0.102827], [25.0, 0.86, -0.843331]]}, {"@module": "numpy", "@class": "array", "dtype": "float64", "data": [[24.0, 0.81, -0.102524], [25.0, 0.86, -0.842137]]}, {"@module": "numpy", "@class": "array", "dtype": "float64", "data": [[24.0, 0.81, -0.102792], [25.0, 0.86, -0.841565]]}, {"@module": "numpy", "@class": "array", "dtype": "float64", "data": [[24.0, 0.81, -0.10268], [25.0, 0.86, -0.842109]]}, {"@module": "numpy", "@class": "array", "dtype": "float64", "data": [[24.0, 0.81, -0.102708], [25.0, 0.86, -0.842223]]}, {"@module": "numpy", "@class": "array", "dtype": "float64", "data": [[24.0, 0.81, -0.102978], [25.0, 0.86, -0.841326]]}, {"@module": "numpy", "@class": "array", "dtype": "float64", "data": [[24.0, 0.81, -0.103057], [25.0, 0.86, -0.841586]]}], "gw_kppa": 230, "gw_kpt_grid": {"@module": "numpy", "@class": "array", "dtype": "int64", "data": [4, 4, 2]}, "conv_list": [[{"kppa": 0}, {"kpt_grid": "1x1x1"}, {"num_kpts": 1}, {"X_bnds": 400.0}, {"G_bnds": 400.0}, {"X_cutoff": 28.0}, {"gamma_gap": 9.199521}, {"num_gw_calc": 9}, {"wall_time": 308}, {"num_cores": 8}, {"z-factor": "None"}], [{"kppa": 0}, {"kpt_grid": "1x1x1"}, {"num_kpts": 1}, {"X_bnds": 200}, {"G_bnds": 200}, {"X_cutoff": 4}, {"gamma_gap": 8}, {"num_gw_calc": 1}, {"wall_time": 12}, {"num_cores": 8}, {"z-factor": "None"}], [{"kppa": 10}, {"kpt_grid": "2x2x2"}, {"num_kpts": 1}, {"X_bnds": 200}, {"G_bnds": 200}, {"X_cutoff": 4}, {"gamma_gap": 9.001133}, {"num_gw_calc": 2}, {"wall_time": 41}, {"num_cores": 8}, {"z-factor": {"@module": "numpy", "@class": "array", "dtype": "float64", "data": [[24.0, 0.83, -0.962692], [25.0, 0.88, -0.708581]]}}], [{"kppa": 230}, {"kpt_grid": "4x4x2"}, {"num_kpts": 1}, {"X_bnds": 200}, {"G_bnds": 200}, {"X_cutoff": 4}, {"gamma_gap": 8.988596000000001}, {"num_gw_calc": 3}, {"wall_time": 147}, {"num_cores": 8}, {"z-factor": {"@module": "numpy", "@class": "array", "dtype": "float64", "data": [[24.0, 0.83, -0.967338], [25.0, 0.88, -0.705648]]}}]], "conv_time": 494.09816431999207}, "gw_band_range_pbe": [1, 27], "gw_conv_lda": {"gw_conv_thr": 0.025, "gw_bnd_start": 200, "gw_bnd_step": 100, "gw_cut_start": 4, "gw_cut_step": 4, "kpt_bnd_idx": {"@module": "numpy", "@class": "array", "dtype": "int64", "data": [1, 1, 24, 25]}, "gw_bands": 200, "gw_cutoff": 4, "w_conv_grid": [[200, 4, 8.91902], [300, 4, 8.901584], [300, 8, 9.137932], [300, 8, 9.137932], [300, 12, 9.246690000000001], [300, 12, 9.246690000000001], [300, 16, 9.288719], [300, 16, 9.288719], [300, 20, 9.313846999999999], [300, 20, 9.313846999999999], [300, 24, 9.323788], [300, 24, 9.323788], [400, 24, 9.33455], [400, 28, 9.34107], [400, 28, 9.34107]], "pwcutoff": 85, "w_conv_time": [11.496280193328857, 11.999720335006714, 12.723352193832397, 12.724239826202393, 13.898414850234985, 13.90033507347107, 18.18712043762207, 18.189345836639404, 22.224213361740112, 22.224945545196533, 30.208374500274658, 30.20975089073181, 36.531540632247925, 50.98645806312561, 50.98938512802124], "w_ngw": 9, "w_z_factor": [{"@module": "numpy", "@class": "array", "dtype": "float64", "data": [[24.0, 0.82, -0.106831], [25.0, 0.86, -0.875534]]}, {"@module": "numpy", "@class": "array", "dtype": "float64", "data": [[24.0, 0.82, -0.108812], [25.0, 0.86, -0.870432]]}, {"@module": "numpy", "@class": "array", "dtype": "float64", "data": [[24.0, 0.81, -0.109896], [25.0, 0.86, -0.867833]]}, {"@module": "numpy", "@class": "array", "dtype": "float64", "data": [[24.0, 0.81, -0.105409], [25.0, 0.86, -0.869761]]}, {"@module": "numpy", "@class": "array", "dtype": "float64", "data": [[24.0, 0.81, -0.105428], [25.0, 0.85, -0.869449]]}, {"@module": "numpy", "@class": "array", "dtype": "float64", "data": [[24.0, 0.81, -0.105573], [25.0, 0.85, -0.869966]]}, {"@module": "numpy", "@class": "array", "dtype": "float64", "data": [[24.0, 0.81, -0.105756], [25.0, 0.85, -0.870099]]}, {"@module": "numpy", "@class": "array", "dtype": "float64", "data": [[24.0, 0.81, -0.105867], [25.0, 0.85, -0.868585]]}, {"@module": "numpy", "@class": "array", "dtype": "float64", "data": [[24.0, 0.81, -0.105994], [25.0, 0.85, -0.868305]]}], "gw_kppa": 230, "gw_kpt_grid": {"@module": "numpy", "@class": "array", "dtype": "int64", "data": [4, 4, 2]}, "conv_list": [[{"kppa": 0}, {"kpt_grid": "1x1x1"}, {"num_kpts": 1}, {"X_bnds": 400.0}, {"G_bnds": 400.0}, {"X_cutoff": 28.0}, {"gamma_gap": 9.34107}, {"num_gw_calc": 9}, {"wall_time": 296}, {"num_cores": 8}, {"z-factor": "None"}], [{"kppa": 0}, {"kpt_grid": "1x1x1"}, {"num_kpts": 1}, {"X_bnds": 200}, {"G_bnds": 200}, {"X_cutoff": 4}, {"gamma_gap": 8}, {"num_gw_calc": 1}, {"wall_time": 12}, {"num_cores": 8}, {"z-factor": "None"}], [{"kppa": 10}, {"kpt_grid": "2x2x2"}, {"num_kpts": 1}, {"X_bnds": 200}, {"G_bnds": 200}, {"X_cutoff": 4}, {"gamma_gap": 9.136292000000001}, {"num_gw_calc": 2}, {"wall_time": 36}, {"num_cores": 8}, {"z-factor": {"@module": "numpy", "@class": "array", "dtype": "float64",