{"@module": "pymatgen.entries.computed_entries", "@class": "ComputedEntry", "energy": 0.0, "composition": {"Sn": 4.0, "Cl": 8.0}, "entry_id": "15452", "correction": 0.0, "energy_adjustments": [], "parameters": {"id": "15452", "name": "SnCl2", "ibrav": {"celldm(1)": 8.371486772424127, "ibrav": 8, "celldm(2)": 1.7591422121896172, "celldm(3)": 2.078329571106095}, "vol": 2144.9795351104667, "lda_pw_cutoff_Ry": 64, "qe_conv_pbe": {"qe_conv_maxiter": 20, "qe_delta_kppa": 1500, "qe_delta_cutoff": 5, "qe_conv_thresh": 0.00044099190468536564, "qe_conv_steps": [[60, 1500, -362.4909476438406], [65, 1500, -362.4910324541839], [65, 3000, -362.4910324756552]], "qe_conv_time": 254.32320952415466}, "num_elec_pbe": 112.0, "max_mem": 86488.0, "qe_conv_lda": {"qe_conv_maxiter": 20, "qe_delta_kppa": 1500, "qe_delta_cutoff": 5, "qe_conv_thresh": 0.00044099190468536564, "qe_conv_steps": [[64, 1500, -445.9031402913988], [69, 1500, -445.904850496574], [74, 1500, -445.904975705011], [74, 3000, -445.9049757526159]], "qe_conv_time": 345.5609951019287}, "num_elec_lda": 112.0, "bg_conv_pbe": {"bg_conv_maxiter": 20, "bg_delta_kppa": 1500, "bg_delta_cutoff": 5, "bg_conv_thresh": 0.025, "bg_conv_steps": [[65, 3000, 3.042525159463345], [65, 4500, 3.0459186072821254]], "bg_conv_time": 285.16520833969116}, "indirect_gap_pbe": 3.0425165205632196, "bg_conv_lda": {"bg_conv_maxiter": 20, "bg_delta_kppa": 1500, "bg_delta_cutoff": 5, "bg_conv_thresh": 0.025, "bg_conv_steps": [[74, 3000, 2.863897825236545], [74, 4500, 2.8667498905836797]], "bg_conv_time": 292.84985637664795}, "indirect_gap_lda": 2.8638960880548567, "gw_conv_pbe": {"gw_conv_thr": 0.025, "gw_bnd_start": 200, "gw_bnd_step": 100, "gw_cut_start": 4, "gw_cut_step": 4, "kpt_bnd_idx": {"@module": "numpy", "@class": "array", "dtype": "int64", "data": [1, 1, 56, 57]}, "gw_bands": 200, "gw_cutoff": 4, "w_conv_grid": [[200, 4, 4.575632000000001], [300, 4, 4.568941000000001], [300, 8, 4.690032], [300, 8, 4.690032], [300, 12, 4.724945], [300, 12, 4.724945], [300, 16, 4.7398620000000005], [300, 16, 4.7398620000000005], [400, 16, 4.77102], [500, 16, 4.796062], [600, 16, 4.809436], [600, 20, 4.818761], [600, 20, 4.818761], [700, 20, 4.830924], [700, 24, 4.835318], [700, 24, 4.835318]], "pwcutoff": 65, "w_conv_time": [15.000121593475342, 16.410816192626953, 28.378071069717407, 28.379348039627075, 62.528350591659546, 62.53063416481018, 129.77106380462646, 129.77280640602112, 147.91568088531494, 166.4283742904663, 191.75897312164307, 469.7732548713684, 469.7745158672333, 527.6871557235718, 911.4160227775574, 911.4177548885345], "w_ngw": 11, "w_z_factor": [{"@module": "numpy", "@class": "array", "dtype": "float64", "data": [[56.0, 0.8, -0.153826], [57.0, 0.82, -0.14541]]}, {"@module": "numpy", "@class": "array", "dtype": "float64", "data": [[56.0, 0.8, -0.137346], [57.0, 0.82, -0.132119]]}, {"@module": "numpy", "@class": "array", "dtype": "float64", "data": [[56.0, 0.79, -0.137891], [57.0, 0.81, -0.132127]]}, {"@module": "numpy", "@class": "array", "dtype": "float64", "data": [[56.0, 0.79, -0.139418], [57.0, 0.81, -0.132152]]}, {"@module": "numpy", "@class": "array", "dtype": "float64", "data": [[56.0, 0.79, -0.139938], [57.0, 0.81, -0.13297]]}, {"@module": "numpy", "@class": "array", "dtype": "float64", "data": [[56.0, 0.79, -0.137259], [57.0, 0.81, -0.127286]]}, {"@module": "numpy", "@class": "array", "dtype": "float64", "data": [[56.0, 0.79, -0.13657], [57.0, 0.81, -0.129926]]}, {"@module": "numpy", "@class": "array", "dtype": "float64", "data": [[56.0, 0.79, -0.133728], [57.0, 0.81, -0.128071]]}, {"@module": "numpy", "@class": "array", "dtype": "float64", "data": [[56.0, 0.79, -0.133579], [57.0, 0.81, -0.127917]]}, {"@module": "numpy", "@class": "array", "dtype": "float64", "data": [[56.0, 0.79, -0.133984], [57.0, 0.81, -0.126896]]}, {"@module": "numpy", "@class": "array", "dtype": "float64", "data": [[56.0, 0.79, -0.134834], [57.0, 0.81, -0.127298]]}], "gw_kppa": 90, "gw_kpt_grid": {"@module": "numpy", "@class": "array", "dtype": "int64", "data": [4, 2, 2]}, "conv_list": [[{"kppa": 0}, {"kpt_grid": "1x1x1"}, {"num_kpts": 1}, {"X_bnds": 700.0}, {"G_bnds": 700.0}, {"X_cutoff": 24.0}, {"gamma_gap": 4.835318}, {"num_gw_calc": 11}, {"wall_time": 3098}, {"num_cores": 8}, {"z-factor": "None"}], [{"kppa": 0}, {"kpt_grid": "1x1x1"}, {"num_kpts": 1}, {"X_bnds": 200}, {"G_bnds": 200}, {"X_cutoff": 4}, {"gamma_gap": 8}, {"num_gw_calc": 1}, {"wall_time": 16}, {"num_cores": 8}, {"z-factor": "None"}], [{"kppa": 10}, {"kpt_grid": "2x2x2"}, {"num_kpts": 1}, {"X_bnds": 200}, {"G_bnds": 200}, {"X_cutoff": 4}, {"gamma_gap": 4.499439000000001}, {"num_gw_calc": 2}, {"wall_time": 132}, {"num_cores": 8}, {"z-factor": {"@module": "numpy", "@class": "array", "dtype": "float64", "data": [[56.0, 0.8, -0.142931], [57.0, 0.82, -0.134123]]}}], [{"kppa": 90}, {"kpt_grid": "4x2x2"}, {"num_kpts": 1}, {"X_bnds": 200}, {"G_bnds": 200}, {"X_cutoff": 4}, {"gamma_gap": 4.492495}, {"num_gw_calc": 3}, {"wall_time": 286}, {"num_cores": 8}, {"z-factor": {"@module": "numpy", "@class": "array", "dtype": "float64", "data": [[56.0, 0.8, -0.140571], [57.0, 0.82, -0.127614]]}}]], "conv_time": 3515.169423341751}, "gw_band_range_pbe": [1, 69], "gw_conv_lda": {"gw_conv_thr": 0.025, "gw_bnd_start": 200, "gw_bnd_step": 100, "gw_cut_start": 4, "gw_cut_step": 4, "kpt_bnd_idx": {"@module": "numpy", "@class": "array", "dtype": "int64", "data": [1, 1, 56, 57]}, "gw_bands": 200, "gw_cutoff": 4, "w_conv_grid": [[200, 4, 4.66263], [300, 4, 4.637461], [400, 4, 4.633983], [400, 8, 4.764729], [400, 8, 4.764729], [400, 12, 4.802829], [400, 12, 4.802829], [400, 16, 4.819145], [400, 16, 4.819145], [500, 16, 4.837040999999999], [500, 20, 4.844588], [500, 20, 4.844588], [600, 20, 4.8570139999999995], [600, 24, 4.861253], [600, 24, 4.861253]], "pwcutoff": 74, "w_conv_time": [17.773383378982544, 19.869709253311157, 22.46229362487793, 39.159403562545776, 39.161248207092285, 95.46000838279724, 95.46232104301453, 210.51645231246948, 210.51866602897644, 243.30664706230164, 435.341481924057, 435.3432903289795, 496.01846861839294, 785.5434997081757, 785.545663356781], "w_ngw": 10, "w_z_factor": [{"@module": "numpy", "@class": "array", "dtype": "float64", "data": [[56.0, 0.79, -0.160274], [57.0, 0.81, -0.152593]]}, {"@module": "numpy", "@class": "array", "dtype": "float64", "data": [[56.0, 0.79, -0.151763], [57.0, 0.81, -0.14239]]}, {"@module": "numpy", "@class": "array", "dtype": "float64", "data": [[56.0, 0.79, -0.146941], [57.0, 0.81, -0.142951]]}, {"@module": "numpy", "@class": "array", "dtype": "float64", "data": [[56.0, 0.78, -0.147563], [57.0, 0.81, -0.138994]]}, {"@module": "numpy", "@class": "array", "dtype": "float64", "data": [[56.0, 0.78, -0.14948], [57.0, 0.81, -0.140211]]}, {"@module": "numpy", "@class": "array", "dtype": "float64", "data": [[56.0, 0.78, -0.146947], [57.0, 0.81, -0.139318]]}, {"@module": "numpy", "@class": "array", "dtype": "float64", "data": [[56.0, 0.78, -0.150428], [57.0, 0.81, -0.136209]]}, {"@module": "numpy", "@class": "array", "dtype": "float64", "data": [[56.0, 0.78, -0.14806], [57.0, 0.81, -0.136517]]}, {"@module": "numpy", "@class": "array", "dtype": "float64", "data": [[56.0, 0.78, -0.145575], [57.0, 0.81, -0.136833]]}, {"@module": "numpy", "@class": "array", "dtype": "float64", "data": [[56.0, 0.78, -0.145492], [57.0, 0.81, -0.137324]]}], "gw_kppa": 90, "gw_kpt_grid": {"@module": "numpy", "@class": "array", "dtype": "int64", "data": [4, 2, 2]},