{"@module": "pymatgen.entries.computed_entries", "@class": "ComputedEntry", "energy": 0.0, "composition": {"Sn": 2.0, "O": 4.0}, "entry_id": "154960", "correction": 0.0, "energy_adjustments": [], "parameters": {"id": "154960", "name": "SnO2", "ibrav": {"celldm(1)": 8.944262763557711, "ibrav": 6, "celldm(3)": 0.6721810230081765}, "vol": 480.97211186818276, "lda_pw_cutoff_Ry": 64, "qe_conv_pbe": {"qe_conv_maxiter": 20, "qe_delta_kppa": 1500, "qe_delta_cutoff": 5, "qe_conv_thresh": 0.00022049595234268282, "qe_conv_steps": [[60, 1500, -184.5721444459762], [65, 1500, -184.5938676655062], [70, 1500, -184.604273147182], [75, 1500, -184.608629677296], [80, 1500, -184.6101074338067], [85, 1500, -184.6104835314711], [90, 1500, -184.6105218690899], [90, 3000, -184.6105232835156]], "qe_conv_time": 85.27695298194885}, "num_elec_pbe": 52.0, "max_mem": 55741.0, "qe_conv_lda": {"qe_conv_maxiter": 20, "qe_delta_kppa": 1500, "qe_delta_cutoff": 5, "qe_conv_thresh": 0.00022049595234268282, "qe_conv_steps": [[64, 1500, -223.2123226914744], [69, 1500, -223.2188322099234], [74, 1500, -223.2210021193374], [79, 1500, -223.2216458835805], [84, 1500, -223.2218086108371], [84, 3000, -223.2218101579363]], "qe_conv_time": 60.11356854438782}, "num_elec_lda": 52.0, "bg_conv_pbe": {"bg_conv_maxiter": 20, "bg_delta_kppa": 1500, "bg_delta_cutoff": 5, "bg_conv_thresh": 0.025, "bg_conv_steps": [[90, 3000, 1.291591240190178], [90, 4500, 1.2916170951746329]], "bg_conv_time": 31.119734525680542}, "indirect_gap_pbe": 1.291591240190178, "bg_conv_lda": {"bg_conv_maxiter": 20, "bg_delta_kppa": 1500, "bg_delta_cutoff": 5, "bg_conv_thresh": 0.025, "bg_conv_steps": [[84, 3000, 1.158178226975068], [84, 4500, 1.1582615713294349]], "bg_conv_time": 28.869011163711548}, "indirect_gap_lda": 1.158178226975068, "gw_conv_pbe": {"gw_conv_thr": 0.025, "gw_bnd_start": 200, "gw_bnd_step": 100, "gw_cut_start": 4, "gw_cut_step": 4, "kpt_bnd_idx": {"@module": "numpy", "@class": "array", "dtype": "int64", "data": [1, 1, 26, 27]}, "gw_bands": 200, "gw_cutoff": 4, "w_conv_grid": [[200, 4, 0.9884149999999999], [300, 4, 0.9689909999999999], [300, 8, 1.273978], [300, 8, 1.273978], [300, 12, 1.405786], [300, 12, 1.405786], [300, 16, 1.468437], [300, 16, 1.468437], [300, 20, 1.492404], [300, 20, 1.492404], [400, 20, 1.4975800000000001], [400, 24, 1.509875], [400, 24, 1.509875]], "pwcutoff": 90, "w_conv_time": [12.196619272232056, 12.182936668395996, 12.369294166564941, 12.370872735977173, 13.322441816329956, 13.323689460754395, 14.734484195709229, 14.737155199050903, 17.124954223632812, 17.127049684524536, 18.84195351600647, 22.48763132095337, 22.489304780960083], "w_ngw": 8, "w_z_factor": [{"@module": "numpy", "@class": "array", "dtype": "float64", "data": [[26.0, 0.78, -0.117132], [27.0, 0.81, -0.100457]]}, {"@module": "numpy", "@class": "array", "dtype": "float64", "data": [[26.0, 0.79, -0.117818], [27.0, 0.81, -0.998945]]}, {"@module": "numpy", "@class": "array", "dtype": "float64", "data": [[26.0, 0.77, -0.108625], [27.0, 0.8, -0.175731]]}, {"@module": "numpy", "@class": "array", "dtype": "float64", "data": [[26.0, 0.77, -0.110801], [27.0, 0.8, -0.10346]]}, {"@module": "numpy", "@class": "array", "dtype": "float64", "data": [[26.0, 0.77, -0.118054], [27.0, 0.8, -0.104431]]}, {"@module": "numpy", "@class": "array", "dtype": "float64", "data": [[26.0, 0.77, -0.110376], [27.0, 0.8, -0.103243]]}, {"@module": "numpy", "@class": "array", "dtype": "float64", "data": [[26.0, 0.77, -0.113706], [27.0, 0.8, -0.105238]]}, {"@module": "numpy", "@class": "array", "dtype": "float64", "data": [[26.0, 0.77, -0.115045], [27.0, 0.8, -0.10717]]}], "gw_kppa": 340, "gw_kpt_grid": {"@module": "numpy", "@class": "array", "dtype": "int64", "data": [4, 4, 6]}, "conv_list": [[{"kppa": 0}, {"kpt_grid": "1x1x1"}, {"num_kpts": 1}, {"X_bnds": 400.0}, {"G_bnds": 400.0}, {"X_cutoff": 24.0}, {"gamma_gap": 1.509875}, {"num_gw_calc": 8}, {"wall_time": 223}, {"num_cores": 8}, {"z-factor": "None"}], [{"kppa": 0}, {"kpt_grid": "1x1x1"}, {"num_kpts": 1}, {"X_bnds": 200}, {"G_bnds": 200}, {"X_cutoff": 4}, {"gamma_gap": 8}, {"num_gw_calc": 1}, {"wall_time": 13}, {"num_cores": 8}, {"z-factor": "None"}], [{"kppa": 10}, {"kpt_grid": "2x2x2"}, {"num_kpts": 1}, {"X_bnds": 200}, {"G_bnds": 200}, {"X_cutoff": 4}, {"gamma_gap": 1.8443070000000001}, {"num_gw_calc": 2}, {"wall_time": 35}, {"num_cores": 8}, {"z-factor": {"@module": "numpy", "@class": "array", "dtype": "float64", "data": [[26.0, 0.8, -0.116936], [27.0, 0.84, -0.833276]]}}], [{"kppa": 80}, {"kpt_grid": "2x2x4"}, {"num_kpts": 1}, {"X_bnds": 200}, {"G_bnds": 200}, {"X_cutoff": 4}, {"gamma_gap": 1.9713029999999998}, {"num_gw_calc": 3}, {"wall_time": 62}, {"num_cores": 8}, {"z-factor": {"@module": "numpy", "@class": "array", "dtype": "float64", "data": [[26.0, 0.8, -0.114303], [27.0, 0.85, -0.774226]]}}], [{"kppa": 250}, {"kpt_grid": "4x4x4"}, {"num_kpts": 1}, {"X_bnds": 200}, {"G_bnds": 200}, {"X_cutoff": 4}, {"gamma_gap": 2.0081119999999997}, {"num_gw_calc": 4}, {"wall_time": 92}, {"num_cores": 32}, {"z-factor": {"@module": "numpy", "@class": "array", "dtype": "float64", "data": [[26.0, 0.8, -0.112178], [27.0, 0.85, -0.743009]]}}], [{"kppa": 340}, {"kpt_grid": "4x4x6"}, {"num_kpts": 1}, {"X_bnds": 200}, {"G_bnds": 200}, {"X_cutoff": 4}, {"gamma_gap": 2.00723}, {"num_gw_calc": 5}, {"wall_time": 160}, {"num_cores": 32}, {"z-factor": {"@module": "numpy", "@class": "array", "dtype": "float64", "data": [[26.0, 0.8, -0.113019], [27.0, 0.85, -0.733409]]}}]], "conv_time": 569.9281508922577}, "gw_band_range_pbe": [1, 28], "gw_conv_lda": {"gw_conv_thr": 0.025, "gw_bnd_start": 200, "gw_bnd_step": 100, "gw_cut_start": 4, "gw_cut_step": 4, "kpt_bnd_idx": {"@module": "numpy", "@class": "array", "dtype": "int64", "data": [1, 1, 26, 27]}, "gw_bands": 200, "gw_cutoff": 4, "w_conv_grid": [[200, 4, 1.423142], [300, 4, 1.391079], [400, 4, 1.38287], [400, 8, 1.679352], [400, 8, 1.679352], [400, 12, 1.825541], [400, 12, 1.825541], [400, 16, 1.898379], [400, 16, 1.898379], [400, 20, 1.924727], [400, 20, 1.924727], [400, 24, 1.937859], [400, 24, 1.937859], [500, 24, 1.9349509999999999], [500, 28, 1.941856], [500, 28, 1.941856]], "pwcutoff": 84, "w_conv_time": [12.08203911781311, 12.111955165863037, 12.058634042739868, 12.446782350540161, 12.448172092437744, 13.324394464492798, 13.325840950012207, 14.974145412445068, 14.97580075263977, 18.210095405578613, 18.21170401573181, 22.605286598205566, 22.606744527816772, 24.825741052627563, 32.080031633377075, 32.08187985420227], "w_ngw": 10, "w_z_factor": [{"@module": "numpy", "@class": "array", "dtype": "float64", "data": [[26.0, 0.78, -0.102058], [27.0, 0.81, -0.100091]]}, {"@module": "numpy", "@class": "array", "dtype": "float64", "data": [[26.0, 0.78, -0.119578], [27.0, 0.81, -0.104369]]}, {"@module": "numpy", "@class": "array", "dtype": "float64", "data": [[26.0, 0.78, -0.121273], [27.0, 0.81, -0.10423]]}, {"@module": "numpy", "@class": "array", "dtype": "float64", "data": [[26.0, 0.77, -0.116546], [27.0, 0.8, -0.104308]]}, {"@module": "numpy", "@class": "array", "dtype": "float64", "data": [[26.0, 0.77, -0.11824], [27.0, 0.8, -0.106999]]}, {"@module": "numpy", "@class": "array", "dtype": "float64", "data": [[26.0, 0.76, -0.118056], [27.0, 0.79, -0.105546]]}, {"@module": "numpy", "@class": "array", "dtype": "float64", "data": [[26.0, 0.76, -0.114637], [27.0, 0.79, -0.105021]]}, {"@module": "numpy", "@class": "array", "dtype": "float64", "data": [[26.0, 0.76, -0.118793], [27.0, 0.79, -0.110501]]}, {"@module": "numpy", "@class": "array", "dtype": "float64", "data": [[26.0, 0.76, -0.121195], [27.0, 0.79, -0.110762]]}, {"@module": "numpy", "@class": "array", "dtype": "float64", "data": [[26.0, 0.76, -0.13089], [27.0, 0.79, -0.109376]]}], "gw_kppa": 340, "gw_kpt_grid": {"@module": "numpy", "@class": "array", "dtype": "int64", "data": [4, 4, 6]},