{"@module": "pymatgen.entries.computed_entries", "@class": "ComputedEntry", "energy": 0.0, "composition": {"Si": 6.0, "C": 6.0}, "entry_id": "156190", "correction": 0.0, "energy_adjustments": [], "parameters": {"id": "156190", "name": "SiC", "ibrav": {"celldm(1)": 5.822246218022292, "ibrav": 4, "celldm(3)": 4.909055501460565}, "vol": 839.0740236848509, "lda_pw_cutoff_Ry": 74, "qe_conv_pbe": {"qe_conv_maxiter": 20, "qe_delta_kppa": 1500, "qe_delta_cutoff": 5, "qe_conv_thresh": 0.00044099190468536564, "qe_conv_steps": [[60, 1500, -57.94289010934693], [65, 1500, -57.94629994166915], [70, 1500, -57.9476239548051], [75, 1500, -57.94811214726063], [80, 1500, -57.94827190384543], [80, 3000, -57.94838426787144]], "qe_conv_time": 78.49317479133606}, "num_elec_pbe": 48.00000000000001, "max_mem": 54211.0, "qe_conv_lda": {"qe_conv_maxiter": 20, "qe_delta_kppa": 1500, "qe_delta_cutoff": 5, "qe_conv_thresh": 0.00044099190468536564, "qe_conv_steps": [[74, 1500, -61.90523399731541], [79, 1500, -61.90589053297479], [84, 1500, -61.90612426235897], [84, 3000, -61.90624290550693]], "qe_conv_time": 55.806724309921265}, "num_elec_lda": 48.00000000000001, "bg_conv_pbe": {"bg_conv_maxiter": 20, "bg_delta_kppa": 1500, "bg_delta_cutoff": 5, "bg_conv_thresh": 0.025, "bg_conv_steps": [[80, 3000, 2.038349007958591], [80, 4500, 2.0384036238185996]], "bg_conv_time": 31.97532629966736}, "indirect_gap_pbe": 2.038350990126213, "bg_conv_lda": {"bg_conv_maxiter": 20, "bg_delta_kppa": 1500, "bg_delta_cutoff": 5, "bg_conv_thresh": 0.025, "bg_conv_steps": [[84, 3000, 1.976988581255704], [84, 4500, 1.9770659783310367]], "bg_conv_time": 32.239402770996094}, "indirect_gap_lda": 1.976993683556985, "gw_conv_pbe": {"gw_conv_thr": 0.025, "gw_bnd_start": 200, "gw_bnd_step": 100, "gw_cut_start": 4, "gw_cut_step": 4, "kpt_bnd_idx": {"@module": "numpy", "@class": "array", "dtype": "int64", "data": [1, 1, 24, 25]}, "gw_bands": 200, "gw_cutoff": 4, "w_conv_grid": [[200, 4, 5.7467749999999995], [300, 4, 5.731450000000001], [300, 8, 6.077496], [300, 8, 6.077496], [300, 12, 6.139249], [300, 12, 6.139249], [300, 16, 6.1688030000000005], [300, 16, 6.1688030000000005], [300, 20, 6.17537], [300, 20, 6.17537], [400, 20, 6.182174], [400, 24, 6.187805], [400, 24, 6.187805]], "pwcutoff": 80, "w_conv_time": [12.159848690032959, 12.31140685081482, 13.229474067687988, 13.231340169906616, 16.560487747192383, 16.56241536140442, 26.302599668502808, 26.30491280555725, 33.93149709701538, 33.93333911895752, 39.99211883544922, 66.96171236038208, 66.9640462398529], "w_ngw": 8, "w_z_factor": [{"@module": "numpy", "@class": "array", "dtype": "float64", "data": [[24.0, 0.78, -0.12255], [25.0, 0.8, -0.116947]]}, {"@module": "numpy", "@class": "array", "dtype": "float64", "data": [[24.0, 0.78, -0.121284], [25.0, 0.8, -0.11574]]}, {"@module": "numpy", "@class": "array", "dtype": "float64", "data": [[24.0, 0.78, -0.118014], [25.0, 0.79, -0.116052]]}, {"@module": "numpy", "@class": "array", "dtype": "float64", "data": [[24.0, 0.78, -0.117788], [25.0, 0.79, -0.116199]]}, {"@module": "numpy", "@class": "array", "dtype": "float64", "data": [[24.0, 0.78, -0.117788], [25.0, 0.79, -0.116213]]}, {"@module": "numpy", "@class": "array", "dtype": "float64", "data": [[24.0, 0.78, -0.117785], [25.0, 0.79, -0.116205]]}, {"@module": "numpy", "@class": "array", "dtype": "float64", "data": [[24.0, 0.78, -0.117023], [25.0, 0.79, -0.115779]]}, {"@module": "numpy", "@class": "array", "dtype": "float64", "data": [[24.0, 0.77, -0.117018], [25.0, 0.79, -0.115764]]}], "gw_kppa": 310, "gw_kpt_grid": {"@module": "numpy", "@class": "array", "dtype": "int64", "data": [6, 6, 2]}, "conv_list": [[{"kppa": 0}, {"kpt_grid": "1x1x1"}, {"num_kpts": 1}, {"X_bnds": 400.0}, {"G_bnds": 400.0}, {"X_cutoff": 24.0}, {"gamma_gap": 6.187805}, {"num_gw_calc": 8}, {"wall_time": 418}, {"num_cores": 8}, {"z-factor": "None"}], [{"kppa": 0}, {"kpt_grid": "1x1x1"}, {"num_kpts": 1}, {"X_bnds": 200}, {"G_bnds": 200}, {"X_cutoff": 4}, {"gamma_gap": 8}, {"num_gw_calc": 1}, {"wall_time": 13}, {"num_cores": 8}, {"z-factor": "None"}], [{"kppa": 10}, {"kpt_grid": "2x2x2"}, {"num_kpts": 1}, {"X_bnds": 200}, {"G_bnds": 200}, {"X_cutoff": 4}, {"gamma_gap": 5.903365}, {"num_gw_calc": 2}, {"wall_time": 44}, {"num_cores": 8}, {"z-factor": {"@module": "numpy", "@class": "array", "dtype": "float64", "data": [[24.0, 0.8, -0.118908], [25.0, 0.81, -0.150204]]}}], [{"kppa": 70}, {"kpt_grid": "4x4x2"}, {"num_kpts": 1}, {"X_bnds": 200}, {"G_bnds": 200}, {"X_cutoff": 4}, {"gamma_gap": 5.858495}, {"num_gw_calc": 3}, {"wall_time": 157}, {"num_cores": 8}, {"z-factor": {"@module": "numpy", "@class": "array", "dtype": "float64", "data": [[24.0, 0.8, -0.113558], [25.0, 0.81, -0.107947]]}}], [{"kppa": 310}, {"kpt_grid": "6x6x2"}, {"num_kpts": 1}, {"X_bnds": 200}, {"G_bnds": 200}, {"X_cutoff": 4}, {"gamma_gap": 5.8378429999999994}, {"num_gw_calc": 4}, {"wall_time": 165}, {"num_cores": 32}, {"z-factor": {"@module": "numpy", "@class": "array", "dtype": "float64", "data": [[24.0, 0.8, -0.113237], [25.0, 0.82, -0.110751]]}}]], "conv_time": 781.2318108081818}, "gw_band_range_pbe": [1, 31], "gw_conv_lda": {"gw_conv_thr": 0.025, "gw_bnd_start": 200, "gw_bnd_step": 100, "gw_cut_start": 4, "gw_cut_step": 4, "kpt_bnd_idx": {"@module": "numpy", "@class": "array", "dtype": "int64", "data": [1, 1, 24, 25]}, "gw_bands": 200, "gw_cutoff": 4, "w_conv_grid": [[200, 4, 6.027507], [300, 4, 6.010615], [300, 8, 6.354324999999999], [300, 8, 6.354324999999999], [300, 12, 6.415239], [300, 12, 6.415239], [300, 16, 6.444597], [300, 16, 6.444597], [300, 20, 6.451098], [300, 20, 6.451098], [400, 20, 6.457646], [400, 24, 6.463319], [400, 24, 6.463319]], "pwcutoff": 84, "w_conv_time": [12.27728533744812, 12.533449172973633, 13.82748794555664, 13.829800605773926, 16.236929893493652, 16.2386474609375, 25.38190460205078, 25.384568452835083, 33.19640398025513, 33.198137521743774, 39.62368369102478, 79.53850936889648, 79.54332041740417], "w_ngw": 8, "w_z_factor": [{"@module": "numpy", "@class": "array", "dtype": "float64", "data": [[24.0, 0.78, -0.123486], [25.0, 0.8, -0.11765]]}, {"@module": "numpy", "@class": "array", "dtype": "float64", "data": [[24.0, 0.78, -0.121949], [25.0, 0.79, -0.116745]]}, {"@module": "numpy", "@class": "array", "dtype": "float64", "data": [[24.0, 0.78, -0.118498], [25.0, 0.79, -0.117015]]}, {"@module": "numpy", "@class": "array", "dtype": "float64", "data": [[24.0, 0.77, -0.118334], [25.0, 0.79, -0.117039]]}, {"@module": "numpy", "@class": "array", "dtype": "float64", "data": [[24.0, 0.77, -0.118392], [25.0, 0.79, -0.117098]]}, {"@module": "numpy", "@class": "array", "dtype": "float64", "data": [[24.0, 0.77, -0.118386], [25.0, 0.79, -0.117109]]}, {"@module": "numpy", "@class": "array", "dtype": "float64", "data": [[24.0, 0.77, -0.117672], [25.0, 0.79, -0.116541]]}, {"@module": "numpy", "@class": "array", "dtype": "float64", "data": [[24.0, 0.77, -0.117727], [25.0, 0.79, -0.116521]]}], "gw_kppa": 310, "gw_kpt_grid": {"@module": "numpy", "@class": "array", "dtype": "int64", "data": [6, 6, 2]}, "conv_list": [[{"kppa": 0}, {"kpt_grid": "1x1x1"}, {"num_kpts": 1}, {"X_bnds": 400.0}, {"G_bnds": 400.0}, {"X_cutoff": 24.0}, {"gamma_gap": 6.463319}, {"num_gw_calc": 8}, {"wall_time": 394}, {"num_cores": 8}, {"z-factor": "None"}], [{"kppa": 0}, {"kpt_grid": "1x1x1"}, {"num_kpts": 1}, {"X_bnds": 200}, {"G_bnds": 200}, {"X_cutoff": 4}, {"gamma_gap": 8}, {"num_gw_calc": 1}, {"wall_time": 13}, {"num_cores": 8}, {"z-factor": "None"}], [{"kppa": 10}, {"kpt_grid": "2x2x2"}, {"num_kpts": 1}, {"X_bnds": 200}, {"G_bnds": 200}, {"X_cutoff": 4}, {"gamma_gap": 5.971426000000001}, {"num_gw_calc": 2}, {"wall_time": 40}, {"num_cores": 8}, {"z-factor": {"@module": "numpy", "@class": "array", "dtype": "float64",