{"@module": "pymatgen.entries.computed_entries", "@class": "ComputedEntry", "energy": 0.0, "composition": {"Cu": 2.0, "B": 2.0, "S": 4.0}, "entry_id": "156413", "correction": 0.0, "energy_adjustments": [], "parameters": {"id": "156413", "name": "CuBS2", "ibrav": {"celldm(1)": 9.531778618534382, "ibrav": 7, "celldm(3)": 1.7737906423473437}, "vol": 768.0583321335396, "lda_pw_cutoff_Ry": 76, "qe_conv_pbe": {"qe_conv_maxiter": 20, "qe_delta_kppa": 1500, "qe_delta_cutoff": 5, "qe_conv_thresh": 0.00029399460312357707, "qe_conv_steps": [[60, 1500, -411.7979375579174], [65, 1500, -411.8577627339459], [70, 1500, -411.8762902013219], [75, 1500, -411.8808081034453], [80, 1500, -411.8815378971703], [85, 1500, -411.8816233684926], [85, 3000, -411.8816248453132]], "qe_conv_time": 131.1300117969513}, "num_elec_pbe": 68.00000000000001, "max_mem": 217344.0, "qe_conv_lda": {"qe_conv_maxiter": 20, "qe_delta_kppa": 1500, "qe_delta_cutoff": 5, "qe_conv_thresh": 0.00029399460312357707, "qe_conv_steps": [[76, 1500, -429.1726314743475], [81, 1500, -429.1776377567482], [86, 1500, -429.1788125398646], [91, 1500, -429.1789999775242], [91, 3000, -429.1790017530218]], "qe_conv_time": 123.02951264381409}, "num_elec_lda": 68.00000000000001, "bg_conv_pbe": {"bg_conv_maxiter": 20, "bg_delta_kppa": 1500, "bg_delta_cutoff": 5, "bg_conv_thresh": 0.025, "bg_conv_steps": [[85, 3000, 1.7065705710950367], [85, 6000, 1.7065388400232278]], "bg_conv_time": 95.18310523033142}, "indirect_gap_pbe": 1.706570571650249, "bg_conv_lda": {"bg_conv_maxiter": 20, "bg_delta_kppa": 1500, "bg_delta_cutoff": 5, "bg_conv_thresh": 0.025, "bg_conv_steps": [[91, 3000, 1.5868416030334418], [91, 6000, 1.5868474658062524]], "bg_conv_time": 96.84959030151367}, "indirect_gap_lda": 1.5868415987722673, "gw_conv_pbe": {"gw_conv_thr": 0.025, "gw_bnd_start": 200, "gw_bnd_step": 100, "gw_cut_start": 4, "gw_cut_step": 4, "kpt_bnd_idx": {"@module": "numpy", "@class": "array", "dtype": "int64", "data": [1, 1, 34, 35]}, "gw_bands": 200, "gw_cutoff": 4, "w_conv_grid": [[200, 4, 1.983492], [300, 4, 1.959358], [300, 8, 1.994808], [300, 8, 1.994808], [300, 12, 2.022209], [300, 12, 2.022209], [300, 16, 2.033656], [300, 16, 2.033656], [400, 16, 2.026816], [400, 20, 2.031761], [400, 20, 2.031761]], "pwcutoff": 85, "w_conv_time": [12.58035135269165, 12.930485725402832, 13.29196810722351, 13.29360818862915, 15.660767793655396, 15.662392139434814, 20.404768466949463, 20.40694236755371, 21.024131059646606, 30.695935249328613, 30.698024034500122], "w_ngw": 7, "w_z_factor": [{"@module": "numpy", "@class": "array", "dtype": "float64", "data": [[34.0, 0.76, -0.144689], [35.0, 0.79, -0.129759]]}, {"@module": "numpy", "@class": "array", "dtype": "float64", "data": [[34.0, 0.76, -0.144962], [35.0, 0.79, -0.128814]]}, {"@module": "numpy", "@class": "array", "dtype": "float64", "data": [[34.0, 0.75, -0.146457], [35.0, 0.79, -0.129871]]}, {"@module": "numpy", "@class": "array", "dtype": "float64", "data": [[34.0, 0.75, -0.147482], [35.0, 0.79, -0.130091]]}, {"@module": "numpy", "@class": "array", "dtype": "float64", "data": [[34.0, 0.75, -0.148159], [35.0, 0.79, -0.13042]]}, {"@module": "numpy", "@class": "array", "dtype": "float64", "data": [[34.0, 0.75, -0.146794], [35.0, 0.79, -0.129392]]}, {"@module": "numpy", "@class": "array", "dtype": "float64", "data": [[34.0, 0.75, -0.14936], [35.0, 0.79, -0.132262]]}], "gw_kppa": 1000, "gw_kpt_grid": {"@module": "numpy", "@class": "array", "dtype": "int64", "data": [6, 6, 6]}, "conv_list": [[{"kppa": 0}, {"kpt_grid": "1x1x1"}, {"num_kpts": 1}, {"X_bnds": 400.0}, {"G_bnds": 400.0}, {"X_cutoff": 20.0}, {"gamma_gap": 2.031761}, {"num_gw_calc": 7}, {"wall_time": 303}, {"num_cores": 8}, {"z-factor": "None"}], [{"kppa": 0}, {"kpt_grid": "1x1x1"}, {"num_kpts": 1}, {"X_bnds": 200}, {"G_bnds": 200}, {"X_cutoff": 4}, {"gamma_gap": 8}, {"num_gw_calc": 1}, {"wall_time": 13}, {"num_cores": 8}, {"z-factor": "None"}], [{"kppa": 10}, {"kpt_grid": "2x2x2"}, {"num_kpts": 1}, {"X_bnds": 200}, {"G_bnds": 200}, {"X_cutoff": 4}, {"gamma_gap": 2.439143}, {"num_gw_calc": 2}, {"wall_time": 46}, {"num_cores": 8}, {"z-factor": {"@module": "numpy", "@class": "array", "dtype": "float64", "data": [[34.0, 0.77, -0.141308], [35.0, 0.81, -0.120522]]}}], [{"kppa": 220}, {"kpt_grid": "4x4x4"}, {"num_kpts": 1}, {"X_bnds": 200}, {"G_bnds": 200}, {"X_cutoff": 4}, {"gamma_gap": 2.466769}, {"num_gw_calc": 3}, {"wall_time": 481}, {"num_cores": 8}, {"z-factor": {"@module": "numpy", "@class": "array", "dtype": "float64", "data": [[34.0, 0.77, -0.140849], [35.0, 0.81, -0.119368]]}}], [{"kppa": 1000}, {"kpt_grid": "6x6x6"}, {"num_kpts": 1}, {"X_bnds": 200}, {"G_bnds": 200}, {"X_cutoff": 4}, {"gamma_gap": 2.466567}, {"num_gw_calc": 4}, {"wall_time": 1024}, {"num_cores": 32}, {"z-factor": {"@module": "numpy", "@class": "array", "dtype": "float64", "data": [[34.0, 0.77, -0.140379], [35.0, 0.81, -0.119726]]}}]], "conv_time": 1851.1581978797913}, "gw_band_range_pbe": [1, 42], "gw_conv_lda": {"gw_conv_thr": 0.025, "gw_bnd_start": 200, "gw_bnd_step": 100, "gw_cut_start": 4, "gw_cut_step": 4, "kpt_bnd_idx": {"@module": "numpy", "@class": "array", "dtype": "int64", "data": [1, 1, 34, 35]}, "gw_bands": 200, "gw_cutoff": 4, "w_conv_grid": [[200, 4, 2.073568], [300, 4, 2.0519100000000003], [300, 8, 2.1018030000000003], [300, 8, 2.1018030000000003], [300, 12, 2.131426], [300, 12, 2.131426], [300, 16, 2.1441540000000003], [300, 16, 2.1441540000000003], [400, 16, 2.139719], [400, 20, 2.146268], [400, 20, 2.146268]], "pwcutoff": 91, "w_conv_time": [12.847585678100586, 12.945364236831665, 14.584327220916748, 14.58627700805664, 16.216520071029663, 16.218211889266968, 19.875691652297974, 19.877859354019165, 21.708511114120483, 32.02323246002197, 32.0252366065979], "w_ngw": 7, "w_z_factor": [{"@module": "numpy", "@class": "array", "dtype": "float64", "data": [[34.0, 0.76, -0.145018], [35.0, 0.79, -0.130434]]}, {"@module": "numpy", "@class": "array", "dtype": "float64", "data": [[34.0, 0.76, -0.144709], [35.0, 0.79, -0.129237]]}, {"@module": "numpy", "@class": "array", "dtype": "float64", "data": [[34.0, 0.75, -0.147758], [35.0, 0.79, -0.130677]]}, {"@module": "numpy", "@class": "array", "dtype": "float64", "data": [[34.0, 0.75, -0.147488], [35.0, 0.79, -0.130732]]}, {"@module": "numpy", "@class": "array", "dtype": "float64", "data": [[34.0, 0.75, -0.147987], [35.0, 0.79, -0.130822]]}, {"@module": "numpy", "@class": "array", "dtype": "float64", "data": [[34.0, 0.75, -0.147977], [35.0, 0.79, -0.130545]]}, {"@module": "numpy", "@class": "array", "dtype": "float64", "data": [[34.0, 0.75, -0.148573], [35.0, 0.78, -0.130791]]}], "gw_kppa": 1000, "gw_kpt_grid": {"@module": "numpy", "@class": "array", "dtype": "int64", "data": [6, 6, 6]}, "conv_list": [[{"kppa": 0}, {"kpt_grid": "1x1x1"}, {"num_kpts": 1}, {"X_bnds": 400.0}, {"G_bnds": 400.0}, {"X_cutoff": 20.0}, {"gamma_gap": 2.146268}, {"num_gw_calc": 7}, {"wall_time": 406}, {"num_cores": 8}, {"z-factor": "None"}], [{"kppa": 0}, {"kpt_grid": "1x1x1"}, {"num_kpts": 1}, {"X_bnds": 200}, {"G_bnds": 200}, {"X_cutoff": 4}, {"gamma_gap": 8}, {"num_gw_calc": 1}, {"wall_time": 13}, {"num_cores": 8}, {"z-factor": "None"}], [{"kppa": 10}, {"kpt_grid": "2x2x2"}, {"num_kpts": 1}, {"X_bnds": 200}, {"G_bnds": 200}, {"X_cutoff": 4}, {"gamma_gap": 2.5162619999999998}, {"num_gw_calc": 2}, {"wall_time": 43}, {"num_cores": 8}, {"z-factor": {"@module": "numpy", "@class": "array", "dtype": "float64", "data": [[34.0, 0.77, -0.141243], [35.0, 0.81, -0.121669]]}}], [{"kppa": 220}, {"kpt_grid": "4x4x4"}, {"num_kpts": 1}, {"X_bnds": 200}, {"G_bnds": 200}, {"X_cutoff": 4}, {"gamma_gap": 2.544456}, {"num_gw_calc": 3}, {"wall_time": 490}, {"num_cores": 8}, {"z-factor": {"@module": "numpy", "@class": "array", "dtype": "float64",