{"@module": "pymatgen.entries.computed_entries", "@class": "ComputedEntry", "energy": 0.0, "composition": {"Ca": 8.0, "Si": 4.0}, "entry_id": "158275", "correction": 0.0, "energy_adjustments": [], "parameters": {"id": "158275", "name": "Ca2Si", "ibrav": {"celldm(1)": 9.103566676631154, "ibrav": 8, "celldm(2)": 1.5965043384398223, "celldm(3)": 1.8781292813550876}, "vol": 2262.196463123273, "lda_pw_cutoff_Ry": 60, "qe_conv_pbe": {"qe_conv_maxiter": 20, "qe_delta_kppa": 1500, "qe_delta_cutoff": 5, "qe_conv_thresh": 0.00044099190468536564, "qe_conv_steps": [[60, 1500, -310.9702752745449], [65, 1500, -310.9702885703557], [65, 3000, -310.9703336866146]], "qe_conv_time": 223.13405656814575}, "num_elec_pbe": 96.00000000000001, "max_mem": 135877.0, "qe_conv_lda": {"qe_conv_maxiter": 20, "qe_delta_kppa": 1500, "qe_delta_cutoff": 5, "qe_conv_thresh": 0.00044099190468536564, "qe_conv_steps": [[60, 1500, -326.6479473706772], [65, 1500, -326.6487346553769], [70, 1500, -326.6489040942392], [70, 3000, -326.6489566497373]], "qe_conv_time": 297.03436493873596}, "num_elec_lda": 96.00000000000001, "bg_conv_pbe": {"bg_conv_maxiter": 20, "bg_delta_kppa": 1500, "bg_delta_cutoff": 5, "bg_conv_thresh": 0.025, "bg_conv_steps": [[65, 3000, 0.34129696055482317], [65, 4500, 0.3412961720527547]], "bg_conv_time": 231.6273295879364}, "indirect_gap_pbe": 0.34129365030616915, "bg_conv_lda": {"bg_conv_maxiter": 20, "bg_delta_kppa": 1500, "bg_delta_cutoff": 5, "bg_conv_thresh": 0.025, "bg_conv_steps": [[70, 3000, 0.2853936233210287], [70, 4500, 0.2853902107462958]], "bg_conv_time": 242.99577593803406}, "indirect_gap_lda": 0.28539133259362653, "gw_conv_pbe": {"gw_conv_thr": 0.025, "gw_bnd_start": 200, "gw_bnd_step": 100, "gw_cut_start": 4, "gw_cut_step": 4, "kpt_bnd_idx": {"@module": "numpy", "@class": "array", "dtype": "int64", "data": [1, 1, 48, 49]}, "gw_bands": 200, "gw_cutoff": 4, "w_conv_grid": [[200, 4, 0.486384], [300, 4, 0.48988599999999993], [300, 8, 0.551146], [300, 8, 0.551146], [300, 12, 0.548881], [300, 12, 0.548881], [400, 12, 0.5725439999999999], [400, 16, 0.5687679999999999], [400, 16, 0.5687679999999999]], "pwcutoff": 65, "w_conv_time": [15.000760316848755, 16.115951538085938, 29.63583016395569, 29.637365341186523, 66.73851442337036, 66.74004006385803, 73.70520973205566, 163.29930233955383, 163.3008370399475], "w_ngw": 6, "w_z_factor": [{"@module": "numpy", "@class": "array", "dtype": "float64", "data": [[48.0, 0.76, -0.204427], [49.0, 0.77, -0.194584]]}, {"@module": "numpy", "@class": "array", "dtype": "float64", "data": [[48.0, 0.75, -0.20441], [49.0, 0.77, -0.193839]]}, {"@module": "numpy", "@class": "array", "dtype": "float64", "data": [[48.0, 0.75, -0.211739], [49.0, 0.77, -0.194894]]}, {"@module": "numpy", "@class": "array", "dtype": "float64", "data": [[48.0, 0.75, -0.198308], [49.0, 0.77, -0.190371]]}, {"@module": "numpy", "@class": "array", "dtype": "float64", "data": [[48.0, 0.75, -0.224557], [49.0, 0.77, -0.194343]]}, {"@module": "numpy", "@class": "array", "dtype": "float64", "data": [[48.0, 0.75, -0.221391], [49.0, 0.77, -0.193574]]}], "gw_kppa": 440, "gw_kpt_grid": {"@module": "numpy", "@class": "array", "dtype": "int64", "data": [4, 4, 2]}, "conv_list": [[{"kppa": 0}, {"kpt_grid": "1x1x1"}, {"num_kpts": 1}, {"X_bnds": 400.0}, {"G_bnds": 400.0}, {"X_cutoff": 16.0}, {"gamma_gap": 0.5687679999999999}, {"num_gw_calc": 6}, {"wall_time": 780}, {"num_cores": 8}, {"z-factor": "None"}], [{"kppa": 0}, {"kpt_grid": "1x1x1"}, {"num_kpts": 1}, {"X_bnds": 200}, {"G_bnds": 200}, {"X_cutoff": 4}, {"gamma_gap": 8}, {"num_gw_calc": 1}, {"wall_time": 16}, {"num_cores": 8}, {"z-factor": "None"}], [{"kppa": 10}, {"kpt_grid": "2x2x2"}, {"num_kpts": 1}, {"X_bnds": 200}, {"G_bnds": 200}, {"X_cutoff": 4}, {"gamma_gap": 0.687149}, {"num_gw_calc": 2}, {"wall_time": 123}, {"num_cores": 8}, {"z-factor": {"@module": "numpy", "@class": "array", "dtype": "float64", "data": [[48.0, 0.76, -0.207283], [49.0, 0.77, -0.203921]]}}], [{"kppa": 110}, {"kpt_grid": "4x2x2"}, {"num_kpts": 1}, {"X_bnds": 200}, {"G_bnds": 200}, {"X_cutoff": 4}, {"gamma_gap": 0.731888}, {"num_gw_calc": 3}, {"wall_time": 272}, {"num_cores": 8}, {"z-factor": {"@module": "numpy", "@class": "array", "dtype": "float64", "data": [[48.0, 0.76, -0.211194], [49.0, 0.77, -0.202624]]}}], [{"kppa": 440}, {"kpt_grid": "4x4x2"}, {"num_kpts": 1}, {"X_bnds": 200}, {"G_bnds": 200}, {"X_cutoff": 4}, {"gamma_gap": 0.730684}, {"num_gw_calc": 4}, {"wall_time": 218}, {"num_cores": 32}, {"z-factor": {"@module": "numpy", "@class": "array", "dtype": "float64", "data": [[48.0, 0.76, -0.208546], [49.0, 0.77, -0.202604]]}}]], "conv_time": 1389.9677975177765}, "gw_band_range_pbe": [1, 69], "gw_conv_lda": {"gw_conv_thr": 0.025, "gw_bnd_start": 200, "gw_bnd_step": 100, "gw_cut_start": 4, "gw_cut_step": 4, "kpt_bnd_idx": {"@module": "numpy", "@class": "array", "dtype": "int64", "data": [1, 1, 48, 49]}, "gw_bands": 200, "gw_cutoff": 4, "w_conv_grid": [[200, 4, 0.5899099999999999], [300, 4, 0.591769], [300, 8, 0.658344], [300, 8, 0.658344], [300, 12, 0.6548780000000001], [300, 12, 0.6548780000000001], [400, 12, 0.6832349999999999], [500, 12, 0.697975], [500, 16, 0.694793], [500, 16, 0.694793], [600, 16, 0.702062], [600, 20, 0.7003119999999999], [600, 20, 0.7003119999999999]], "pwcutoff": 70, "w_conv_time": [15.078144788742065, 16.55757474899292, 30.66290283203125, 30.664477348327637, 69.09712862968445, 69.09848642349243, 77.36936593055725, 85.55135607719421, 191.4394838809967, 191.44105505943298, 210.58362817764282, 397.3349163532257, 397.33648014068604], "w_ngw": 9, "w_z_factor": [{"@module": "numpy", "@class": "array", "dtype": "float64", "data": [[48.0, 0.75, -0.206401], [49.0, 0.77, -0.197108]]}, {"@module": "numpy", "@class": "array", "dtype": "float64", "data": [[48.0, 0.75, -0.201653], [49.0, 0.77, -0.19392]]}, {"@module": "numpy", "@class": "array", "dtype": "float64", "data": [[48.0, 0.75, -0.210753], [49.0, 0.76, -0.195169]]}, {"@module": "numpy", "@class": "array", "dtype": "float64", "data": [[48.0, 0.75, -0.2155], [49.0, 0.76, -0.191211]]}, {"@module": "numpy", "@class": "array", "dtype": "float64", "data": [[48.0, 0.75, -0.213643], [49.0, 0.76, -0.194249]]}, {"@module": "numpy", "@class": "array", "dtype": "float64", "data": [[48.0, 0.75, -0.20096], [49.0, 0.76, -0.193478]]}, {"@module": "numpy", "@class": "array", "dtype": "float64", "data": [[48.0, 0.75, -0.208726], [49.0, 0.76, -0.197555]]}, {"@module": "numpy", "@class": "array", "dtype": "float64", "data": [[48.0, 0.75, -0.200613], [49.0, 0.76, -0.190353]]}, {"@module": "numpy", "@class": "array", "dtype": "float64", "data": [[48.0, 0.75, -0.200898], [49.0, 0.76, -0.193525]]}], "gw_kppa": 440, "gw_kpt_grid": {"@module": "numpy", "@class": "array", "dtype": "int64", "data": [4, 4, 2]}, "conv_list": [[{"kppa": 0}, {"kpt_grid": "1x1x1"}, {"num_kpts": 1}, {"X_bnds": 600.0}, {"G_bnds": 600.0}, {"X_cutoff": 20.0}, {"gamma_gap": 0.7003119999999999}, {"num_gw_calc": 9}, {"wall_time": 1556}, {"num_cores": 8}, {"z-factor": "None"}], [{"kppa": 0}, {"kpt_grid": "1x1x1"}, {"num_kpts": 1}, {"X_bnds": 200}, {"G_bnds": 200}, {"X_cutoff": 4}, {"gamma_gap": 8}, {"num_gw_calc": 1}, {"wall_time": 16}, {"num_cores": 8}, {"z-factor": "None"}], [{"kppa": 10}, {"kpt_grid": "2x2x2"}, {"num_kpts": 1}, {"X_bnds": 200}, {"G_bnds": 200}, {"X_cutoff": 4}, {"gamma_gap": 0.721619}, {"num_gw_calc": 2}, {"wall_time": 130}, {"num_cores": 8}, {"z-factor": {"@module": "numpy", "@class": "array", "dtype": "float64", "data": [[48.0, 0.76, -0.209642], [49.0, 0.77, -0.206204]]}}], [{"kppa": 110}, {"kpt_grid": "4x2x2"}, {"num_kpts": 1}, {"X_bnds": 200}, {"G_bnds": 200}, {"X_cutoff": 4}, {"gamma_gap": 0.75966}, {"num_gw_calc": 3}, {"wall_time": 267}, {"num_cores": 8}, {"z-factor": {"@module": "numpy", "@class": "array", "dtype": "float64",