{"@module": "pymatgen.entries.computed_entries", "@class": "ComputedEntry", "energy": 0.0, "composition": {"Cs": 2.0, "Sn": 1.0, "Br": 6.0}, "entry_id": "158957", "correction": 0.0, "energy_adjustments": [], "parameters": {"id": "158957", "name": "Cs2SnBr6", "ibrav": {"celldm(1)": 20.352350460272667, "ibrav": 2}, "vol": 2107.5783369366236, "lda_pw_cutoff_Ry": 64, "qe_conv_pbe": {"qe_conv_maxiter": 20, "qe_delta_kppa": 1500, "qe_delta_cutoff": 5, "qe_conv_thresh": 0.00033074392851402423, "qe_conv_steps": [[60, 1500, -182.0430059229355], [65, 1500, -182.0431101195542], [65, 4500, -182.0431103416578]], "qe_conv_time": 84.64928865432739}, "num_elec_pbe": 74.0, "max_mem": 177102.0, "qe_conv_lda": {"qe_conv_maxiter": 20, "qe_delta_kppa": 1500, "qe_delta_cutoff": 5, "qe_conv_thresh": 0.00033074392851402423, "qe_conv_steps": [[64, 1500, -220.5483663433399], [69, 1500, -220.5488040668999], [74, 1500, -220.5488437536924], [74, 4500, -220.5488442024504]], "qe_conv_time": 95.28724575042725}, "num_elec_lda": 74.0, "bg_conv_pbe": {"bg_conv_maxiter": 20, "bg_delta_kppa": 1500, "bg_delta_cutoff": 5, "bg_conv_thresh": 0.025, "bg_conv_steps": [[65, 4500, 1.1768887095374778], [65, 7500, 1.1768963754846844]], "bg_conv_time": 91.62042212486267}, "indirect_gap_pbe": 1.1768961584043098, "bg_conv_lda": {"bg_conv_maxiter": 20, "bg_delta_kppa": 1500, "bg_delta_cutoff": 5, "bg_conv_thresh": 0.025, "bg_conv_steps": [[74, 4500, 0.9665101790877728], [74, 7500, 0.9665125929685274]], "bg_conv_time": 75.3705780506134}, "indirect_gap_lda": 0.9665120996933831, "gw_conv_pbe": {"gw_conv_thr": 0.025, "gw_bnd_start": 200, "gw_bnd_step": 100, "gw_cut_start": 4, "gw_cut_step": 4, "kpt_bnd_idx": {"@module": "numpy", "@class": "array", "dtype": "int64", "data": [1, 1, 37, 38]}, "gw_bands": 200, "gw_cutoff": 4, "w_conv_grid": [[200, 4, 2.322739], [300, 4, 2.2757899999999998], [400, 4, 2.267966], [400, 8, 2.396595], [400, 8, 2.396595], [400, 12, 2.4181179999999998], [400, 12, 2.4181179999999998], [500, 12, 2.413955], [500, 16, 2.417007], [500, 16, 2.417007]], "pwcutoff": 65, "w_conv_time": [12.248352289199829, 14.002662420272827, 14.807586669921875, 20.141404151916504, 20.142569065093994, 30.407639503479004, 30.408310890197754, 35.527963638305664, 64.59541702270508, 64.59664011001587], "w_ngw": 7, "w_z_factor": [{"@module": "numpy", "@class": "array", "dtype": "float64", "data": [[37.0, 0.79, -0.166243], [38.0, 0.81, -0.149748]]}, {"@module": "numpy", "@class": "array", "dtype": "float64", "data": [[37.0, 0.79, -0.178271], [38.0, 0.81, -0.104057]]}, {"@module": "numpy", "@class": "array", "dtype": "float64", "data": [[37.0, 0.79, -0.177545], [38.0, 0.81, -0.104578]]}, {"@module": "numpy", "@class": "array", "dtype": "float64", "data": [[37.0, 0.79, -0.170749], [38.0, 0.81, -0.106403]]}, {"@module": "numpy", "@class": "array", "dtype": "float64", "data": [[37.0, 0.79, -0.170161], [38.0, 0.81, -0.106978]]}, {"@module": "numpy", "@class": "array", "dtype": "float64", "data": [[37.0, 0.79, -0.171599], [38.0, 0.81, -0.111677]]}, {"@module": "numpy", "@class": "array", "dtype": "float64", "data": [[37.0, 0.79, -0.171535], [38.0, 0.81, -0.111466]]}], "gw_kppa": 1130, "gw_kpt_grid": {"@module": "numpy", "@class": "array", "dtype": "int64", "data": [6, 6, 6]}, "conv_list": [[{"kppa": 0}, {"kpt_grid": "1x1x1"}, {"num_kpts": 1}, {"X_bnds": 500.0}, {"G_bnds": 500.0}, {"X_cutoff": 16.0}, {"gamma_gap": 2.417007}, {"num_gw_calc": 7}, {"wall_time": 370}, {"num_cores": 8}, {"z-factor": "None"}], [{"kppa": 0}, {"kpt_grid": "1x1x1"}, {"num_kpts": 1}, {"X_bnds": 200}, {"G_bnds": 200}, {"X_cutoff": 4}, {"gamma_gap": 4}, {"num_gw_calc": 1}, {"wall_time": 13}, {"num_cores": 8}, {"z-factor": "None"}], [{"kppa": 10}, {"kpt_grid": "2x2x2"}, {"num_kpts": 1}, {"X_bnds": 200}, {"G_bnds": 200}, {"X_cutoff": 4}, {"gamma_gap": 2.743025}, {"num_gw_calc": 2}, {"wall_time": 54}, {"num_cores": 8}, {"z-factor": {"@module": "numpy", "@class": "array", "dtype": "float64", "data": [[37.0, 0.81, -0.138365], [38.0, 0.83, -0.125829]]}}], [{"kppa": 250}, {"kpt_grid": "4x4x4"}, {"num_kpts": 1}, {"X_bnds": 200}, {"G_bnds": 200}, {"X_cutoff": 4}, {"gamma_gap": 2.777386}, {"num_gw_calc": 3}, {"wall_time": 446}, {"num_cores": 8}, {"z-factor": {"@module": "numpy", "@class": "array", "dtype": "float64", "data": [[37.0, 0.81, -0.137525], [38.0, 0.83, -0.123194]]}}], [{"kppa": 1130}, {"kpt_grid": "6x6x6"}, {"num_kpts": 1}, {"X_bnds": 200}, {"G_bnds": 200}, {"X_cutoff": 4}, {"gamma_gap": 2.7770029999999997}, {"num_gw_calc": 4}, {"wall_time": 1155}, {"num_cores": 32}, {"z-factor": {"@module": "numpy", "@class": "array", "dtype": "float64", "data": [[37.0, 0.81, -0.139018], [38.0, 0.83, -0.123518]]}}]], "conv_time": 2022.7018115520477}, "gw_band_range_pbe": [1, 39], "gw_conv_lda": {"gw_conv_thr": 0.025, "gw_bnd_start": 200, "gw_bnd_step": 100, "gw_cut_start": 4, "gw_cut_step": 4, "kpt_bnd_idx": {"@module": "numpy", "@class": "array", "dtype": "int64", "data": [1, 1, 37, 38]}, "gw_bands": 200, "gw_cutoff": 4, "w_conv_grid": [[200, 4, 2.312317], [300, 4, 2.273306], [400, 4, 2.268693], [400, 8, 2.389425], [400, 8, 2.389425], [400, 12, 2.413445], [400, 12, 2.413445], [500, 12, 2.4114240000000002], [500, 16, 2.417097], [500, 16, 2.417097]], "pwcutoff": 74, "w_conv_time": [12.21215295791626, 13.199285984039307, 13.72020435333252, 19.077181100845337, 19.07816433906555, 29.72267770767212, 29.723344564437866, 34.551016330718994, 63.53018140792847, 63.53122067451477], "w_ngw": 7, "w_z_factor": [{"@module": "numpy", "@class": "array", "dtype": "float64", "data": [[37.0, 0.79, -0.185406], [38.0, 0.81, -0.860542]]}, {"@module": "numpy", "@class": "array", "dtype": "float64", "data": [[37.0, 0.79, -0.184568], [38.0, 0.8, -0.439903]]}, {"@module": "numpy", "@class": "array", "dtype": "float64", "data": [[37.0, 0.78, -0.199297], [38.0, 0.81, -0.700321]]}, {"@module": "numpy", "@class": "array", "dtype": "float64", "data": [[37.0, 0.78, -0.185457], [38.0, 0.8, -0.843143]]}, {"@module": "numpy", "@class": "array", "dtype": "float64", "data": [[37.0, 0.78, -0.185391], [38.0, 0.8, -0.887031]]}, {"@module": "numpy", "@class": "array", "dtype": "float64", "data": [[37.0, 0.78, -0.181828], [38.0, 0.8, -0.987671]]}, {"@module": "numpy", "@class": "array", "dtype": "float64", "data": [[37.0, 0.78, -0.180892], [38.0, 0.8, -0.971532]]}], "gw_kppa": 1130, "gw_kpt_grid": {"@module": "numpy", "@class": "array", "dtype": "int64", "data": [6, 6, 6]}, "conv_list": [[{"kppa": 0}, {"kpt_grid": "1x1x1"}, {"num_kpts": 1}, {"X_bnds": 500.0}, {"G_bnds": 500.0}, {"X_cutoff": 16.0}, {"gamma_gap": 2.417097}, {"num_gw_calc": 7}, {"wall_time": 343}, {"num_cores": 8}, {"z-factor": "None"}], [{"kppa": 0}, {"kpt_grid": "1x1x1"}, {"num_kpts": 1}, {"X_bnds": 200}, {"G_bnds": 200}, {"X_cutoff": 4}, {"gamma_gap": 4}, {"num_gw_calc": 1}, {"wall_time": 13}, {"num_cores": 8}, {"z-factor": "None"}], [{"kppa": 10}, {"kpt_grid": "2x2x2"}, {"num_kpts": 1}, {"X_bnds": 200}, {"G_bnds": 200}, {"X_cutoff": 4}, {"gamma_gap": 2.73871}, {"num_gw_calc": 2}, {"wall_time": 55}, {"num_cores": 8}, {"z-factor": {"@module": "numpy", "@class": "array", "dtype": "float64", "data": [[37.0, 0.8, -0.15076], [38.0, 0.82, -0.105293]]}}], [{"kppa": 250}, {"kpt_grid": "4x4x4"}, {"num_kpts": 1}, {"X_bnds": 200}, {"G_bnds": 200}, {"X_cutoff": 4}, {"gamma_gap": 2.79501}, {"num_gw_calc": 3}, {"wall_time": 409}, {"num_cores": 8}, {"z-factor": {"@module": "numpy", "@class": "array", "dtype": "float64", "data": [[37.0, 0.81, -0.14383], [38.0, 0.82, -0.12673]]}}], [{"kppa": 1130}, {"kpt_grid": "6x6x6"}, {"num_kpts": 1}, {"X_bnds": 200}, {"G_bnds": 200}, {"X_cutoff": 4}, {"gamma_gap": 2.7956790000000002}, {"num_gw_calc": 4}, {"wall_time": 978}, {"num_cores": 32}, {"z-factor": {"@module": "numpy", "@class": "array", "dtype": "float64", "data": [[37.0, 0.8, -0.147057], [38.0, 0.82, -0.12952]]}}]], "conv_time": 1781.9165134429932}, "gw_band_range_lda": [1, 39], "g0w0_ppa_pbe": {"gw_direct_gap": 2.8498720000000004, "kppa": 3090,