{"@module": "pymatgen.entries.computed_entries", "@class": "ComputedEntry", "energy": 0.0, "composition": {"Cr": 3.0, "Si": 6.0}, "entry_id": "161434", "correction": 0.0, "energy_adjustments": [], "parameters": {"id": "161434", "name": "CrSi2", "ibrav": {"celldm(1)": 8.366913635180506, "ibrav": 4, "celldm(3)": 1.4382687608129046}, "vol": 729.5692782370149, "lda_pw_cutoff_Ry": 86, "qe_conv_pbe": {"qe_conv_maxiter": 20, "qe_delta_kppa": 1500, "qe_delta_cutoff": 5, "qe_conv_thresh": 0.00033074392851402423, "qe_conv_steps": [[60, 1500, -275.1080144723945], [65, 1500, -275.1080594012532], [65, 3000, -275.1080596982532]], "qe_conv_time": 44.724053144454956}, "num_elec_pbe": 66.00000000000001, "max_mem": 5666.0, "qe_conv_lda": {"qe_conv_maxiter": 20, "qe_delta_kppa": 1500, "qe_delta_cutoff": 5, "qe_conv_thresh": 0.00033074392851402423, "qe_conv_steps": [[86, 1500, -292.5271324787193], [91, 1500, -292.5273599867832], [91, 3000, -292.5273612933978]], "qe_conv_time": 50.39039921760559}, "num_elec_lda": 66.00000000000001, "bg_conv_pbe": {"bg_conv_maxiter": 20, "bg_delta_kppa": 1500, "bg_delta_cutoff": 5, "bg_conv_thresh": 0.025, "bg_conv_steps": [[65, 3000, 0.32966224001424693], [65, 6000, 0.32966391923691724]], "bg_conv_time": 55.05126428604126}, "indirect_gap_pbe": 0.3296628859239363, "bg_conv_lda": {"bg_conv_maxiter": 20, "bg_delta_kppa": 1500, "bg_delta_cutoff": 5, "bg_conv_thresh": 0.025, "bg_conv_steps": [[91, 3000, 0.2767379938526116], [91, 6000, 0.2767365172899689]], "bg_conv_time": 56.0203492641449}, "indirect_gap_lda": 0.2767363319392976}, "data": {}}