{"@module": "pymatgen.entries.computed_entries", "@class": "ComputedEntry", "energy": 0.0, "composition": {"Te": 4.0, "O": 8.0}, "entry_id": "161691", "correction": 0.0, "energy_adjustments": [], "parameters": {"id": "161691", "name": "TeO2", "ibrav": {"celldm(1)": 9.08958270324155, "ibrav": 6, "celldm(3)": 1.5844074844074847}, "vol": 1189.8678270972505, "lda_pw_cutoff_Ry": 68, "qe_conv_pbe": {"qe_conv_maxiter": 20, "qe_delta_kppa": 1500, "qe_delta_cutoff": 5, "qe_conv_thresh": 0.00044099190468536564, "qe_conv_steps": [[60, 1500, -477.0607331895148], [65, 1500, -477.1053772443947], [70, 1500, -477.1259566963269], [75, 1500, -477.1344593982191], [80, 1500, -477.1374764790673], [85, 1500, -477.1382655667121], [90, 1500, -477.1383006079688], [90, 3000, -477.1383004165382]], "qe_conv_time": 325.97443890571594}, "num_elec_pbe": 112.0, "max_mem": 85170.0, "qe_conv_lda": {"qe_conv_maxiter": 20, "qe_delta_kppa": 1500, "qe_delta_cutoff": 5, "qe_conv_thresh": 0.00044099190468536564, "qe_conv_steps": [[68, 1500, -550.2906978517202], [73, 1500, -550.2964445503688], [78, 1500, -550.2981362391182], [83, 1500, -550.298632385125], [88, 1500, -550.2987559618356], [88, 3000, -550.2987557979369]], "qe_conv_time": 224.12109780311584}, "num_elec_lda": 112.0, "bg_conv_pbe": {"bg_conv_maxiter": 20, "bg_delta_kppa": 1500, "bg_delta_cutoff": 5, "bg_conv_thresh": 0.025, "bg_conv_steps": [[90, 3000, 2.5894610243819125], [90, 4500, 2.5894891759204306]], "bg_conv_time": 142.70941138267517}, "indirect_gap_pbe": 2.5894890294803887, "bg_conv_lda": {"bg_conv_maxiter": 20, "bg_delta_kppa": 1500, "bg_delta_cutoff": 5, "bg_conv_thresh": 0.025, "bg_conv_steps": [[88, 3000, 2.5219134003453347], [88, 4500, 2.5219078578573075]], "bg_conv_time": 119.23085522651672}, "indirect_gap_lda": 2.5219133975426575, "gw_conv_pbe": {"gw_conv_thr": 0.025, "gw_bnd_start": 200, "gw_bnd_step": 100, "gw_cut_start": 4, "gw_cut_step": 4, "kpt_bnd_idx": {"@module": "numpy", "@class": "array", "dtype": "int64", "data": [1, 1, 56, 57]}, "gw_bands": 200, "gw_cutoff": 4, "w_conv_grid": [[200, 4, 3.773574], [300, 4, 3.748267], [400, 4, 3.740309], [400, 8, 3.8443509999999996], [400, 8, 3.8443509999999996], [400, 12, 3.898586], [400, 12, 3.898586], [400, 16, 3.9304369999999995], [400, 16, 3.9304369999999995], [400, 20, 3.9505549999999996], [400, 20, 3.9505549999999996], [500, 20, 3.949095], [500, 24, 3.9611169999999998], [500, 24, 3.9611169999999998]], "pwcutoff": 90, "w_conv_time": [13.872439622879028, 14.318003416061401, 15.026561498641968, 18.587421417236328, 18.58956742286682, 26.679654598236084, 26.681321144104004, 45.6846079826355, 45.68663311004639, 77.08641481399536, 77.0884518623352, 89.68464875221252, 139.5766453742981, 139.57885265350342], "w_ngw": 9, "w_z_factor": [{"@module": "numpy", "@class": "array", "dtype": "float64", "data": [[56.0, 0.81, -0.121712], [57.0, 0.83, -0.11113]]}, {"@module": "numpy", "@class": "array", "dtype": "float64", "data": [[56.0, 0.81, -0.117674], [57.0, 0.83, -0.105685]]}, {"@module": "numpy", "@class": "array", "dtype": "float64", "data": [[56.0, 0.81, -0.116024], [57.0, 0.83, -0.104171]]}, {"@module": "numpy", "@class": "array", "dtype": "float64", "data": [[56.0, 0.8, -0.117636], [57.0, 0.82, -0.104635]]}, {"@module": "numpy", "@class": "array", "dtype": "float64", "data": [[56.0, 0.8, -0.117659], [57.0, 0.82, -0.104656]]}, {"@module": "numpy", "@class": "array", "dtype": "float64", "data": [[56.0, 0.8, -0.117798], [57.0, 0.82, -0.104673]]}, {"@module": "numpy", "@class": "array", "dtype": "float64", "data": [[56.0, 0.79, -0.11799], [57.0, 0.82, -0.104832]]}, {"@module": "numpy", "@class": "array", "dtype": "float64", "data": [[56.0, 0.79, -0.117076], [57.0, 0.82, -0.103701]]}, {"@module": "numpy", "@class": "array", "dtype": "float64", "data": [[56.0, 0.79, -0.117167], [57.0, 0.82, -0.103689]]}], "gw_kppa": 210, "gw_kpt_grid": {"@module": "numpy", "@class": "array", "dtype": "int64", "data": [4, 4, 2]}, "conv_list": [[{"kppa": 0}, {"kpt_grid": "1x1x1"}, {"num_kpts": 1}, {"X_bnds": 500.0}, {"G_bnds": 500.0}, {"X_cutoff": 24.0}, {"gamma_gap": 3.9611169999999998}, {"num_gw_calc": 9}, {"wall_time": 701}, {"num_cores": 8}, {"z-factor": "None"}], [{"kppa": 0}, {"kpt_grid": "1x1x1"}, {"num_kpts": 1}, {"X_bnds": 200}, {"G_bnds": 200}, {"X_cutoff": 4}, {"gamma_gap": 4}, {"num_gw_calc": 1}, {"wall_time": 14}, {"num_cores": 8}, {"z-factor": "None"}], [{"kppa": 10}, {"kpt_grid": "2x2x2"}, {"num_kpts": 1}, {"X_bnds": 200}, {"G_bnds": 200}, {"X_cutoff": 4}, {"gamma_gap": 3.584709}, {"num_gw_calc": 2}, {"wall_time": 83}, {"num_cores": 8}, {"z-factor": {"@module": "numpy", "@class": "array", "dtype": "float64", "data": [[56.0, 0.81, -0.120702], [57.0, 0.83, -0.104624]]}}], [{"kppa": 210}, {"kpt_grid": "4x4x2"}, {"num_kpts": 1}, {"X_bnds": 200}, {"G_bnds": 200}, {"X_cutoff": 4}, {"gamma_gap": 3.597245}, {"num_gw_calc": 3}, {"wall_time": 437}, {"num_cores": 8}, {"z-factor": {"@module": "numpy", "@class": "array", "dtype": "float64", "data": [[56.0, 0.8, -0.122066], [57.0, 0.83, -0.104038]]}}]], "conv_time": 1219.1916346549988}, "gw_band_range_pbe": [1, 65], "gw_conv_lda": {"gw_conv_thr": 0.025, "gw_bnd_start": 200, "gw_bnd_step": 100, "gw_cut_start": 4, "gw_cut_step": 4, "kpt_bnd_idx": {"@module": "numpy", "@class": "array", "dtype": "int64", "data": [1, 1, 56, 57]}, "gw_bands": 200, "gw_cutoff": 4, "w_conv_grid": [[200, 4, 4.068195], [300, 4, 4.039756000000001], [400, 4, 4.031861], [400, 8, 4.116458000000001], [400, 8, 4.116458000000001], [400, 12, 4.167984000000001], [400, 12, 4.167984000000001], [400, 16, 4.197837], [400, 16, 4.197837], [400, 20, 4.216188000000001], [400, 20, 4.216188000000001], [500, 20, 4.2113190000000005], [500, 24, 4.222177], [500, 24, 4.222177]], "pwcutoff": 88, "w_conv_time": [13.406565427780151, 14.340784311294556, 14.941450119018555, 18.595441818237305, 18.597722053527832, 26.486949920654297, 26.488404273986816, 46.55673956871033, 46.5588173866272, 77.71678614616394, 77.71895790100098, 91.5418074131012, 144.96261191368103, 144.96417117118835], "w_ngw": 9, "w_z_factor": [{"@module": "numpy", "@class": "array", "dtype": "float64", "data": [[56.0, 0.8, -0.125132], [57.0, 0.82, -0.114318]]}, {"@module": "numpy", "@class": "array", "dtype": "float64", "data": [[56.0, 0.8, -0.121274], [57.0, 0.82, -0.109554]]}, {"@module": "numpy", "@class": "array", "dtype": "float64", "data": [[56.0, 0.8, -0.120096], [57.0, 0.83, -0.108708]]}, {"@module": "numpy", "@class": "array", "dtype": "float64", "data": [[56.0, 0.8, -0.121294], [57.0, 0.82, -0.11003]]}, {"@module": "numpy", "@class": "array", "dtype": "float64", "data": [[56.0, 0.79, -0.121587], [57.0, 0.82, -0.109457]]}, {"@module": "numpy", "@class": "array", "dtype": "float64", "data": [[56.0, 0.79, -0.121276], [57.0, 0.82, -0.108856]]}, {"@module": "numpy", "@class": "array", "dtype": "float64", "data": [[56.0, 0.79, -0.121467], [57.0, 0.82, -0.108851]]}, {"@module": "numpy", "@class": "array", "dtype": "float64", "data": [[56.0, 0.79, -0.120647], [57.0, 0.82, -0.108563]]}, {"@module": "numpy", "@class": "array", "dtype": "float64", "data": [[56.0, 0.79, -0.120714], [57.0, 0.82, -0.108526]]}], "gw_kppa": 210, "gw_kpt_grid": {"@module": "numpy", "@class": "array", "dtype": "int64", "data": [4, 4, 2]}, "conv_list": [[{"kppa": 0}, {"kpt_grid": "1x1x1"}, {"num_kpts": 1}, {"X_bnds": 500.0}, {"G_bnds": 500.0}, {"X_cutoff": 24.0}, {"gamma_gap": 4.222177}, {"num_gw_calc": 9}, {"wall_time": 688}, {"num_cores": 8}, {"z-factor": "None"}], [{"kppa": 0}, {"kpt_grid": "1x1x1"}, {"num_kpts": 1}, {"X_bnds": 200}, {"G_bnds": 200}, {"X_cutoff": 4}, {"gamma_gap": 4}, {"num_gw_calc": 1}, {"wall_time": 14}, {"num_cores": 8}, {"z-factor": "None"}], [{"kppa": 10}, {"kpt_grid": "2x2x2"}, {"num_kpts": 1}, {"X_bnds": 200}, {"G_bnds": 200}, {"X_cutoff": 4}, {"gamma_gap": 3.8659890000000003}, {"num_gw_calc": 2}, {"wall_time": 81}, {"num_cores": 8}, {"z-factor": {"@module": "numpy", "@class": "array", "dtype": "float64",