{"@module": "pymatgen.entries.computed_entries", "@class": "ComputedEntry", "energy": 0.0, "composition": {"Cd": 1.0, "Te": 1.0}, "entry_id": "161693", "correction": 0.0, "energy_adjustments": [], "parameters": {"id": "161693", "name": "CdTe", "ibrav": {"celldm(1)": 12.241267949076532, "ibrav": 2}, "vol": 458.5843415748246, "lda_pw_cutoff_Ry": 94, "qe_conv_pbe": {"qe_conv_maxiter": 20, "qe_delta_kppa": 1500, "qe_delta_cutoff": 5, "qe_conv_thresh": 7.349865078089427e-05, "qe_conv_steps": [[60, 1500, -242.8585600862671], [65, 1500, -242.8585680951542], [65, 3000, -242.8585736666736]], "qe_conv_time": 25.115610361099243}, "num_elec_pbe": 36.0, "max_mem": 59496.0, "qe_conv_lda": {"qe_conv_maxiter": 20, "qe_delta_kppa": 1500, "qe_delta_cutoff": 5, "qe_conv_thresh": 7.349865078089427e-05, "qe_conv_steps": [[94, 1500, -279.9266664112487], [99, 1500, -279.9268712258755], [104, 1500, -279.9269362491193], [104, 3000, -279.9269445403656]], "qe_conv_time": 36.47745323181152}, "num_elec_lda": 36.0, "bg_conv_pbe": {"bg_conv_maxiter": 20, "bg_delta_kppa": 1500, "bg_delta_cutoff": 5, "bg_conv_thresh": 0.025, "bg_conv_steps": [[65, 3000, 0.7776161311359139], [65, 4500, 0.7776389812472999]], "bg_conv_time": 18.846214294433594}, "indirect_gap_pbe": 0.7776152744641419, "bg_conv_lda": {"bg_conv_maxiter": 20, "bg_delta_kppa": 1500, "bg_delta_cutoff": 5, "bg_conv_thresh": 0.025, "bg_conv_steps": [[104, 3000, 0.5167594726375655], [104, 4500, 0.5168136165291317]], "bg_conv_time": 21.429150342941284}, "indirect_gap_lda": 0.5167594726375655, "gw_conv_pbe": {"gw_conv_thr": 0.025, "gw_bnd_start": 200, "gw_bnd_step": 100, "gw_cut_start": 4, "gw_cut_step": 4, "kpt_bnd_idx": {"@module": "numpy", "@class": "array", "dtype": "int64", "data": [1, 1, 18, 19]}, "gw_bands": 200, "gw_cutoff": 4, "w_conv_grid": [[200, 4, 0.8571550000000001], [300, 4, 0.853679], [300, 8, 1.0282179999999999], [300, 8, 1.0282179999999999], [300, 12, 1.066559], [300, 12, 1.066559], [300, 16, 1.0791819999999999], [300, 16, 1.0791819999999999], [400, 16, 1.0850520000000001], [400, 20, 1.092732], [400, 20, 1.092732]], "pwcutoff": 65, "w_conv_time": [13.340279579162598, 13.137087345123291, 13.597643852233887, 13.599267482757568, 13.612014532089233, 13.614009380340576, 15.154300212860107, 15.156282663345337, 15.57805871963501, 18.346949338912964, 18.348265171051025], "w_ngw": 7, "w_z_factor": [{"@module": "numpy", "@class": "array", "dtype": "float64", "data": [[18.0, 0.82, -0.857978], [19.0, 0.83, -0.852754]]}, {"@module": "numpy", "@class": "array", "dtype": "float64", "data": [[18.0, 0.82, -0.861213], [19.0, 0.83, -0.849179]]}, {"@module": "numpy", "@class": "array", "dtype": "float64", "data": [[18.0, 0.82, -0.113913], [19.0, 0.83, -0.929355]]}, {"@module": "numpy", "@class": "array", "dtype": "float64", "data": [[18.0, 0.82, -0.113948], [19.0, 0.83, -0.930093]]}, {"@module": "numpy", "@class": "array", "dtype": "float64", "data": [[18.0, 0.82, -0.954186], [19.0, 0.83, -0.886783]]}, {"@module": "numpy", "@class": "array", "dtype": "float64", "data": [[18.0, 0.82, -0.916212], [19.0, 0.83, -0.873766]]}, {"@module": "numpy", "@class": "array", "dtype": "float64", "data": [[18.0, 0.82, -0.910336], [19.0, 0.83, -0.865832]]}], "gw_kppa": 690, "gw_kpt_grid": {"@module": "numpy", "@class": "array", "dtype": "int64", "data": [8, 8, 8]}, "conv_list": [[{"kppa": 0}, {"kpt_grid": "1x1x1"}, {"num_kpts": 1}, {"X_bnds": 400.0}, {"G_bnds": 400.0}, {"X_cutoff": 20.0}, {"gamma_gap": 1.092732}, {"num_gw_calc": 7}, {"wall_time": 218}, {"num_cores": 8}, {"z-factor": "None"}], [{"kppa": 0}, {"kpt_grid": "1x1x1"}, {"num_kpts": 1}, {"X_bnds": 200}, {"G_bnds": 200}, {"X_cutoff": 4}, {"gamma_gap": 8}, {"num_gw_calc": 1}, {"wall_time": 14}, {"num_cores": 8}, {"z-factor": "None"}], [{"kppa": 10}, {"kpt_grid": "2x2x2"}, {"num_kpts": 1}, {"X_bnds": 200}, {"G_bnds": 200}, {"X_cutoff": 4}, {"gamma_gap": 1.555733}, {"num_gw_calc": 2}, {"wall_time": 23}, {"num_cores": 8}, {"z-factor": {"@module": "numpy", "@class": "array", "dtype": "float64", "data": [[18.0, 0.81, -0.123903], [19.0, 0.82, -0.121922]]}}], [{"kppa": 60}, {"kpt_grid": "4x4x4"}, {"num_kpts": 1}, {"X_bnds": 200}, {"G_bnds": 200}, {"X_cutoff": 4}, {"gamma_gap": 1.590713}, {"num_gw_calc": 3}, {"wall_time": 63}, {"num_cores": 8}, {"z-factor": {"@module": "numpy", "@class": "array", "dtype": "float64", "data": [[18.0, 0.81, -0.134924], [19.0, 0.81, -0.1296]]}}], [{"kppa": 260}, {"kpt_grid": "6x6x6"}, {"num_kpts": 1}, {"X_bnds": 200}, {"G_bnds": 200}, {"X_cutoff": 4}, {"gamma_gap": 1.6196709999999999}, {"num_gw_calc": 4}, {"wall_time": 85}, {"num_cores": 32}, {"z-factor": {"@module": "numpy", "@class": "array", "dtype": "float64", "data": [[18.0, 0.81, -0.130716], [19.0, 0.82, -0.126567]]}}], [{"kppa": 690}, {"kpt_grid": "8x8x8"}, {"num_kpts": 1}, {"X_bnds": 200}, {"G_bnds": 200}, {"X_cutoff": 4}, {"gamma_gap": 1.635885}, {"num_gw_calc": 5}, {"wall_time": 271}, {"num_cores": 32}, {"z-factor": {"@module": "numpy", "@class": "array", "dtype": "float64", "data": [[18.0, 0.81, -0.129636], [19.0, 0.82, -0.124853]]}}]], "conv_time": 656.5052042007446}, "gw_band_range_pbe": [1, 21], "gw_conv_lda": {"gw_conv_thr": 0.025, "gw_bnd_start": 200, "gw_bnd_step": 100, "gw_cut_start": 4, "gw_cut_step": 4, "kpt_bnd_idx": {"@module": "numpy", "@class": "array", "dtype": "int64", "data": [1, 1, 18, 19]}, "gw_bands": 200, "gw_cutoff": 4, "w_conv_grid": [[200, 4, 1.234301], [300, 4, 1.229751], [300, 8, 1.365478], [300, 8, 1.365478], [300, 12, 1.40524], [300, 12, 1.40524], [300, 16, 1.4195959999999999], [300, 16, 1.4195959999999999], [400, 16, 1.4228450000000001], [400, 20, 1.4347500000000002], [400, 20, 1.4347500000000002]], "pwcutoff": 104, "w_conv_time": [12.961230039596558, 13.153601169586182, 13.306994438171387, 13.308611869812012, 14.094645977020264, 14.096361637115479, 15.160624742507935, 15.162394523620605, 15.744734764099121, 19.193687915802002, 19.19458246231079], "w_ngw": 7, "w_z_factor": [{"@module": "numpy", "@class": "array", "dtype": "float64", "data": [[18.0, 0.83, -0.77303], [19.0, 0.84, -0.783686]]}, {"@module": "numpy", "@class": "array", "dtype": "float64", "data": [[18.0, 0.83, -0.779508], [19.0, 0.84, -0.768285]]}, {"@module": "numpy", "@class": "array", "dtype": "float64", "data": [[18.0, 0.83, -0.802779], [19.0, 0.84, -0.774582]]}, {"@module": "numpy", "@class": "array", "dtype": "float64", "data": [[18.0, 0.83, -0.795588], [19.0, 0.84, -0.77988]]}, {"@module": "numpy", "@class": "array", "dtype": "float64", "data": [[18.0, 0.83, -0.795805], [19.0, 0.84, -0.781106]]}, {"@module": "numpy", "@class": "array", "dtype": "float64", "data": [[18.0, 0.83, -0.791752], [19.0, 0.84, -0.76988]]}, {"@module": "numpy", "@class": "array", "dtype": "float64", "data": [[18.0, 0.83, -0.791198], [19.0, 0.84, -0.76958]]}], "gw_kppa": 260, "gw_kpt_grid": {"@module": "numpy", "@class": "array", "dtype": "int64", "data": [6, 6, 6]}, "conv_list": [[{"kppa": 0}, {"kpt_grid": "1x1x1"}, {"num_kpts": 1}, {"X_bnds": 400.0}, {"G_bnds": 400.0}, {"X_cutoff": 20.0}, {"gamma_gap": 1.4347500000000002}, {"num_gw_calc": 7}, {"wall_time": 203}, {"num_cores": 8}, {"z-factor": "None"}], [{"kppa": 0}, {"kpt_grid": "1x1x1"}, {"num_kpts": 1}, {"X_bnds": 200}, {"G_bnds": 200}, {"X_cutoff": 4}, {"gamma_gap": 8}, {"num_gw_calc": 1}, {"wall_time": 13}, {"num_cores": 8}, {"z-factor": "None"}], [{"kppa": 10}, {"kpt_grid": "2x2x2"}, {"num_kpts": 1}, {"X_bnds": 200}, {"G_bnds": 200}, {"X_cutoff": 4}, {"gamma_gap": 1.784049}, {"num_gw_calc": 2}, {"wall_time": 26}, {"num_cores": 8}, {"z-factor": {"@module": "numpy", "@class": "array", "dtype": "float64", "data": [[18.0, 0.81, -0.119268], [19.0, 0.82, -0.118169]]}}], [{"kppa": 60}, {"kpt_grid": "4x4x4"}, {"num_kpts": 1}, {"X_bnds": 200}, {"G_bnds": 200}, {"X_cutoff": 4}, {"gamma_gap": 1.7259479999999998}, {"num_gw_calc": 3}, {"wall_time": 123}, {"num_cores": 8}, {"z-factor": {"@module": "numpy", "@class": "array", "dtype": "float64",