{"@module": "pymatgen.entries.computed_entries", "@class": "ComputedEntry", "energy": 0.0, "composition": {"Tl": 2.0, "In": 2.0, "Te": 4.0}, "entry_id": "16245", "correction": 0.0, "energy_adjustments": [], "parameters": {"id": "16245", "name": "TlInTe2", "ibrav": {"celldm(1)": 16.051333779903064, "ibrav": 7, "celldm(3)": 0.8454202966800094}, "vol": 1748.1393622091991, "lda_pw_cutoff_Ry": 68, "qe_conv_pbe": {"qe_conv_maxiter": 20, "qe_delta_kppa": 1500, "qe_delta_cutoff": 5, "qe_conv_thresh": 0.00029399460312357707, "qe_conv_steps": [[60, 1500, -550.1731835019636], [65, 1500, -550.1738573187652], [70, 1500, -550.1741010372644], [70, 3000, -550.1741063805898]], "qe_conv_time": 242.13208675384521}, "num_elec_pbe": 116.0, "max_mem": 133062.0, "qe_conv_lda": {"qe_conv_maxiter": 20, "qe_delta_kppa": 1500, "qe_delta_cutoff": 5, "qe_conv_thresh": 0.00029399460312357707, "qe_conv_steps": [[68, 1500, -672.3970516082471], [73, 1500, -672.3977696833877], [78, 1500, -672.3978136658092], [78, 3000, -672.3978209376302]], "qe_conv_time": 242.67237186431885}, "num_elec_lda": 116.0, "bg_conv_pbe": {"bg_conv_maxiter": 20, "bg_delta_kppa": 1500, "bg_delta_cutoff": 5, "bg_conv_thresh": 0.025, "bg_conv_steps": [[70, 3000, 0.37699436280791193], [70, 6000, 0.4594925083716175], [70, 12000, 0.4487798036027963]], "bg_conv_time": 467.61297583580017}, "indirect_gap_pbe": 0.4487819920614421, "bg_conv_lda": {"bg_conv_maxiter": 20, "bg_delta_kppa": 1500, "bg_delta_cutoff": 5, "bg_conv_thresh": 0.025, "bg_conv_steps": [[78, 3000, 0.2837640158861956], [78, 6000, 0.3706181392940966], [78, 12000, 0.3606686547284953]], "bg_conv_time": 429.8331935405731}, "indirect_gap_lda": 0.3606962143492764, "gw_conv_pbe": {"gw_conv_thr": 0.025, "gw_bnd_start": 200, "gw_bnd_step": 100, "gw_cut_start": 4, "gw_cut_step": 4, "kpt_bnd_idx": {"@module": "numpy", "@class": "array", "dtype": "int64", "data": [1, 1, 58, 59]}, "gw_bands": 200, "gw_cutoff": 4, "w_conv_grid": [[200, 4, 3.348188], [300, 4, 3.313281], [400, 4, 3.301016], [400, 8, 3.349345], [400, 8, 3.349345], [400, 12, 3.351596], [400, 12, 3.351596]], "pwcutoff": 70, "w_conv_time": [12.720271825790405, 13.815364837646484, 15.211868524551392, 19.525808095932007, 19.527727603912354, 35.71380567550659, 35.71907877922058], "w_ngw": 5, "w_z_factor": [{"@module": "numpy", "@class": "array", "dtype": "float64", "data": [[58.0, 0.79, -0.16267], [59.0, 0.79, -0.175929]]}, {"@module": "numpy", "@class": "array", "dtype": "float64", "data": [[58.0, 0.79, -0.15663], [59.0, 0.8, -0.160139]]}, {"@module": "numpy", "@class": "array", "dtype": "float64", "data": [[58.0, 0.79, -0.155397], [59.0, 0.8, -0.152658]]}, {"@module": "numpy", "@class": "array", "dtype": "float64", "data": [[58.0, 0.79, -0.154326], [59.0, 0.8, -0.154262]]}, {"@module": "numpy", "@class": "array", "dtype": "float64", "data": [[58.0, 0.79, -0.154279], [59.0, 0.8, -0.152958]]}], "gw_kppa": 220, "gw_kpt_grid": {"@module": "numpy", "@class": "array", "dtype": "int64", "data": [4, 4, 4]}, "conv_list": [[{"kppa": 0}, {"kpt_grid": "1x1x1"}, {"num_kpts": 1}, {"X_bnds": 400.0}, {"G_bnds": 400.0}, {"X_cutoff": 12.0}, {"gamma_gap": 3.351596}, {"num_gw_calc": 5}, {"wall_time": 710}, {"num_cores": 8}, {"z-factor": "None"}], [{"kppa": 0}, {"kpt_grid": "1x1x1"}, {"num_kpts": 1}, {"X_bnds": 200}, {"G_bnds": 200}, {"X_cutoff": 4}, {"gamma_gap": 4}, {"num_gw_calc": 1}, {"wall_time": 13}, {"num_cores": 8}, {"z-factor": "None"}], [{"kppa": 10}, {"kpt_grid": "2x2x2"}, {"num_kpts": 1}, {"X_bnds": 200}, {"G_bnds": 200}, {"X_cutoff": 4}, {"gamma_gap": 3.0651479999999998}, {"num_gw_calc": 2}, {"wall_time": 92}, {"num_cores": 8}, {"z-factor": {"@module": "numpy", "@class": "array", "dtype": "float64", "data": [[58.0, 0.8, -0.149148], [59.0, 0.8, -0.149603]]}}], [{"kppa": 220}, {"kpt_grid": "4x4x4"}, {"num_kpts": 1}, {"X_bnds": 200}, {"G_bnds": 200}, {"X_cutoff": 4}, {"gamma_gap": 3.07916}, {"num_gw_calc": 3}, {"wall_time": 1573}, {"num_cores": 8}, {"z-factor": {"@module": "numpy", "@class": "array", "dtype": "float64", "data": [[58.0, 0.8, -0.148968], [59.0, 0.8, -0.144379]]}}]], "conv_time": 2373.885771751404}, "gw_band_range_pbe": [1, 67], "gw_conv_lda": {"gw_conv_thr": 0.025, "gw_bnd_start": 200, "gw_bnd_step": 100, "gw_cut_start": 4, "gw_cut_step": 4, "kpt_bnd_idx": {"@module": "numpy", "@class": "array", "dtype": "int64", "data": [1, 1, 58, 59]}, "gw_bands": 200, "gw_cutoff": 4, "w_conv_grid": [[200, 4, 3.2245679999999997], [300, 4, 3.208615], [300, 8, 3.229919], [300, 8, 3.229919]], "pwcutoff": 78, "w_conv_time": [14.503139734268188, 15.508754968643188, 20.40973949432373, 20.411328315734863], "w_ngw": 3, "w_z_factor": [{"@module": "numpy", "@class": "array", "dtype": "float64", "data": [[58.0, 0.79, -0.179976], [59.0, 0.79, -0.180459]]}, {"@module": "numpy", "@class": "array", "dtype": "float64", "data": [[58.0, 0.79, -0.174712], [59.0, 0.79, -0.154037]]}, {"@module": "numpy", "@class": "array", "dtype": "float64", "data": [[58.0, 0.79, -0.17133], [59.0, 0.79, -0.170871]]}], "gw_kppa": 220, "gw_kpt_grid": {"@module": "numpy", "@class": "array", "dtype": "int64", "data": [4, 4, 4]}, "conv_list": [[{"kppa": 0}, {"kpt_grid": "1x1x1"}, {"num_kpts": 1}, {"X_bnds": 300.0}, {"G_bnds": 300.0}, {"X_cutoff": 8.0}, {"gamma_gap": 3.229919}, {"num_gw_calc": 3}, {"wall_time": 744}, {"num_cores": 8}, {"z-factor": "None"}], [{"kppa": 0}, {"kpt_grid": "1x1x1"}, {"num_kpts": 1}, {"X_bnds": 200}, {"G_bnds": 200}, {"X_cutoff": 4}, {"gamma_gap": 8}, {"num_gw_calc": 1}, {"wall_time": 15}, {"num_cores": 8}, {"z-factor": "None"}], [{"kppa": 10}, {"kpt_grid": "2x2x2"}, {"num_kpts": 1}, {"X_bnds": 200}, {"G_bnds": 200}, {"X_cutoff": 4}, {"gamma_gap": 3.0137859999999996}, {"num_gw_calc": 2}, {"wall_time": 69}, {"num_cores": 8}, {"z-factor": {"@module": "numpy", "@class": "array", "dtype": "float64", "data": [[58.0, 0.79, -0.161423], [59.0, 0.8, -0.150173]]}}], [{"kppa": 220}, {"kpt_grid": "4x4x4"}, {"num_kpts": 1}, {"X_bnds": 200}, {"G_bnds": 200}, {"X_cutoff": 4}, {"gamma_gap": 3.0046039999999996}, {"num_gw_calc": 3}, {"wall_time": 995}, {"num_cores": 8}, {"z-factor": {"@module": "numpy", "@class": "array", "dtype": "float64", "data": [[58.0, 0.79, -0.168919], [59.0, 0.8, -0.166352]]}}]], "conv_time": 1806.2983961105347}, "gw_band_range_lda": [1, 67], "g0w0_ppa_pbe": {"gw_direct_gap": 3.090243, "kppa": 1000, "kpt_grid": "6x6x6", "num_kpt": 36, "bands_in X": 500, "bands_in_G": 500, "cutoff": 16, "z_factor": [[58.0, 0.8, -0.00138718], [59.0, 0.8, -0.00126984]], "scissor": 0.653634, "ncpu": 32, "calc_time": 39997.58697295189}, "g0w0_ppa_lda": {"gw_direct_gap": 3.005636, "kppa": 1000, "kpt_grid": "6x6x6", "num_kpt": 36, "bands_in X": 400, "bands_in_G": 400, "cutoff": 12, "z_factor": [[58.0, 0.79, -0.00155575], [59.0, 0.8, -0.00151006]], "scissor": 0.689783, "ncpu": 32, "calc_time": 13071.307873249054}}, "data": {}}