{"@module": "pymatgen.entries.computed_entries", "@class": "ComputedEntry", "energy": 0.0, "composition": {"Tl": 2.0, "Ga": 2.0, "Te": 4.0}, "entry_id": "16243", "correction": 0.0, "energy_adjustments": [], "parameters": {"id": "16243", "name": "TlGaTe2", "ibrav": {"celldm(1)": 15.92850158121061, "ibrav": 7, "celldm(3)": 0.8144501127061338}, "vol": 1645.73255793046, "lda_pw_cutoff_Ry": 72, "qe_conv_pbe": {"qe_conv_maxiter": 20, "qe_delta_kppa": 1500, "qe_delta_cutoff": 5, "qe_conv_thresh": 0.00029399460312357707, "qe_conv_steps": [[60, 1500, -576.8778649431943], [65, 1500, -576.8786343180847], [70, 1500, -576.879970238101], [75, 1500, -576.8820013750219], [80, 1500, -576.8831879286261], [85, 1500, -576.8834880068647], [90, 1500, -576.8835230076189], [90, 3000, -576.8835340189726]], "qe_conv_time": 513.4134497642517}, "num_elec_pbe": 116.0, "max_mem": 105285.0, "qe_conv_lda": {"qe_conv_maxiter": 20, "qe_delta_kppa": 1500, "qe_delta_cutoff": 5, "qe_conv_thresh": 0.00029399460312357707, "qe_conv_steps": [[72, 1500, -692.6290494509198], [77, 1500, -692.6299143468684], [82, 1500, -692.6300538100924], [82, 3000, -692.6300692889668]], "qe_conv_time": 242.76311135292053}, "num_elec_lda": 116.0, "bg_conv_pbe": {"bg_conv_maxiter": 20, "bg_delta_kppa": 1500, "bg_delta_cutoff": 5, "bg_conv_thresh": 0.025, "bg_conv_steps": [[90, 3000, 0.30365581760886867], [90, 6000, 0.37754420102091824], [90, 12000, 0.3939674986980615]], "bg_conv_time": 569.8405961990356}, "indirect_gap_pbe": 0.39397738265822985, "bg_conv_lda": {"bg_conv_maxiter": 20, "bg_delta_kppa": 1500, "bg_delta_cutoff": 5, "bg_conv_thresh": 0.025, "bg_conv_steps": [[82, 3000, 0.22018873847181825], [82, 6000, 0.29782490632207326], [82, 12000, 0.31771479379292455]], "bg_conv_time": 432.1094756126404}, "indirect_gap_lda": 0.31779042760519277, "gw_conv_pbe": {"gw_conv_thr": 0.025, "gw_bnd_start": 200, "gw_bnd_step": 100, "gw_cut_start": 4, "gw_cut_step": 4, "kpt_bnd_idx": {"@module": "numpy", "@class": "array", "dtype": "int64", "data": [1, 1, 58, 59]}, "gw_bands": 200, "gw_cutoff": 4, "w_conv_grid": [[200, 4, 4.061049000000001], [300, 4, 4.03299], [400, 4, 4.023797], [400, 8, 4.078818], [400, 8, 4.078818], [400, 12, 4.086069], [400, 12, 4.086069], [500, 12, 4.080337], [500, 16, 4.080445], [500, 16, 4.080445]], "pwcutoff": 90, "w_conv_time": [13.898881912231445, 14.460736989974976, 15.617382287979126, 20.3686466217041, 20.371704816818237, 31.162809371948242, 31.164313793182373, 35.41614580154419, 65.03380298614502, 65.0357871055603], "w_ngw": 7, "w_z_factor": [{"@module": "numpy", "@class": "array", "dtype": "float64", "data": [[58.0, 0.79, -0.164457], [59.0, 0.8, -0.167082]]}, {"@module": "numpy", "@class": "array", "dtype": "float64", "data": [[58.0, 0.79, -0.152744], [59.0, 0.8, -0.15489]]}, {"@module": "numpy", "@class": "array", "dtype": "float64", "data": [[58.0, 0.8, -0.15288], [59.0, 0.8, -0.153346]]}, {"@module": "numpy", "@class": "array", "dtype": "float64", "data": [[58.0, 0.79, -0.153547], [59.0, 0.8, -0.152824]]}, {"@module": "numpy", "@class": "array", "dtype": "float64", "data": [[58.0, 0.79, -0.153159], [59.0, 0.8, -0.153031]]}, {"@module": "numpy", "@class": "array", "dtype": "float64", "data": [[58.0, 0.79, -0.151591], [59.0, 0.8, -0.151311]]}, {"@module": "numpy", "@class": "array", "dtype": "float64", "data": [[58.0, 0.79, -0.152004], [59.0, 0.8, -0.15019]]}], "gw_kppa": 220, "gw_kpt_grid": {"@module": "numpy", "@class": "array", "dtype": "int64", "data": [4, 4, 4]}, "conv_list": [[{"kppa": 0}, {"kpt_grid": "1x1x1"}, {"num_kpts": 1}, {"X_bnds": 500.0}, {"G_bnds": 500.0}, {"X_cutoff": 16.0}, {"gamma_gap": 4.080445}, {"num_gw_calc": 7}, {"wall_time": 1087}, {"num_cores": 8}, {"z-factor": "None"}], [{"kppa": 0}, {"kpt_grid": "1x1x1"}, {"num_kpts": 1}, {"X_bnds": 200}, {"G_bnds": 200}, {"X_cutoff": 4}, {"gamma_gap": 4}, {"num_gw_calc": 1}, {"wall_time": 14}, {"num_cores": 8}, {"z-factor": "None"}], [{"kppa": 10}, {"kpt_grid": "2x2x2"}, {"num_kpts": 1}, {"X_bnds": 200}, {"G_bnds": 200}, {"X_cutoff": 4}, {"gamma_gap": 3.7288419999999998}, {"num_gw_calc": 2}, {"wall_time": 68}, {"num_cores": 8}, {"z-factor": {"@module": "numpy", "@class": "array", "dtype": "float64", "data": [[58.0, 0.8, -0.150236], [59.0, 0.8, -0.443974]]}}], [{"kppa": 220}, {"kpt_grid": "4x4x4"}, {"num_kpts": 1}, {"X_bnds": 200}, {"G_bnds": 200}, {"X_cutoff": 4}, {"gamma_gap": 3.742942}, {"num_gw_calc": 3}, {"wall_time": 913}, {"num_cores": 8}, {"z-factor": {"@module": "numpy", "@class": "array", "dtype": "float64", "data": [[58.0, 0.8, -0.148569], [59.0, 0.8, -0.994165]]}}]], "conv_time": 2066.545228242874}, "gw_band_range_pbe": [1, 67], "gw_conv_lda": {"gw_conv_thr": 0.025, "gw_bnd_start": 200, "gw_bnd_step": 100, "gw_cut_start": 4, "gw_cut_step": 4, "kpt_bnd_idx": {"@module": "numpy", "@class": "array", "dtype": "int64", "data": [1, 1, 58, 59]}, "gw_bands": 200, "gw_cutoff": 4, "w_conv_grid": [[200, 4, 3.935619], [300, 4, 3.9132610000000003], [300, 8, 3.9688149999999998], [300, 8, 3.9688149999999998], [300, 12, 3.9740720000000005], [300, 12, 3.9740720000000005], [400, 12, 3.9690380000000003], [400, 16, 3.9693039999999997], [400, 16, 3.9693039999999997]], "pwcutoff": 82, "w_conv_time": [13.711410522460938, 15.572434902191162, 19.065377712249756, 19.06675958633423, 28.102437496185303, 28.103983163833618, 32.08377981185913, 63.347079277038574, 63.34855818748474], "w_ngw": 6, "w_z_factor": [{"@module": "numpy", "@class": "array", "dtype": "float64", "data": [[58.0, 0.79, -0.16895], [59.0, 0.79, -0.173024]]}, {"@module": "numpy", "@class": "array", "dtype": "float64", "data": [[58.0, 0.79, -0.162058], [59.0, 0.79, -0.163208]]}, {"@module": "numpy", "@class": "array", "dtype": "float64", "data": [[58.0, 0.79, -0.161583], [59.0, 0.79, -0.164686]]}, {"@module": "numpy", "@class": "array", "dtype": "float64", "data": [[58.0, 0.79, -0.161564], [59.0, 0.79, -0.164108]]}, {"@module": "numpy", "@class": "array", "dtype": "float64", "data": [[58.0, 0.79, -0.163127], [59.0, 0.79, -0.161181]]}, {"@module": "numpy", "@class": "array", "dtype": "float64", "data": [[58.0, 0.79, -0.163335], [59.0, 0.79, -0.160704]]}], "gw_kppa": 220, "gw_kpt_grid": {"@module": "numpy", "@class": "array", "dtype": "int64", "data": [4, 4, 4]}, "conv_list": [[{"kppa": 0}, {"kpt_grid": "1x1x1"}, {"num_kpts": 1}, {"X_bnds": 400.0}, {"G_bnds": 400.0}, {"X_cutoff": 16.0}, {"gamma_gap": 3.9693039999999997}, {"num_gw_calc": 6}, {"wall_time": 872}, {"num_cores": 8}, {"z-factor": "None"}], [{"kppa": 0}, {"kpt_grid": "1x1x1"}, {"num_kpts": 1}, {"X_bnds": 200}, {"G_bnds": 200}, {"X_cutoff": 4}, {"gamma_gap": 8}, {"num_gw_calc": 1}, {"wall_time": 14}, {"num_cores": 8}, {"z-factor": "None"}], [{"kppa": 10}, {"kpt_grid": "2x2x2"}, {"num_kpts": 1}, {"X_bnds": 200}, {"G_bnds": 200}, {"X_cutoff": 4}, {"gamma_gap": 3.6152279999999997}, {"num_gw_calc": 2}, {"wall_time": 72}, {"num_cores": 8}, {"z-factor": {"@module": "numpy", "@class": "array", "dtype": "float64", "data": [[58.0, 0.79, -0.157318], [59.0, 0.8, -0.169744]]}}], [{"kppa": 220}, {"kpt_grid": "4x4x4"}, {"num_kpts": 1}, {"X_bnds": 200}, {"G_bnds": 200}, {"X_cutoff": 4}, {"gamma_gap": 3.626667}, {"num_gw_calc": 3}, {"wall_time": 895}, {"num_cores": 8}, {"z-factor": {"@module": "numpy", "@class": "array", "dtype": "float64", "data": [[58.0, 0.79, -0.150879]]}}]], "conv_time": 1836.9731118679047}, "gw_band_range_lda": [1, 66], "g0w0_ppa_pbe": {"gw_direct_gap": 3.7573309999999998, "kppa": 1000, "kpt_grid": "6x6x6", "num_kpt": 36, "bands_in X": 600, "bands_in_G": 600, "cutoff": 20, "z_factor": [[58.0, 0.79, -0.00137548], [59.0, 0.8, -0.0014327]], "scissor": 0.745082, "ncpu": 16, "calc_time": 161385.25347161293}, "g0w0_ppa_lda": {"gw_direct_gap": 3.655009, "kppa": 1000, "kpt_grid": "6x6x6", "num_kpt": 36, "bands_in X": 500, "bands_in_G": 500, "cutoff": 20, "z_factor": [[58.0, 0.79, -0.00141494], [59.0, 0.8, -0.00150929]], "scissor": 0.759845, "ncpu": 16, "calc_time": 161489.89670944214}}, "data": {}}