{"@module": "pymatgen.entries.computed_entries", "@class": "ComputedEntry", "energy": 0.0, "composition": {"Li": 2.0, "Ga": 2.0, "Te": 4.0}, "entry_id": "162555", "correction": 0.0, "energy_adjustments": [], "parameters": {"id": "162555", "name": "LiGaTe2", "ibrav": {"celldm(1)": 11.961021563444369, "ibrav": 7, "celldm(3)": 1.8456434157516388}, "vol": 1579.1472270495924, "lda_pw_cutoff_Ry": 72, "qe_conv_pbe": {"qe_conv_maxiter": 20, "qe_delta_kppa": 1500, "qe_delta_cutoff": 5, "qe_conv_thresh": 0.00029399460312357707, "qe_conv_steps": [[60, 1500, -495.2799551694759], [65, 1500, -495.2808003253018], [70, 1500, -495.2821277348846], [75, 1500, -495.2841675839655], [80, 1500, -495.2854030071023], [85, 1500, -495.2857165417164], [90, 1500, -495.2857550041499], [90, 3000, -495.2857563030826]], "qe_conv_time": 388.6685335636139}, "num_elec_pbe": 96.00000000000001, "max_mem": 450781.0, "qe_conv_lda": {"qe_conv_maxiter": 20, "qe_delta_kppa": 1500, "qe_delta_cutoff": 5, "qe_conv_thresh": 0.00029399460312357707, "qe_conv_steps": [[72, 1500, -585.6102387908662], [77, 1500, -585.6111199305554], [82, 1500, -585.6112542783399], [82, 3000, -585.6112561547375]], "qe_conv_time": 188.2735471725464}, "num_elec_lda": 96.00000000000001, "bg_conv_pbe": {"bg_conv_maxiter": 20, "bg_delta_kppa": 1500, "bg_delta_cutoff": 5, "bg_conv_thresh": 0.025, "bg_conv_steps": [[90, 3000, 1.778308049967062], [90, 6000, 1.7783072253821024]], "bg_conv_time": 228.70303630828857}, "indirect_gap_pbe": 1.7783066750963445, "bg_conv_lda": {"bg_conv_maxiter": 20, "bg_delta_kppa": 1500, "bg_delta_cutoff": 5, "bg_conv_thresh": 0.025, "bg_conv_steps": [[82, 3000, 1.6661084099825871], [82, 6000, 1.666109835899767]], "bg_conv_time": 176.06288528442383}, "indirect_gap_lda": 1.666108662186513, "gw_conv_pbe": {"gw_conv_thr": 0.025, "gw_bnd_start": 200, "gw_bnd_step": 100, "gw_cut_start": 4, "gw_cut_step": 4, "kpt_bnd_idx": {"@module": "numpy", "@class": "array", "dtype": "int64", "data": [1, 1, 48, 49]}, "gw_bands": 200, "gw_cutoff": 4, "w_conv_grid": [[200, 4, 2.538681], [300, 4, 2.515906], [300, 8, 2.574661], [300, 8, 2.574661], [300, 12, 2.586934], [300, 12, 2.586934], [400, 12, 2.575349], [400, 16, 2.578154], [400, 16, 2.578154]], "pwcutoff": 90, "w_conv_time": [14.222919464111328, 15.200664043426514, 19.097640991210938, 19.098823308944702, 29.567851066589355, 29.60632586479187, 35.50112342834473, 60.667978048324585, 60.66907453536987], "w_ngw": 6, "w_z_factor": [{"@module": "numpy", "@class": "array", "dtype": "float64", "data": [[48.0, 0.78, -0.169443], [49.0, 0.79, -0.171388]]}, {"@module": "numpy", "@class": "array", "dtype": "float64", "data": [[48.0, 0.79, -0.164075], [49.0, 0.79, -0.165714]]}, {"@module": "numpy", "@class": "array", "dtype": "float64", "data": [[48.0, 0.78, -0.163983], [49.0, 0.78, -0.165709]]}, {"@module": "numpy", "@class": "array", "dtype": "float64", "data": [[48.0, 0.78, -0.163967], [49.0, 0.78, -0.165622]]}, {"@module": "numpy", "@class": "array", "dtype": "float64", "data": [[48.0, 0.78, -0.161609], [49.0, 0.78, -0.16345]]}, {"@module": "numpy", "@class": "array", "dtype": "float64", "data": [[48.0, 0.78, -0.161589], [49.0, 0.78, -0.163317]]}], "gw_kppa": 1000, "gw_kpt_grid": {"@module": "numpy", "@class": "array", "dtype": "int64", "data": [6, 6, 6]}, "conv_list": [[{"kppa": 0}, {"kpt_grid": "1x1x1"}, {"num_kpts": 1}, {"X_bnds": 400.0}, {"G_bnds": 400.0}, {"X_cutoff": 16.0}, {"gamma_gap": 2.578154}, {"num_gw_calc": 6}, {"wall_time": 603}, {"num_cores": 8}, {"z-factor": "None"}], [{"kppa": 0}, {"kpt_grid": "1x1x1"}, {"num_kpts": 1}, {"X_bnds": 200}, {"G_bnds": 200}, {"X_cutoff": 4}, {"gamma_gap": 8}, {"num_gw_calc": 1}, {"wall_time": 15}, {"num_cores": 8}, {"z-factor": "None"}], [{"kppa": 10}, {"kpt_grid": "2x2x2"}, {"num_kpts": 1}, {"X_bnds": 200}, {"G_bnds": 200}, {"X_cutoff": 4}, {"gamma_gap": 2.9180910000000004}, {"num_gw_calc": 2}, {"wall_time": 79}, {"num_cores": 8}, {"z-factor": {"@module": "numpy", "@class": "array", "dtype": "float64", "data": [[48.0, 0.8, -0.158647], [49.0, 0.8, -0.156333]]}}], [{"kppa": 220}, {"kpt_grid": "4x4x4"}, {"num_kpts": 1}, {"X_bnds": 200}, {"G_bnds": 200}, {"X_cutoff": 4}, {"gamma_gap": 2.9492849999999997}, {"num_gw_calc": 3}, {"wall_time": 1939}, {"num_cores": 8}, {"z-factor": {"@module": "numpy", "@class": "array", "dtype": "float64", "data": [[48.0, 0.8, -0.155713], [49.0, 0.8, -0.152207]]}}], [{"kppa": 1000}, {"kpt_grid": "6x6x6"}, {"num_kpts": 1}, {"X_bnds": 200}, {"G_bnds": 200}, {"X_cutoff": 4}, {"gamma_gap": 2.946863}, {"num_gw_calc": 4}, {"wall_time": 4759}, {"num_cores": 32}, {"z-factor": {"@module": "numpy", "@class": "array", "dtype": "float64", "data": [[48.0, 0.8, -0.156261], [49.0, 0.8, -0.152161]]}}]], "conv_time": 7377.269797086716}, "gw_band_range_pbe": [1, 56], "gw_conv_lda": {"gw_conv_thr": 0.025, "gw_bnd_start": 200, "gw_bnd_step": 100, "gw_cut_start": 4, "gw_cut_step": 4, "kpt_bnd_idx": {"@module": "numpy", "@class": "array", "dtype": "int64", "data": [1, 1, 48, 49]}, "gw_bands": 200, "gw_cutoff": 4, "w_conv_grid": [[200, 4, 2.369532], [300, 4, 2.3529619999999998], [300, 8, 2.4136789999999997], [300, 8, 2.4136789999999997], [300, 12, 2.423581], [300, 12, 2.423581], [400, 12, 2.41969], [400, 16, 2.42161], [400, 16, 2.42161]], "pwcutoff": 82, "w_conv_time": [14.118515729904175, 14.83829665184021, 18.865800380706787, 18.867769241333008, 29.01654839515686, 29.01838779449463, 34.46335029602051, 59.55517792701721, 59.55705761909485], "w_ngw": 6, "w_z_factor": [{"@module": "numpy", "@class": "array", "dtype": "float64", "data": [[48.0, 0.78, -0.171606], [49.0, 0.78, -0.173327]]}, {"@module": "numpy", "@class": "array", "dtype": "float64", "data": [[48.0, 0.78, -0.166764], [49.0, 0.78, -0.171106]]}, {"@module": "numpy", "@class": "array", "dtype": "float64", "data": [[48.0, 0.78, -0.166632], [49.0, 0.78, -0.168572]]}, {"@module": "numpy", "@class": "array", "dtype": "float64", "data": [[48.0, 0.78, -0.166583], [49.0, 0.78, -0.168321]]}, {"@module": "numpy", "@class": "array", "dtype": "float64", "data": [[48.0, 0.78, -0.164507], [49.0, 0.78, -0.165608]]}, {"@module": "numpy", "@class": "array", "dtype": "float64", "data": [[48.0, 0.78, -0.16449], [49.0, 0.78, -0.16561]]}], "gw_kppa": 1000, "gw_kpt_grid": {"@module": "numpy", "@class": "array", "dtype": "int64", "data": [6, 6, 6]}, "conv_list": [[{"kppa": 0}, {"kpt_grid": "1x1x1"}, {"num_kpts": 1}, {"X_bnds": 400.0}, {"G_bnds": 400.0}, {"X_cutoff": 16.0}, {"gamma_gap": 2.42161}, {"num_gw_calc": 6}, {"wall_time": 531}, {"num_cores": 8}, {"z-factor": "None"}], [{"kppa": 0}, {"kpt_grid": "1x1x1"}, {"num_kpts": 1}, {"X_bnds": 200}, {"G_bnds": 200}, {"X_cutoff": 4}, {"gamma_gap": 8}, {"num_gw_calc": 1}, {"wall_time": 15}, {"num_cores": 8}, {"z-factor": "None"}], [{"kppa": 10}, {"kpt_grid": "2x2x2"}, {"num_kpts": 1}, {"X_bnds": 200}, {"G_bnds": 200}, {"X_cutoff": 4}, {"gamma_gap": 2.74188}, {"num_gw_calc": 2}, {"wall_time": 76}, {"num_cores": 8}, {"z-factor": {"@module": "numpy", "@class": "array", "dtype": "float64", "data": [[48.0, 0.79, -0.163483], [49.0, 0.8, -0.160454]]}}], [{"kppa": 220}, {"kpt_grid": "4x4x4"}, {"num_kpts": 1}, {"X_bnds": 200}, {"G_bnds": 200}, {"X_cutoff": 4}, {"gamma_gap": 2.778918}, {"num_gw_calc": 3}, {"wall_time": 1053}, {"num_cores": 8}, {"z-factor": {"@module": "numpy", "@class": "array", "dtype": "float64", "data": [[48.0, 0.8, -0.159952], [49.0, 0.8, -0.155865]]}}], [{"kppa": 1000}, {"kpt_grid": "6x6x6"}, {"num_kpts": 1}, {"X_bnds": 200}, {"G_bnds": 200}, {"X_cutoff": 4}, {"gamma_gap": 2.775996}, {"num_gw_calc": 4}, {"wall_time": 2426}, {"num_cores": 32}, {"z-factor": {"@module": "numpy", "@class": "array", "dtype": "float64", "data": [[48.0, 0.8, -0.160579], [49.0, 0.8, -0.15578]]}}]], "conv_time": 4084.257596731186}, "gw_band_range_lda": [1, 56], "g0w0_ppa_pbe": {"gw_direct_gap": 2.9659969999999998, "kppa": 2750, "kpt_grid": "8x8x8", "num_kpt": 78, "bands_in X": 500, "bands_in_G": 500, "cutoff": 20, "z_factor": {"@module": "numpy",