{"@module": "pymatgen.entries.computed_entries", "@class": "ComputedEntry", "energy": 0.0, "composition": {"Zn": 2.0, "O": 2.0}, "entry_id": "162843", "correction": 0.0, "energy_adjustments": [], "parameters": {"id": "162843", "name": "ZnO", "ibrav": {"celldm(1)": 6.140570585249117, "ibrav": 4, "celldm(3)": 1.602037267845328}, "vol": 321.23986162872944, "lda_pw_cutoff_Ry": 60, "qe_conv_pbe": {"qe_conv_maxiter": 20, "qe_delta_kppa": 1500, "qe_delta_cutoff": 5, "qe_conv_thresh": 0.00014699730156178854, "qe_conv_steps": [[60, 1500, -432.3240516117348], [65, 1500, -432.3377832284439], [70, 1500, -432.3429690798888], [75, 1500, -432.3452291436074], [80, 1500, -432.3461292123538], [85, 1500, -432.3464388997979], [90, 1500, -432.3464979715156], [90, 3000, -432.3465063427565]], "qe_conv_time": 66.25674676895142}, "num_elec_pbe": 52.0, "max_mem": 50003.0, "qe_conv_lda": {"qe_conv_maxiter": 20, "qe_delta_kppa": 1500, "qe_delta_cutoff": 5, "qe_conv_thresh": 0.00014699730156178854, "qe_conv_steps": [[60, 1500, -450.8196743824482], [65, 1500, -450.8754073503613], [70, 1500, -450.8917700478478], [75, 1500, -450.8956888228624], [80, 1500, -450.8964100745922], [85, 1500, -450.8964947141304], [85, 3000, -450.8965041358252]], "qe_conv_time": 50.069387435913086}, "num_elec_lda": 52.0, "bg_conv_pbe": {"bg_conv_maxiter": 20, "bg_delta_kppa": 1500, "bg_delta_cutoff": 5, "bg_conv_thresh": 0.025, "bg_conv_steps": [[90, 3000, 0.8695033806775221], [90, 4500, 0.8695633329537014]], "bg_conv_time": 22.695509910583496}, "indirect_gap_pbe": 0.86950346038131, "bg_conv_lda": {"bg_conv_maxiter": 20, "bg_delta_kppa": 1500, "bg_delta_cutoff": 5, "bg_conv_thresh": 0.025, "bg_conv_steps": [[85, 3000, 0.7861316050509618], [85, 4500, 0.7862443568248306]], "bg_conv_time": 20.520665407180786}, "indirect_gap_lda": 0.7861315723003915, "gw_conv_pbe": {"gw_conv_thr": 0.025, "gw_bnd_start": 200, "gw_bnd_step": 100, "gw_cut_start": 4, "gw_cut_step": 4, "kpt_bnd_idx": {"@module": "numpy", "@class": "array", "dtype": "int64", "data": [1, 1, 26, 27]}, "gw_bands": 200, "gw_cutoff": 4, "w_conv_grid": [[200, 4, 0.5904870000000001], [300, 4, 0.5704780000000002], [300, 8, 0.7029589999999999], [300, 8, 0.7029589999999999], [300, 12, 0.84079], [300, 12, 0.84079], [300, 16, 0.899706], [300, 16, 0.899706], [300, 20, 0.953926], [300, 20, 0.953926], [300, 24, 0.97139], [300, 24, 0.97139], [400, 24, 0.9513500000000001], [400, 28, 0.9725710000000001], [400, 28, 0.9725710000000001]], "pwcutoff": 90, "w_conv_time": [12.11357569694519, 12.355317831039429, 12.527925252914429, 12.529441595077515, 12.834937334060669, 12.839743375778198, 13.459398031234741, 13.460952758789062, 14.585208415985107, 14.586405992507935, 15.721652507781982, 15.722716331481934, 16.83847141265869, 19.609103441238403, 19.610527276992798], "w_ngw": 9, "w_z_factor": [{"@module": "numpy", "@class": "array", "dtype": "float64", "data": [[26.0, 0.78, -0.125528], [27.0, 0.81, -0.110053]]}, {"@module": "numpy", "@class": "array", "dtype": "float64", "data": [[26.0, 0.78, -0.124015], [27.0, 0.81, -0.109577]]}, {"@module": "numpy", "@class": "array", "dtype": "float64", "data": [[26.0, 0.76, -0.126725], [27.0, 0.8, -0.114573]]}, {"@module": "numpy", "@class": "array", "dtype": "float64", "data": [[26.0, 0.76, -0.122476], [27.0, 0.79, -0.11621]]}, {"@module": "numpy", "@class": "array", "dtype": "float64", "data": [[26.0, 0.76, -0.120442], [27.0, 0.79, -0.116256]]}, {"@module": "numpy", "@class": "array", "dtype": "float64", "data": [[26.0, 0.76, -0.118266], [27.0, 0.79, -0.116294]]}, {"@module": "numpy", "@class": "array", "dtype": "float64", "data": [[26.0, 0.76, -0.117796], [27.0, 0.79, -0.116258]]}, {"@module": "numpy", "@class": "array", "dtype": "float64", "data": [[26.0, 0.76, -0.124642], [27.0, 0.79, -0.116722]]}, {"@module": "numpy", "@class": "array", "dtype": "float64", "data": [[26.0, 0.76, -0.124365], [27.0, 0.79, -0.116848]]}], "gw_kppa": 860, "gw_kpt_grid": {"@module": "numpy", "@class": "array", "dtype": "int64", "data": [8, 8, 4]}, "conv_list": [[{"kppa": 0}, {"kpt_grid": "1x1x1"}, {"num_kpts": 1}, {"X_bnds": 400.0}, {"G_bnds": 400.0}, {"X_cutoff": 28.0}, {"gamma_gap": 0.9725710000000001}, {"num_gw_calc": 9}, {"wall_time": 222}, {"num_cores": 8}, {"z-factor": "None"}], [{"kppa": 0}, {"kpt_grid": "1x1x1"}, {"num_kpts": 1}, {"X_bnds": 200}, {"G_bnds": 200}, {"X_cutoff": 4}, {"gamma_gap": 8}, {"num_gw_calc": 1}, {"wall_time": 13}, {"num_cores": 8}, {"z-factor": "None"}], [{"kppa": 10}, {"kpt_grid": "2x2x2"}, {"num_kpts": 1}, {"X_bnds": 200}, {"G_bnds": 200}, {"X_cutoff": 4}, {"gamma_gap": 1.443276}, {"num_gw_calc": 2}, {"wall_time": 25}, {"num_cores": 8}, {"z-factor": {"@module": "numpy", "@class": "array", "dtype": "float64", "data": [[26.0, 0.79, -0.133354], [27.0, 0.82, -0.115433]]}}], [{"kppa": 70}, {"kpt_grid": "4x4x2"}, {"num_kpts": 1}, {"X_bnds": 200}, {"G_bnds": 200}, {"X_cutoff": 4}, {"gamma_gap": 1.619052}, {"num_gw_calc": 3}, {"wall_time": 64}, {"num_cores": 8}, {"z-factor": {"@module": "numpy", "@class": "array", "dtype": "float64", "data": [[26.0, 0.79, -0.12427], [27.0, 0.83, -0.104303]]}}], [{"kppa": 280}, {"kpt_grid": "4x4x4"}, {"num_kpts": 1}, {"X_bnds": 200}, {"G_bnds": 200}, {"X_cutoff": 4}, {"gamma_gap": 1.727605}, {"num_gw_calc": 4}, {"wall_time": 56}, {"num_cores": 32}, {"z-factor": {"@module": "numpy", "@class": "array", "dtype": "float64", "data": [[26.0, 0.8, -0.120526], [27.0, 0.84, -0.981003]]}}], [{"kppa": 320}, {"kpt_grid": "6x6x4"}, {"num_kpts": 1}, {"X_bnds": 200}, {"G_bnds": 200}, {"X_cutoff": 4}, {"gamma_gap": 1.787483}, {"num_gw_calc": 5}, {"wall_time": 160}, {"num_cores": 32}, {"z-factor": {"@module": "numpy", "@class": "array", "dtype": "float64", "data": [[26.0, 0.8, -0.117014], [27.0, 0.84, -0.93422]]}}], [{"kppa": 860}, {"kpt_grid": "8x8x4"}, {"num_kpts": 1}, {"X_bnds": 200}, {"G_bnds": 200}, {"X_cutoff": 4}, {"gamma_gap": 1.803825}, {"num_gw_calc": 6}, {"wall_time": 394}, {"num_cores": 32}, {"z-factor": {"@module": "numpy", "@class": "array", "dtype": "float64", "data": [[26.0, 0.8, -0.115927], [27.0, 0.84, -0.917635]]}}]], "conv_time": 919.1779227256775}, "gw_band_range_pbe": [1, 29], "gw_conv_lda": {"gw_conv_thr": 0.025, "gw_bnd_start": 200, "gw_bnd_step": 100, "gw_cut_start": 4, "gw_cut_step": 4, "kpt_bnd_idx": {"@module": "numpy", "@class": "array", "dtype": "int64", "data": [1, 1, 26, 27]}, "gw_bands": 200, "gw_cutoff": 4, "w_conv_grid": [[200, 4, 1.25297], [300, 4, 1.2348], [300, 8, 1.354189], [300, 8, 1.354189], [300, 12, 1.486002], [300, 12, 1.486002], [300, 16, 1.5442420000000001], [300, 16, 1.5442420000000001], [300, 20, 1.598314], [300, 20, 1.598314], [300, 24, 1.615275], [300, 24, 1.615275], [400, 24, 1.5965420000000001], [400, 28, 1.617253], [400, 28, 1.617253]], "pwcutoff": 85, "w_conv_time": [11.947280406951904, 12.292171001434326, 12.316102266311646, 12.317341566085815, 12.519212007522583, 12.52077054977417, 13.266266584396362, 13.267714738845825, 14.505014181137085, 14.506125450134277, 15.548431873321533, 15.549521446228027, 16.490692377090454, 19.744611740112305, 19.74613332748413], "w_ngw": 9, "w_z_factor": [{"@module": "numpy", "@class": "array", "dtype": "float64", "data": [[26.0, 0.78, -0.12038], [27.0, 0.81, -0.108717]]}, {"@module": "numpy", "@class": "array", "dtype": "float64", "data": [[26.0, 0.78, -0.122355], [27.0, 0.81, -0.107963]]}, {"@module": "numpy", "@class": "array", "dtype": "float64", "data": [[26.0, 0.76, -0.125983], [27.0, 0.8, -0.113615]]}, {"@module": "numpy", "@class": "array", "dtype": "float64", "data": [[26.0, 0.76, -0.12345], [27.0, 0.79, -0.115559]]}, {"@module": "numpy", "@class": "array", "dtype": "float64", "data": [[26.0, 0.76, -0.122138], [27.0, 0.79, -0.116032]]}, {"@module": "numpy", "@class": "array", "dtype": "float64", "data": [[26.0, 0.76, -0.121252], [27.0, 0.79, -0.116128]]}, {"@module": "numpy", "@class": "array", "dtype": "float64", "data": [[26.0, 0.76, -0.123026], [27.0, 0.79, -0.115995]]}, {"@module": "numpy", "@class": "array",