{"@module": "pymatgen.entries.computed_entries", "@class": "ComputedEntry", "energy": 0.0, "composition": {"Sr": 1.0, "O": 1.0}, "entry_id": "163625", "correction": 0.0, "energy_adjustments": [], "parameters": {"id": "163625", "name": "SrO", "ibrav": {"celldm(1)": 9.753481288543593, "ibrav": 2}, "vol": 231.96313737757185, "lda_pw_cutoff_Ry": 60, "qe_conv_pbe": {"qe_conv_maxiter": 20, "qe_delta_kppa": 1500, "qe_delta_cutoff": 5, "qe_conv_thresh": 7.349865078089427e-05, "qe_conv_steps": [[60, 1500, -47.22779557771333], [65, 1500, -47.2332710404828], [70, 1500, -47.23580469586382], [75, 1500, -47.23687471337922], [80, 1500, -47.23724464793402], [85, 1500, -47.23737020009671], [90, 1500, -47.23738293998198], [90, 3000, -47.23738294790353]], "qe_conv_time": 37.99296569824219}, "num_elec_pbe": 16.0, "max_mem": 33647.0, "qe_conv_lda": {"qe_conv_maxiter": 20, "qe_delta_kppa": 1500, "qe_delta_cutoff": 5, "qe_conv_thresh": 7.349865078089427e-05, "qe_conv_steps": [[60, 1500, -50.89977622984481], [65, 1500, -50.90276272563595], [70, 1500, -50.90393922265125], [75, 1500, -50.90436514108386], [80, 1500, -50.90449113204564], [85, 1500, -50.90452474545705], [85, 3000, -50.90452483469394]], "qe_conv_time": 33.17875289916992}, "num_elec_lda": 16.0, "bg_conv_pbe": {"bg_conv_maxiter": 20, "bg_delta_kppa": 1500, "bg_delta_cutoff": 5, "bg_conv_thresh": 0.025, "bg_conv_steps": [[90, 3000, 3.3191658208741304], [90, 4500, 3.3191669275319504]], "bg_conv_time": 11.713329076766968}, "indirect_gap_pbe": 3.319165771360475, "bg_conv_lda": {"bg_conv_maxiter": 20, "bg_delta_kppa": 1500, "bg_delta_cutoff": 5, "bg_conv_thresh": 0.025, "bg_conv_steps": [[85, 3000, 3.1695164990637155], [85, 4500, 3.1694530789363102]], "bg_conv_time": 10.018829584121704}, "indirect_gap_lda": 3.169442919460172, "gw_conv_pbe": {"gw_conv_thr": 0.025, "gw_bnd_start": 200, "gw_bnd_step": 100, "gw_cut_start": 4, "gw_cut_step": 4, "kpt_bnd_idx": {"@module": "numpy", "@class": "array", "dtype": "int64", "data": [1, 1, 8, 9]}, "gw_bands": 200, "gw_cutoff": 4, "w_conv_grid": [[200, 4, 3.5205960000000003], [300, 4, 3.520016], [300, 8, 3.747303], [300, 8, 3.747303], [300, 12, 3.854387], [300, 12, 3.854387], [300, 16, 3.9184650000000003], [300, 16, 3.9184650000000003], [300, 20, 3.947748], [300, 20, 3.947748], [300, 24, 3.968626], [300, 24, 3.968626], [400, 24, 3.976755], [400, 28, 3.983105], [400, 28, 3.983105]], "pwcutoff": 90, "w_conv_time": [11.604406833648682, 11.80492115020752, 11.195237874984741, 11.196955442428589, 11.43764591217041, 11.439379453659058, 13.406986713409424, 13.408545970916748, 12.507118701934814, 12.508640050888062, 13.928109884262085, 13.9298677444458, 13.479936122894287, 15.972545385360718, 15.974242448806763], "w_ngw": 9, "w_z_factor": [{"@module": "numpy", "@class": "array", "dtype": "float64", "data": [[8.0, 0.79, -0.106411], [9.0, 0.81, -0.111528]]}, {"@module": "numpy", "@class": "array", "dtype": "float64", "data": [[8.0, 0.79, -0.106936], [9.0, 0.81, -0.111588]]}, {"@module": "numpy", "@class": "array", "dtype": "float64", "data": [[8.0, 0.78, -0.104478], [9.0, 0.81, -0.11173]]}, {"@module": "numpy", "@class": "array", "dtype": "float64", "data": [[8.0, 0.78, -0.103027], [9.0, 0.81, -0.111243]]}, {"@module": "numpy", "@class": "array", "dtype": "float64", "data": [[8.0, 0.78, -0.104803], [9.0, 0.81, -0.111304]]}, {"@module": "numpy", "@class": "array", "dtype": "float64", "data": [[8.0, 0.78, -0.949204], [9.0, 0.81, -0.11679]]}, {"@module": "numpy", "@class": "array", "dtype": "float64", "data": [[8.0, 0.78, -0.101836], [9.0, 0.81, -0.110712]]}, {"@module": "numpy", "@class": "array", "dtype": "float64", "data": [[8.0, 0.78, -0.106385], [9.0, 0.81, -0.111515]]}, {"@module": "numpy", "@class": "array", "dtype": "float64", "data": [[8.0, 0.78, -0.105528], [9.0, 0.81, -0.11151]]}], "gw_kppa": 260, "gw_kpt_grid": {"@module": "numpy", "@class": "array", "dtype": "int64", "data": [6, 6, 6]}, "conv_list": [[{"kppa": 0}, {"kpt_grid": "1x1x1"}, {"num_kpts": 1}, {"X_bnds": 400.0}, {"G_bnds": 400.0}, {"X_cutoff": 28.0}, {"gamma_gap": 3.983105}, {"num_gw_calc": 9}, {"wall_time": 230}, {"num_cores": 8}, {"z-factor": "None"}], [{"kppa": 0}, {"kpt_grid": "1x1x1"}, {"num_kpts": 1}, {"X_bnds": 200}, {"G_bnds": 200}, {"X_cutoff": 4}, {"gamma_gap": 8}, {"num_gw_calc": 1}, {"wall_time": 12}, {"num_cores": 8}, {"z-factor": "None"}], [{"kppa": 10}, {"kpt_grid": "2x2x2"}, {"num_kpts": 1}, {"X_bnds": 200}, {"G_bnds": 200}, {"X_cutoff": 4}, {"gamma_gap": 4.798202}, {"num_gw_calc": 2}, {"wall_time": 21}, {"num_cores": 8}, {"z-factor": {"@module": "numpy", "@class": "array", "dtype": "float64", "data": [[8.0, 0.78, -0.131107], [9.0, 0.84, -0.102282]]}}], [{"kppa": 60}, {"kpt_grid": "4x4x4"}, {"num_kpts": 1}, {"X_bnds": 200}, {"G_bnds": 200}, {"X_cutoff": 4}, {"gamma_gap": 5.033334999999999}, {"num_gw_calc": 3}, {"wall_time": 42}, {"num_cores": 8}, {"z-factor": {"@module": "numpy", "@class": "array", "dtype": "float64", "data": [[8.0, 0.79, -0.118424], [9.0, 0.85, -0.878219]]}}], [{"kppa": 260}, {"kpt_grid": "6x6x6"}, {"num_kpts": 1}, {"X_bnds": 200}, {"G_bnds": 200}, {"X_cutoff": 4}, {"gamma_gap": 5.025442}, {"num_gw_calc": 4}, {"wall_time": 52}, {"num_cores": 32}, {"z-factor": {"@module": "numpy", "@class": "array", "dtype": "float64", "data": [[8.0, 0.79, -0.123608], [9.0, 0.85, -0.870695]]}}]], "conv_time": 342.8298146724701}, "gw_band_range_pbe": [1, 13], "gw_conv_lda": {"gw_conv_thr": 0.025, "gw_bnd_start": 200, "gw_bnd_step": 100, "gw_cut_start": 4, "gw_cut_step": 4, "kpt_bnd_idx": {"@module": "numpy", "@class": "array", "dtype": "int64", "data": [1, 1, 8, 9]}, "gw_bands": 200, "gw_cutoff": 4, "w_conv_grid": [[200, 4, 3.9402909999999998], [300, 4, 3.935732], [300, 8, 4.172806], [300, 8, 4.172806], [300, 12, 4.279819], [300, 12, 4.279819], [300, 16, 4.340396], [300, 16, 4.340396], [300, 20, 4.368937000000001], [300, 20, 4.368937000000001], [300, 24, 4.388275], [300, 24, 4.388275], [400, 24, 4.394904], [400, 28, 4.400762], [400, 28, 4.400762]], "pwcutoff": 85, "w_conv_time": [12.243919849395752, 11.725916624069214, 11.005162000656128, 11.006123781204224, 11.17924976348877, 11.180387496948242, 11.814106464385986, 11.816102743148804, 12.86751651763916, 12.868800163269043, 14.500507831573486, 14.501538038253784, 14.123278617858887, 15.42875051498413, 15.430396318435669], "w_ngw": 9, "w_z_factor": [{"@module": "numpy", "@class": "array", "dtype": "float64", "data": [[8.0, 0.78, -0.107363], [9.0, 0.81, -0.111097]]}, {"@module": "numpy", "@class": "array", "dtype": "float64", "data": [[8.0, 0.78, -0.106864], [9.0, 0.81, -0.111046]]}, {"@module": "numpy", "@class": "array", "dtype": "float64", "data": [[8.0, 0.78, -0.107531], [9.0, 0.81, -0.110959]]}, {"@module": "numpy", "@class": "array", "dtype": "float64", "data": [[8.0, 0.78, -0.107709], [9.0, 0.81, -0.110924]]}, {"@module": "numpy", "@class": "array", "dtype": "float64", "data": [[8.0, 0.77, -0.108281], [9.0, 0.81, -0.110968]]}, {"@module": "numpy", "@class": "array", "dtype": "float64", "data": [[8.0, 0.77, -0.107106], [9.0, 0.81, -0.110882]]}, {"@module": "numpy", "@class": "array", "dtype": "float64", "data": [[8.0, 0.77, -0.106275], [9.0, 0.81, -0.110991]]}, {"@module": "numpy", "@class": "array", "dtype": "float64", "data": [[8.0, 0.77, -0.106623], [9.0, 0.81, -0.110939]]}, {"@module": "numpy", "@class": "array", "dtype": "float64", "data": [[8.0, 0.77, -0.104024], [9.0, 0.81, -0.111014]]}], "gw_kppa": 260, "gw_kpt_grid": {"@module": "numpy", "@class": "array", "dtype": "int64", "data": [6, 6, 6]},