{"@module": "pymatgen.entries.computed_entries", "@class": "ComputedEntry", "energy": 0.0, "composition": {"Bi": 2.0, "Se": 3.0}, "entry_id": "165226", "correction": 0.0, "energy_adjustments": [], "parameters": {"id": "165226", "name": "Bi2Se3", "ibrav": {"celldm(1)": 18.58097564594757, "ibrav": 5, "celldm(4)": 0.9115522550413997}, "vol": 953.3574944164329, "lda_pw_cutoff_Ry": 78, "qe_conv_pbe": {"qe_conv_maxiter": 20, "qe_delta_kppa": 1500, "qe_delta_cutoff": 5, "qe_conv_thresh": 0.00018374662695223566, "qe_conv_steps": [[60, 1500, -164.3393235510187], [65, 1500, -164.3393238854693], [65, 3000, -164.339235563333]], "qe_conv_time": 92.94602608680725}, "num_elec_pbe": 48.00000000000001, "max_mem": 1134829.0, "qe_conv_lda": {"qe_conv_maxiter": 20, "qe_delta_kppa": 1500, "qe_delta_cutoff": 5, "qe_conv_thresh": 0.00018374662695223566, "qe_conv_steps": [[78, 1500, -527.4109107450876], [83, 1500, -527.4113000632269], [88, 1500, -527.4113327884351], [88, 3000, -527.4112259235977]], "qe_conv_time": 242.17016673088074}, "num_elec_lda": 78.00000000000001, "bg_conv_pbe": {"bg_conv_maxiter": 20, "bg_delta_kppa": 1500, "bg_delta_cutoff": 5, "bg_conv_thresh": 0.025, "bg_conv_steps": [[65, 3000, 0.17977506324536904], [65, 4500, 0.17832683028879617]], "bg_conv_time": 98.55201721191406}, "indirect_gap_pbe": 0.17977390598656204, "bg_conv_lda": {"bg_conv_maxiter": 20, "bg_delta_kppa": 1500, "bg_delta_cutoff": 5, "bg_conv_thresh": 0.025, "bg_conv_steps": [[88, 3000, 0.06843763509266998], [88, 4500, 0.0662393806863661]], "bg_conv_time": 218.6618857383728}, "indirect_gap_lda": 0.06843948763243078, "gw_conv_pbe": {"gw_conv_thr": 0.025, "gw_bnd_start": 200, "gw_bnd_step": 100, "gw_cut_start": 4, "gw_cut_step": 4, "kpt_bnd_idx": {"@module": "numpy", "@class": "array", "dtype": "int64", "data": [1, 1, 24, 25]}, "gw_bands": 200, "gw_cutoff": 4, "w_conv_grid": [[200, 4, -0.33572399999999997], [300, 4, -0.33507800000000004], [300, 8, -0.19035500000000005], [300, 8, -0.19035500000000005], [300, 12, -0.14943799999999996], [300, 12, -0.14943799999999996], [300, 16, -0.13322900000000004], [300, 16, -0.13322900000000004], [400, 16, -0.11534200000000006], [400, 20, -0.1088610000000001], [400, 20, -0.1088610000000001]], "pwcutoff": 65, "w_conv_time": [21.64254355430603, 23.299657344818115, 25.33069086074829, 25.332711696624756, 30.601863145828247, 30.60325574874878, 38.424498558044434, 38.426642179489136, 43.83579468727112, 68.2223072052002, 68.22371625900269], "w_ngw": 7, "w_z_factor": [{"@module": "numpy", "@class": "array", "dtype": "float64", "data": [[24.0, 0.79, -0.12535], [25.0, 0.8, -0.12227]]}, {"@module": "numpy", "@class": "array", "dtype": "float64", "data": [[24.0, 0.79, -0.123963], [25.0, 0.8, -0.121405]]}, {"@module": "numpy", "@class": "array", "dtype": "float64", "data": [[24.0, 0.79, -0.129342], [25.0, 0.8, -0.123299]]}, {"@module": "numpy", "@class": "array", "dtype": "float64", "data": [[24.0, 0.78, -0.12861], [25.0, 0.8, -0.122388]]}, {"@module": "numpy", "@class": "array", "dtype": "float64", "data": [[24.0, 0.78, -0.126772], [25.0, 0.8, -0.118366]]}, {"@module": "numpy", "@class": "array", "dtype": "float64", "data": [[24.0, 0.78, -0.130635], [25.0, 0.8, -0.12368]]}, {"@module": "numpy", "@class": "array", "dtype": "float64", "data": [[24.0, 0.78, -0.135934], [25.0, 0.8, -0.125809]]}], "gw_kppa": 1720, "gw_kpt_grid": {"@module": "numpy", "@class": "array", "dtype": "int64", "data": [8, 8, 8]}, "conv_list": [[{"kppa": 0}, {"kpt_grid": "1x1x1"}, {"num_kpts": 1}, {"X_bnds": 400.0}, {"G_bnds": 400.0}, {"X_cutoff": 20.0}, {"gamma_gap": -0.1088610000000001}, {"num_gw_calc": 7}, {"wall_time": 993}, {"num_cores": 8}, {"z-factor": "None"}], [{"kppa": 0}, {"kpt_grid": "1x1x1"}, {"num_kpts": 1}, {"X_bnds": 200}, {"G_bnds": 200}, {"X_cutoff": 4}, {"gamma_gap": 8}, {"num_gw_calc": 1}, {"wall_time": 22}, {"num_cores": 8}, {"z-factor": "None"}], [{"kppa": 10}, {"kpt_grid": "2x2x2"}, {"num_kpts": 1}, {"X_bnds": 200}, {"G_bnds": 200}, {"X_cutoff": 4}, {"gamma_gap": -0.085984}, {"num_gw_calc": 2}, {"wall_time": 222}, {"num_cores": 8}, {"z-factor": {"@module": "numpy", "@class": "array", "dtype": "float64", "data": [[24.0, 0.78, -0.147766], [25.0, 0.8, -0.140488]]}}], [{"kppa": 140}, {"kpt_grid": "4x4x4"}, {"num_kpts": 1}, {"X_bnds": 200}, {"G_bnds": 200}, {"X_cutoff": 4}, {"gamma_gap": -0.03739300000000001}, {"num_gw_calc": 3}, {"wall_time": 9195}, {"num_cores": 8}, {"z-factor": {"@module": "numpy", "@class": "array", "dtype": "float64", "data": [[24.0, 0.79, -0.143765], [25.0, 0.8, -0.136876]]}}], [{"kppa": 630}, {"kpt_grid": "6x6x6"}, {"num_kpts": 1}, {"X_bnds": 200}, {"G_bnds": 200}, {"X_cutoff": 4}, {"gamma_gap": -0.008123999999999965}, {"num_gw_calc": 4}, {"wall_time": 51313}, {"num_cores": 16}, {"z-factor": {"@module": "numpy", "@class": "array", "dtype": "float64", "data": [[24.0, 0.79, -0.142302], [25.0, 0.81, -0.134337]]}}], [{"kppa": 1720}, {"kpt_grid": "8x8x8"}, {"num_kpts": 1}, {"X_bnds": 200}, {"G_bnds": 200}, {"X_cutoff": 4}, {"gamma_gap": 0.005247999999999975}, {"num_gw_calc": 5}, {"wall_time": 244520}, {"num_cores": 16}, {"z-factor": {"@module": "numpy", "@class": "array", "dtype": "float64", "data": [[24.0, 0.79, -0.141463], [25.0, 0.81, -0.134025]]}}]], "conv_time": 306239.5500717163}, "gw_band_range_pbe": [1, 31], "gw_conv_lda": {"gw_conv_thr": 0.025, "gw_bnd_start": 200, "gw_bnd_step": 100, "gw_cut_start": 4, "gw_cut_step": 4, "kpt_bnd_idx": {"@module": "numpy", "@class": "array", "dtype": "int64", "data": [1, 1, 39, 40]}, "gw_bands": 200, "gw_cutoff": 4, "w_conv_grid": [[200, 4, 0.172916], [300, 4, 0.17830799999999997], [300, 8, 0.220623], [300, 8, 0.220623], [300, 12, 0.253223], [300, 12, 0.253223], [300, 16, 0.263981], [300, 16, 0.263981], [400, 16, 0.26874], [400, 20, 0.275738], [400, 20, 0.275738]], "pwcutoff": 88, "w_conv_time": [15.126569032669067, 16.527370929718018, 17.681212902069092, 17.683067560195923, 21.709329843521118, 21.711812496185303, 26.52212381362915, 26.52296233177185, 31.424691200256348, 46.13458037376404, 46.136900186538696], "w_ngw": 7, "w_z_factor": [{"@module": "numpy", "@class": "array", "dtype": "float64", "data": [[39.0, 0.79, -0.00137314], [40.0, 0.8, -0.00122224]]}, {"@module": "numpy", "@class": "array", "dtype": "float64", "data": [[39.0, 0.79, -0.0011653], [40.0, 0.8, -0.00088021]]}, {"@module": "numpy", "@class": "array", "dtype": "float64", "data": [[39.0, 0.78, -0.00190933], [40.0, 0.8, -0.000561937]]}, {"@module": "numpy", "@class": "array", "dtype": "float64", "data": [[39.0, 0.78, -0.00142841], [40.0, 0.8, -0.00118854]]}, {"@module": "numpy", "@class": "array", "dtype": "float64", "data": [[39.0, 0.78, -0.00157062], [40.0, 0.8, -0.000981291]]}, {"@module": "numpy", "@class": "array", "dtype": "float64", "data": [[39.0, 0.78, -0.00145524], [40.0, 0.8, -0.00119272]]}, {"@module": "numpy", "@class": "array", "dtype": "float64", "data": [[39.0, 0.78, -0.0014406], [40.0, 0.8, -0.0011828]]}], "gw_kppa": 1720, "gw_kpt_grid": {"@module": "numpy", "@class": "array", "dtype": "int64", "data": [8, 8, 8]}, "conv_list": [[{"kppa": 0}, {"kpt_grid": "1x1x1"}, {"num_kpts": 1}, {"X_bnds": 400.0}, {"G_bnds": 400.0}, {"X_cutoff": 20.0}, {"gamma_gap": 0.275738}, {"num_gw_calc": 7}, {"wall_time": 684}, {"num_cores": 8}, {"z-factor": "None"}], [{"kppa": 0}, {"kpt_grid": "1x1x1"}, {"num_kpts": 1}, {"X_bnds": 200}, {"G_bnds": 200}, {"X_cutoff": 4}, {"gamma_gap": 8}, {"num_gw_calc": 1}, {"wall_time": 16}, {"num_cores": 8}, {"z-factor": "None"}], [{"kppa": 10}, {"kpt_grid": "2x2x2"}, {"num_kpts": 1}, {"X_bnds": 200}, {"G_bnds": 200}, {"X_cutoff": 4}, {"gamma_gap": 0.366459}, {"num_gw_calc": 2}, {"wall_time": 118}, {"num_cores": 8}, {"z-factor": {"@module": "numpy", "@class": "array", "dtype": "float64",