{"@module": "pymatgen.entries.computed_entries", "@class": "ComputedEntry", "energy": 0.0, "composition": {"K": 1.0, "Cl": 1.0}, "entry_id": "165593", "correction": 0.0, "energy_adjustments": [], "parameters": {"id": "165593", "name": "KCl", "ibrav": {"celldm(1)": 11.876739777880005, "ibrav": 2}, "vol": 418.82416557657774, "lda_pw_cutoff_Ry": 64, "qe_conv_pbe": {"qe_conv_maxiter": 20, "qe_delta_kppa": 1500, "qe_delta_cutoff": 5, "qe_conv_thresh": 7.349865078089427e-05, "qe_conv_steps": [[60, 1500, -43.6531113243821], [65, 1500, -43.65312149785312], [65, 3000, -43.65312145798375]], "qe_conv_time": 16.039867401123047}, "num_elec_pbe": 16.0, "max_mem": 33930.0, "qe_conv_lda": {"qe_conv_maxiter": 20, "qe_delta_kppa": 1500, "qe_delta_cutoff": 5, "qe_conv_thresh": 7.349865078089427e-05, "qe_conv_steps": [[64, 1500, -46.46217062464252], [69, 1500, -46.46222944243258], [69, 3000, -46.46222951162635]], "qe_conv_time": 16.912797212600708}, "num_elec_lda": 16.0, "bg_conv_pbe": {"bg_conv_maxiter": 20, "bg_delta_kppa": 1500, "bg_delta_cutoff": 5, "bg_conv_thresh": 0.025, "bg_conv_steps": [[65, 3000, 5.207998051923672], [65, 4500, 5.207996989035047]], "bg_conv_time": 12.794971942901611}, "indirect_gap_pbe": 5.207992022131675, "bg_conv_lda": {"bg_conv_maxiter": 20, "bg_delta_kppa": 1500, "bg_delta_cutoff": 5, "bg_conv_thresh": 0.025, "bg_conv_steps": [[69, 3000, 4.754509223375076], [69, 4500, 4.754525739888651]], "bg_conv_time": 12.446769952774048}, "indirect_gap_lda": 4.754525500720029, "gw_conv_pbe": {"gw_conv_thr": 0.025, "gw_bnd_start": 200, "gw_bnd_step": 100, "gw_cut_start": 4, "gw_cut_step": 4, "kpt_bnd_idx": {"@module": "numpy", "@class": "array", "dtype": "int64", "data": [1, 1, 8, 9]}, "gw_bands": 200, "gw_cutoff": 4, "w_conv_grid": [[200, 4, 6.46793], [300, 4, 6.467124], [300, 8, 6.7619419999999995], [300, 8, 6.7619419999999995], [300, 12, 6.841464], [300, 12, 6.841464], [300, 16, 6.881452], [300, 16, 6.881452], [300, 20, 6.887267], [300, 20, 6.887267], [400, 20, 6.903230346], [400, 24, 6.911124], [400, 24, 6.911124]], "pwcutoff": 65, "w_conv_time": [11.97804307937622, 12.390452861785889, 13.152093887329102, 13.153342962265015, 12.885449409484863, 12.886459589004517, 13.922581434249878, 13.923842191696167, 14.089739322662354, 14.091630458831787, 14.839967727661133, 18.090745210647583, 18.092077255249023], "w_ngw": 8, "w_z_factor": [{"@module": "numpy", "@class": "array", "dtype": "float64", "data": [[8.0, 0.8, -0.144625], [9.0, 0.83, -0.136267]]}, {"@module": "numpy", "@class": "array", "dtype": "float64", "data": [[8.0, 0.8, -0.143767], [9.0, 0.83, -0.136108]]}, {"@module": "numpy", "@class": "array", "dtype": "float64", "data": [[8.0, 0.79, -0.142843], [9.0, 0.83, -0.135656]]}, {"@module": "numpy", "@class": "array", "dtype": "float64", "data": [[8.0, 0.79, -0.143234], [9.0, 0.83, -0.135488]]}, {"@module": "numpy", "@class": "array", "dtype": "float64", "data": [[8.0, 0.79, -0.142734], [9.0, 0.83, -0.135556]]}, {"@module": "numpy", "@class": "array", "dtype": "float64", "data": [[8.0, 0.79, -0.142288], [9.0, 0.83, -0.135546]]}, {"@module": "numpy", "@class": "array", "dtype": "float64", "data": [[8.0, 0.79, -0.143], [9.0, 0.83, -0.135477]]}, {"@module": "numpy", "@class": "array", "dtype": "float64", "data": [[8.0, 0.79, -0.143051], [9.0, 0.83, -0.135442]]}], "gw_kppa": 60, "gw_kpt_grid": {"@module": "numpy", "@class": "array", "dtype": "int64", "data": [4, 4, 4]}, "conv_list": [[{"kppa": 0}, {"kpt_grid": "1x1x1"}, {"num_kpts": 1}, {"X_bnds": 400.0}, {"G_bnds": 400.0}, {"X_cutoff": 24.0}, {"gamma_gap": 6.911124}, {"num_gw_calc": 8}, {"wall_time": 199}, {"num_cores": 8}, {"z-factor": "None"}], [{"kppa": 0}, {"kpt_grid": "1x1x1"}, {"num_kpts": 1}, {"X_bnds": 200}, {"G_bnds": 200}, {"X_cutoff": 4}, {"gamma_gap": 8}, {"num_gw_calc": 1}, {"wall_time": 12}, {"num_cores": 8}, {"z-factor": "None"}], [{"kppa": 10}, {"kpt_grid": "2x2x2"}, {"num_kpts": 1}, {"X_bnds": 200}, {"G_bnds": 200}, {"X_cutoff": 4}, {"gamma_gap": 7.693214}, {"num_gw_calc": 2}, {"wall_time": 19}, {"num_cores": 8}, {"z-factor": {"@module": "numpy", "@class": "array", "dtype": "float64", "data": [[8.0, 0.83, -0.121148], [9.0, 0.88, -0.869199]]}}], [{"kppa": 60}, {"kpt_grid": "4x4x4"}, {"num_kpts": 1}, {"X_bnds": 200}, {"G_bnds": 200}, {"X_cutoff": 4}, {"gamma_gap": 7.717736}, {"num_gw_calc": 3}, {"wall_time": 40}, {"num_cores": 8}, {"z-factor": {"@module": "numpy", "@class": "array", "dtype": "float64", "data": [[8.0, 0.83, -0.148289], [9.0, 0.88, -0.813473]]}}]], "conv_time": 257.5829780101776}, "gw_band_range_pbe": [1, 11], "gw_conv_lda": {"gw_conv_thr": 0.025, "gw_bnd_start": 200, "gw_bnd_step": 100, "gw_cut_start": 4, "gw_cut_step": 4, "kpt_bnd_idx": {"@module": "numpy", "@class": "array", "dtype": "int64", "data": [1, 1, 8, 9]}, "gw_bands": 200, "gw_cutoff": 4, "w_conv_grid": [[200, 4, 6.179346], [300, 4, 6.179212], [300, 8, 6.481376], [300, 8, 6.481376], [300, 12, 6.56103], [300, 12, 6.56103], [300, 16, 6.597188], [300, 16, 6.597188], [300, 20, 6.602633], [300, 20, 6.602633], [400, 20, 6.6196269999999995], [400, 24, 6.627053], [400, 24, 6.627053]], "pwcutoff": 69, "w_conv_time": [11.562487840652466, 11.75911831855774, 11.499606132507324, 11.501220226287842, 13.436237335205078, 13.438392639160156, 14.655481100082397, 14.65806269645691, 15.106273889541626, 15.107095003128052, 14.612082481384277, 17.89938759803772, 17.90092158317566], "w_ngw": 8, "w_z_factor": [{"@module": "numpy", "@class": "array", "dtype": "float64", "data": [[8.0, 0.79, -0.154744], [9.0, 0.82, -0.145364]]}, {"@module": "numpy", "@class": "array", "dtype": "float64", "data": [[8.0, 0.79, -0.154955], [9.0, 0.82, -0.145286]]}, {"@module": "numpy", "@class": "array", "dtype": "float64", "data": [[8.0, 0.78, -0.151043], [9.0, 0.82, -0.144992]]}, {"@module": "numpy", "@class": "array", "dtype": "float64", "data": [[8.0, 0.78, -0.150965], [9.0, 0.82, -0.144904]]}, {"@module": "numpy", "@class": "array", "dtype": "float64", "data": [[8.0, 0.78, -0.146925], [9.0, 0.82, -0.144578]]}, {"@module": "numpy", "@class": "array", "dtype": "float64", "data": [[8.0, 0.78, -0.144297], [9.0, 0.82, -0.144624]]}, {"@module": "numpy", "@class": "array", "dtype": "float64", "data": [[8.0, 0.78, -0.143363], [9.0, 0.82, -0.144679]]}, {"@module": "numpy", "@class": "array", "dtype": "float64", "data": [[8.0, 0.78, -0.119569], [9.0, 0.82, -0.143487]]}], "gw_kppa": 260, "gw_kpt_grid": {"@module": "numpy", "@class": "array", "dtype": "int64", "data": [6, 6, 6]}, "conv_list": [[{"kppa": 0}, {"kpt_grid": "1x1x1"}, {"num_kpts": 1}, {"X_bnds": 400.0}, {"G_bnds": 400.0}, {"X_cutoff": 24.0}, {"gamma_gap": 6.627053}, {"num_gw_calc": 8}, {"wall_time": 191}, {"num_cores": 8}, {"z-factor": "None"}], [{"kppa": 0}, {"kpt_grid": "1x1x1"}, {"num_kpts": 1}, {"X_bnds": 200}, {"G_bnds": 200}, {"X_cutoff": 4}, {"gamma_gap": 8}, {"num_gw_calc": 1}, {"wall_time": 12}, {"num_cores": 8}, {"z-factor": "None"}], [{"kppa": 10}, {"kpt_grid": "2x2x2"}, {"num_kpts": 1}, {"X_bnds": 200}, {"G_bnds": 200}, {"X_cutoff": 4}, {"gamma_gap": 7.773729}, {"num_gw_calc": 2}, {"wall_time": 20}, {"num_cores": 8}, {"z-factor": {"@module": "numpy", "@class": "array", "dtype": "float64", "data": [[8.0, 0.82, -0.133], [9.0, 0.87, -0.94569]]}}], [{"kppa": 60}, {"kpt_grid": "4x4x4"}, {"num_kpts": 1}, {"X_bnds": 200}, {"G_bnds": 200}, {"X_cutoff": 4}, {"gamma_gap": 7.813082}, {"num_gw_calc": 3}, {"wall_time": 42}, {"num_cores": 8}, {"z-factor": {"@module": "numpy", "@class": "array", "dtype": "float64", "data": [[8.0, 0.82, -0.143689], [9.0, 0.88, -0.873276]]}}], [{"kppa": 260}, {"kpt_grid": "6x6x6"}, {"num_kpts": 1}, {"X_bnds": 200}, {"G_bnds": 200}, {"X_cutoff": 4}, {"gamma_gap": 7.808428}, {"num_gw_calc": 4}, {"wall_time": 52}, {"num_cores": 32}, {"z-factor": {"@module": "numpy", "@class": "array", "dtype": "float64", "data": [[8.0, 0.82, -0.139869], [9.0, 0.88, -0.87466]]}}]], "conv_time": 303.2301971912384}, "gw_band_range_lda": [1, 11], "g0w0_ppa_pbe": {"gw_direct_gap": 8.161817,