{"@module": "pymatgen.entries.computed_entries", "@class": "ComputedEntry", "energy": 0.0, "composition": {"Cu": 8.0, "S": 4.0}, "entry_id": "16550", "correction": 0.0, "energy_adjustments": [], "parameters": {"id": "16550", "name": "Cu2S", "ibrav": {"celldm(1)": 7.551723575612035, "ibrav": 6, "celldm(3)": 2.8244332115509736}, "vol": 1216.3808195782772, "lda_pw_cutoff_Ry": 76, "qe_conv_pbe": {"qe_conv_maxiter": 20, "qe_delta_kppa": 1500, "qe_delta_cutoff": 5, "qe_conv_thresh": 0.00044099190468536564, "qe_conv_steps": [[60, 1500, -1501.453278265056], [65, 1500, -1501.690112668273], [70, 1500, -1501.763876045818], [75, 1500, -1501.781685942376], [80, 1500, -1501.784448407324], [85, 1500, -1501.784661283429], [85, 3000, -1501.784661996104]], "qe_conv_time": 450.48708319664}, "num_elec_pbe": 176.0, "max_mem": 87213.0, "qe_conv_lda": {"qe_conv_maxiter": 20, "qe_delta_kppa": 1500, "qe_delta_cutoff": 5, "qe_conv_thresh": 0.00044099190468536564, "qe_conv_steps": [[76, 1500, -1559.866959859179], [81, 1500, -1559.886749504533], [86, 1500, -1559.891402013194], [91, 1500, -1559.892138651396], [96, 1500, -1559.892188869819], [96, 3000, -1559.892177428642]], "qe_conv_time": 419.8693082332611}, "num_elec_lda": 176.0, "bg_conv_pbe": {"bg_conv_maxiter": 20, "bg_delta_kppa": 1500, "bg_delta_cutoff": 5, "bg_conv_thresh": 0.025, "bg_conv_steps": [[85, 3000, 0.14470244419818445], [85, 4500, 0.14486750473695711]], "bg_conv_time": 226.20361232757568}, "indirect_gap_pbe": 0.14470244419818445, "bg_conv_lda": {"bg_conv_maxiter": 20, "bg_delta_kppa": 1500, "bg_delta_cutoff": 5, "bg_conv_thresh": 0.025, "bg_conv_steps": [[96, 3000, 0.03353163271057597], [96, 4500, 0.033613973493157714]], "bg_conv_time": 212.7980227470398}, "indirect_gap_lda": 0.033531632930680594, "gw_conv_pbe": {"gw_conv_thr": 0.025, "gw_bnd_start": 200, "gw_bnd_step": 100, "gw_cut_start": 4, "gw_cut_step": 4, "kpt_bnd_idx": {"@module": "numpy", "@class": "array", "dtype": "int64", "data": [1, 1, 88, 89]}, "gw_bands": 200, "gw_cutoff": 4, "w_conv_grid": [[200, 4, 0.360706], [300, 4, 0.293653], [400, 4, 0.270787], [400, 8, 0.215612], [400, 8, 0.215612], [400, 12, 0.2288], [400, 12, 0.2288], [500, 12, 0.21212499999999998], [500, 16, 0.22847800000000001], [500, 16, 0.22847800000000001]], "pwcutoff": 85, "w_conv_time": [14.14801287651062, 15.218783617019653, 15.994145631790161, 20.44057822227478, 20.442795991897583, 36.57901644706726, 36.580665826797485, 43.066035747528076, 82.52115392684937, 82.52350997924805], "w_ngw": 7, "w_z_factor": [{"@module": "numpy", "@class": "array", "dtype": "float64", "data": [[88.0, 0.74, -0.167911], [89.0, 0.76, -0.152633]]}, {"@module": "numpy", "@class": "array", "dtype": "float64", "data": [[88.0, 0.74, -0.15538], [89.0, 0.77, -0.141393]]}, {"@module": "numpy", "@class": "array", "dtype": "float64", "data": [[88.0, 0.75, -0.156012], [89.0, 0.77, -0.13963]]}, {"@module": "numpy", "@class": "array", "dtype": "float64", "data": [[88.0, 0.74, -0.148921], [89.0, 0.76, -0.138074]]}, {"@module": "numpy", "@class": "array", "dtype": "float64", "data": [[88.0, 0.73, -0.150956], [89.0, 0.76, -0.140055]]}, {"@module": "numpy", "@class": "array", "dtype": "float64", "data": [[88.0, 0.73, -0.155227], [89.0, 0.76, -0.140899]]}, {"@module": "numpy", "@class": "array", "dtype": "float64", "data": [[88.0, 0.73, -0.157012], [89.0, 0.76, -0.142359]]}], "gw_kppa": 2590, "gw_kpt_grid": {"@module": "numpy", "@class": "array", "dtype": "int64", "data": [8, 8, 4]}, "conv_list": [[{"kppa": 0}, {"kpt_grid": "1x1x1"}, {"num_kpts": 1}, {"X_bnds": 500.0}, {"G_bnds": 500.0}, {"X_cutoff": 16.0}, {"gamma_gap": 0.22847800000000001}, {"num_gw_calc": 7}, {"wall_time": 651}, {"num_cores": 8}, {"z-factor": "None"}], [{"kppa": 0}, {"kpt_grid": "1x1x1"}, {"num_kpts": 1}, {"X_bnds": 200}, {"G_bnds": 200}, {"X_cutoff": 4}, {"gamma_gap": 4}, {"num_gw_calc": 1}, {"wall_time": 15}, {"num_cores": 8}, {"z-factor": "None"}], [{"kppa": 10}, {"kpt_grid": "2x2x2"}, {"num_kpts": 1}, {"X_bnds": 200}, {"G_bnds": 200}, {"X_cutoff": 4}, {"gamma_gap": 0.5940449999999999}, {"num_gw_calc": 2}, {"wall_time": 100}, {"num_cores": 8}, {"z-factor": {"@module": "numpy", "@class": "array", "dtype": "float64", "data": [[88.0, 0.74, -0.168745], [89.0, 0.77, -0.154455]]}}], [{"kppa": 120}, {"kpt_grid": "4x4x2"}, {"num_kpts": 1}, {"X_bnds": 200}, {"G_bnds": 200}, {"X_cutoff": 4}, {"gamma_gap": 0.692569}, {"num_gw_calc": 3}, {"wall_time": 554}, {"num_cores": 8}, {"z-factor": {"@module": "numpy", "@class": "array", "dtype": "float64", "data": [[88.0, 0.75, -0.163626], [89.0, 0.77, -0.149912]]}}], [{"kppa": 540}, {"kpt_grid": "6x6x2"}, {"num_kpts": 1}, {"X_bnds": 200}, {"G_bnds": 200}, {"X_cutoff": 4}, {"gamma_gap": 0.646069}, {"num_gw_calc": 4}, {"wall_time": 600}, {"num_cores": 32}, {"z-factor": {"@module": "numpy", "@class": "array", "dtype": "float64", "data": [[88.0, 0.75, -0.166636], [89.0, 0.77, -0.151994]]}}], [{"kppa": 1460}, {"kpt_grid": "8x8x2"}, {"num_kpts": 1}, {"X_bnds": 200}, {"G_bnds": 200}, {"X_cutoff": 4}, {"gamma_gap": 0.683762}, {"num_gw_calc": 5}, {"wall_time": 1586}, {"num_cores": 32}, {"z-factor": {"@module": "numpy", "@class": "array", "dtype": "float64", "data": [[88.0, 0.75, -0.164552], [89.0, 0.77, -0.150954]]}}], [{"kppa": 2590}, {"kpt_grid": "8x8x4"}, {"num_kpts": 1}, {"X_bnds": 200}, {"G_bnds": 200}, {"X_cutoff": 4}, {"gamma_gap": 0.679848}, {"num_gw_calc": 6}, {"wall_time": 5709}, {"num_cores": 32}, {"z-factor": {"@module": "numpy", "@class": "array", "dtype": "float64", "data": [[88.0, 0.75, -0.16432], [89.0, 0.77, -0.149713]]}}]], "conv_time": 9197.336701869965}, "gw_band_range_pbe": [1, 97], "gw_conv_lda": {"gw_conv_thr": 0.025, "gw_bnd_start": 200, "gw_bnd_step": 100, "gw_cut_start": 4, "gw_cut_step": 4, "kpt_bnd_idx": {"@module": "numpy", "@class": "array", "dtype": "int64", "data": [1, 1, 88, 89]}, "gw_bands": 200, "gw_cutoff": 4, "w_conv_grid": [[200, 4, 0.33681099999999997], [300, 4, 0.278013], [400, 4, 0.258705], [400, 8, 0.180728], [400, 8, 0.180728], [400, 12, 0.170992], [400, 12, 0.170992], [500, 12, 0.15868100000000002], [500, 16, 0.158733], [500, 16, 0.158733]], "pwcutoff": 96, "w_conv_time": [14.89385437965393, 16.287730932235718, 18.265995025634766, 22.64553165435791, 22.65004539489746, 39.63787484169006, 39.64121961593628, 47.57185506820679, 81.9639642238617, 81.96599769592285], "w_ngw": 7, "w_z_factor": [{"@module": "numpy", "@class": "array", "dtype": "float64", "data": [[88.0, 0.74, -0.162481], [89.0, 0.76, -0.148768]]}, {"@module": "numpy", "@class": "array", "dtype": "float64", "data": [[88.0, 0.74, -0.151345], [89.0, 0.77, -0.14015]]}, {"@module": "numpy", "@class": "array", "dtype": "float64", "data": [[88.0, 0.75, -0.152867], [89.0, 0.77, -0.140197]]}, {"@module": "numpy", "@class": "array", "dtype": "float64", "data": [[88.0, 0.74, -0.148568], [89.0, 0.76, -0.137908]]}, {"@module": "numpy", "@class": "array", "dtype": "float64", "data": [[88.0, 0.73, -0.152344], [89.0, 0.76, -0.139482]]}, {"@module": "numpy", "@class": "array", "dtype": "float64", "data": [[88.0, 0.73, -0.153226], [89.0, 0.76, -0.14156]]}, {"@module": "numpy", "@class": "array", "dtype": "float64", "data": [[88.0, 0.73, -0.159581], [89.0, 0.76, -0.139855]]}], "gw_kppa": 540, "gw_kpt_grid": {"@module": "numpy", "@class": "array", "dtype": "int64", "data": [6, 6, 2]}, "conv_list": [[{"kppa": 0}, {"kpt_grid": "1x1x1"}, {"num_kpts": 1}, {"X_bnds": 500.0}, {"G_bnds": 500.0}, {"X_cutoff": 16.0}, {"gamma_gap": 0.158733}, {"num_gw_calc": 7}, {"wall_time": 676}, {"num_cores": 8}, {"z-factor": "None"}], [{"kppa": 0}, {"kpt_grid": "1x1x1"}, {"num_kpts": 1}, {"X_bnds": 200}, {"G_bnds": 200}, {"X_cutoff": 4}, {"gamma_gap": 4}, {"num_gw_calc": 1}, {"wall_time": 15}, {"num_cores": 8}, {"z-factor": "None"}], [{"kppa": 10}, {"kpt_grid": "2x2x2"}, {"num_kpts": 1}, {"X_bnds": 200}, {"G_bnds": 200}, {"X_cutoff": 4}, {"gamma_gap": 0.5957870000000001}, {"num_gw_calc": 2}, {"wall_time": 88}, {"num_cores": 8}, {"z-factor": {"@module": "numpy",