{"@module": "pymatgen.entries.computed_entries", "@class": "ComputedEntry", "energy": 0.0, "composition": {"Li": 1.0, "Zn": 1.0, "N": 1.0}, "entry_id": "16790", "correction": 0.0, "energy_adjustments": [], "parameters": {"id": "16790", "name": "LiZnN", "ibrav": {"celldm(1)": 9.216194354201463, "ibrav": 2}, "vol": 195.70182824052523, "lda_pw_cutoff_Ry": 72, "qe_conv_pbe": {"qe_conv_maxiter": 20, "qe_delta_kppa": 1500, "qe_delta_cutoff": 5, "qe_conv_thresh": 0.00011024797617134141, "qe_conv_steps": [[60, 1500, -217.2671104841509], [65, 1500, -217.2699950876771], [70, 1500, -217.270707634012], [75, 1500, -217.2710258188148], [80, 1500, -217.27120076658], [85, 1500, -217.2712625261462], [85, 3000, -217.2712782848288]], "qe_conv_time": 32.30708718299866}, "num_elec_pbe": 28.0, "max_mem": 63921.0, "qe_conv_lda": {"qe_conv_maxiter": 20, "qe_delta_kppa": 1500, "qe_delta_cutoff": 5, "qe_conv_thresh": 0.00011024797617134141, "qe_conv_steps": [[72, 1500, -226.435560142809], [77, 1500, -226.4364758668327], [82, 1500, -226.4365963953948], [87, 1500, -226.4366029602099], [87, 3000, -226.4366184938489]], "qe_conv_time": 23.164281845092773}, "num_elec_lda": 28.0, "bg_conv_pbe": {"bg_conv_maxiter": 20, "bg_delta_kppa": 1500, "bg_delta_cutoff": 5, "bg_conv_thresh": 0.025, "bg_conv_steps": [[85, 3000, 0.685242951209808], [85, 4500, 0.6853442443665515]], "bg_conv_time": 10.863630294799805}, "indirect_gap_pbe": 0.6852462271231281, "bg_conv_lda": {"bg_conv_maxiter": 20, "bg_delta_kppa": 1500, "bg_delta_cutoff": 5, "bg_conv_thresh": 0.025, "bg_conv_steps": [[87, 3000, 0.7161687514484922], [87, 4500, 0.7162738032128712]], "bg_conv_time": 10.572474718093872}, "indirect_gap_lda": 0.7161687514484922, "gw_conv_pbe": {"gw_conv_thr": 0.025, "gw_bnd_start": 200, "gw_bnd_step": 100, "gw_cut_start": 4, "gw_cut_step": 4, "kpt_bnd_idx": {"@module": "numpy", "@class": "array", "dtype": "int64", "data": [1, 1, 14, 15]}, "gw_bands": 200, "gw_cutoff": 4, "w_conv_grid": [[200, 4, -0.30717999999999995], [300, 4, -0.31300799999999995], [300, 8, -0.08787500000000004], [300, 8, -0.08787500000000004], [300, 12, 0.040883], [300, 12, 0.040883], [300, 16, 0.05990099999999998], [300, 16, 0.05990099999999998], [400, 16, 0.05207800000000001], [400, 20, 0.07654000000000005], [400, 20, 0.07654000000000005]], "pwcutoff": 85, "w_conv_time": [12.742238283157349, 12.651854753494263, 13.095180749893188, 13.09650707244873, 12.7931489944458, 12.794623136520386, 13.000503540039062, 13.001872539520264, 13.206043243408203, 13.956195592880249, 13.957033634185791], "w_ngw": 7, "w_z_factor": [{"@module": "numpy", "@class": "array", "dtype": "float64", "data": [[14.0, 0.8, -0.857524], [15.0, 0.81, -0.845962]]}, {"@module": "numpy", "@class": "array", "dtype": "float64", "data": [[14.0, 0.8, -0.858264], [15.0, 0.81, -0.84285]]}, {"@module": "numpy", "@class": "array", "dtype": "float64", "data": [[14.0, 0.8, -0.122937], [15.0, 0.81, -0.729615]]}, {"@module": "numpy", "@class": "array", "dtype": "float64", "data": [[14.0, 0.79, -0.749971], [15.0, 0.8, -0.978969]]}, {"@module": "numpy", "@class": "array", "dtype": "float64", "data": [[14.0, 0.79, -0.750483], [15.0, 0.8, -0.981143]]}, {"@module": "numpy", "@class": "array", "dtype": "float64", "data": [[14.0, 0.79, -0.710492], [15.0, 0.8, -0.970089]]}, {"@module": "numpy", "@class": "array", "dtype": "float64", "data": [[14.0, 0.79, -0.632373], [15.0, 0.8, -0.97915]]}], "gw_kppa": 2190, "gw_kpt_grid": {"@module": "numpy", "@class": "array", "dtype": "int64", "data": [10, 10, 10]}, "conv_list": [[{"kppa": 0}, {"kpt_grid": "1x1x1"}, {"num_kpts": 1}, {"X_bnds": 400.0}, {"G_bnds": 400.0}, {"X_cutoff": 20.0}, {"gamma_gap": 0.07654000000000005}, {"num_gw_calc": 7}, {"wall_time": 178}, {"num_cores": 8}, {"z-factor": "None"}], [{"kppa": 0}, {"kpt_grid": "1x1x1"}, {"num_kpts": 1}, {"X_bnds": 200}, {"G_bnds": 200}, {"X_cutoff": 4}, {"gamma_gap": 8}, {"num_gw_calc": 1}, {"wall_time": 13}, {"num_cores": 8}, {"z-factor": "None"}], [{"kppa": 10}, {"kpt_grid": "2x2x2"}, {"num_kpts": 1}, {"X_bnds": 200}, {"G_bnds": 200}, {"X_cutoff": 4}, {"gamma_gap": 0.8430310000000001}, {"num_gw_calc": 2}, {"wall_time": 20}, {"num_cores": 8}, {"z-factor": {"@module": "numpy", "@class": "array", "dtype": "float64", "data": [[14.0, 0.78, -0.124152], [15.0, 0.8, -0.113063]]}}], [{"kppa": 90}, {"kpt_grid": "4x4x4"}, {"num_kpts": 1}, {"X_bnds": 200}, {"G_bnds": 200}, {"X_cutoff": 4}, {"gamma_gap": 0.9921120000000001}, {"num_gw_calc": 3}, {"wall_time": 60}, {"num_cores": 8}, {"z-factor": {"@module": "numpy", "@class": "array", "dtype": "float64", "data": [[14.0, 0.78, -0.12767], [15.0, 0.81, -0.115382]]}}], [{"kppa": 380}, {"kpt_grid": "6x6x6"}, {"num_kpts": 1}, {"X_bnds": 200}, {"G_bnds": 200}, {"X_cutoff": 4}, {"gamma_gap": 1.06745}, {"num_gw_calc": 4}, {"wall_time": 100}, {"num_cores": 32}, {"z-factor": {"@module": "numpy", "@class": "array", "dtype": "float64", "data": [[14.0, 0.78, -0.125916], [15.0, 0.81, -0.11061]]}}], [{"kppa": 1030}, {"kpt_grid": "8x8x8"}, {"num_kpts": 1}, {"X_bnds": 200}, {"G_bnds": 200}, {"X_cutoff": 4}, {"gamma_gap": 1.097529}, {"num_gw_calc": 5}, {"wall_time": 312}, {"num_cores": 32}, {"z-factor": {"@module": "numpy", "@class": "array", "dtype": "float64", "data": [[14.0, 0.79, -0.124298], [15.0, 0.81, -0.108256]]}}], [{"kppa": 2190}, {"kpt_grid": "10x10x10"}, {"num_kpts": 1}, {"X_bnds": 200}, {"G_bnds": 200}, {"X_cutoff": 4}, {"gamma_gap": 1.110601}, {"num_gw_calc": 6}, {"wall_time": 939}, {"num_cores": 32}, {"z-factor": {"@module": "numpy", "@class": "array", "dtype": "float64", "data": [[14.0, 0.79, -0.123723], [15.0, 0.81, -0.107364]]}}]], "conv_time": 1606.5275239944458}, "gw_band_range_pbe": [1, 16], "gw_conv_lda": {"gw_conv_thr": 0.025, "gw_bnd_start": 200, "gw_bnd_step": 100, "gw_cut_start": 4, "gw_cut_step": 4, "kpt_bnd_idx": {"@module": "numpy", "@class": "array", "dtype": "int64", "data": [1, 1, 14, 15]}, "gw_bands": 200, "gw_cutoff": 4, "w_conv_grid": [[200, 4, 0.39150399999999996], [300, 4, 0.38733399999999996], [300, 8, 0.617619], [300, 8, 0.617619], [300, 12, 0.751927], [300, 12, 0.751927], [300, 16, 0.772381], [300, 16, 0.772381], [400, 16, 0.765718], [400, 20, 0.7912669999999999], [400, 20, 0.7912669999999999], [400, 24, 0.800815], [400, 24, 0.800815], [500, 24, 0.797903], [500, 28, 0.809894], [500, 28, 0.809894]], "pwcutoff": 87, "w_conv_time": [12.355159044265747, 12.373202085494995, 12.286586284637451, 12.287528276443481, 12.87411093711853, 12.878364324569702, 12.548510789871216, 12.549426555633545, 13.156475067138672, 13.40980052947998, 13.411303043365479, 14.184947490692139, 14.185772895812988, 14.611491441726685, 16.023061990737915, 16.024060010910034], "w_ngw": 10, "w_z_factor": [{"@module": "numpy", "@class": "array", "dtype": "float64", "data": [[14.0, 0.79, -0.909432], [15.0, 0.81, -0.864141]]}, {"@module": "numpy", "@class": "array", "dtype": "float64", "data": [[14.0, 0.79, -0.907918], [15.0, 0.81, -0.862118]]}, {"@module": "numpy", "@class": "array", "dtype": "float64", "data": [[14.0, 0.79, -0.878245], [15.0, 0.81, -0.929168]]}, {"@module": "numpy", "@class": "array", "dtype": "float64", "data": [[14.0, 0.79, -0.781871], [15.0, 0.8, -0.933203]]}, {"@module": "numpy", "@class": "array", "dtype": "float64", "data": [[14.0, 0.78, -0.877026], [15.0, 0.8, -0.957974]]}, {"@module": "numpy", "@class": "array", "dtype": "float64", "data": [[14.0, 0.78, -0.896858], [15.0, 0.8, -0.993863]]}, {"@module": "numpy", "@class": "array", "dtype": "float64", "data": [[14.0, 0.78, -0.869121], [15.0, 0.8, -0.976273]]}, {"@module": "numpy", "@class": "array", "dtype": "float64", "data": [[14.0, 0.78, -0.862513], [15.0, 0.8, -0.975252]]}, {"@module": "numpy", "@class": "array", "dtype": "float64", "data": [[14.0, 0.78, -0.861951], [15.0, 0.8, -0.975997]]}, {"@module": "numpy", "@class": "array", "dtype": "float64", "data": [[14.0, 0.78, -0.869449], [15.0, 0.8, -0.976208]]}], "gw_kppa": 2190, "gw_kpt_grid": {"@module": "numpy", "@class": "array", "dtype": "int64",