{"@module": "pymatgen.entries.computed_entries", "@class": "ComputedEntry", "energy": 0.0, "composition": {"Ti": 2.0, "O": 4.0}, "entry_id": "167953", "correction": 0.0, "energy_adjustments": [], "parameters": {"id": "167953", "name": "TiO2", "ibrav": {"celldm(1)": 8.675921652568043, "ibrav": 6, "celldm(3)": 0.6452484154124284}, "vol": 421.3798955496842, "lda_pw_cutoff_Ry": 76, "qe_conv_pbe": {"qe_conv_maxiter": 20, "qe_delta_kppa": 1500, "qe_delta_cutoff": 5, "qe_conv_thresh": 0.00022049595234268282, "qe_conv_steps": [[60, 1500, -179.6097408979588], [65, 1500, -179.631733562184], [70, 1500, -179.6419771820304], [75, 1500, -179.6462904864163], [80, 1500, -179.6476203490301], [85, 1500, -179.6481498848055], [90, 1500, -179.6482060909353], [90, 3000, -179.6482071647904]], "qe_conv_time": 72.18684124946594}, "num_elec_pbe": 48.00000000000001, "max_mem": 47265.0, "qe_conv_lda": {"qe_conv_maxiter": 20, "qe_delta_kppa": 1500, "qe_delta_cutoff": 5, "qe_conv_thresh": 0.00022049595234268282, "qe_conv_steps": [[76, 1500, -185.0706866913381], [81, 1500, -185.0711117478523], [86, 1500, -185.0711955867947], [86, 3000, -185.0711968738619]], "qe_conv_time": 39.191184759140015}, "num_elec_lda": 48.00000000000001, "bg_conv_pbe": {"bg_conv_maxiter": 20, "bg_delta_kppa": 1500, "bg_delta_cutoff": 5, "bg_conv_thresh": 0.025, "bg_conv_steps": [[90, 3000, 2.3047249086567403], [90, 4500, 2.279968387685722]], "bg_conv_time": 27.927184343338013}, "indirect_gap_pbe": 2.2799275476716683, "bg_conv_lda": {"bg_conv_maxiter": 20, "bg_delta_kppa": 1500, "bg_delta_cutoff": 5, "bg_conv_thresh": 0.025, "bg_conv_steps": [[86, 3000, 2.1950296160380978], [86, 4500, 2.1694375178808527], [86, 6000, 2.169437059649026]], "bg_conv_time": 36.34360074996948}, "indirect_gap_lda": 2.1950314883714923, "gw_conv_pbe": {"gw_conv_thr": 0.025, "gw_bnd_start": 200, "gw_bnd_step": 100, "gw_cut_start": 4, "gw_cut_step": 4, "kpt_bnd_idx": {"@module": "numpy", "@class": "array", "dtype": "int64", "data": [1, 1, 24, 25]}, "gw_bands": 200, "gw_cutoff": 4, "w_conv_grid": [[200, 4, 3.835374], [300, 4, 3.832247], [300, 8, 3.727105], [300, 8, 3.727105], [300, 12, 3.7796210000000006], [300, 12, 3.7796210000000006], [300, 16, 3.7896340000000004], [300, 16, 3.7896340000000004], [400, 16, 3.7966390000000003], [400, 20, 3.794053], [400, 20, 3.794053]], "pwcutoff": 90, "w_conv_time": [10.399713039398193, 10.977866411209106, 11.241086721420288, 11.242967367172241, 11.4599928855896, 11.461361646652222, 12.909811973571777, 12.911341905593872, 12.909342527389526, 14.860656976699829, 14.862059354782104], "w_ngw": 7, "w_z_factor": [{"@module": "numpy", "@class": "array", "dtype": "float64", "data": [[24.0, 0.77, -0.134983], [25.0, 0.79, -0.127327]]}, {"@module": "numpy", "@class": "array", "dtype": "float64", "data": [[24.0, 0.77, -0.139271], [25.0, 0.79, -0.125505]]}, {"@module": "numpy", "@class": "array", "dtype": "float64", "data": [[24.0, 0.76, -0.130699], [25.0, 0.78, -0.121067]]}, {"@module": "numpy", "@class": "array", "dtype": "float64", "data": [[24.0, 0.76, -0.131113], [25.0, 0.78, -0.129155]]}, {"@module": "numpy", "@class": "array", "dtype": "float64", "data": [[24.0, 0.75, -0.130915], [25.0, 0.78, -0.125264]]}, {"@module": "numpy", "@class": "array", "dtype": "float64", "data": [[24.0, 0.75, -0.127187], [25.0, 0.78, -0.131617]]}, {"@module": "numpy", "@class": "array", "dtype": "float64", "data": [[24.0, 0.75, -0.130319], [25.0, 0.78, -0.127414]]}], "gw_kppa": 320, "gw_kpt_grid": {"@module": "numpy", "@class": "array", "dtype": "int64", "data": [4, 4, 6]}, "conv_list": [[{"kppa": 0}, {"kpt_grid": "1x1x1"}, {"num_kpts": 1}, {"X_bnds": 400.0}, {"G_bnds": 400.0}, {"X_cutoff": 20.0}, {"gamma_gap": 3.794053}, {"num_gw_calc": 7}, {"wall_time": 196}, {"num_cores": 8}, {"z-factor": "None"}], [{"kppa": 0}, {"kpt_grid": "1x1x1"}, {"num_kpts": 1}, {"X_bnds": 200}, {"G_bnds": 200}, {"X_cutoff": 4}, {"gamma_gap": 8}, {"num_gw_calc": 1}, {"wall_time": 11}, {"num_cores": 8}, {"z-factor": "None"}], [{"kppa": 10}, {"kpt_grid": "2x2x2"}, {"num_kpts": 1}, {"X_bnds": 200}, {"G_bnds": 200}, {"X_cutoff": 4}, {"gamma_gap": 4.067038}, {"num_gw_calc": 2}, {"wall_time": 29}, {"num_cores": 8}, {"z-factor": {"@module": "numpy", "@class": "array", "dtype": "float64", "data": [[24.0, 0.78, -0.129858], [25.0, 0.79, -0.130917]]}}], [{"kppa": 70}, {"kpt_grid": "2x2x4"}, {"num_kpts": 1}, {"X_bnds": 200}, {"G_bnds": 200}, {"X_cutoff": 4}, {"gamma_gap": 4.0306370000000005}, {"num_gw_calc": 3}, {"wall_time": 51}, {"num_cores": 8}, {"z-factor": {"@module": "numpy", "@class": "array", "dtype": "float64", "data": [[24.0, 0.78, -0.130694], [25.0, 0.79, -0.137399]]}}], [{"kppa": 260}, {"kpt_grid": "4x4x4"}, {"num_kpts": 1}, {"X_bnds": 200}, {"G_bnds": 200}, {"X_cutoff": 4}, {"gamma_gap": 4.058949}, {"num_gw_calc": 4}, {"wall_time": 76}, {"num_cores": 32}, {"z-factor": {"@module": "numpy", "@class": "array", "dtype": "float64", "data": [[24.0, 0.77, -0.131932], [25.0, 0.79, -0.137532]]}}], [{"kppa": 320}, {"kpt_grid": "4x4x6"}, {"num_kpts": 1}, {"X_bnds": 200}, {"G_bnds": 200}, {"X_cutoff": 4}, {"gamma_gap": 4.040974}, {"num_gw_calc": 5}, {"wall_time": 117}, {"num_cores": 32}, {"z-factor": {"@module": "numpy", "@class": "array", "dtype": "float64", "data": [[24.0, 0.77, -0.131036], [25.0, 0.79, -0.136298]]}}]], "conv_time": 466.54225635528564}, "gw_band_range_pbe": [1, 32], "gw_conv_lda": {"gw_conv_thr": 0.025, "gw_bnd_start": 200, "gw_bnd_step": 100, "gw_cut_start": 4, "gw_cut_step": 4, "kpt_bnd_idx": {"@module": "numpy", "@class": "array", "dtype": "int64", "data": [1, 1, 24, 25]}, "gw_bands": 200, "gw_cutoff": 4, "w_conv_grid": [[200, 4, 3.9854049999999996], [300, 4, 3.981197], [300, 8, 3.840684], [300, 8, 3.840684], [300, 12, 3.887219], [300, 12, 3.887219], [300, 16, 3.8966239999999996], [300, 16, 3.8966239999999996], [400, 16, 3.906187], [400, 20, 3.902066], [400, 20, 3.902066]], "pwcutoff": 86, "w_conv_time": [10.823288440704346, 10.437996625900269, 11.203296422958374, 11.205155849456787, 11.954603910446167, 11.956569910049438, 12.609776258468628, 12.61116647720337, 13.052593469619751, 15.230632781982422, 15.232705354690552], "w_ngw": 7, "w_z_factor": [{"@module": "numpy", "@class": "array", "dtype": "float64", "data": [[24.0, 0.77, -0.138195], [25.0, 0.78, -0.118266]]}, {"@module": "numpy", "@class": "array", "dtype": "float64", "data": [[24.0, 0.77, -0.134291], [25.0, 0.78, -0.126732]]}, {"@module": "numpy", "@class": "array", "dtype": "float64", "data": [[24.0, 0.76, -0.133926], [25.0, 0.78, -0.12717]]}, {"@module": "numpy", "@class": "array", "dtype": "float64", "data": [[24.0, 0.76, -0.133006], [25.0, 0.77, -0.126112]]}, {"@module": "numpy", "@class": "array", "dtype": "float64", "data": [[24.0, 0.75, -0.136835], [25.0, 0.77, -0.126845]]}, {"@module": "numpy", "@class": "array", "dtype": "float64", "data": [[24.0, 0.75, -0.129447], [25.0, 0.77, -0.126525]]}, {"@module": "numpy", "@class": "array", "dtype": "float64", "data": [[24.0, 0.75, -0.134043], [25.0, 0.77, -0.127727]]}], "gw_kppa": 260, "gw_kpt_grid": {"@module": "numpy", "@class": "array", "dtype": "int64", "data": [4, 4, 4]}, "conv_list": [[{"kppa": 0}, {"kpt_grid": "1x1x1"}, {"num_kpts": 1}, {"X_bnds": 400.0}, {"G_bnds": 400.0}, {"X_cutoff": 20.0}, {"gamma_gap": 3.902066}, {"num_gw_calc": 7}, {"wall_time": 156}, {"num_cores": 8}, {"z-factor": "None"}], [{"kppa": 0}, {"kpt_grid": "1x1x1"}, {"num_kpts": 1}, {"X_bnds": 200}, {"G_bnds": 200}, {"X_cutoff": 4}, {"gamma_gap": 8}, {"num_gw_calc": 1}, {"wall_time": 11}, {"num_cores": 8}, {"z-factor": "None"}], [{"kppa": 10}, {"kpt_grid": "2x2x2"}, {"num_kpts": 1}, {"X_bnds": 200}, {"G_bnds": 200}, {"X_cutoff": 4}, {"gamma_gap": 4.149802}, {"num_gw_calc": 2}, {"wall_time": 28}, {"num_cores": 8}, {"z-factor": {"@module": "numpy", "@class": "array", "dtype": "float64",