{"@module": "pymatgen.entries.computed_entries", "@class": "ComputedEntry", "energy": 0.0, "composition": {"In": 4.0, "Te": 4.0}, "entry_id": "169418", "correction": 0.0, "energy_adjustments": [], "parameters": {"id": "169418", "name": "InTe", "ibrav": {"celldm(1)": 15.954957747082835, "ibrav": 7, "celldm(3)": 0.8457894113466776}, "vol": 1717.5888943238383, "lda_pw_cutoff_Ry": 68, "qe_conv_pbe": {"qe_conv_maxiter": 20, "qe_delta_kppa": 1500, "qe_delta_cutoff": 5, "qe_conv_thresh": 0.00029399460312357707, "qe_conv_steps": [[60, 1500, -558.8165364063454], [65, 1500, -558.8178637146299], [70, 1500, -558.8183538236661], [75, 1500, -558.8184509939352], [75, 3000, -558.8184928292044]], "qe_conv_time": 289.63704657554626}, "num_elec_pbe": 116.0, "max_mem": 143634.0, "qe_conv_lda": {"qe_conv_maxiter": 20, "qe_delta_kppa": 1500, "qe_delta_cutoff": 5, "qe_conv_thresh": 0.00029399460312357707, "qe_conv_steps": [[68, 1500, -683.5236751178229], [73, 1500, -683.5244094666483], [78, 1500, -683.5244684500428], [78, 3000, -683.5245202658339]], "qe_conv_time": 234.1542510986328}, "num_elec_lda": 116.0, "bg_conv_pbe": {"bg_conv_maxiter": 20, "bg_delta_kppa": 1500, "bg_delta_cutoff": 5, "bg_conv_thresh": 0.025, "bg_conv_steps": [[75, 3000, -0.15505801612172546], [75, 6000, -0.070857495695728], [75, 12000, -0.07831824580629175]], "bg_conv_time": 501.3434603214264}, "indirect_gap_pbe": -0.07815145897369147, "bg_conv_lda": {"bg_conv_maxiter": 20, "bg_delta_kppa": 1500, "bg_delta_cutoff": 5, "bg_conv_thresh": 0.025, "bg_conv_steps": [[78, 3000, -0.18788408415305477], [78, 6000, -0.09356110796537091], [78, 12000, -0.08834738910145497]], "bg_conv_time": 412.6291615962982}, "indirect_gap_lda": -0.08920348871831692, "gw_conv_pbe": {"gw_conv_thr": 0.025, "gw_bnd_start": 200, "gw_bnd_step": 100, "gw_cut_start": 4, "gw_cut_step": 4, "kpt_bnd_idx": {"@module": "numpy", "@class": "array", "dtype": "int64", "data": [1, 1, 58, 59]}, "gw_bands": 200, "gw_cutoff": 4, "w_conv_grid": [[200, 4, 3.34963], [300, 4, 3.321657], [400, 4, 3.308812], [400, 8, 3.356464], [400, 8, 3.356464], [400, 12, 3.359317], [400, 12, 3.359317]], "pwcutoff": 75, "w_conv_time": [14.921068906784058, 16.787280082702637, 16.937615871429443, 22.325854539871216, 22.327816009521484, 35.05687475204468, 35.05832052230835], "w_ngw": 5, "w_z_factor": [{"@module": "numpy", "@class": "array", "dtype": "float64", "data": [[58.0, 0.79, -0.174623], [59.0, 0.79, -0.174452]]}, {"@module": "numpy", "@class": "array", "dtype": "float64", "data": [[58.0, 0.79, -0.164944], [59.0, 0.79, -0.164282]]}, {"@module": "numpy", "@class": "array", "dtype": "float64", "data": [[58.0, 0.79, -0.161261], [59.0, 0.8, -0.160687]]}, {"@module": "numpy", "@class": "array", "dtype": "float64", "data": [[58.0, 0.79, -0.159659], [59.0, 0.79, -0.160204]]}, {"@module": "numpy", "@class": "array", "dtype": "float64", "data": [[58.0, 0.79, -0.160298], [59.0, 0.79, -0.154273]]}], "gw_kppa": 220, "gw_kpt_grid": {"@module": "numpy", "@class": "array", "dtype": "int64", "data": [4, 4, 4]}, "conv_list": [[{"kppa": 0}, {"kpt_grid": "1x1x1"}, {"num_kpts": 1}, {"X_bnds": 400.0}, {"G_bnds": 400.0}, {"X_cutoff": 12.0}, {"gamma_gap": 3.359317}, {"num_gw_calc": 5}, {"wall_time": 827}, {"num_cores": 8}, {"z-factor": "None"}], [{"kppa": 0}, {"kpt_grid": "1x1x1"}, {"num_kpts": 1}, {"X_bnds": 200}, {"G_bnds": 200}, {"X_cutoff": 4}, {"gamma_gap": 4}, {"num_gw_calc": 1}, {"wall_time": 15}, {"num_cores": 8}, {"z-factor": "None"}], [{"kppa": 10}, {"kpt_grid": "2x2x2"}, {"num_kpts": 1}, {"X_bnds": 200}, {"G_bnds": 200}, {"X_cutoff": 4}, {"gamma_gap": 3.004063}, {"num_gw_calc": 2}, {"wall_time": 69}, {"num_cores": 8}, {"z-factor": {"@module": "numpy", "@class": "array", "dtype": "float64", "data": [[58.0, 0.79, -0.16356], [59.0, 0.8, -0.152411]]}}], [{"kppa": 220}, {"kpt_grid": "4x4x4"}, {"num_kpts": 1}, {"X_bnds": 200}, {"G_bnds": 200}, {"X_cutoff": 4}, {"gamma_gap": 3.0258789999999998}, {"num_gw_calc": 3}, {"wall_time": 1008}, {"num_cores": 8}, {"z-factor": {"@module": "numpy", "@class": "array", "dtype": "float64", "data": [[58.0, 0.79, -0.157042], [59.0, 0.8, -0.115019]]}}]], "conv_time": 1902.6957566738129}, "gw_band_range_pbe": [1, 67], "gw_conv_lda": {"gw_conv_thr": 0.025, "gw_bnd_start": 200, "gw_bnd_step": 100, "gw_cut_start": 4, "gw_cut_step": 4, "kpt_bnd_idx": {"@module": "numpy", "@class": "array", "dtype": "int64", "data": [1, 1, 58, 59]}, "gw_bands": 200, "gw_cutoff": 4, "w_conv_grid": [[200, 4, 3.2455030000000002], [300, 4, 3.225761], [300, 8, 3.264995], [300, 8, 3.264995], [300, 12, 3.2664169999999997], [300, 12, 3.2664169999999997]], "pwcutoff": 78, "w_conv_time": [13.966355323791504, 15.902689218521118, 20.373295545578003, 20.374790906906128, 31.44405198097229, 31.445903539657593], "w_ngw": 4, "w_z_factor": [{"@module": "numpy", "@class": "array", "dtype": "float64", "data": [[58.0, 0.78, -0.181244], [59.0, 0.79, -0.181132]]}, {"@module": "numpy", "@class": "array", "dtype": "float64", "data": [[58.0, 0.79, -0.171097], [59.0, 0.79, -0.172114]]}, {"@module": "numpy", "@class": "array", "dtype": "float64", "data": [[58.0, 0.78, -0.173783], [59.0, 0.79, -0.172801]]}, {"@module": "numpy", "@class": "array", "dtype": "float64", "data": [[58.0, 0.78, -0.1733], [59.0, 0.79, -0.173266]]}], "gw_kppa": 220, "gw_kpt_grid": {"@module": "numpy", "@class": "array", "dtype": "int64", "data": [4, 4, 4]}, "conv_list": [[{"kppa": 0}, {"kpt_grid": "1x1x1"}, {"num_kpts": 1}, {"X_bnds": 300.0}, {"G_bnds": 300.0}, {"X_cutoff": 12.0}, {"gamma_gap": 3.2664169999999997}, {"num_gw_calc": 4}, {"wall_time": 796}, {"num_cores": 8}, {"z-factor": "None"}], [{"kppa": 0}, {"kpt_grid": "1x1x1"}, {"num_kpts": 1}, {"X_bnds": 200}, {"G_bnds": 200}, {"X_cutoff": 4}, {"gamma_gap": 8}, {"num_gw_calc": 1}, {"wall_time": 14}, {"num_cores": 8}, {"z-factor": "None"}], [{"kppa": 10}, {"kpt_grid": "2x2x2"}, {"num_kpts": 1}, {"X_bnds": 200}, {"G_bnds": 200}, {"X_cutoff": 4}, {"gamma_gap": 2.925441}, {"num_gw_calc": 2}, {"wall_time": 69}, {"num_cores": 8}, {"z-factor": {"@module": "numpy", "@class": "array", "dtype": "float64", "data": [[58.0, 0.79, -0.16248], [59.0, 0.79, -0.160788]]}}], [{"kppa": 220}, {"kpt_grid": "4x4x4"}, {"num_kpts": 1}, {"X_bnds": 200}, {"G_bnds": 200}, {"X_cutoff": 4}, {"gamma_gap": 2.943043}, {"num_gw_calc": 3}, {"wall_time": 960}, {"num_cores": 8}, {"z-factor": {"@module": "numpy", "@class": "array", "dtype": "float64", "data": [[58.0, 0.79, -0.161485], [59.0, 0.79, -0.13983]]}}]], "conv_time": 1823.4808332920074}, "gw_band_range_lda": [1, 67], "g0w0_ppa_pbe": {"gw_direct_gap": 3.040086, "kppa": 1000, "kpt_grid": "6x6x6", "num_kpt": 36, "bands_in X": 500, "bands_in_G": 500, "cutoff": 16, "z_factor": [[58.0, 0.79, -0.00142392], [59.0, 0.8, -0.00112621]], "scissor": 0.594458, "ncpu": 32, "calc_time": 37227.4912507534}, "g0w0_ppa_lda": {"gw_direct_gap": 2.9588, "kppa": 1000, "kpt_grid": "6x6x6", "num_kpt": 36, "bands_in X": 400, "bands_in_G": 400, "cutoff": 16, "z_factor": [[58.0, 0.79, -0.00150253], [59.0, 0.79, -0.00159424]], "scissor": 0.614525, "ncpu": 32, "calc_time": 29050.784292459488}}, "data": {}}