{"@module": "pymatgen.entries.computed_entries", "@class": "ComputedEntry", "energy": 0.0, "composition": {"Pd": 4.0, "Se": 8.0}, "entry_id": "170327", "correction": 0.0, "energy_adjustments": [], "parameters": {"id": "170327", "name": "PdSe2", "ibrav": {"celldm(1)": 10.857799446572757, "ibrav": 8, "celldm(2)": 1.0212680787371433, "celldm(3)": 1.3391927876498952}, "vol": 1750.6861906393613, "lda_pw_cutoff_Ry": 78, "qe_conv_pbe": {"qe_conv_maxiter": 20, "qe_delta_kppa": 1500, "qe_delta_cutoff": 5, "qe_conv_thresh": 0.00044099190468536564, "qe_conv_steps": [[60, 1500, -582.5297905021492], [65, 1500, -582.530011015592], [65, 3000, -582.5299599116552]], "qe_conv_time": 223.1723918914795}, "num_elec_pbe": 120.0, "max_mem": 214392.0, "qe_conv_lda": {"qe_conv_maxiter": 20, "qe_delta_kppa": 1500, "qe_delta_cutoff": 5, "qe_conv_thresh": 0.00044099190468536564, "qe_conv_steps": [[78, 1500, -1509.325037012312], [83, 1500, -1509.326289139729], [88, 1500, -1509.326406183658], [88, 3000, -1509.326343947316]], "qe_conv_time": 727.1711292266846}, "num_elec_lda": 200.0, "bg_conv_pbe": {"bg_conv_maxiter": 20, "bg_delta_kppa": 1500, "bg_delta_cutoff": 5, "bg_conv_thresh": 0.025, "bg_conv_steps": [[65, 3000, -0.08022150807435718], [65, 4500, -0.0929602345860368]], "bg_conv_time": 222.51707649230957}, "indirect_gap_pbe": -0.0802210321105805, "bg_conv_lda": {"bg_conv_maxiter": 20, "bg_delta_kppa": 1500, "bg_delta_cutoff": 5, "bg_conv_thresh": 0.025, "bg_conv_steps": [[88, 3000, -0.10325079795810994], [88, 4500, -0.11299317704965031]], "bg_conv_time": 517.4375631809235}, "indirect_gap_lda": -0.10325091776480659, "gw_conv_pbe": {"gw_conv_thr": 0.025, "gw_bnd_start": 200, "gw_bnd_step": 100, "gw_cut_start": 4, "gw_cut_step": 4, "kpt_bnd_idx": {"@module": "numpy", "@class": "array", "dtype": "int64", "data": [1, 1, 60, 61]}, "gw_bands": 200, "gw_cutoff": 4, "w_conv_grid": [[200, 4, 1.265371], [300, 4, 1.2413690000000002], [300, 8, 1.300091], [300, 8, 1.300091], [300, 12, 1.323968], [300, 12, 1.323968], [400, 12, 1.310532], [400, 16, 1.327149], [400, 16, 1.327149]], "pwcutoff": 65, "w_conv_time": [14.712259769439697, 15.800695419311523, 22.18407154083252, 22.185572624206543, 41.192660093307495, 41.19428777694702, 46.537017583847046, 92.50716137886047, 92.50865650177002], "w_ngw": 6, "w_z_factor": [{"@module": "numpy", "@class": "array", "dtype": "float64", "data": [[60.0, 0.78, -0.152164], [61.0, 0.8, -0.144139]]}, {"@module": "numpy", "@class": "array", "dtype": "float64", "data": [[60.0, 0.78, -0.146014], [61.0, 0.8, -0.13984]]}, {"@module": "numpy", "@class": "array", "dtype": "float64", "data": [[60.0, 0.78, -0.148035], [61.0, 0.79, -0.142306]]}, {"@module": "numpy", "@class": "array", "dtype": "float64", "data": [[60.0, 0.78, -0.147561], [61.0, 0.79, -0.140262]]}, {"@module": "numpy", "@class": "array", "dtype": "float64", "data": [[60.0, 0.78, -0.146211], [61.0, 0.79, -0.138206]]}, {"@module": "numpy", "@class": "array", "dtype": "float64", "data": [[60.0, 0.78, -0.1466], [61.0, 0.79, -0.13881]]}], "gw_kppa": 570, "gw_kpt_grid": {"@module": "numpy", "@class": "array", "dtype": "int64", "data": [4, 4, 4]}, "conv_list": [[{"kppa": 0}, {"kpt_grid": "1x1x1"}, {"num_kpts": 1}, {"X_bnds": 400.0}, {"G_bnds": 400.0}, {"X_cutoff": 16.0}, {"gamma_gap": 1.327149}, {"num_gw_calc": 6}, {"wall_time": 592}, {"num_cores": 8}, {"z-factor": "None"}], [{"kppa": 0}, {"kpt_grid": "1x1x1"}, {"num_kpts": 1}, {"X_bnds": 200}, {"G_bnds": 200}, {"X_cutoff": 4}, {"gamma_gap": 8}, {"num_gw_calc": 1}, {"wall_time": 15}, {"num_cores": 8}, {"z-factor": "None"}], [{"kppa": 10}, {"kpt_grid": "2x2x2"}, {"num_kpts": 1}, {"X_bnds": 200}, {"G_bnds": 200}, {"X_cutoff": 4}, {"gamma_gap": 0.839552}, {"num_gw_calc": 2}, {"wall_time": 101}, {"num_cores": 8}, {"z-factor": {"@module": "numpy", "@class": "array", "dtype": "float64", "data": [[60.0, 0.78, -0.154181], [61.0, 0.79, -0.140894]]}}], [{"kppa": 240}, {"kpt_grid": "4x2x2"}, {"num_kpts": 1}, {"X_bnds": 200}, {"G_bnds": 200}, {"X_cutoff": 4}, {"gamma_gap": 0.770818}, {"num_gw_calc": 3}, {"wall_time": 218}, {"num_cores": 8}, {"z-factor": {"@module": "numpy", "@class": "array", "dtype": "float64", "data": [[60.0, 0.77, -0.15706], [61.0, 0.79, -0.139495]]}}], [{"kppa": 260}, {"kpt_grid": "4x4x2"}, {"num_kpts": 1}, {"X_bnds": 200}, {"G_bnds": 200}, {"X_cutoff": 4}, {"gamma_gap": 0.797021}, {"num_gw_calc": 4}, {"wall_time": 189}, {"num_cores": 32}, {"z-factor": {"@module": "numpy", "@class": "array", "dtype": "float64", "data": [[60.0, 0.77, -0.155826], [61.0, 0.79, -0.13927]]}}], [{"kppa": 570}, {"kpt_grid": "4x4x4"}, {"num_kpts": 1}, {"X_bnds": 200}, {"G_bnds": 200}, {"X_cutoff": 4}, {"gamma_gap": 0.814097}, {"num_gw_calc": 5}, {"wall_time": 538}, {"num_cores": 32}, {"z-factor": {"@module": "numpy", "@class": "array", "dtype": "float64", "data": [[60.0, 0.78, -0.154882], [61.0, 0.79, -0.15678]]}}]], "conv_time": 1635.4298737049103}, "gw_band_range_pbe": [1, 69], "gw_conv_lda": {"gw_conv_thr": 0.025, "gw_bnd_start": 200, "gw_bnd_step": 100, "gw_cut_start": 4, "gw_cut_step": 4, "kpt_bnd_idx": {"@module": "numpy", "@class": "array", "dtype": "int64", "data": [1, 1, 100, 101]}, "gw_bands": 200, "gw_cutoff": 4, "w_conv_grid": [[200, 4, 1.274907], [300, 4, 1.2202039999999998], [400, 4, 1.2128459999999999], [400, 8, 1.279569], [400, 8, 1.279569], [400, 12, 1.302889], [400, 12, 1.302889], [500, 12, 1.302533], [500, 16, 1.319998], [500, 16, 1.319998]], "pwcutoff": 88, "w_conv_time": [16.179781436920166, 18.20656108856201, 20.219392776489258, 30.06416130065918, 30.065693140029907, 58.36908721923828, 58.3706169128418, 65.21490740776062, 133.0366814136505, 133.03860139846802], "w_ngw": 7, "w_z_factor": [{"@module": "numpy", "@class": "array", "dtype": "float64", "data": [[100.0, 0.78, -0.164477], [101.0, 0.8, -0.149327]]}, {"@module": "numpy", "@class": "array", "dtype": "float64", "data": [[100.0, 0.79, -0.143074], [101.0, 0.8, -0.136794]]}, {"@module": "numpy", "@class": "array", "dtype": "float64", "data": [[100.0, 0.79, -0.142412], [101.0, 0.8, -0.136998]]}, {"@module": "numpy", "@class": "array", "dtype": "float64", "data": [[100.0, 0.78, -0.144332], [101.0, 0.8, -0.135837]]}, {"@module": "numpy", "@class": "array", "dtype": "float64", "data": [[100.0, 0.78, -0.152389], [101.0, 0.8, -0.143]]}, {"@module": "numpy", "@class": "array", "dtype": "float64", "data": [[100.0, 0.78, -0.141759], [101.0, 0.8, -0.136829]]}, {"@module": "numpy", "@class": "array", "dtype": "float64", "data": [[100.0, 0.78, -0.144467], [101.0, 0.8, -0.135482]]}], "gw_kppa": 570, "gw_kpt_grid": {"@module": "numpy", "@class": "array", "dtype": "int64", "data": [4, 4, 4]}, "conv_list": [[{"kppa": 0}, {"kpt_grid": "1x1x1"}, {"num_kpts": 1}, {"X_bnds": 500.0}, {"G_bnds": 500.0}, {"X_cutoff": 16.0}, {"gamma_gap": 1.319998}, {"num_gw_calc": 7}, {"wall_time": 1232}, {"num_cores": 8}, {"z-factor": "None"}], [{"kppa": 0}, {"kpt_grid": "1x1x1"}, {"num_kpts": 1}, {"X_bnds": 200}, {"G_bnds": 200}, {"X_cutoff": 4}, {"gamma_gap": 4}, {"num_gw_calc": 1}, {"wall_time": 17}, {"num_cores": 8}, {"z-factor": "None"}], [{"kppa": 10}, {"kpt_grid": "2x2x2"}, {"num_kpts": 1}, {"X_bnds": 200}, {"G_bnds": 200}, {"X_cutoff": 4}, {"gamma_gap": 0.848985}, {"num_gw_calc": 2}, {"wall_time": 154}, {"num_cores": 8}, {"z-factor": {"@module": "numpy", "@class": "array", "dtype": "float64", "data": [[100.0, 0.78, -0.159805], [101.0, 0.79, -0.144789]]}}], [{"kppa": 240}, {"kpt_grid": "4x2x2"}, {"num_kpts": 1}, {"X_bnds": 200}, {"G_bnds": 200}, {"X_cutoff": 4}, {"gamma_gap": 0.7745219999999999}, {"num_gw_calc": 3}, {"wall_time": 350}, {"num_cores": 8}, {"z-factor": {"@module": "numpy", "@class": "array", "dtype": "float64", "data": [[100.0, 0.77, -0.165142], [101.0, 0.79, -0.141436]]}}], [{"kppa": 260}, {"kpt_grid": "4x4x2"}, {"num_kpts": 1}, {"X_bnds": 200}, {"G_bnds": 200}, {"X_cutoff": 4}, {"gamma_gap": 0.79999}, {"num_gw_calc": 4}, {"wall_time": 305}, {"num_cores": 32}, {"z-factor": {"@module": "numpy", "@class": "array",