{"@module": "pymatgen.entries.computed_entries", "@class": "ComputedEntry", "energy": 0.0, "composition": {"Ba": 2.0, "Zn": 2.0, "S": 2.0, "O": 2.0}, "entry_id": "171239", "correction": 0.0, "energy_adjustments": [], "parameters": {"id": "171239", "name": "BaZnSO", "ibrav": {"celldm(1)": 7.486905969225094, "ibrav": 9, "celldm(2)": 3.2444281783992532, "celldm(3)": 1.5440823847144047}, "vol": 1051.2010198474413, "lda_pw_cutoff_Ry": 60, "qe_conv_pbe": {"qe_conv_maxiter": 20, "qe_delta_kppa": 1500, "qe_delta_cutoff": 5, "qe_conv_thresh": 0.00029399460312357707, "qe_conv_steps": [[60, 1500, -504.5590927896466], [65, 1500, -504.5730902186096], [70, 1500, -504.5783990333678], [75, 1500, -504.5807155945994], [80, 1500, -504.5816549907285], [85, 1500, -504.5819240605292], [85, 3000, -504.581924044349]], "qe_conv_time": 352.6703894138336}, "num_elec_pbe": 84.0, "max_mem": 111444.0, "qe_conv_lda": {"qe_conv_maxiter": 20, "qe_delta_kppa": 1500, "qe_delta_cutoff": 5, "qe_conv_thresh": 0.00029399460312357707, "qe_conv_steps": [[60, 1500, -529.6036498423756], [65, 1500, -529.6597999864837], [70, 1500, -529.6761912177906], [75, 1500, -529.6801216983621], [80, 1500, -529.6808401095553], [85, 1500, -529.6809291282538], [85, 3000, -529.6809292179108]], "qe_conv_time": 287.5463933944702}, "num_elec_lda": 84.0, "bg_conv_pbe": {"bg_conv_maxiter": 20, "bg_delta_kppa": 1500, "bg_delta_cutoff": 5, "bg_conv_thresh": 0.025, "bg_conv_steps": [[85, 3000, 2.331136867609698], [85, 4500, 2.331313170564797]], "bg_conv_time": 181.3089635372162}, "indirect_gap_pbe": 2.3311382581104323, "bg_conv_lda": {"bg_conv_maxiter": 20, "bg_delta_kppa": 1500, "bg_delta_cutoff": 5, "bg_conv_thresh": 0.025, "bg_conv_steps": [[85, 3000, 2.1342026272060894], [85, 4500, 2.134519689498795]], "bg_conv_time": 137.7241861820221}, "indirect_gap_lda": 2.1342041706675423, "gw_conv_pbe": {"gw_conv_thr": 0.025, "gw_bnd_start": 200, "gw_bnd_step": 100, "gw_cut_start": 4, "gw_cut_step": 4, "kpt_bnd_idx": {"@module": "numpy", "@class": "array", "dtype": "int64", "data": [1, 1, 42, 43]}, "gw_bands": 200, "gw_cutoff": 4, "w_conv_grid": [[200, 4, 3.027302], [300, 4, 2.98199], [400, 4, 2.959999], [400, 8, 3.111331], [400, 8, 3.111331], [400, 12, 3.162972], [400, 12, 3.162972], [400, 16, 3.184888], [400, 16, 3.184888], [500, 16, 3.18112], [500, 20, 3.1922490000000003], [500, 20, 3.1922490000000003]], "pwcutoff": 85, "w_conv_time": [12.878929615020752, 14.200751543045044, 14.939902305603027, 16.71594476699829, 16.720218658447266, 24.240243196487427, 24.2416672706604, 36.05071783065796, 36.051920890808105, 38.2826988697052, 61.25632858276367, 61.25835824012756], "w_ngw": 8, "w_z_factor": [{"@module": "numpy", "@class": "array", "dtype": "float64", "data": [[42.0, 0.78, -0.150472], [43.0, 0.8, -0.135432]]}, {"@module": "numpy", "@class": "array", "dtype": "float64", "data": [[42.0, 0.78, -0.142054], [43.0, 0.8, -0.138044]]}, {"@module": "numpy", "@class": "array", "dtype": "float64", "data": [[42.0, 0.78, -0.137776], [43.0, 0.8, -0.129881]]}, {"@module": "numpy", "@class": "array", "dtype": "float64", "data": [[42.0, 0.77, -0.1413], [43.0, 0.8, -0.132552]]}, {"@module": "numpy", "@class": "array", "dtype": "float64", "data": [[42.0, 0.77, -0.15663], [43.0, 0.8, -0.149495]]}, {"@module": "numpy", "@class": "array", "dtype": "float64", "data": [[42.0, 0.77, -0.13779], [43.0, 0.8, -0.129816]]}, {"@module": "numpy", "@class": "array", "dtype": "float64", "data": [[42.0, 0.77, -0.171835], [43.0, 0.8, -0.127698]]}, {"@module": "numpy", "@class": "array", "dtype": "float64", "data": [[42.0, 0.77, -0.145602], [43.0, 0.8, -0.128961]]}], "gw_kppa": 180, "gw_kpt_grid": {"@module": "numpy", "@class": "array", "dtype": "int64", "data": [2, 2, 4]}, "conv_list": [[{"kppa": 0}, {"kpt_grid": "1x1x1"}, {"num_kpts": 1}, {"X_bnds": 500.0}, {"G_bnds": 500.0}, {"X_cutoff": 20.0}, {"gamma_gap": 3.1922490000000003}, {"num_gw_calc": 8}, {"wall_time": 450}, {"num_cores": 8}, {"z-factor": "None"}], [{"kppa": 0}, {"kpt_grid": "1x1x1"}, {"num_kpts": 1}, {"X_bnds": 200}, {"G_bnds": 200}, {"X_cutoff": 4}, {"gamma_gap": 4}, {"num_gw_calc": 1}, {"wall_time": 13}, {"num_cores": 8}, {"z-factor": "None"}], [{"kppa": 10}, {"kpt_grid": "2x2x2"}, {"num_kpts": 1}, {"X_bnds": 200}, {"G_bnds": 200}, {"X_cutoff": 4}, {"gamma_gap": 3.515645}, {"num_gw_calc": 2}, {"wall_time": 74}, {"num_cores": 8}, {"z-factor": {"@module": "numpy", "@class": "array", "dtype": "float64", "data": [[42.0, 0.79, -0.136408], [43.0, 0.82, -0.118162]]}}], [{"kppa": 180}, {"kpt_grid": "2x2x4"}, {"num_kpts": 1}, {"X_bnds": 200}, {"G_bnds": 200}, {"X_cutoff": 4}, {"gamma_gap": 3.533666}, {"num_gw_calc": 3}, {"wall_time": 152}, {"num_cores": 8}, {"z-factor": {"@module": "numpy", "@class": "array", "dtype": "float64", "data": [[42.0, 0.79, -0.138344], [43.0, 0.82, -0.115937]]}}]], "conv_time": 673.8785979747772}, "gw_band_range_pbe": [1, 50], "gw_conv_lda": {"gw_conv_thr": 0.025, "gw_bnd_start": 200, "gw_bnd_step": 100, "gw_cut_start": 4, "gw_cut_step": 4, "kpt_bnd_idx": {"@module": "numpy", "@class": "array", "dtype": "int64", "data": [1, 1, 42, 43]}, "gw_bands": 200, "gw_cutoff": 4, "w_conv_grid": [[200, 4, 3.2304630000000003], [300, 4, 3.19008], [400, 4, 3.1714840000000004], [400, 8, 3.329208], [400, 8, 3.329208], [400, 12, 3.382384], [400, 12, 3.382384], [400, 16, 3.4045870000000003], [400, 16, 3.4045870000000003], [500, 16, 3.399492], [500, 20, 3.411005], [500, 20, 3.411005]], "pwcutoff": 85, "w_conv_time": [13.086861610412598, 14.091840505599976, 14.441444158554077, 17.65048837661743, 17.651851415634155, 24.114449739456177, 24.115880489349365, 35.82140231132507, 35.822813272476196, 37.762341260910034, 62.10509157180786, 62.10674858093262], "w_ngw": 8, "w_z_factor": [{"@module": "numpy", "@class": "array", "dtype": "float64", "data": [[42.0, 0.78, -0.142199], [43.0, 0.8, -0.133646]]}, {"@module": "numpy", "@class": "array", "dtype": "float64", "data": [[42.0, 0.78, -0.129535], [43.0, 0.8, -0.131163]]}, {"@module": "numpy", "@class": "array", "dtype": "float64", "data": [[42.0, 0.78, -0.138658], [43.0, 0.8, -0.131331]]}, {"@module": "numpy", "@class": "array", "dtype": "float64", "data": [[42.0, 0.77, -0.138703], [43.0, 0.8, -0.132825]]}, {"@module": "numpy", "@class": "array", "dtype": "float64", "data": [[42.0, 0.77, -0.135666], [43.0, 0.8, -0.12488]]}, {"@module": "numpy", "@class": "array", "dtype": "float64", "data": [[42.0, 0.77, -0.128903], [43.0, 0.8, -0.117278]]}, {"@module": "numpy", "@class": "array", "dtype": "float64", "data": [[42.0, 0.77, -0.136447], [43.0, 0.8, -0.130333]]}, {"@module": "numpy", "@class": "array", "dtype": "float64", "data": [[42.0, 0.77, -0.135094], [43.0, 0.8, -0.129047]]}], "gw_kppa": 180, "gw_kpt_grid": {"@module": "numpy", "@class": "array", "dtype": "int64", "data": [2, 2, 4]}, "conv_list": [[{"kppa": 0}, {"kpt_grid": "1x1x1"}, {"num_kpts": 1}, {"X_bnds": 500.0}, {"G_bnds": 500.0}, {"X_cutoff": 20.0}, {"gamma_gap": 3.411005}, {"num_gw_calc": 8}, {"wall_time": 414}, {"num_cores": 8}, {"z-factor": "None"}], [{"kppa": 0}, {"kpt_grid": "1x1x1"}, {"num_kpts": 1}, {"X_bnds": 200}, {"G_bnds": 200}, {"X_cutoff": 4}, {"gamma_gap": 4}, {"num_gw_calc": 1}, {"wall_time": 14}, {"num_cores": 8}, {"z-factor": "None"}], [{"kppa": 10}, {"kpt_grid": "2x2x2"}, {"num_kpts": 1}, {"X_bnds": 200}, {"G_bnds": 200}, {"X_cutoff": 4}, {"gamma_gap": 3.6970150000000004}, {"num_gw_calc": 2}, {"wall_time": 66}, {"num_cores": 8}, {"z-factor": {"@module": "numpy", "@class": "array", "dtype": "float64", "data": [[42.0, 0.79, -0.139168], [43.0, 0.82, -0.119815]]}}], [{"kppa": 180}, {"kpt_grid": "2x2x4"}, {"num_kpts": 1}, {"X_bnds": 200}, {"G_bnds": 200}, {"X_cutoff": 4}, {"gamma_gap": 3.715552}, {"num_gw_calc": 3}, {"wall_time": 140}, {"num_cores": 8}, {"z-factor": {"@module": "numpy", "@class": "array", "dtype": "float64", "data": [[42.0, 0.79, -0.14041], [43.0, 0.82, -0.117675]]}}]], "conv_time": 618.6116609573364}, "gw_band_range_lda": [1, 49],