{"@module": "pymatgen.entries.computed_entries", "@class": "ComputedEntry", "energy": 0.0, "composition": {"Cu": 4.0, "O": 2.0}, "entry_id": "172174", "correction": 0.0, "energy_adjustments": [], "parameters": {"id": "172174", "name": "Cu2O", "ibrav": {"celldm(1)": 8.06459524830637, "ibrav": 1}, "vol": 524.5026983079649, "lda_pw_cutoff_Ry": 76, "qe_conv_pbe": {"qe_conv_maxiter": 20, "qe_delta_kppa": 1500, "qe_delta_cutoff": 5, "qe_conv_thresh": 0.00022049595234268282, "qe_conv_steps": [[60, 1500, -762.1238590106312], [65, 1500, -762.2533905531728], [70, 1500, -762.2958603914515], [75, 1500, -762.3070477669017], [80, 1500, -762.3091681243181], [85, 1500, -762.3094499844631], [90, 1500, -762.3095738568297], [90, 3000, -762.3096093387722]], "qe_conv_time": 80.4810242652893}, "num_elec_pbe": 88.00000000000001, "max_mem": 60294.0, "qe_conv_lda": {"qe_conv_maxiter": 20, "qe_delta_kppa": 1500, "qe_delta_cutoff": 5, "qe_conv_thresh": 0.00022049595234268282, "qe_conv_steps": [[76, 1500, -790.7260230164266], [81, 1500, -790.7360701499153], [86, 1500, -790.738461430501], [91, 1500, -790.7388267336024], [96, 1500, -790.7388535487815], [96, 3000, -790.7388960853885]], "qe_conv_time": 64.38209247589111}, "num_elec_lda": 88.00000000000001, "bg_conv_pbe": {"bg_conv_maxiter": 20, "bg_delta_kppa": 1500, "bg_delta_cutoff": 5, "bg_conv_thresh": 0.025, "bg_conv_steps": [[90, 3000, 0.47821781458439094], [90, 4500, 0.47821690151491414]], "bg_conv_time": 33.880621910095215}, "indirect_gap_pbe": 0.47821781458439094, "bg_conv_lda": {"bg_conv_maxiter": 20, "bg_delta_kppa": 1500, "bg_delta_cutoff": 5, "bg_conv_thresh": 0.025, "bg_conv_steps": [[96, 3000, 0.4929740203425826], [96, 4500, 0.492968637168049]], "bg_conv_time": 32.84140491485596}, "indirect_gap_lda": 0.4929740203425826, "gw_conv_pbe": {"gw_conv_thr": 0.025, "gw_bnd_start": 200, "gw_bnd_step": 100, "gw_cut_start": 4, "gw_cut_step": 4, "kpt_bnd_idx": {"@module": "numpy", "@class": "array", "dtype": "int64", "data": [1, 1, 44, 45]}, "gw_bands": 200, "gw_cutoff": 4, "w_conv_grid": [[200, 4, 0.804581], [300, 4, 0.795556], [300, 8, 0.8846310000000001], [300, 8, 0.8846310000000001], [300, 12, 0.9248200000000001], [300, 12, 0.9248200000000001], [300, 16, 0.967035], [300, 16, 0.967035], [300, 20, 0.9966670000000001], [300, 20, 0.9966670000000001], [300, 24, 1.0344600000000002], [300, 24, 1.0344600000000002], [300, 28, 1.070738], [300, 28, 1.070738], [300, 32, 1.096908], [300, 32, 1.096908], [300, 36, 1.120451], [300, 36, 1.120451], [400, 36, 1.113067], [400, 40, 1.1354659999999999], [400, 40, 1.1354659999999999]], "pwcutoff": 90, "w_conv_time": [12.058440923690796, 12.258842945098877, 12.604864835739136, 12.606256246566772, 13.128844738006592, 13.13058590888977, 14.902187824249268, 14.903439044952393, 18.421619415283203, 18.422775268554688, 20.703590869903564, 20.705007553100586, 26.75860047340393, 26.76043200492859, 32.472564935684204, 32.473812103271484, 42.97502398490906, 42.97687244415283, 49.370192527770996, 61.067129611968994, 61.069528102874756], "w_ngw": 12, "w_z_factor": [{"@module": "numpy", "@class": "array", "dtype": "float64", "data": [[44.0, 0.72, -0.178315], [45.0, 0.73, -0.174509]]}, {"@module": "numpy", "@class": "array", "dtype": "float64", "data": [[44.0, 0.73, -0.174954], [45.0, 0.74, -0.17126]]}, {"@module": "numpy", "@class": "array", "dtype": "float64", "data": [[44.0, 0.72, -0.178238], [45.0, 0.73, -0.18774]]}, {"@module": "numpy", "@class": "array", "dtype": "float64", "data": [[44.0, 0.72, -0.20459], [45.0, 0.72, -0.335598]]}, {"@module": "numpy", "@class": "array", "dtype": "float64", "data": [[44.0, 0.72, -0.173813], [45.0, 0.72, -0.179361]]}, {"@module": "numpy", "@class": "array", "dtype": "float64", "data": [[44.0, 0.72, -0.181098], [45.0, 0.72, -0.189192]]}, {"@module": "numpy", "@class": "array", "dtype": "float64", "data": [[44.0, 0.71, -0.185272], [45.0, 0.71, -0.191419]]}, {"@module": "numpy", "@class": "array", "dtype": "float64", "data": [[44.0, 0.71, -0.188192], [45.0, 0.71, -0.197864]]}, {"@module": "numpy", "@class": "array", "dtype": "float64", "data": [[44.0, 0.71, -0.192728], [45.0, 0.71, -0.200472]]}, {"@module": "numpy", "@class": "array", "dtype": "float64", "data": [[44.0, 0.71, -0.198497], [45.0, 0.71, -0.205987]]}, {"@module": "numpy", "@class": "array", "dtype": "float64", "data": [[44.0, 0.71, -0.202353], [45.0, 0.71, -0.235705]]}, {"@module": "numpy", "@class": "array", "dtype": "float64", "data": [[44.0, 0.71, -0.200613], [45.0, 0.7, -0.234201]]}], "gw_kppa": 760, "gw_kpt_grid": {"@module": "numpy", "@class": "array", "dtype": "int64", "data": [6, 6, 6]}, "conv_list": [[{"kppa": 0}, {"kpt_grid": "1x1x1"}, {"num_kpts": 1}, {"X_bnds": 400.0}, {"G_bnds": 400.0}, {"X_cutoff": 40.0}, {"gamma_gap": 1.1354659999999999}, {"num_gw_calc": 12}, {"wall_time": 412}, {"num_cores": 8}, {"z-factor": "None"}], [{"kppa": 0}, {"kpt_grid": "1x1x1"}, {"num_kpts": 1}, {"X_bnds": 200}, {"G_bnds": 200}, {"X_cutoff": 4}, {"gamma_gap": 8}, {"num_gw_calc": 1}, {"wall_time": 13}, {"num_cores": 8}, {"z-factor": "None"}], [{"kppa": 10}, {"kpt_grid": "2x2x2"}, {"num_kpts": 1}, {"X_bnds": 200}, {"G_bnds": 200}, {"X_cutoff": 4}, {"gamma_gap": 1.121524}, {"num_gw_calc": 2}, {"wall_time": 29}, {"num_cores": 8}, {"z-factor": {"@module": "numpy", "@class": "array", "dtype": "float64", "data": [[44.0, 0.74, -0.166174], [45.0, 0.75, -0.159605]]}}], [{"kppa": 170}, {"kpt_grid": "4x4x4"}, {"num_kpts": 1}, {"X_bnds": 200}, {"G_bnds": 200}, {"X_cutoff": 4}, {"gamma_gap": 1.292122}, {"num_gw_calc": 3}, {"wall_time": 133}, {"num_cores": 8}, {"z-factor": {"@module": "numpy", "@class": "array", "dtype": "float64", "data": [[44.0, 0.74, -0.162802], [45.0, 0.75, -0.155147]]}}], [{"kppa": 760}, {"kpt_grid": "6x6x6"}, {"num_kpts": 1}, {"X_bnds": 200}, {"G_bnds": 200}, {"X_cutoff": 4}, {"gamma_gap": 1.305942}, {"num_gw_calc": 4}, {"wall_time": 209}, {"num_cores": 32}, {"z-factor": {"@module": "numpy", "@class": "array", "dtype": "float64", "data": [[44.0, 0.74, -0.16151], [45.0, 0.76, -0.154234]]}}]], "conv_time": 781.1996912956238}, "gw_band_range_pbe": [1, 48], "gw_conv_lda": {"gw_conv_thr": 0.025, "gw_bnd_start": 200, "gw_bnd_step": 100, "gw_cut_start": 4, "gw_cut_step": 4, "kpt_bnd_idx": {"@module": "numpy", "@class": "array", "dtype": "int64", "data": [1, 1, 44, 45]}, "gw_bands": 200, "gw_cutoff": 4, "w_conv_grid": [[200, 4, 0.861416], [300, 4, 0.858063], [300, 8, 0.944608], [300, 8, 0.944608], [300, 12, 0.988288], [300, 12, 0.988288], [300, 16, 1.027402], [300, 16, 1.027402], [300, 20, 1.0565120000000001], [300, 20, 1.0565120000000001], [300, 24, 1.093947], [300, 24, 1.093947], [300, 28, 1.130087], [300, 28, 1.130087], [300, 32, 1.156305], [300, 32, 1.156305], [300, 36, 1.179785], [300, 36, 1.179785], [400, 36, 1.1705240000000001], [400, 40, 1.192922], [400, 40, 1.192922]], "pwcutoff": 96, "w_conv_time": [12.18021845817566, 13.349914789199829, 12.746617794036865, 12.748417615890503, 12.937264442443848, 12.938117265701294, 15.276618242263794, 15.27733850479126, 16.758192539215088, 16.759571313858032, 20.67732834815979, 20.6781222820282, 25.689618825912476, 25.690909385681152, 32.005149841308594, 32.00622010231018, 41.553711891174316, 41.555760622024536, 48.891178131103516, 61.869202613830566, 61.869935035705566], "w_ngw": 12, "w_z_factor": [{"@module": "numpy", "@class": "array", "dtype": "float64", "data": [[44.0, 0.73, -0.188827], [45.0, 0.73, -0.192842]]}, {"@module": "numpy", "@class": "array", "dtype": "float64", "data": [[44.0, 0.73, -0.165404], [45.0, 0.74, -0.164524]]}, {"@module": "numpy", "@class": "array", "dtype": "float64", "data": [[44.0, 0.72, -0.209074], [45.0, 0.73, -0.213864]]}, {"@module": "numpy", "@class": "array", "dtype": "float64", "data": [[44.0, 0.72, -0.163457], [45.0, 0.73, -0.168156]]}, {"@module": "numpy", "@class": "array", "dtype": "float64", "data": [[44.0, 0.72, -0.16978], [45.0, 0.72, -0.179784]]}, {"@module": "numpy", "@class": "array", "dtype": "float64",