{"@module": "pymatgen.entries.computed_entries", "@class": "ComputedEntry", "energy": 0.0, "composition": {"Li": 1.0, "H": 1.0}, "entry_id": "173177", "correction": 0.0, "energy_adjustments": [], "parameters": {"id": "173177", "name": "LiH", "ibrav": {"celldm(1)": 7.716148646507888, "ibrav": 2}, "vol": 114.8528469888734, "lda_pw_cutoff_Ry": 66, "qe_conv_pbe": {"qe_conv_maxiter": 20, "qe_delta_kppa": 1500, "qe_delta_cutoff": 5, "qe_conv_thresh": 7.349865078089427e-05, "qe_conv_steps": [[60, 1500, -7.736788108478991], [65, 1500, -7.736905419234946], [70, 1500, -7.736960283531695], [70, 3000, -7.73696028794155]], "qe_conv_time": 13.364590644836426}, "num_elec_pbe": 4.0, "max_mem": 17069.0, "qe_conv_lda": {"qe_conv_maxiter": 20, "qe_delta_kppa": 1500, "qe_delta_cutoff": 5, "qe_conv_thresh": 7.349865078089427e-05, "qe_conv_steps": [[66, 1500, -7.723694976933535], [71, 1500, -7.723791551946657], [76, 1500, -7.723811549634338], [76, 3000, -7.72381221976399]], "qe_conv_time": 13.4798903465271}, "num_elec_lda": 4.0, "bg_conv_pbe": {"bg_conv_maxiter": 20, "bg_delta_kppa": 1500, "bg_delta_cutoff": 5, "bg_conv_thresh": 0.025, "bg_conv_steps": [[70, 3000, 3.0289550063005284], [70, 4500, 3.028947465851886]], "bg_conv_time": 7.141520261764526}, "indirect_gap_pbe": 3.028930904155294, "bg_conv_lda": {"bg_conv_maxiter": 20, "bg_delta_kppa": 1500, "bg_delta_cutoff": 5, "bg_conv_thresh": 0.025, "bg_conv_steps": [[76, 3000, 2.6624462852054056], [76, 4500, 2.6625042108273007]], "bg_conv_time": 7.285732984542847}, "indirect_gap_lda": 2.6624848715406375, "gw_conv_pbe": {"gw_conv_thr": 0.025, "gw_bnd_start": 200, "gw_bnd_step": 100, "gw_cut_start": 4, "gw_cut_step": 4, "kpt_bnd_idx": {"@module": "numpy", "@class": "array", "dtype": "int64", "data": [1, 1, 2, 3]}, "gw_bands": 200, "gw_cutoff": 4, "w_conv_grid": [[200, 4, 31.692726], [300, 4, 31.692688999999998], [300, 8, 31.547243], [300, 8, 31.547243], [300, 12, 31.509317], [300, 12, 31.509317], [300, 16, 31.48009], [300, 16, 31.48009], [300, 20, 31.477746], [300, 20, 31.477746], [400, 20, 31.477606], [400, 24, 31.471420000000002], [400, 24, 31.471420000000002]], "pwcutoff": 103, "w_conv_time": [10.797321081161499, 10.814395666122437, 12.369230031967163, 12.370794773101807, 11.558796167373657, 11.560870170593262, 11.725306510925293, 11.727545499801636, 11.243568181991577, 11.244577646255493, 11.396947383880615, 13.643110513687134, 13.645339965820312], "w_ngw": 8, "w_z_factor": [{"@module": "numpy", "@class": "array", "dtype": "float64", "data": [[2.0, 0.96, -0.231266], [3.0, 0.94, -0.334899]]}, {"@module": "numpy", "@class": "array", "dtype": "float64", "data": [[2.0, 0.96, -0.231275], [3.0, 0.94, -0.334966]]}, {"@module": "numpy", "@class": "array", "dtype": "float64", "data": [[2.0, 0.96, -0.231748], [3.0, 0.94, -0.357661]]}, {"@module": "numpy", "@class": "array", "dtype": "float64", "data": [[2.0, 0.96, -0.257885], [3.0, 0.94, -0.530924]]}, {"@module": "numpy", "@class": "array", "dtype": "float64", "data": [[2.0, 0.96, -0.233989], [3.0, 0.94, -0.369139]]}, {"@module": "numpy", "@class": "array", "dtype": "float64", "data": [[2.0, 0.96, -0.233554], [3.0, 0.94, -0.366531]]}, {"@module": "numpy", "@class": "array", "dtype": "float64", "data": [[2.0, 0.96, -0.23369], [3.0, 0.94, -0.367356]]}, {"@module": "numpy", "@class": "array", "dtype": "float64", "data": [[2.0, 0.96, -0.232176], [3.0, 0.94, -0.358468]]}], "gw_kppa": 1460, "gw_kpt_grid": {"@module": "numpy", "@class": "array", "dtype": "int64", "data": [10, 10, 10]}, "conv_list": [[{"kppa": 0}, {"kpt_grid": "1x1x1"}, {"num_kpts": 1}, {"X_bnds": 400.0}, {"G_bnds": 400.0}, {"X_cutoff": 24.0}, {"gamma_gap": 31.471420000000002}, {"num_gw_calc": 8}, {"wall_time": 396}, {"num_cores": 4}, {"z-factor": "None"}], [{"kppa": 0}, {"kpt_grid": "1x1x1"}, {"num_kpts": 1}, {"X_bnds": 200}, {"G_bnds": 200}, {"X_cutoff": 4}, {"gamma_gap": 8}, {"num_gw_calc": 1}, {"wall_time": 11}, {"num_cores": 4}, {"z-factor": "None"}], [{"kppa": 10}, {"kpt_grid": "2x2x2"}, {"num_kpts": 1}, {"X_bnds": 200}, {"G_bnds": 200}, {"X_cutoff": 4}, {"gamma_gap": 22.279578}, {"num_gw_calc": 2}, {"wall_time": 18}, {"num_cores": 4}, {"z-factor": {"@module": "numpy", "@class": "array", "dtype": "float64", "data": [[2.0, 0.77, -0.180719]]}}], [{"kppa": 60}, {"kpt_grid": "4x4x4"}, {"num_kpts": 1}, {"X_bnds": 200}, {"G_bnds": 200}, {"X_cutoff": 4}, {"gamma_gap": 22.952446}, {"num_gw_calc": 3}, {"wall_time": 36}, {"num_cores": 4}, {"z-factor": {"@module": "numpy", "@class": "array", "dtype": "float64", "data": []}}], [{"kppa": 260}, {"kpt_grid": "6x6x6"}, {"num_kpts": 1}, {"X_bnds": 200}, {"G_bnds": 200}, {"X_cutoff": 4}, {"gamma_gap": 22.925609}, {"num_gw_calc": 4}, {"wall_time": 30}, {"num_cores": 32}, {"z-factor": {"@module": "numpy", "@class": "array", "dtype": "float64", "data": [[2.0, 0.7, -0.1214]]}}], [{"kppa": 690}, {"kpt_grid": "8x8x8"}, {"num_kpts": 1}, {"X_bnds": 200}, {"G_bnds": 200}, {"X_cutoff": 4}, {"gamma_gap": 23.072541}, {"num_gw_calc": 5}, {"wall_time": 59}, {"num_cores": 32}, {"z-factor": {"@module": "numpy", "@class": "array", "dtype": "float64", "data": [[2.0, 0.72, -0.874798]]}}], [{"kppa": 1460}, {"kpt_grid": "10x10x10"}, {"num_kpts": 1}, {"X_bnds": 200}, {"G_bnds": 200}, {"X_cutoff": 4}, {"gamma_gap": 23.089929}, {"num_gw_calc": 6}, {"wall_time": 139}, {"num_cores": 32}, {"z-factor": {"@module": "numpy", "@class": "array", "dtype": "float64", "data": []}}]], "conv_time": 674.9785394668579}, "gw_band_range_pbe": [1, 5]}, "data": {}}