{"@module": "pymatgen.entries.computed_entries", "@class": "ComputedEntry", "energy": 0.0, "composition": {"Hf": 4.0, "O": 8.0}, "entry_id": "173158", "correction": 0.0, "energy_adjustments": [], "parameters": {"id": "173158", "name": "HfO2", "ibrav": 0, "vol": 950.9278718804225, "lda_pw_cutoff_Ry": 60, "qe_conv_pbe": {"qe_conv_maxiter": 20, "qe_delta_kppa": 1500, "qe_delta_cutoff": 5, "qe_conv_thresh": 0.00044099190468536564, "qe_conv_steps": [[60, 1500, -1023.532129827555], [65, 1500, -1023.576704191474], [70, 1500, -1023.597263901177], [75, 1500, -1023.605619591468], [80, 1500, -1023.608592653742], [85, 1500, -1023.609336754266], [90, 1500, -1023.609390555701], [90, 3000, -1023.609391272279]], "qe_conv_time": 594.8043925762177}, "num_elec_pbe": 152.0, "max_mem": 101630.0, "qe_conv_lda": {"qe_conv_maxiter": 20, "qe_delta_kppa": 1500, "qe_delta_cutoff": 5, "qe_conv_thresh": 0.00044099190468536564, "qe_conv_steps": [[60, 1500, -358.7582131520417], [65, 1500, -358.7815403790754], [70, 1500, -358.7909501955346], [75, 1500, -358.7942838608899], [80, 1500, -358.7952870124578], [85, 1500, -358.7955248290907], [85, 3000, -358.7955256441001]], "qe_conv_time": 235.53181266784668}, "num_elec_lda": 96.00000000000001, "bg_conv_pbe": {"bg_conv_maxiter": 20, "bg_delta_kppa": 1500, "bg_delta_cutoff": 5, "bg_conv_thresh": 0.025, "bg_conv_steps": [[90, 3000, 4.04099331876339], [90, 4500, 4.029682358136478]], "bg_conv_time": 399.4436249732971}, "indirect_gap_pbe": 4.029649887848581, "bg_conv_lda": {"bg_conv_maxiter": 20, "bg_delta_kppa": 1500, "bg_delta_cutoff": 5, "bg_conv_thresh": 0.025, "bg_conv_steps": [[85, 3000, 3.8929476646700634], [85, 4500, 3.8800641859285765]], "bg_conv_time": 125.33183670043945}, "indirect_gap_lda": 3.8929887052441803, "gw_conv_pbe": {"gw_conv_thr": 0.025, "gw_bnd_start": 200, "gw_bnd_step": 100, "gw_cut_start": 4, "gw_cut_step": 4, "kpt_bnd_idx": {"@module": "numpy", "@class": "array", "dtype": "int64", "data": [1, 1, 76, 77]}, "gw_bands": 200, "gw_cutoff": 4, "w_conv_grid": [[200, 4, 4.733898999999999], [300, 4, 4.687664999999999], [400, 4, 4.680899999999999], [400, 8, 5.057141999999999], [400, 8, 5.057141999999999], [400, 12, 5.1630769999999995], [400, 12, 5.1630769999999995], [400, 16, 5.212102], [400, 16, 5.212102], [400, 20, 5.242414999999999], [400, 20, 5.242414999999999], [400, 24, 5.260840999999999], [400, 24, 5.260840999999999], [500, 24, 5.269155], [500, 28, 5.281874], [500, 28, 5.281874]], "pwcutoff": 90, "w_conv_time": [14.206492185592651, 14.941935300827026, 16.48861002922058, 20.38769292831421, 20.39013171195984, 29.259247303009033, 29.26184916496277, 52.1923041343689, 52.194807291030884, 89.86184668540955, 89.86585426330566, 152.81779718399048, 152.82010650634766, 175.88231825828552, 282.116824388504, 282.12204003334045], "w_ngw": 10, "w_z_factor": [{"@module": "numpy", "@class": "array", "dtype": "float64", "data": [[76.0, 0.8, -0.11423], [77.0, 0.84, -0.866218]]}, {"@module": "numpy", "@class": "array", "dtype": "float64", "data": [[76.0, 0.8, -0.114119], [77.0, 0.84, -0.872328]]}, {"@module": "numpy", "@class": "array", "dtype": "float64", "data": [[76.0, 0.8, -0.108144], [77.0, 0.84, -0.844779]]}, {"@module": "numpy", "@class": "array", "dtype": "float64", "data": [[76.0, 0.79, -0.111371], [77.0, 0.83, -0.859714]]}, {"@module": "numpy", "@class": "array", "dtype": "float64", "data": [[76.0, 0.79, -0.112712], [77.0, 0.83, -0.853329]]}, {"@module": "numpy", "@class": "array", "dtype": "float64", "data": [[76.0, 0.78, -0.106778], [77.0, 0.83, -0.90115]]}, {"@module": "numpy", "@class": "array", "dtype": "float64", "data": [[76.0, 0.78, -0.109368], [77.0, 0.83, -0.856748]]}, {"@module": "numpy", "@class": "array", "dtype": "float64", "data": [[76.0, 0.78, -0.109956], [77.0, 0.83, -0.859729]]}, {"@module": "numpy", "@class": "array", "dtype": "float64", "data": [[76.0, 0.78, -0.109457], [77.0, 0.83, -0.862467]]}, {"@module": "numpy", "@class": "array", "dtype": "float64", "data": [[76.0, 0.78, -0.112876], [77.0, 0.83, -0.859011]]}], "gw_kppa": 320, "gw_kpt_grid": {"@module": "numpy", "@class": "array", "dtype": "int64", "data": [4, 4, 2]}, "conv_list": [[{"kppa": 0}, {"kpt_grid": "1x1x1"}, {"num_kpts": 1}, {"X_bnds": 500.0}, {"G_bnds": 500.0}, {"X_cutoff": 28.0}, {"gamma_gap": 5.281874}, {"num_gw_calc": 10}, {"wall_time": 1482}, {"num_cores": 8}, {"z-factor": "None"}], [{"kppa": 0}, {"kpt_grid": "1x1x1"}, {"num_kpts": 1}, {"X_bnds": 200}, {"G_bnds": 200}, {"X_cutoff": 4}, {"gamma_gap": 4}, {"num_gw_calc": 1}, {"wall_time": 15}, {"num_cores": 8}, {"z-factor": "None"}], [{"kppa": 10}, {"kpt_grid": "2x2x2"}, {"num_kpts": 1}, {"X_bnds": 200}, {"G_bnds": 200}, {"X_cutoff": 4}, {"gamma_gap": 4.939573}, {"num_gw_calc": 2}, {"wall_time": 100}, {"num_cores": 8}, {"z-factor": {"@module": "numpy", "@class": "array", "dtype": "float64", "data": [[76.0, 0.8, -0.113163], [77.0, 0.85, -0.787768]]}}], [{"kppa": 320}, {"kpt_grid": "4x4x2"}, {"num_kpts": 1}, {"X_bnds": 200}, {"G_bnds": 200}, {"X_cutoff": 4}, {"gamma_gap": 4.942254}, {"num_gw_calc": 3}, {"wall_time": 526}, {"num_cores": 8}, {"z-factor": {"@module": "numpy", "@class": "array", "dtype": "float64", "data": [[76.0, 0.8, -0.113541], [77.0, 0.84, -0.794156]]}}]], "conv_time": 2105.6784267425537}, "gw_band_range_pbe": [1, 88], "gw_conv_lda": {"gw_conv_thr": 0.025, "gw_bnd_start": 200, "gw_bnd_step": 100, "gw_cut_start": 4, "gw_cut_step": 4, "kpt_bnd_idx": {"@module": "numpy", "@class": "array", "dtype": "int64", "data": [1, 1, 48, 49]}, "gw_bands": 200, "gw_cutoff": 4, "w_conv_grid": [[200, 4, 6.0329809999999995], [300, 4, 5.982246], [400, 4, 5.966345], [400, 8, 6.009349], [400, 8, 6.009349], [400, 12, 6.064705999999999], [400, 12, 6.064705999999999], [400, 16, 6.094676], [400, 16, 6.094676], [400, 20, 6.109964], [400, 20, 6.109964], [500, 20, 6.1092390000000005], [500, 24, 6.120851], [500, 24, 6.120851]], "pwcutoff": 85, "w_conv_time": [13.653677225112915, 14.38439393043518, 15.095179080963135, 18.25797438621521, 18.260050058364868, 26.11988401412964, 26.12144374847412, 46.688183307647705, 46.69049549102783, 79.46056056022644, 79.46285557746887, 88.50940871238708, 151.09018206596375, 151.0916566848755], "w_ngw": 9, "w_z_factor": [{"@module": "numpy", "@class": "array", "dtype": "float64", "data": [[48.0, 0.79, -0.118097], [49.0, 0.84, -0.945995]]}, {"@module": "numpy", "@class": "array", "dtype": "float64", "data": [[48.0, 0.79, -0.115682], [49.0, 0.84, -0.940958]]}, {"@module": "numpy", "@class": "array", "dtype": "float64", "data": [[48.0, 0.79, -0.117871], [49.0, 0.84, -0.934028]]}, {"@module": "numpy", "@class": "array", "dtype": "float64", "data": [[48.0, 0.78, -0.130778], [49.0, 0.84, -0.934487]]}, {"@module": "numpy", "@class": "array", "dtype": "float64", "data": [[48.0, 0.78, -0.11602], [49.0, 0.83, -0.932178]]}, {"@module": "numpy", "@class": "array", "dtype": "float64", "data": [[48.0, 0.78, -0.115337], [49.0, 0.83, -0.935531]]}, {"@module": "numpy", "@class": "array", "dtype": "float64", "data": [[48.0, 0.78, -0.115784], [49.0, 0.83, -0.934106]]}, {"@module": "numpy", "@class": "array", "dtype": "float64", "data": [[48.0, 0.78, -0.116612], [49.0, 0.83, -0.933507]]}, {"@module": "numpy", "@class": "array", "dtype": "float64", "data": [[48.0, 0.77, -0.115595], [49.0, 0.83, -0.930601]]}], "gw_kppa": 320, "gw_kpt_grid": {"@module": "numpy", "@class": "array", "dtype": "int64", "data": [4, 4, 2]},