{"@module": "pymatgen.entries.computed_entries", "@class": "ComputedEntry", "energy": 0.0, "composition": {"Ag": 1.0, "F": 1.0}, "entry_id": "18008", "correction": 0.0, "energy_adjustments": [], "parameters": {"id": "18008", "name": "AgF", "ibrav": {"celldm(1)": 9.297452577951857, "ibrav": 2}, "vol": 200.92405035943898, "lda_pw_cutoff_Ry": 78, "qe_conv_pbe": {"qe_conv_maxiter": 20, "qe_delta_kppa": 1500, "qe_delta_cutoff": 5, "qe_conv_thresh": 7.349865078089427e-05, "qe_conv_steps": [[60, 1500, -167.689862354529], [65, 1500, -167.6924194227116], [70, 1500, -167.693195522807], [75, 1500, -167.6933728090821], [80, 1500, -167.6933975183424], [80, 3000, -167.6934156140276]], "qe_conv_time": 36.482051372528076}, "num_elec_pbe": 26.0, "max_mem": 895.0, "qe_conv_lda": {"qe_conv_maxiter": 20, "qe_delta_kppa": 1500, "qe_delta_cutoff": 5, "qe_conv_thresh": 7.349865078089427e-05, "qe_conv_steps": [[78, 1500, -179.5236244717299], [83, 1500, -179.5237987585034], [88, 1500, -179.5238186788071], [88, 3000, -179.5237948679374]], "qe_conv_time": 23.581855297088623}, "num_elec_lda": 26.0, "bg_conv_pbe": {"bg_conv_maxiter": 20, "bg_delta_kppa": 1500, "bg_delta_cutoff": 5, "bg_conv_thresh": 0.025, "bg_conv_steps": [[80, 3000, -0.40810764772461045], [80, 4500, -0.4112632799997074]], "bg_conv_time": 15.672074556350708}, "indirect_gap_pbe": -0.4081173979174178, "bg_conv_lda": {"bg_conv_maxiter": 20, "bg_delta_kppa": 1500, "bg_delta_cutoff": 5, "bg_conv_thresh": 0.025, "bg_conv_steps": [[88, 3000, -0.7332623391540752], [88, 4500, -0.732498585208601]], "bg_conv_time": 14.281364679336548}, "indirect_gap_lda": -0.7332627542773018}, "data": {}}