{"@module": "pymatgen.entries.computed_entries", "@class": "ComputedEntry", "energy": 0.0, "composition": {"Rb": 1.0, "Cl": 1.0}, "entry_id": "18016", "correction": 0.0, "energy_adjustments": [], "parameters": {"id": "18016", "name": "RbCl", "ibrav": {"celldm(1)": 12.373926723664386, "ibrav": 2}, "vol": 473.6555476280927, "lda_pw_cutoff_Ry": 48, "qe_conv_pbe": {"qe_conv_maxiter": 20, "qe_delta_kppa": 1500, "qe_delta_cutoff": 5, "qe_conv_thresh": 7.349865078089427e-05, "qe_conv_steps": [[60, 1500, -39.70056298246068], [65, 1500, -39.7005703833809], [65, 3000, -39.70057040989403]], "qe_conv_time": 14.600627422332764}, "num_elec_pbe": 16.0, "max_mem": 39008.0, "qe_conv_lda": {"qe_conv_maxiter": 20, "qe_delta_kppa": 1500, "qe_delta_cutoff": 5, "qe_conv_thresh": 7.349865078089427e-05, "qe_conv_steps": [[48, 1500, -43.64856729655889], [53, 1500, -43.648720182463], [58, 1500, -43.64877804824608], [58, 3000, -43.64877809079451]], "qe_conv_time": 19.520615816116333}, "num_elec_lda": 16.0, "bg_conv_pbe": {"bg_conv_maxiter": 20, "bg_delta_kppa": 1500, "bg_delta_cutoff": 5, "bg_conv_thresh": 0.025, "bg_conv_steps": [[65, 3000, 5.05331165489549], [65, 4500, 5.053264417619862]], "bg_conv_time": 11.36964750289917}, "indirect_gap_pbe": 5.053265734841796, "bg_conv_lda": {"bg_conv_maxiter": 20, "bg_delta_kppa": 1500, "bg_delta_cutoff": 5, "bg_conv_thresh": 0.025, "bg_conv_steps": [[58, 3000, 4.5929736953884746], [58, 4500, 4.592956908551729]], "bg_conv_time": 10.669309139251709}, "indirect_gap_lda": 4.5929603266496075, "gw_conv_pbe": {"gw_conv_thr": 0.025, "gw_bnd_start": 200, "gw_bnd_step": 100, "gw_cut_start": 4, "gw_cut_step": 4, "kpt_bnd_idx": {"@module": "numpy", "@class": "array", "dtype": "int64", "data": [1, 1, 8, 9]}, "gw_bands": 200, "gw_cutoff": 4, "w_conv_grid": [[200, 4, 6.296142999999999], [300, 4, 6.293429999999999], [300, 8, 6.590361999999999], [300, 8, 6.590361999999999], [300, 12, 6.692236999999999], [300, 12, 6.692236999999999], [300, 16, 6.729018999999999], [300, 16, 6.729018999999999], [300, 20, 6.743288999999999], [300, 20, 6.743288999999999], [400, 20, 6.762771999999999], [400, 24, 6.770641999999999], [400, 24, 6.770641999999999], [500, 24, 6.781428999999999], [500, 28, 6.7868509999999995], [500, 28, 6.7868509999999995]], "pwcutoff": 65, "w_conv_time": [12.63263988494873, 12.579774141311646, 12.784009218215942, 12.785946130752563, 13.353106260299683, 13.354079961776733, 14.497986316680908, 14.499019384384155, 16.5324649810791, 16.533912897109985, 17.505234003067017, 20.84894323348999, 20.850994110107422, 22.681747674942017, 30.823702573776245, 30.825440645217896], "w_ngw": 10, "w_z_factor": [{"@module": "numpy", "@class": "array", "dtype": "float64", "data": [[8.0, 0.8, -0.186545], [9.0, 0.84, -0.133806]]}, {"@module": "numpy", "@class": "array", "dtype": "float64", "data": [[8.0, 0.8, -0.198581], [9.0, 0.84, -0.132374]]}, {"@module": "numpy", "@class": "array", "dtype": "float64", "data": [[8.0, 0.79, -0.166593], [9.0, 0.83, -0.131009]]}, {"@module": "numpy", "@class": "array", "dtype": "float64", "data": [[8.0, 0.79, -0.162155], [9.0, 0.83, -0.130211]]}, {"@module": "numpy", "@class": "array", "dtype": "float64", "data": [[8.0, 0.79, -0.162586], [9.0, 0.83, -0.132424]]}, {"@module": "numpy", "@class": "array", "dtype": "float64", "data": [[8.0, 0.79, -0.163213], [9.0, 0.83, -0.130696]]}, {"@module": "numpy", "@class": "array", "dtype": "float64", "data": [[8.0, 0.79, -0.163471], [9.0, 0.83, -0.130721]]}, {"@module": "numpy", "@class": "array", "dtype": "float64", "data": [[8.0, 0.79, -0.159698], [9.0, 0.83, -0.130182]]}, {"@module": "numpy", "@class": "array", "dtype": "float64", "data": [[8.0, 0.79, -0.1624], [9.0, 0.83, -0.130708]]}, {"@module": "numpy", "@class": "array", "dtype": "float64", "data": [[8.0, 0.79, -0.159754], [9.0, 0.83, -0.130599]]}], "gw_kppa": 60, "gw_kpt_grid": {"@module": "numpy", "@class": "array", "dtype": "int64", "data": [4, 4, 4]}, "conv_list": [[{"kppa": 0}, {"kpt_grid": "1x1x1"}, {"num_kpts": 1}, {"X_bnds": 500.0}, {"G_bnds": 500.0}, {"X_cutoff": 28.0}, {"gamma_gap": 6.7868509999999995}, {"num_gw_calc": 10}, {"wall_time": 242}, {"num_cores": 8}, {"z-factor": "None"}], [{"kppa": 0}, {"kpt_grid": "1x1x1"}, {"num_kpts": 1}, {"X_bnds": 200}, {"G_bnds": 200}, {"X_cutoff": 4}, {"gamma_gap": 8}, {"num_gw_calc": 1}, {"wall_time": 13}, {"num_cores": 8}, {"z-factor": "None"}], [{"kppa": 10}, {"kpt_grid": "2x2x2"}, {"num_kpts": 1}, {"X_bnds": 200}, {"G_bnds": 200}, {"X_cutoff": 4}, {"gamma_gap": 7.413596999999999}, {"num_gw_calc": 2}, {"wall_time": 21}, {"num_cores": 8}, {"z-factor": {"@module": "numpy", "@class": "array", "dtype": "float64", "data": [[8.0, 0.82, -0.938073], [9.0, 0.88, -0.864364]]}}], [{"kppa": 60}, {"kpt_grid": "4x4x4"}, {"num_kpts": 1}, {"X_bnds": 200}, {"G_bnds": 200}, {"X_cutoff": 4}, {"gamma_gap": 7.437265}, {"num_gw_calc": 3}, {"wall_time": 43}, {"num_cores": 8}, {"z-factor": {"@module": "numpy", "@class": "array", "dtype": "float64", "data": [[8.0, 0.82, -0.335993], [9.0, 0.88, -0.815685]]}}]], "conv_time": 305.31735706329346}, "gw_band_range_pbe": [1, 13], "gw_conv_lda": {"gw_conv_thr": 0.025, "gw_bnd_start": 200, "gw_bnd_step": 100, "gw_cut_start": 4, "gw_cut_step": 4, "kpt_bnd_idx": {"@module": "numpy", "@class": "array", "dtype": "int64", "data": [1, 1, 8, 9]}, "gw_bands": 200, "gw_cutoff": 4, "w_conv_grid": [[200, 4, 6.035606], [300, 4, 6.036753999999999], [300, 8, 6.298249], [300, 8, 6.298249], [300, 12, 6.3983159999999994], [300, 12, 6.3983159999999994], [300, 16, 6.4360029999999995], [300, 16, 6.4360029999999995], [300, 20, 6.450561], [300, 20, 6.450561], [400, 20, 6.469919000000001], [400, 24, 6.478074], [400, 24, 6.478074], [500, 24, 6.489314], [500, 28, 6.494816999999999], [500, 28, 6.494816999999999]], "pwcutoff": 58, "w_conv_time": [12.587064266204834, 12.343546628952026, 12.951028108596802, 12.952372789382935, 13.395693302154541, 13.397772789001465, 15.505023956298828, 15.505861282348633, 16.548505783081055, 16.549694299697876, 17.328181266784668, 20.94252610206604, 20.94428563117981, 22.806368112564087, 30.896140575408936, 30.896881818771362], "w_ngw": 10, "w_z_factor": [{"@module": "numpy", "@class": "array", "dtype": "float64", "data": [[8.0, 0.79, -0.215657], [9.0, 0.83, -0.141638]]}, {"@module": "numpy", "@class": "array", "dtype": "float64", "data": [[8.0, 0.79, -0.201435], [9.0, 0.83, -0.142088]]}, {"@module": "numpy", "@class": "array", "dtype": "float64", "data": [[8.0, 0.77, -0.301801], [9.0, 0.83, -0.140513]]}, {"@module": "numpy", "@class": "array", "dtype": "float64", "data": [[8.0, 0.77, -0.293226], [9.0, 0.82, -0.140164]]}, {"@module": "numpy", "@class": "array", "dtype": "float64", "data": [[8.0, 0.77, -0.272857], [9.0, 0.82, -0.140214]]}, {"@module": "numpy", "@class": "array", "dtype": "float64", "data": [[8.0, 0.77, -0.271075], [9.0, 0.82, -0.140405]]}, {"@module": "numpy", "@class": "array", "dtype": "float64", "data": [[8.0, 0.77, -0.275317], [9.0, 0.82, -0.14064]]}, {"@module": "numpy", "@class": "array", "dtype": "float64", "data": [[8.0, 0.77, -0.274945], [9.0, 0.82, -0.140664]]}, {"@module": "numpy", "@class": "array", "dtype": "float64", "data": [[8.0, 0.77, -0.275717], [9.0, 0.82, -0.14069]]}, {"@module": "numpy", "@class": "array", "dtype": "float64", "data": [[8.0, 0.77, -0.27599], [9.0, 0.82, -0.140654]]}], "gw_kppa": 250, "gw_kpt_grid": {"@module": "numpy", "@class": "array", "dtype": "int64", "data": [6, 6, 6]},