{"@module": "pymatgen.entries.computed_entries", "@class": "ComputedEntry", "energy": 0.0, "composition": {"Mg": 2.0, "Si": 1.0}, "entry_id": "180944", "correction": 0.0, "energy_adjustments": [], "parameters": {"id": "180944", "name": "Mg2Si", "ibrav": {"celldm(1)": 12.007319853720753, "ibrav": 2}, "vol": 432.79102652221775, "lda_pw_cutoff_Ry": 76, "qe_conv_pbe": {"qe_conv_maxiter": 20, "qe_delta_kppa": 1500, "qe_delta_cutoff": 5, "qe_conv_thresh": 0.00011024797617134141, "qe_conv_steps": [[60, 1500, -112.6123615411808], [65, 1500, -112.6127292501932], [70, 1500, -112.6131199920276], [75, 1500, -112.6134614713484], [80, 1500, -112.6137274164926], [85, 1500, -112.6139132797228], [90, 1500, -112.6140331049915], [95, 1500, -112.6141035115146], [95, 3000, -112.614217932581], [95, 4500, -112.614240164553]], "qe_conv_time": 48.11918616294861}, "num_elec_pbe": 24.0, "max_mem": 90233.0, "qe_conv_lda": {"qe_conv_maxiter": 20, "qe_delta_kppa": 1500, "qe_delta_cutoff": 5, "qe_conv_thresh": 0.00011024797617134141, "qe_conv_steps": [[76, 1500, -122.8345478039734], [81, 1500, -122.8349399304138], [86, 1500, -122.8349904644069], [86, 3000, -122.8351165658052], [86, 4500, -122.8351419154714]], "qe_conv_time": 26.42975902557373}, "num_elec_lda": 24.0, "bg_conv_pbe": {"bg_conv_maxiter": 20, "bg_delta_kppa": 1500, "bg_delta_cutoff": 5, "bg_conv_thresh": 0.025, "bg_conv_steps": [[95, 4500, 0.19554910590147714], [95, 7500, 0.19557451113109975]], "bg_conv_time": 15.428181648254395}, "indirect_gap_pbe": 0.19519976466886116, "bg_conv_lda": {"bg_conv_maxiter": 20, "bg_delta_kppa": 1500, "bg_delta_cutoff": 5, "bg_conv_thresh": 0.025, "bg_conv_steps": [[86, 4500, 0.17100858540635777], [86, 7500, 0.17109761855513317]], "bg_conv_time": 13.693187475204468}, "indirect_gap_lda": 0.17063662892593884, "gw_conv_pbe": {"gw_conv_thr": 0.025, "gw_bnd_start": 200, "gw_bnd_step": 100, "gw_cut_start": 4, "gw_cut_step": 4, "kpt_bnd_idx": {"@module": "numpy", "@class": "array", "dtype": "int64", "data": [1, 1, 12, 13]}, "gw_bands": 200, "gw_cutoff": 4, "w_conv_grid": [[200, 4, 1.7605950000000001], [300, 4, 1.75828], [300, 8, 1.794578], [300, 8, 1.794578], [300, 12, 1.794187], [300, 12, 1.794187], [400, 12, 1.7918730000000003], [400, 16, 1.793197], [400, 16, 1.793197]], "pwcutoff": 95, "w_conv_time": [11.440781593322754, 11.472087383270264, 11.831923246383667, 11.832640171051025, 12.200104713439941, 12.200984001159668, 12.551066398620605, 14.128080129623413, 14.129382848739624], "w_ngw": 6, "w_z_factor": [{"@module": "numpy", "@class": "array", "dtype": "float64", "data": [[12.0, 0.78, -0.12279], [13.0, 0.8, -0.122195]]}, {"@module": "numpy", "@class": "array", "dtype": "float64", "data": [[12.0, 0.78, -0.120386], [13.0, 0.8, -0.123035]]}, {"@module": "numpy", "@class": "array", "dtype": "float64", "data": [[12.0, 0.78, -0.119952], [13.0, 0.79, -0.123284]]}, {"@module": "numpy", "@class": "array", "dtype": "float64", "data": [[12.0, 0.78, -0.121522], [13.0, 0.79, -0.123417]]}, {"@module": "numpy", "@class": "array", "dtype": "float64", "data": [[12.0, 0.78, -0.122187], [13.0, 0.79, -0.122607]]}, {"@module": "numpy", "@class": "array", "dtype": "float64", "data": [[12.0, 0.78, -0.122243], [13.0, 0.79, -0.122727]]}], "gw_kppa": 1030, "gw_kpt_grid": {"@module": "numpy", "@class": "array", "dtype": "int64", "data": [8, 8, 8]}, "conv_list": [[{"kppa": 0}, {"kpt_grid": "1x1x1"}, {"num_kpts": 1}, {"X_bnds": 400.0}, {"G_bnds": 400.0}, {"X_cutoff": 16.0}, {"gamma_gap": 1.793197}, {"num_gw_calc": 6}, {"wall_time": 133}, {"num_cores": 8}, {"z-factor": "None"}], [{"kppa": 0}, {"kpt_grid": "1x1x1"}, {"num_kpts": 1}, {"X_bnds": 200}, {"G_bnds": 200}, {"X_cutoff": 4}, {"gamma_gap": 8}, {"num_gw_calc": 1}, {"wall_time": 12}, {"num_cores": 8}, {"z-factor": "None"}], [{"kppa": 10}, {"kpt_grid": "2x2x2"}, {"num_kpts": 1}, {"X_bnds": 200}, {"G_bnds": 200}, {"X_cutoff": 4}, {"gamma_gap": 2.432005}, {"num_gw_calc": 2}, {"wall_time": 22}, {"num_cores": 8}, {"z-factor": {"@module": "numpy", "@class": "array", "dtype": "float64", "data": [[12.0, 0.78, -0.158044], [13.0, 0.79, -0.131989]]}}], [{"kppa": 90}, {"kpt_grid": "4x4x4"}, {"num_kpts": 1}, {"X_bnds": 200}, {"G_bnds": 200}, {"X_cutoff": 4}, {"gamma_gap": 2.32145}, {"num_gw_calc": 3}, {"wall_time": 86}, {"num_cores": 8}, {"z-factor": {"@module": "numpy", "@class": "array", "dtype": "float64", "data": [[12.0, 0.76, -0.186188], [13.0, 0.77, -0.182599]]}}], [{"kppa": 380}, {"kpt_grid": "6x6x6"}, {"num_kpts": 1}, {"X_bnds": 200}, {"G_bnds": 200}, {"X_cutoff": 4}, {"gamma_gap": 2.293533}, {"num_gw_calc": 4}, {"wall_time": 118}, {"num_cores": 32}, {"z-factor": {"@module": "numpy", "@class": "array", "dtype": "float64", "data": [[12.0, 0.76, -0.192617], [13.0, 0.77, -0.186415]]}}], [{"kppa": 1030}, {"kpt_grid": "8x8x8"}, {"num_kpts": 1}, {"X_bnds": 200}, {"G_bnds": 200}, {"X_cutoff": 4}, {"gamma_gap": 2.287571}, {"num_gw_calc": 5}, {"wall_time": 428}, {"num_cores": 32}, {"z-factor": {"@module": "numpy", "@class": "array", "dtype": "float64", "data": [[12.0, 0.76, -0.194122], [13.0, 0.77, -0.211183]]}}]], "conv_time": 784.7818620204926}, "gw_band_range_pbe": [1, 17], "gw_conv_lda": {"gw_conv_thr": 0.025, "gw_bnd_start": 200, "gw_bnd_step": 100, "gw_cut_start": 4, "gw_cut_step": 4, "kpt_bnd_idx": {"@module": "numpy", "@class": "array", "dtype": "int64", "data": [1, 1, 12, 13]}, "gw_bands": 200, "gw_cutoff": 4, "w_conv_grid": [[200, 4, 1.9272880000000001], [300, 4, 1.924455], [300, 8, 1.946907], [300, 8, 1.946907]], "pwcutoff": 86, "w_conv_time": [11.260101795196533, 11.70245361328125, 11.73753023147583, 11.738756656646729], "w_ngw": 3, "w_z_factor": [{"@module": "numpy", "@class": "array", "dtype": "float64", "data": [[12.0, 0.78, -0.111518], [13.0, 0.8, -0.339539]]}, {"@module": "numpy", "@class": "array", "dtype": "float64", "data": [[12.0, 0.78, -0.127074], [13.0, 0.8, -0.118436]]}, {"@module": "numpy", "@class": "array", "dtype": "float64", "data": [[12.0, 0.77, -0.437466], [13.0, 0.78, -0.020473]]}], "gw_kppa": 1030, "gw_kpt_grid": {"@module": "numpy", "@class": "array", "dtype": "int64", "data": [8, 8, 8]}, "conv_list": [[{"kppa": 0}, {"kpt_grid": "1x1x1"}, {"num_kpts": 1}, {"X_bnds": 300.0}, {"G_bnds": 300.0}, {"X_cutoff": 8.0}, {"gamma_gap": 1.946907}, {"num_gw_calc": 3}, {"wall_time": 88}, {"num_cores": 8}, {"z-factor": "None"}], [{"kppa": 0}, {"kpt_grid": "1x1x1"}, {"num_kpts": 1}, {"X_bnds": 200}, {"G_bnds": 200}, {"X_cutoff": 4}, {"gamma_gap": 8}, {"num_gw_calc": 1}, {"wall_time": 12}, {"num_cores": 8}, {"z-factor": "None"}], [{"kppa": 10}, {"kpt_grid": "2x2x2"}, {"num_kpts": 1}, {"X_bnds": 200}, {"G_bnds": 200}, {"X_cutoff": 4}, {"gamma_gap": 2.421411}, {"num_gw_calc": 2}, {"wall_time": 22}, {"num_cores": 8}, {"z-factor": {"@module": "numpy", "@class": "array", "dtype": "float64", "data": [[12.0, 0.77, -0.159396]]}}], [{"kppa": 90}, {"kpt_grid": "4x4x4"}, {"num_kpts": 1}, {"X_bnds": 200}, {"G_bnds": 200}, {"X_cutoff": 4}, {"gamma_gap": 2.261329}, {"num_gw_calc": 3}, {"wall_time": 82}, {"num_cores": 8}, {"z-factor": {"@module": "numpy", "@class": "array", "dtype": "float64", "data": [[12.0, 0.76, -0.188902]]}}], [{"kppa": 380}, {"kpt_grid": "6x6x6"}, {"num_kpts": 1}, {"X_bnds": 200}, {"G_bnds": 200}, {"X_cutoff": 4}, {"gamma_gap": 2.221451}, {"num_gw_calc": 4}, {"wall_time": 131}, {"num_cores": 32}, {"z-factor": {"@module": "numpy", "@class": "array", "dtype": "float64", "data": [[12.0, 0.76, -0.196314], [13.0, 0.74, -0.033325]]}}], [{"kppa": 1030}, {"kpt_grid": "8x8x8"}, {"num_kpts": 1}, {"X_bnds": 200}, {"G_bnds": 200}, {"X_cutoff": 4}, {"gamma_gap": 2.217377}, {"num_gw_calc": 5}, {"wall_time": 452}, {"num_cores": 32}, {"z-factor": {"@module": "numpy", "@class": "array", "dtype": "float64", "data": [[12.0, 0.76, -0.198438]]}}]], "conv_time": 771.2347159385681}, "gw_band_range_lda": [1, 17], "g0w0_ppa_pbe": {"gw_direct_gap": 2.2819510000000003, "kppa": 2190, "kpt_grid": "10x10x10", "num_kpt": 47, "bands_in X": 500, "bands_in_G": 500, "cutoff": 20,