{"@module": "pymatgen.entries.computed_entries", "@class": "ComputedEntry", "energy": 0.0, "composition": {"Na": 1.0, "Cl": 1.0}, "entry_id": "181148", "correction": 0.0, "energy_adjustments": [], "parameters": {"id": "181148", "name": "NaCl", "ibrav": {"celldm(1)": 10.661456901278207, "ibrav": 2}, "vol": 302.9630578588184, "lda_pw_cutoff_Ry": 76, "qe_conv_pbe": {"qe_conv_maxiter": 20, "qe_delta_kppa": 1500, "qe_delta_cutoff": 5, "qe_conv_thresh": 7.349865078089427e-05, "qe_conv_steps": [[60, 1500, -57.82723546884546], [65, 1500, -57.82751621020451], [70, 1500, -57.82773525164234], [75, 1500, -57.82789346602876], [80, 1500, -57.82799628494963], [85, 1500, -57.82805605200508], [85, 3000, -57.8280560089079]], "qe_conv_time": 37.27480483055115}, "num_elec_pbe": 16.0, "max_mem": 42790.0, "qe_conv_lda": {"qe_conv_maxiter": 20, "qe_delta_kppa": 1500, "qe_delta_cutoff": 5, "qe_conv_thresh": 7.349865078089427e-05, "qe_conv_steps": [[76, 1500, -62.1436527061011], [81, 1500, -62.14379532618475], [86, 1500, -62.14381033953103], [86, 3000, -62.143810342818]], "qe_conv_time": 23.343143701553345}, "num_elec_lda": 16.0, "bg_conv_pbe": {"bg_conv_maxiter": 20, "bg_delta_kppa": 1500, "bg_delta_cutoff": 5, "bg_conv_thresh": 0.025, "bg_conv_steps": [[85, 3000, 5.111881889270445], [85, 4500, 5.111856874087844]], "bg_conv_time": 13.867805004119873}, "indirect_gap_pbe": 5.111857719022999, "bg_conv_lda": {"bg_conv_maxiter": 20, "bg_delta_kppa": 1500, "bg_delta_cutoff": 5, "bg_conv_thresh": 0.025, "bg_conv_steps": [[86, 3000, 4.686553420760596], [86, 4500, 4.686547290463473]], "bg_conv_time": 11.02619981765747}, "indirect_gap_lda": 4.686547334288519, "gw_conv_pbe": {"gw_conv_thr": 0.025, "gw_bnd_start": 200, "gw_bnd_step": 100, "gw_cut_start": 4, "gw_cut_step": 4, "kpt_bnd_idx": {"@module": "numpy", "@class": "array", "dtype": "int64", "data": [1, 1, 8, 9]}, "gw_bands": 200, "gw_cutoff": 4, "w_conv_grid": [[200, 4, 5.893898], [300, 4, 5.890999], [300, 8, 6.116796], [300, 8, 6.116796], [300, 12, 6.195945], [300, 12, 6.195945], [300, 16, 6.240342999999999], [300, 16, 6.240342999999999], [300, 20, 6.265066], [300, 20, 6.265066], [400, 20, 6.275612], [400, 24, 6.282691999999999], [400, 24, 6.282691999999999]], "pwcutoff": 85, "w_conv_time": [11.218549966812134, 12.051162242889404, 11.018601894378662, 11.020052671432495, 12.156339883804321, 12.157691478729248, 12.343854665756226, 12.345188617706299, 13.875942468643188, 13.877583026885986, 13.845617771148682, 14.609612941741943, 14.61193299293518], "w_ngw": 8, "w_z_factor": [{"@module": "numpy", "@class": "array", "dtype": "float64", "data": [[8.0, 0.78, -0.14711], [9.0, 0.81, -0.14572]]}, {"@module": "numpy", "@class": "array", "dtype": "float64", "data": [[8.0, 0.78, -0.148417], [9.0, 0.81, -0.145748]]}, {"@module": "numpy", "@class": "array", "dtype": "float64", "data": [[8.0, 0.78, -0.147901], [9.0, 0.81, -0.145562]]}, {"@module": "numpy", "@class": "array", "dtype": "float64", "data": [[8.0, 0.78, -0.147545], [9.0, 0.81, -0.145529]]}, {"@module": "numpy", "@class": "array", "dtype": "float64", "data": [[8.0, 0.78, -0.147009], [9.0, 0.81, -0.145411]]}, {"@module": "numpy", "@class": "array", "dtype": "float64", "data": [[8.0, 0.78, -0.147056], [9.0, 0.81, -0.145394]]}, {"@module": "numpy", "@class": "array", "dtype": "float64", "data": [[8.0, 0.78, -0.13351], [9.0, 0.81, -0.144673]]}, {"@module": "numpy", "@class": "array", "dtype": "float64", "data": [[8.0, 0.78, -0.127291], [9.0, 0.81, -0.14495]]}], "gw_kppa": 250, "gw_kpt_grid": {"@module": "numpy", "@class": "array", "dtype": "int64", "data": [6, 6, 6]}, "conv_list": [[{"kppa": 0}, {"kpt_grid": "1x1x1"}, {"num_kpts": 1}, {"X_bnds": 400.0}, {"G_bnds": 400.0}, {"X_cutoff": 24.0}, {"gamma_gap": 6.282691999999999}, {"num_gw_calc": 8}, {"wall_time": 202}, {"num_cores": 8}, {"z-factor": "None"}], [{"kppa": 0}, {"kpt_grid": "1x1x1"}, {"num_kpts": 1}, {"X_bnds": 200}, {"G_bnds": 200}, {"X_cutoff": 4}, {"gamma_gap": 8}, {"num_gw_calc": 1}, {"wall_time": 12}, {"num_cores": 8}, {"z-factor": "None"}], [{"kppa": 10}, {"kpt_grid": "2x2x2"}, {"num_kpts": 1}, {"X_bnds": 200}, {"G_bnds": 200}, {"X_cutoff": 4}, {"gamma_gap": 7.623335}, {"num_gw_calc": 2}, {"wall_time": 20}, {"num_cores": 8}, {"z-factor": {"@module": "numpy", "@class": "array", "dtype": "float64", "data": [[8.0, 0.82, -0.121282], [9.0, 0.86, -0.994287]]}}], [{"kppa": 60}, {"kpt_grid": "4x4x4"}, {"num_kpts": 1}, {"X_bnds": 200}, {"G_bnds": 200}, {"X_cutoff": 4}, {"gamma_gap": 7.700183}, {"num_gw_calc": 3}, {"wall_time": 41}, {"num_cores": 8}, {"z-factor": {"@module": "numpy", "@class": "array", "dtype": "float64", "data": [[8.0, 0.83, -0.115778], [9.0, 0.87, -0.881775]]}}], [{"kppa": 250}, {"kpt_grid": "6x6x6"}, {"num_kpts": 1}, {"X_bnds": 200}, {"G_bnds": 200}, {"X_cutoff": 4}, {"gamma_gap": 7.689468999999999}, {"num_gw_calc": 4}, {"wall_time": 51}, {"num_cores": 32}, {"z-factor": {"@module": "numpy", "@class": "array", "dtype": "float64", "data": [[8.0, 0.82, -0.11795], [9.0, 0.87, -0.879498]]}}]], "conv_time": 313.1223747730255}, "gw_band_range_pbe": [1, 10], "gw_conv_lda": {"gw_conv_thr": 0.025, "gw_bnd_start": 200, "gw_bnd_step": 100, "gw_cut_start": 4, "gw_cut_step": 4, "kpt_bnd_idx": {"@module": "numpy", "@class": "array", "dtype": "int64", "data": [1, 1, 8, 9]}, "gw_bands": 200, "gw_cutoff": 4, "w_conv_grid": [[200, 4, 5.699796], [300, 4, 5.698383], [300, 8, 5.928912], [300, 8, 5.928912], [300, 12, 6.015742], [300, 12, 6.015742], [300, 16, 6.045019000000001], [300, 16, 6.045019000000001], [300, 20, 6.071570435], [300, 20, 6.071570435], [300, 24, 6.070418], [300, 24, 6.070418], [400, 24, 6.09039], [400, 28, 6.096887000000001], [400, 28, 6.096887000000001], [500, 28, 6.103574], [500, 32, 6.107235], [500, 32, 6.107235]], "pwcutoff": 86, "w_conv_time": [10.643800735473633, 12.380376100540161, 11.480451822280884, 11.482219696044922, 12.030935764312744, 12.03242039680481, 11.698840379714966, 11.700754165649414, 13.278985023498535, 13.28048300743103, 14.981165647506714, 14.982128381729126, 15.10564136505127, 17.51686191558838, 17.518088579177856, 18.80846405029297, 21.204524040222168, 21.206092834472656], "w_ngw": 11, "w_z_factor": [{"@module": "numpy", "@class": "array", "dtype": "float64", "data": [[8.0, 0.78, -0.13573], [9.0, 0.8, -0.153094]]}, {"@module": "numpy", "@class": "array", "dtype": "float64", "data": [[8.0, 0.78, -0.123112], [9.0, 0.8, -0.152895]]}, {"@module": "numpy", "@class": "array", "dtype": "float64", "data": [[8.0, 0.77, -0.105614], [9.0, 0.8, -0.152896]]}, {"@module": "numpy", "@class": "array", "dtype": "float64", "data": [[9.0, 0.8, -0.152674]]}, {"@module": "numpy", "@class": "array", "dtype": "float64", "data": [[8.0, 0.77, -0.154823], [9.0, 0.8, -0.152831]]}, {"@module": "numpy", "@class": "array", "dtype": "float64", "data": [[8.0, 0.76, -0.151233], [9.0, 0.8, -0.155791]]}, {"@module": "numpy", "@class": "array", "dtype": "float64", "data": [[9.0, 0.8, -0.153117]]}, {"@module": "numpy", "@class": "array", "dtype": "float64", "data": [[8.0, 0.77, -0.153337], [9.0, 0.8, -0.15268]]}, {"@module": "numpy", "@class": "array", "dtype": "float64", "data": [[8.0, 0.77, -0.152648], [9.0, 0.8, -0.15273]]}, {"@module": "numpy", "@class": "array", "dtype": "float64", "data": [[8.0, 0.76, -0.145817], [9.0, 0.8, -0.152397]]}, {"@module": "numpy", "@class": "array", "dtype": "float64", "data": [[8.0, 0.76, -0.153287], [9.0, 0.8, -0.15279]]}], "gw_kppa": 250, "gw_kpt_grid": {"@module": "numpy", "@class": "array", "dtype": "int64", "data": [6, 6, 6]},