{"@module": "pymatgen.entries.computed_entries", "@class": "ComputedEntry", "energy": 0.0, "composition": {"Hg": 2.0, "I": 4.0}, "entry_id": "181575", "correction": 0.0, "energy_adjustments": [], "parameters": {"id": "181575", "name": "HgI2", "ibrav": {"celldm(1)": 8.345030606551912, "ibrav": 6, "celldm(3)": 2.8471467391304346}, "vol": 1654.6024093573676, "lda_pw_cutoff_Ry": 62, "qe_conv_pbe": {"qe_conv_maxiter": 20, "qe_delta_kppa": 1500, "qe_delta_cutoff": 5, "qe_conv_thresh": 0.00022049595234268282, "qe_conv_steps": [[60, 1500, -707.7110743933285], [65, 1500, -707.711400155491], [70, 1500, -707.7114638369442], [70, 3000, -707.7114777158123]], "qe_conv_time": 259.03208780288696}, "num_elec_pbe": 108.0, "max_mem": 100402.0, "qe_conv_lda": {"qe_conv_maxiter": 20, "qe_delta_kppa": 1500, "qe_delta_cutoff": 5, "qe_conv_thresh": 0.00022049595234268282, "qe_conv_steps": [[62, 1500, -385.5352748437571], [67, 1500, -385.5356447178785], [72, 1500, -385.5357146703762], [72, 3000, -385.5357330963006]], "qe_conv_time": 135.21930956840515}, "num_elec_lda": 68.00000000000001, "bg_conv_pbe": {"bg_conv_maxiter": 20, "bg_delta_kppa": 1500, "bg_delta_cutoff": 5, "bg_conv_thresh": 0.025, "bg_conv_steps": [[70, 3000, 1.1542683440574897], [70, 6000, 1.154266992183626]], "bg_conv_time": 190.05051231384277}, "indirect_gap_pbe": 1.1542632705589937, "bg_conv_lda": {"bg_conv_maxiter": 20, "bg_delta_kppa": 1500, "bg_delta_cutoff": 5, "bg_conv_thresh": 0.025, "bg_conv_steps": [[72, 3000, 0.9699520712063441], [72, 6000, 0.9699620708436216]], "bg_conv_time": 90.7225968837738}, "indirect_gap_lda": 0.969954130853658, "gw_conv_pbe": {"gw_conv_thr": 0.025, "gw_bnd_start": 200, "gw_bnd_step": 100, "gw_cut_start": 4, "gw_cut_step": 4, "kpt_bnd_idx": {"@module": "numpy", "@class": "array", "dtype": "int64", "data": [1, 1, 54, 55]}, "gw_bands": 200, "gw_cutoff": 4, "w_conv_grid": [[200, 4, 2.465822], [300, 4, 2.410398], [400, 4, 2.390304], [400, 8, 2.473241], [400, 8, 2.473241], [400, 12, 2.49052], [400, 12, 2.49052]], "pwcutoff": 70, "w_conv_time": [14.047412157058716, 14.92544150352478, 15.60072135925293, 21.388959407806396, 21.391099214553833, 41.105578660964966, 41.10735607147217], "w_ngw": 5, "w_z_factor": [{"@module": "numpy", "@class": "array", "dtype": "float64", "data": [[54.0, 0.78, -0.173761], [55.0, 0.79, -0.149282]]}, {"@module": "numpy", "@class": "array", "dtype": "float64", "data": [[54.0, 0.78, -0.164186], [55.0, 0.79, -0.156063]]}, {"@module": "numpy", "@class": "array", "dtype": "float64", "data": [[54.0, 0.78, -0.150854], [55.0, 0.79, -0.150212]]}, {"@module": "numpy", "@class": "array", "dtype": "float64", "data": [[54.0, 0.78, -0.160559], [55.0, 0.79, -0.153292]]}, {"@module": "numpy", "@class": "array", "dtype": "float64", "data": [[54.0, 0.78, -0.160238], [55.0, 0.79, -0.15304]]}], "gw_kppa": 270, "gw_kpt_grid": {"@module": "numpy", "@class": "array", "dtype": "int64", "data": [6, 6, 2]}, "conv_list": [[{"kppa": 0}, {"kpt_grid": "1x1x1"}, {"num_kpts": 1}, {"X_bnds": 400.0}, {"G_bnds": 400.0}, {"X_cutoff": 12.0}, {"gamma_gap": 2.49052}, {"num_gw_calc": 5}, {"wall_time": 485}, {"num_cores": 8}, {"z-factor": "None"}], [{"kppa": 0}, {"kpt_grid": "1x1x1"}, {"num_kpts": 1}, {"X_bnds": 200}, {"G_bnds": 200}, {"X_cutoff": 4}, {"gamma_gap": 4}, {"num_gw_calc": 1}, {"wall_time": 15}, {"num_cores": 8}, {"z-factor": "None"}], [{"kppa": 10}, {"kpt_grid": "2x2x2"}, {"num_kpts": 1}, {"X_bnds": 200}, {"G_bnds": 200}, {"X_cutoff": 4}, {"gamma_gap": 2.697777}, {"num_gw_calc": 2}, {"wall_time": 89}, {"num_cores": 8}, {"z-factor": {"@module": "numpy", "@class": "array", "dtype": "float64", "data": [[54.0, 0.8, -0.159231], [55.0, 0.81, -0.145244]]}}], [{"kppa": 60}, {"kpt_grid": "4x4x2"}, {"num_kpts": 1}, {"X_bnds": 200}, {"G_bnds": 200}, {"X_cutoff": 4}, {"gamma_gap": 2.74852}, {"num_gw_calc": 3}, {"wall_time": 406}, {"num_cores": 8}, {"z-factor": {"@module": "numpy", "@class": "array", "dtype": "float64", "data": [[54.0, 0.8, -0.151309], [55.0, 0.82, -0.134343]]}}], [{"kppa": 270}, {"kpt_grid": "6x6x2"}, {"num_kpts": 1}, {"X_bnds": 200}, {"G_bnds": 200}, {"X_cutoff": 4}, {"gamma_gap": 2.745342}, {"num_gw_calc": 4}, {"wall_time": 374}, {"num_cores": 32}, {"z-factor": {"@module": "numpy", "@class": "array", "dtype": "float64", "data": [[54.0, 0.8, -0.151755], [55.0, 0.82, -0.133525]]}}]], "conv_time": 1350.9881093502045}, "gw_band_range_pbe": [1, 58], "gw_conv_lda": {"gw_conv_thr": 0.025, "gw_bnd_start": 200, "gw_bnd_step": 100, "gw_cut_start": 4, "gw_cut_step": 4, "kpt_bnd_idx": {"@module": "numpy", "@class": "array", "dtype": "int64", "data": [1, 1, 34, 35]}, "gw_bands": 200, "gw_cutoff": 4, "w_conv_grid": [[200, 4, 1.900578], [300, 4, 1.8718750000000002], [400, 4, 1.867304], [400, 8, 1.965672], [400, 8, 1.965672], [400, 12, 1.979934], [400, 12, 1.979934], [500, 12, 1.988734], [500, 16, 1.9967990000000002], [500, 16, 1.9967990000000002]], "pwcutoff": 72, "w_conv_time": [13.859570264816284, 14.519678354263306, 15.046104192733765, 20.7049617767334, 20.706260442733765, 38.40174674987793, 38.40356802940369, 43.898985624313354, 80.55979061126709, 80.56207847595215], "w_ngw": 7, "w_z_factor": [{"@module": "numpy", "@class": "array", "dtype": "float64", "data": [[34.0, 0.77, -0.173147], [35.0, 0.79, -0.164308]]}, {"@module": "numpy", "@class": "array", "dtype": "float64", "data": [[34.0, 0.77, -0.174064], [35.0, 0.79, -0.163826]]}, {"@module": "numpy", "@class": "array", "dtype": "float64", "data": [[34.0, 0.77, -0.17345], [35.0, 0.79, -0.162802]]}, {"@module": "numpy", "@class": "array", "dtype": "float64", "data": [[34.0, 0.77, -0.180382], [35.0, 0.78, -0.165448]]}, {"@module": "numpy", "@class": "array", "dtype": "float64", "data": [[34.0, 0.77, -0.191198], [35.0, 0.78, -0.167998]]}, {"@module": "numpy", "@class": "array", "dtype": "float64", "data": [[34.0, 0.77, -0.172153], [35.0, 0.78, -0.162816]]}, {"@module": "numpy", "@class": "array", "dtype": "float64", "data": [[34.0, 0.77, -0.172915], [35.0, 0.78, -0.165042]]}], "gw_kppa": 270, "gw_kpt_grid": {"@module": "numpy", "@class": "array", "dtype": "int64", "data": [6, 6, 2]}, "conv_list": [[{"kppa": 0}, {"kpt_grid": "1x1x1"}, {"num_kpts": 1}, {"X_bnds": 500.0}, {"G_bnds": 500.0}, {"X_cutoff": 16.0}, {"gamma_gap": 1.9967990000000002}, {"num_gw_calc": 7}, {"wall_time": 469}, {"num_cores": 8}, {"z-factor": "None"}], [{"kppa": 0}, {"kpt_grid": "1x1x1"}, {"num_kpts": 1}, {"X_bnds": 200}, {"G_bnds": 200}, {"X_cutoff": 4}, {"gamma_gap": 4}, {"num_gw_calc": 1}, {"wall_time": 14}, {"num_cores": 8}, {"z-factor": "None"}], [{"kppa": 10}, {"kpt_grid": "2x2x2"}, {"num_kpts": 1}, {"X_bnds": 200}, {"G_bnds": 200}, {"X_cutoff": 4}, {"gamma_gap": 2.082334}, {"num_gw_calc": 2}, {"wall_time": 83}, {"num_cores": 8}, {"z-factor": {"@module": "numpy", "@class": "array", "dtype": "float64", "data": [[34.0, 0.79, -0.166506], [35.0, 0.8, -0.153637]]}}], [{"kppa": 60}, {"kpt_grid": "4x4x2"}, {"num_kpts": 1}, {"X_bnds": 200}, {"G_bnds": 200}, {"X_cutoff": 4}, {"gamma_gap": 2.13701}, {"num_gw_calc": 3}, {"wall_time": 342}, {"num_cores": 8}, {"z-factor": {"@module": "numpy", "@class": "array", "dtype": "float64", "data": [[34.0, 0.8, -0.157607], [35.0, 0.81, -0.141801]]}}], [{"kppa": 270}, {"kpt_grid": "6x6x2"}, {"num_kpts": 1}, {"X_bnds": 200}, {"G_bnds": 200}, {"X_cutoff": 4}, {"gamma_gap": 2.14386}, {"num_gw_calc": 4}, {"wall_time": 334}, {"num_cores": 32}, {"z-factor": {"@module": "numpy", "@class": "array", "dtype": "float64", "data": [[34.0, 0.79, -0.161011], [35.0, 0.81, -0.140798]]}}]], "conv_time": 1225.7503900527954}, "gw_band_range_lda": [1, 39], "g0w0_ppa_pbe": {"gw_direct_gap": 2.755576, "kppa": 730, "kpt_grid": "8x8x2", "num_kpt": 30, "bands_in X": 500, "bands_in_G": 500, "cutoff": 16, "z_factor": [[54.0, 0.8, -0.00139029], [55.0, 0.82, -0.00125155]], "scissor": 1.601396, "ncpu": 32, "calc_time": 23154.850377559662}, "g0w0_ppa_lda": {"gw_direct_gap": 2.2222660000000003, "kppa": 730, "kpt_grid": "8x8x2", "num_kpt": 30, "bands_in X": 600,