{"@module": "pymatgen.entries.computed_entries", "@class": "ComputedEntry", "energy": 0.0, "composition": {"Ge": 2.0}, "entry_id": "184252", "correction": 0.0, "energy_adjustments": [], "parameters": {"id": "184252", "name": "Ge", "ibrav": {"celldm(1)": 10.681110053069002, "ibrav": 2}, "vol": 304.6415793582899, "lda_pw_cutoff_Ry": 60, "qe_conv_pbe": {"qe_conv_maxiter": 20, "qe_delta_kppa": 1500, "qe_delta_cutoff": 5, "qe_conv_thresh": 7.349865078089427e-05, "qe_conv_steps": [[60, 1500, -141.5746892578648], [65, 1500, -141.5748026240403], [70, 1500, -141.5748809771999], [75, 1500, -141.5748997691474], [75, 3000, -141.5749800053226], [75, 4500, -141.5750071634134]], "qe_conv_time": 37.295528173446655}, "num_elec_pbe": 28.0, "max_mem": 60882.0, "qe_conv_lda": {"qe_conv_maxiter": 20, "qe_delta_kppa": 1500, "qe_delta_cutoff": 5, "qe_conv_thresh": 7.349865078089427e-05, "qe_conv_steps": [[60, 1500, -178.422303349548], [65, 1500, -178.4486596431528], [70, 1500, -178.4545195686196], [75, 1500, -178.4554098753613], [80, 1500, -178.4554746011148], [80, 3000, -178.455562856862], [80, 4500, -178.4555935100261]], "qe_conv_time": 38.22435927391052}, "num_elec_lda": 28.0, "bg_conv_pbe": {"bg_conv_maxiter": 20, "bg_delta_kppa": 1500, "bg_delta_cutoff": 5, "bg_conv_thresh": 0.025, "bg_conv_steps": [[75, 4500, 0.07488601893189456], [75, 7500, 0.07488617744703116]], "bg_conv_time": 16.695474863052368}, "indirect_gap_pbe": 0.07491278321012113, "bg_conv_lda": {"bg_conv_maxiter": 20, "bg_delta_kppa": 1500, "bg_delta_cutoff": 5, "bg_conv_thresh": 0.025, "bg_conv_steps": [[80, 4500, 2.3066635316192817e-06], [80, 7500, 1.5860620072218294e-13]], "bg_conv_time": 14.513622760772705}, "indirect_gap_lda": 1.5709566547720975e-13, "gw_conv_pbe": {"gw_conv_thr": 0.025, "gw_bnd_start": 200, "gw_bnd_step": 100, "gw_cut_start": 4, "gw_cut_step": 4, "kpt_bnd_idx": {"@module": "numpy", "@class": "array", "dtype": "int64", "data": [1, 1, 14, 15]}, "gw_bands": 200, "gw_cutoff": 4, "w_conv_grid": [[200, 4, 0.616232], [300, 4, 0.608754], [300, 8, 0.7036710000000002], [300, 8, 0.7036710000000002], [300, 12, 0.757707], [300, 12, 0.757707], [300, 16, 0.7654970000000001], [300, 16, 0.7654970000000001], [400, 16, 0.7703820000000001], [400, 20, 0.7415860000000001], [400, 20, 0.7415860000000001], [400, 24, 0.7302010000000001], [400, 24, 0.7302010000000001], [500, 24, 0.7236720000000001], [500, 28, 0.7159240000000001], [500, 28, 0.7159240000000001]], "pwcutoff": 75, "w_conv_time": [11.360230445861816, 11.361836671829224, 12.90062427520752, 12.902320623397827, 11.777025938034058, 11.779081106185913, 12.250446796417236, 12.252613544464111, 12.368909120559692, 14.588627099990845, 14.590786457061768, 17.007730960845947, 17.009923696517944, 16.647987604141235, 20.500999927520752, 20.50310754776001], "w_ngw": 10, "w_z_factor": [{"@module": "numpy", "@class": "array", "dtype": "float64", "data": [[14.0, 0.88, -0.360827], [15.0, 0.85, -0.786298]]}, {"@module": "numpy", "@class": "array", "dtype": "float64", "data": [[14.0, 0.88, -0.378249], [15.0, 0.85, -0.787281]]}, {"@module": "numpy", "@class": "array", "dtype": "float64", "data": [[14.0, 0.88, -0.372012], [15.0, 0.85, -0.793224]]}, {"@module": "numpy", "@class": "array", "dtype": "float64", "data": [[14.0, 0.88, -0.365733], [15.0, 0.85, -0.823313]]}, {"@module": "numpy", "@class": "array", "dtype": "float64", "data": [[14.0, 0.88, -0.363465], [15.0, 0.85, -0.865595]]}, {"@module": "numpy", "@class": "array", "dtype": "float64", "data": [[14.0, 0.88, -0.359761], [15.0, 0.84, -0.89313]]}, {"@module": "numpy", "@class": "array", "dtype": "float64", "data": [[14.0, 0.88, -0.340051], [15.0, 0.84, -0.876399]]}, {"@module": "numpy", "@class": "array", "dtype": "float64", "data": [[14.0, 0.88, -0.355858], [15.0, 0.84, -0.895437]]}, {"@module": "numpy", "@class": "array", "dtype": "float64", "data": [[14.0, 0.87, -0.376412], [15.0, 0.84, -0.824853]]}, {"@module": "numpy", "@class": "array", "dtype": "float64", "data": [[14.0, 0.87, -0.375662], [15.0, 0.84, -0.806566]]}], "gw_kppa": 690, "gw_kpt_grid": {"@module": "numpy", "@class": "array", "dtype": "int64", "data": [8, 8, 8]}, "conv_list": [[{"kppa": 0}, {"kpt_grid": "1x1x1"}, {"num_kpts": 1}, {"X_bnds": 500.0}, {"G_bnds": 500.0}, {"X_cutoff": 28.0}, {"gamma_gap": 0.7159240000000001}, {"num_gw_calc": 10}, {"wall_time": 242}, {"num_cores": 8}, {"z-factor": "None"}], [{"kppa": 0}, {"kpt_grid": "1x1x1"}, {"num_kpts": 1}, {"X_bnds": 200}, {"G_bnds": 200}, {"X_cutoff": 4}, {"gamma_gap": 8}, {"num_gw_calc": 1}, {"wall_time": 12}, {"num_cores": 8}, {"z-factor": "None"}], [{"kppa": 10}, {"kpt_grid": "2x2x2"}, {"num_kpts": 1}, {"X_bnds": 200}, {"G_bnds": 200}, {"X_cutoff": 4}, {"gamma_gap": 0.5127120000000001}, {"num_gw_calc": 2}, {"wall_time": 21}, {"num_cores": 8}, {"z-factor": {"@module": "numpy", "@class": "array", "dtype": "float64", "data": [[14.0, 0.82, -0.132596], [15.0, 0.81, -0.185672]]}}], [{"kppa": 60}, {"kpt_grid": "4x4x4"}, {"num_kpts": 1}, {"X_bnds": 200}, {"G_bnds": 200}, {"X_cutoff": 4}, {"gamma_gap": 0.5901400000000001}, {"num_gw_calc": 3}, {"wall_time": 51}, {"num_cores": 8}, {"z-factor": {"@module": "numpy", "@class": "array", "dtype": "float64", "data": [[14.0, 0.81, -0.111221], [15.0, 0.8, -0.11427]]}}], [{"kppa": 260}, {"kpt_grid": "6x6x6"}, {"num_kpts": 1}, {"X_bnds": 200}, {"G_bnds": 200}, {"X_cutoff": 4}, {"gamma_gap": 0.557627}, {"num_gw_calc": 4}, {"wall_time": 71}, {"num_cores": 32}, {"z-factor": {"@module": "numpy", "@class": "array", "dtype": "float64", "data": [[14.0, 0.8, -0.120821], [15.0, 0.8, -0.122296]]}}], [{"kppa": 690}, {"kpt_grid": "8x8x8"}, {"num_kpts": 1}, {"X_bnds": 200}, {"G_bnds": 200}, {"X_cutoff": 4}, {"gamma_gap": 0.5439700000000001}, {"num_gw_calc": 5}, {"wall_time": 222}, {"num_cores": 32}, {"z-factor": {"@module": "numpy", "@class": "array", "dtype": "float64", "data": [[14.0, 0.8, -0.123408], [15.0, 0.8, -0.124209]]}}]], "conv_time": 604.8416132926941}, "gw_band_range_pbe": [1, 19], "gw_conv_lda": {"gw_conv_thr": 0.025, "gw_bnd_start": 200, "gw_bnd_step": 100, "gw_cut_start": 4, "gw_cut_step": 4, "kpt_bnd_idx": {"@module": "numpy", "@class": "array", "dtype": "int64", "data": [1, 1, 14, 15]}, "gw_bands": 200, "gw_cutoff": 4, "w_conv_grid": [[200, 4, -0.10449999999999998], [300, 4, -0.10122800000000001], [300, 8, -0.108711], [300, 8, -0.108711]], "pwcutoff": 80, "w_conv_time": [12.208391666412354, 11.40173625946045, 11.067400693893433, 11.068686723709106], "w_ngw": 3, "w_z_factor": [{"@module": "numpy", "@class": "array", "dtype": "float64", "data": [[14.0, 0.85, -0.46462], [15.0, 0.85, -0.305275]]}, {"@module": "numpy", "@class": "array", "dtype": "float64", "data": [[14.0, 0.85, -0.446784], [15.0, 0.85, -0.288483]]}, {"@module": "numpy", "@class": "array", "dtype": "float64", "data": [[14.0, 0.84, -0.364895], [15.0, 0.85, -0.185277]]}], "gw_kppa": 60, "gw_kpt_grid": {"@module": "numpy", "@class": "array", "dtype": "int64", "data": [4, 4, 4]}, "conv_list": [[{"kppa": 0}, {"kpt_grid": "1x1x1"}, {"num_kpts": 1}, {"X_bnds": 300.0}, {"G_bnds": 300.0}, {"X_cutoff": 8.0}, {"gamma_gap": -0.108711}, {"num_gw_calc": 3}, {"wall_time": 93}, {"num_cores": 8}, {"z-factor": "None"}], [{"kppa": 0}, {"kpt_grid": "1x1x1"}, {"num_kpts": 1}, {"X_bnds": 200}, {"G_bnds": 200}, {"X_cutoff": 4}, {"gamma_gap": 8}, {"num_gw_calc": 1}, {"wall_time": 13}, {"num_cores": 8}, {"z-factor": "None"}], [{"kppa": 10}, {"kpt_grid": "2x2x2"}, {"num_kpts": 1}, {"X_bnds": 200}, {"G_bnds": 200}, {"X_cutoff": 4}, {"gamma_gap": 0.002612000000000003}, {"num_gw_calc": 2}, {"wall_time": 20}, {"num_cores": 8}, {"z-factor": {"@module": "numpy", "@class": "array", "dtype": "float64", "data": [[14.0, 0.8, -0.125582], [15.0, 0.8, -0.125583]]}}], [{"kppa": 60}, {"kpt_grid": "4x4x4"}, {"num_kpts": 1}, {"X_bnds": 200}, {"G_bnds": 200}, {"X_cutoff": 4}, {"gamma_gap": 0.0017630000000000146}, {"num_gw_calc": 3}, {"wall_time": 47}, {"num_cores": 8}, {"z-factor": {"@module": "numpy", "@class": "array", "dtype": "float64",