{"@module": "pymatgen.entries.computed_entries", "@class": "ComputedEntry", "energy": 0.0, "composition": {"Zn": 1.0, "Cu": 2.0, "Sn": 1.0, "S": 4.0}, "entry_id": "184478", "correction": 0.0, "energy_adjustments": [], "parameters": {"id": "184478", "name": "ZnCu2SnS4", "ibrav": {"celldm(1)": 10.234756740281965, "ibrav": 7, "celldm(3)": 1.9854135893648448}, "vol": 1064.2742850908082, "lda_pw_cutoff_Ry": 76, "qe_conv_pbe": {"qe_conv_maxiter": 20, "qe_delta_kppa": 1500, "qe_delta_cutoff": 5, "qe_conv_thresh": 0.00029399460312357707, "qe_conv_steps": [[60, 1500, -666.6348803357197], [65, 1500, -666.6958750833544], [70, 1500, -666.7144931183582], [75, 1500, -666.7190328716612], [80, 1500, -666.7198312869322], [85, 1500, -666.719934534929], [85, 3000, -666.7199457324589]], "qe_conv_time": 312.06889939308167}, "num_elec_pbe": 96.00000000000001, "max_mem": 580950.0, "qe_conv_lda": {"qe_conv_maxiter": 20, "qe_delta_kppa": 1500, "qe_delta_cutoff": 5, "qe_conv_thresh": 0.00029399460312357707, "qe_conv_steps": [[76, 1500, -710.7404895324177], [81, 1500, -710.7456160859607], [86, 1500, -710.7468016643718], [91, 1500, -710.7469899458581], [91, 3000, -710.7470075502812]], "qe_conv_time": 234.63302636146545}, "num_elec_lda": 96.00000000000001, "bg_conv_pbe": {"bg_conv_maxiter": 20, "bg_delta_kppa": 1500, "bg_delta_cutoff": 5, "bg_conv_thresh": 0.025, "bg_conv_steps": [[85, 3000, 0.49911134674579255], [85, 6000, 0.4991807166952918]], "bg_conv_time": 184.3217658996582}, "indirect_gap_pbe": 0.4991114404574098, "bg_conv_lda": {"bg_conv_maxiter": 20, "bg_delta_kppa": 1500, "bg_delta_cutoff": 5, "bg_conv_thresh": 0.025, "bg_conv_steps": [[91, 3000, 0.32654728420045764], [91, 6000, 0.32660358088752317]], "bg_conv_time": 168.78568243980408}, "indirect_gap_lda": 0.3265478474658937, "gw_conv_pbe": {"gw_conv_thr": 0.025, "gw_bnd_start": 200, "gw_bnd_step": 100, "gw_cut_start": 4, "gw_cut_step": 4, "kpt_bnd_idx": {"@module": "numpy", "@class": "array", "dtype": "int64", "data": [1, 1, 48, 49]}, "gw_bands": 200, "gw_cutoff": 4, "w_conv_grid": [[200, 4, 0.6576919999999999], [300, 4, 0.606611], [400, 4, 0.588258], [400, 8, 0.44925400000000004], [400, 8, 0.44925400000000004], [400, 12, 0.435721], [400, 12, 0.435721], [500, 12, 0.41854899999999995], [500, 16, 0.419604], [500, 16, 0.419604]], "pwcutoff": 85, "w_conv_time": [13.644423246383667, 15.091976165771484, 15.0138418674469, 17.893884897232056, 17.89570116996765, 23.763556241989136, 23.765016794204712, 26.092025995254517, 40.232200145721436, 40.234182834625244], "w_ngw": 7, "w_z_factor": [{"@module": "numpy", "@class": "array", "dtype": "float64", "data": [[48.0, 0.75, -0.12598], [49.0, 0.79, -0.14672]]}, {"@module": "numpy", "@class": "array", "dtype": "float64", "data": [[48.0, 0.75, -0.156563], [49.0, 0.79, -0.139391]]}, {"@module": "numpy", "@class": "array", "dtype": "float64", "data": [[48.0, 0.75, -0.156967], [49.0, 0.79, -0.137943]]}, {"@module": "numpy", "@class": "array", "dtype": "float64", "data": [[48.0, 0.74, -0.158134], [49.0, 0.78, -0.139131]]}, {"@module": "numpy", "@class": "array", "dtype": "float64", "data": [[48.0, 0.74, -0.158019], [49.0, 0.78, -0.139374]]}, {"@module": "numpy", "@class": "array", "dtype": "float64", "data": [[48.0, 0.74, -0.155118], [49.0, 0.78, -0.13924]]}, {"@module": "numpy", "@class": "array", "dtype": "float64", "data": [[48.0, 0.74, -0.157046], [49.0, 0.78, -0.139043]]}], "gw_kppa": 2750, "gw_kpt_grid": {"@module": "numpy", "@class": "array", "dtype": "int64", "data": [8, 8, 8]}, "conv_list": [[{"kppa": 0}, {"kpt_grid": "1x1x1"}, {"num_kpts": 1}, {"X_bnds": 500.0}, {"G_bnds": 500.0}, {"X_cutoff": 16.0}, {"gamma_gap": 0.419604}, {"num_gw_calc": 7}, {"wall_time": 557}, {"num_cores": 8}, {"z-factor": "None"}], [{"kppa": 0}, {"kpt_grid": "1x1x1"}, {"num_kpts": 1}, {"X_bnds": 200}, {"G_bnds": 200}, {"X_cutoff": 4}, {"gamma_gap": 4}, {"num_gw_calc": 1}, {"wall_time": 14}, {"num_cores": 8}, {"z-factor": "None"}], [{"kppa": 10}, {"kpt_grid": "2x2x2"}, {"num_kpts": 1}, {"X_bnds": 200}, {"G_bnds": 200}, {"X_cutoff": 4}, {"gamma_gap": 1.081151}, {"num_gw_calc": 2}, {"wall_time": 60}, {"num_cores": 8}, {"z-factor": {"@module": "numpy", "@class": "array", "dtype": "float64", "data": [[48.0, 0.75, -0.165199], [49.0, 0.8, -0.138083]]}}], [{"kppa": 220}, {"kpt_grid": "4x4x4"}, {"num_kpts": 1}, {"X_bnds": 200}, {"G_bnds": 200}, {"X_cutoff": 4}, {"gamma_gap": 1.254921}, {"num_gw_calc": 3}, {"wall_time": 802}, {"num_cores": 8}, {"z-factor": {"@module": "numpy", "@class": "array", "dtype": "float64", "data": [[48.0, 0.76, -0.1593], [49.0, 0.81, -0.128833]]}}], [{"kppa": 1000}, {"kpt_grid": "6x6x6"}, {"num_kpts": 1}, {"X_bnds": 200}, {"G_bnds": 200}, {"X_cutoff": 4}, {"gamma_gap": 1.282472}, {"num_gw_calc": 4}, {"wall_time": 1618}, {"num_cores": 32}, {"z-factor": {"@module": "numpy", "@class": "array", "dtype": "float64", "data": [[48.0, 0.76, -0.157949], [49.0, 0.81, -0.126794]]}}], [{"kppa": 2750}, {"kpt_grid": "8x8x8"}, {"num_kpts": 1}, {"X_bnds": 200}, {"G_bnds": 200}, {"X_cutoff": 4}, {"gamma_gap": 1.284216}, {"num_gw_calc": 5}, {"wall_time": 7694}, {"num_cores": 32}, {"z-factor": {"@module": "numpy", "@class": "array", "dtype": "float64", "data": [[48.0, 0.76, -0.157455], [49.0, 0.81, -0.126429]]}}]], "conv_time": 10729.338938951492}, "gw_band_range_pbe": [1, 54], "gw_conv_lda": {"gw_conv_thr": 0.025, "gw_bnd_start": 200, "gw_bnd_step": 100, "gw_cut_start": 4, "gw_cut_step": 4, "kpt_bnd_idx": {"@module": "numpy", "@class": "array", "dtype": "int64", "data": [1, 1, 48, 49]}, "gw_bands": 200, "gw_cutoff": 4, "w_conv_grid": [[200, 4, 0.840049], [300, 4, 0.7924059999999999], [400, 4, 0.776104], [400, 8, 0.641899], [400, 8, 0.641899], [400, 12, 0.627486], [400, 12, 0.627486], [500, 12, 0.61183], [500, 16, 0.613495], [500, 16, 0.613495]], "pwcutoff": 91, "w_conv_time": [13.794830083847046, 14.39481806755066, 15.839015007019043, 18.57016086578369, 18.571303367614746, 25.663716077804565, 25.664883852005005, 29.712272882461548, 45.102914810180664, 45.105117082595825], "w_ngw": 7, "w_z_factor": [{"@module": "numpy", "@class": "array", "dtype": "float64", "data": [[48.0, 0.75, -0.152084], [49.0, 0.79, -0.137001]]}, {"@module": "numpy", "@class": "array", "dtype": "float64", "data": [[48.0, 0.75, -0.156795], [49.0, 0.79, -0.133571]]}, {"@module": "numpy", "@class": "array", "dtype": "float64", "data": [[48.0, 0.75, -0.15729], [49.0, 0.79, -0.132062]]}, {"@module": "numpy", "@class": "array", "dtype": "float64", "data": [[48.0, 0.74, -0.158843], [49.0, 0.78, -0.133609]]}, {"@module": "numpy", "@class": "array", "dtype": "float64", "data": [[48.0, 0.74, -0.159311], [49.0, 0.78, -0.13381]]}, {"@module": "numpy", "@class": "array", "dtype": "float64", "data": [[48.0, 0.74, -0.158925], [49.0, 0.78, -0.133434]]}, {"@module": "numpy", "@class": "array", "dtype": "float64", "data": [[48.0, 0.74, -0.159205], [49.0, 0.78, -0.133369]]}], "gw_kppa": 2750, "gw_kpt_grid": {"@module": "numpy", "@class": "array", "dtype": "int64", "data": [8, 8, 8]}, "conv_list": [[{"kppa": 0}, {"kpt_grid": "1x1x1"}, {"num_kpts": 1}, {"X_bnds": 500.0}, {"G_bnds": 500.0}, {"X_cutoff": 16.0}, {"gamma_gap": 0.613495}, {"num_gw_calc": 7}, {"wall_time": 571}, {"num_cores": 8}, {"z-factor": "None"}], [{"kppa": 0}, {"kpt_grid": "1x1x1"}, {"num_kpts": 1}, {"X_bnds": 200}, {"G_bnds": 200}, {"X_cutoff": 4}, {"gamma_gap": 4}, {"num_gw_calc": 1}, {"wall_time": 14}, {"num_cores": 8}, {"z-factor": "None"}], [{"kppa": 10}, {"kpt_grid": "2x2x2"}, {"num_kpts": 1}, {"X_bnds": 200}, {"G_bnds": 200}, {"X_cutoff": 4}, {"gamma_gap": 1.2004139999999999}, {"num_gw_calc": 2}, {"wall_time": 60}, {"num_cores": 8}, {"z-factor": {"@module": "numpy", "@class": "array", "dtype": "float64",