{"@module": "pymatgen.entries.computed_entries", "@class": "ComputedEntry", "energy": 0.0, "composition": {"Sn": 4.0, "Se": 4.0}, "entry_id": "186650", "correction": 0.0, "energy_adjustments": [], "parameters": {"id": "186650", "name": "SnSe", "ibrav": {"celldm(1)": 7.849922359514634, "ibrav": 8, "celldm(2)": 1.0702936928261917, "celldm(3)": 2.768415984593165}, "vol": 1433.2778797469964, "lda_pw_cutoff_Ry": 78, "qe_conv_pbe": {"qe_conv_maxiter": 20, "qe_delta_kppa": 1500, "qe_delta_cutoff": 5, "qe_conv_thresh": 0.00029399460312357707, "qe_conv_steps": [[60, 1500, -279.2371345495015], [65, 1500, -279.2371396716581], [65, 3000, -279.2383951211463], [65, 4500, -279.2383803360231]], "qe_conv_time": 261.4305944442749}, "num_elec_pbe": 80.0, "max_mem": 42996.0, "qe_conv_lda": {"qe_conv_maxiter": 20, "qe_delta_kppa": 1500, "qe_delta_cutoff": 5, "qe_conv_thresh": 0.00029399460312357707, "qe_conv_steps": [[78, 1500, -799.1016821681123], [83, 1500, -799.1022230739343], [88, 1500, -799.1022795428563], [88, 3000, -799.1035973726091], [88, 4500, -799.1035795774585]], "qe_conv_time": 584.7627010345459}, "num_elec_lda": 120.0, "bg_conv_pbe": {"bg_conv_maxiter": 20, "bg_delta_kppa": 1500, "bg_delta_cutoff": 5, "bg_conv_thresh": 0.025, "bg_conv_steps": [[65, 4500, 0.5212978445789502], [65, 6000, 0.5899337665905854], [65, 7500, 0.6073911180026675]], "bg_conv_time": 493.10499000549316}, "indirect_gap_pbe": 0.6074625397430532, "bg_conv_lda": {"bg_conv_maxiter": 20, "bg_delta_kppa": 1500, "bg_delta_cutoff": 5, "bg_conv_thresh": 0.025, "bg_conv_steps": [[88, 4500, 0.4566887757291807], [88, 6000, 0.5199406295556542], [88, 7500, 0.5277446398104233]], "bg_conv_time": 901.5623867511749}, "indirect_gap_lda": 0.5278470105327309, "gw_conv_pbe": {"gw_conv_thr": 0.025, "gw_bnd_start": 200, "gw_bnd_step": 100, "gw_cut_start": 4, "gw_cut_step": 4, "kpt_bnd_idx": {"@module": "numpy", "@class": "array", "dtype": "int64", "data": [1, 1, 40, 41]}, "gw_bands": 200, "gw_cutoff": 4, "w_conv_grid": [[200, 4, 1.0557480000000001], [300, 4, 1.064137], [300, 8, 1.18851], [300, 8, 1.18851], [300, 12, 1.220955], [300, 12, 1.220955], [300, 16, 1.230034], [300, 16, 1.230034], [400, 16, 1.256581], [500, 16, 1.2708780000000002], [500, 20, 1.2750110000000001], [500, 20, 1.2750110000000001], [600, 20, 1.284472], [600, 24, 1.285763], [600, 24, 1.285763]], "pwcutoff": 65, "w_conv_time": [13.360955238342285, 13.823808908462524, 18.299076795578003, 18.30112361907959, 29.60992956161499, 29.61188840866089, 50.926520586013794, 50.929441690444946, 58.05708360671997, 64.56181001663208, 117.79263162612915, 117.79475545883179, 130.34373831748962, 218.61275815963745, 218.61417317390442], "w_ngw": 10, "w_z_factor": [{"@module": "numpy", "@class": "array", "dtype": "float64", "data": [[40.0, 0.78, -0.158892], [41.0, 0.79, -0.149655]]}, {"@module": "numpy", "@class": "array", "dtype": "float64", "data": [[40.0, 0.78, -0.156883], [41.0, 0.8, -0.140947]]}, {"@module": "numpy", "@class": "array", "dtype": "float64", "data": [[40.0, 0.78, -0.159114], [41.0, 0.79, -0.145837]]}, {"@module": "numpy", "@class": "array", "dtype": "float64", "data": [[40.0, 0.78, -0.155659], [41.0, 0.79, -0.145315]]}, {"@module": "numpy", "@class": "array", "dtype": "float64", "data": [[40.0, 0.78, -0.156581], [41.0, 0.79, -0.145451]]}, {"@module": "numpy", "@class": "array", "dtype": "float64", "data": [[40.0, 0.78, -0.155886], [41.0, 0.79, -0.144828]]}, {"@module": "numpy", "@class": "array", "dtype": "float64", "data": [[40.0, 0.78, -0.154752], [41.0, 0.79, -0.145184]]}, {"@module": "numpy", "@class": "array", "dtype": "float64", "data": [[40.0, 0.78, -0.154765], [41.0, 0.79, -0.144498]]}, {"@module": "numpy", "@class": "array", "dtype": "float64", "data": [[40.0, 0.78, -0.154321], [41.0, 0.79, -0.144399]]}, {"@module": "numpy", "@class": "array", "dtype": "float64", "data": [[40.0, 0.78, -0.154351], [41.0, 0.79, -0.144348]]}], "gw_kppa": 10, "gw_kpt_grid": {"@module": "numpy", "@class": "array", "dtype": "int64", "data": [2, 2, 2]}, "conv_list": [[{"kppa": 0}, {"kpt_grid": "1x1x1"}, {"num_kpts": 1}, {"X_bnds": 600.0}, {"G_bnds": 600.0}, {"X_cutoff": 24.0}, {"gamma_gap": 1.285763}, {"num_gw_calc": 10}, {"wall_time": 1033}, {"num_cores": 8}, {"z-factor": "None"}], [{"kppa": 0}, {"kpt_grid": "1x1x1"}, {"num_kpts": 1}, {"X_bnds": 200}, {"G_bnds": 200}, {"X_cutoff": 4}, {"gamma_gap": 8}, {"num_gw_calc": 1}, {"wall_time": 14}, {"num_cores": 8}, {"z-factor": "None"}], [{"kppa": 10}, {"kpt_grid": "2x2x2"}, {"num_kpts": 1}, {"X_bnds": 200}, {"G_bnds": 200}, {"X_cutoff": 4}, {"gamma_gap": 1.051818}, {"num_gw_calc": 2}, {"wall_time": 73}, {"num_cores": 8}, {"z-factor": {"@module": "numpy", "@class": "array", "dtype": "float64", "data": [[40.0, 0.79, -0.14776], [41.0, 0.8, -0.137453]]}}]], "conv_time": 1104.8967072963715}, "gw_band_range_pbe": [1, 51], "gw_conv_lda": {"gw_conv_thr": 0.025, "gw_bnd_start": 200, "gw_bnd_step": 100, "gw_cut_start": 4, "gw_cut_step": 4, "kpt_bnd_idx": {"@module": "numpy", "@class": "array", "dtype": "int64", "data": [1, 1, 60, 61]}, "gw_bands": 200, "gw_cutoff": 4, "w_conv_grid": [[200, 4, 1.633661], [300, 4, 1.6221320000000001], [300, 8, 1.699911], [300, 8, 1.699911], [300, 12, 1.7259790000000002], [300, 12, 1.7259790000000002], [300, 16, 1.7338399999999998], [300, 16, 1.7338399999999998], [400, 16, 1.7539099999999999], [400, 20, 1.758819], [400, 20, 1.758819]], "pwcutoff": 88, "w_conv_time": [14.042770147323608, 14.721014261245728, 20.24216341972351, 20.243908882141113, 35.532291889190674, 35.53430223464966, 63.622172355651855, 63.624523639678955, 70.90741896629333, 129.69118905067444, 129.69273114204407], "w_ngw": 7, "w_z_factor": [{"@module": "numpy", "@class": "array", "dtype": "float64", "data": [[60.0, 0.78, -0.166139], [61.0, 0.79, -0.155674]]}, {"@module": "numpy", "@class": "array", "dtype": "float64", "data": [[60.0, 0.78, -0.173638], [61.0, 0.79, -0.150273]]}, {"@module": "numpy", "@class": "array", "dtype": "float64", "data": [[60.0, 0.77, -0.166105], [61.0, 0.79, -0.151139]]}, {"@module": "numpy", "@class": "array", "dtype": "float64", "data": [[60.0, 0.77, -0.165296], [61.0, 0.79, -0.151617]]}, {"@module": "numpy", "@class": "array", "dtype": "float64", "data": [[60.0, 0.77, -0.165002], [61.0, 0.79, -0.151214]]}, {"@module": "numpy", "@class": "array", "dtype": "float64", "data": [[60.0, 0.77, -0.160213], [61.0, 0.79, -0.164865]]}, {"@module": "numpy", "@class": "array", "dtype": "float64", "data": [[60.0, 0.77, -0.16084], [61.0, 0.79, -0.154374]]}], "gw_kppa": 80, "gw_kpt_grid": {"@module": "numpy", "@class": "array", "dtype": "int64", "data": [4, 2, 2]}, "conv_list": [[{"kppa": 0}, {"kpt_grid": "1x1x1"}, {"num_kpts": 1}, {"X_bnds": 400.0}, {"G_bnds": 400.0}, {"X_cutoff": 20.0}, {"gamma_gap": 1.758819}, {"num_gw_calc": 7}, {"wall_time": 919}, {"num_cores": 8}, {"z-factor": "None"}], [{"kppa": 0}, {"kpt_grid": "1x1x1"}, {"num_kpts": 1}, {"X_bnds": 200}, {"G_bnds": 200}, {"X_cutoff": 4}, {"gamma_gap": 8}, {"num_gw_calc": 1}, {"wall_time": 15}, {"num_cores": 8}, {"z-factor": "None"}], [{"kppa": 10}, {"kpt_grid": "2x2x2"}, {"num_kpts": 1}, {"X_bnds": 200}, {"G_bnds": 200}, {"X_cutoff": 4}, {"gamma_gap": 1.603259}, {"num_gw_calc": 2}, {"wall_time": 154}, {"num_cores": 8}, {"z-factor": {"@module": "numpy", "@class": "array", "dtype": "float64", "data": [[60.0, 0.78, -0.149621], [61.0, 0.8, -0.145006]]}}], [{"kppa": 80}, {"kpt_grid": "4x2x2"}, {"num_kpts": 1}, {"X_bnds": 200}, {"G_bnds": 200}, {"X_cutoff": 4}, {"gamma_gap": 1.6178250000000003}, {"num_gw_calc": 3}, {"wall_time": 371}, {"num_cores": 8}, {"z-factor": {"@module": "numpy", "@class": "array", "dtype": "float64", "data": [[60.0, 0.79, -0.157401], [61.0, 0.8, -0.14615]]}}]], "conv_time": 1442.7871673107147}, "gw_band_range_lda": [1, 71], "g0w0_ppa_pbe": {"gw_direct_gap": 1.289529, "kppa": 80, "kpt_grid": "4x2x2", "num_kpt": 12, "bands_in X": 700, "bands_in_G": 700, "cutoff": 28, "z_factor": [[40.0, 0.78, -0.0014383], [41.0, 0.8, -0.00133585]],