{"@module": "pymatgen.entries.computed_entries", "@class": "ComputedEntry", "energy": 0.0, "composition": {"In": 2.0, "Cu": 2.0, "S": 4.0}, "entry_id": "186714", "correction": 0.0, "energy_adjustments": [], "parameters": {"id": "186714", "name": "InCuS2", "ibrav": {"celldm(1)": 10.434444100833218, "ibrav": 7, "celldm(3)": 2.0177047885875106}, "vol": 1146.134484046291, "lda_pw_cutoff_Ry": 76, "qe_conv_pbe": {"qe_conv_maxiter": 20, "qe_delta_kppa": 1500, "qe_delta_cutoff": 5, "qe_conv_thresh": 0.00029399460312357707, "qe_conv_steps": [[60, 1500, -510.7474576648949], [65, 1500, -510.807533234145], [70, 1500, -510.8262883642552], [75, 1500, -510.8308106813498], [80, 1500, -510.8315137177354], [85, 1500, -510.8315831010467], [85, 3000, -510.8316003236387]], "qe_conv_time": 283.9466989040375}, "num_elec_pbe": 88.00000000000001, "max_mem": 807084.0, "qe_conv_lda": {"qe_conv_maxiter": 20, "qe_delta_kppa": 1500, "qe_delta_cutoff": 5, "qe_conv_thresh": 0.00029399460312357707, "qe_conv_steps": [[76, 1500, -555.7516509527009], [81, 1500, -555.7566578793827], [86, 1500, -555.7578346968533], [91, 1500, -555.7580219811645], [91, 3000, -555.7580475506222]], "qe_conv_time": 221.25714325904846}, "num_elec_lda": 88.00000000000001, "bg_conv_pbe": {"bg_conv_maxiter": 20, "bg_delta_kppa": 1500, "bg_delta_cutoff": 5, "bg_conv_thresh": 0.025, "bg_conv_steps": [[85, 3000, 0.3413981248123496], [85, 6000, 0.3415077545573804]], "bg_conv_time": 181.14389157295227}, "indirect_gap_pbe": 0.34139809157819817, "bg_conv_lda": {"bg_conv_maxiter": 20, "bg_delta_kppa": 1500, "bg_delta_cutoff": 5, "bg_conv_thresh": 0.025, "bg_conv_steps": [[91, 3000, 0.16131024833633215], [91, 6000, 0.16130082070055038]], "bg_conv_time": 166.34964847564697}, "indirect_gap_lda": 0.16131025733640478, "gw_conv_pbe": {"gw_conv_thr": 0.025, "gw_bnd_start": 200, "gw_bnd_step": 100, "gw_cut_start": 4, "gw_cut_step": 4, "kpt_bnd_idx": {"@module": "numpy", "@class": "array", "dtype": "int64", "data": [1, 1, 44, 45]}, "gw_bands": 200, "gw_cutoff": 4, "w_conv_grid": [[200, 4, 0.40842799999999996], [300, 4, 0.34843], [400, 4, 0.326708], [400, 8, 0.19641499999999998], [400, 8, 0.19641499999999998], [400, 12, 0.17568699999999995], [400, 12, 0.17568699999999995], [500, 12, 0.16110499999999997], [500, 16, 0.15910899999999994], [500, 16, 0.15910899999999994]], "pwcutoff": 85, "w_conv_time": [15.019897222518921, 16.532028675079346, 17.779630422592163, 21.089664220809937, 21.091912984848022, 27.190606355667114, 27.192444562911987, 30.99209952354431, 52.25187540054321, 52.25402522087097], "w_ngw": 7, "w_z_factor": [{"@module": "numpy", "@class": "array", "dtype": "float64", "data": [[44.0, 0.75, -0.00155738], [45.0, 0.79, -0.00133653]]}, {"@module": "numpy", "@class": "array", "dtype": "float64", "data": [[44.0, 0.75, -0.00149081], [45.0, 0.8, -0.00130109]]}, {"@module": "numpy", "@class": "array", "dtype": "float64", "data": [[44.0, 0.76, -0.00155399], [45.0, 0.8, -0.00129907]]}, {"@module": "numpy", "@class": "array", "dtype": "float64", "data": [[44.0, 0.75, -0.00150869], [45.0, 0.79, -0.00130534]]}, {"@module": "numpy", "@class": "array", "dtype": "float64", "data": [[44.0, 0.74, -0.00153791], [45.0, 0.79, -0.0013066]]}, {"@module": "numpy", "@class": "array", "dtype": "float64", "data": [[44.0, 0.74, -0.00149689], [45.0, 0.79, -0.00129956]]}, {"@module": "numpy", "@class": "array", "dtype": "float64", "data": [[44.0, 0.74, -0.00151193], [45.0, 0.79, -0.00130045]]}], "gw_kppa": 2750, "gw_kpt_grid": {"@module": "numpy", "@class": "array", "dtype": "int64", "data": [8, 8, 8]}, "conv_list": [[{"kppa": 0}, {"kpt_grid": "1x1x1"}, {"num_kpts": 1}, {"X_bnds": 500.0}, {"G_bnds": 500.0}, {"X_cutoff": 16.0}, {"gamma_gap": 0.15910899999999994}, {"num_gw_calc": 7}, {"wall_time": 668}, {"num_cores": 8}, {"z-factor": "None"}], [{"kppa": 0}, {"kpt_grid": "1x1x1"}, {"num_kpts": 1}, {"X_bnds": 200}, {"G_bnds": 200}, {"X_cutoff": 4}, {"gamma_gap": 4}, {"num_gw_calc": 1}, {"wall_time": 16}, {"num_cores": 8}, {"z-factor": "None"}], [{"kppa": 10}, {"kpt_grid": "2x2x2"}, {"num_kpts": 1}, {"X_bnds": 200}, {"G_bnds": 200}, {"X_cutoff": 4}, {"gamma_gap": 0.864324}, {"num_gw_calc": 2}, {"wall_time": 72}, {"num_cores": 8}, {"z-factor": {"@module": "numpy", "@class": "array", "dtype": "float64", "data": [[44.0, 0.75, -0.0016382], [45.0, 0.8, -0.00139496]]}}], [{"kppa": 220}, {"kpt_grid": "4x4x4"}, {"num_kpts": 1}, {"X_bnds": 200}, {"G_bnds": 200}, {"X_cutoff": 4}, {"gamma_gap": 0.976895}, {"num_gw_calc": 3}, {"wall_time": 949}, {"num_cores": 8}, {"z-factor": {"@module": "numpy", "@class": "array", "dtype": "float64", "data": [[44.0, 0.76, -0.00160163], [45.0, 0.81, -0.00131777]]}}], [{"kppa": 1000}, {"kpt_grid": "6x6x6"}, {"num_kpts": 1}, {"X_bnds": 200}, {"G_bnds": 200}, {"X_cutoff": 4}, {"gamma_gap": 1.0139909999999999}, {"num_gw_calc": 4}, {"wall_time": 4000}, {"num_cores": 16}, {"z-factor": {"@module": "numpy", "@class": "array", "dtype": "float64", "data": [[44.0, 0.76, -0.00158626], [45.0, 0.81, -0.0012854]]}}], [{"kppa": 2750}, {"kpt_grid": "8x8x8"}, {"num_kpts": 1}, {"X_bnds": 200}, {"G_bnds": 200}, {"X_cutoff": 4}, {"gamma_gap": 1.016915}, {"num_gw_calc": 5}, {"wall_time": 20256}, {"num_cores": 16}, {"z-factor": {"@module": "numpy", "@class": "array", "dtype": "float64", "data": [[44.0, 0.76, -0.0015832], [45.0, 0.81, -0.00127981]]}}]], "conv_time": 25942.979017019272}, "gw_band_range_pbe": [1, 51], "gw_conv_lda": {"gw_conv_thr": 0.025, "gw_bnd_start": 200, "gw_bnd_step": 100, "gw_cut_start": 4, "gw_cut_step": 4, "kpt_bnd_idx": {"@module": "numpy", "@class": "array", "dtype": "int64", "data": [1, 1, 44, 45]}, "gw_bands": 200, "gw_cutoff": 4, "w_conv_grid": [[200, 4, 0.568301], [300, 4, 0.511339], [400, 4, 0.491326], [400, 8, 0.356707], [400, 8, 0.356707], [400, 12, 0.32515499999999997], [400, 12, 0.32515499999999997], [400, 16, 0.315066], [400, 16, 0.315066], [500, 16, 0.300039], [500, 20, 0.29210400000000003], [500, 20, 0.29210400000000003]], "pwcutoff": 91, "w_conv_time": [14.075706481933594, 15.017093896865845, 16.131613969802856, 18.84170913696289, 18.843549966812134, 25.991268634796143, 25.992931604385376, 44.59168291091919, 44.593278884887695, 50.88120794296265, 82.71489405632019, 82.7163233757019], "w_ngw": 8, "w_z_factor": [{"@module": "numpy", "@class": "array", "dtype": "float64", "data": [[44.0, 0.76, -0.00149413], [45.0, 0.8, -0.00117561]]}, {"@module": "numpy", "@class": "array", "dtype": "float64", "data": [[44.0, 0.76, -0.00141656], [45.0, 0.8, -0.00117849]]}, {"@module": "numpy", "@class": "array", "dtype": "float64", "data": [[44.0, 0.76, -0.00135732], [45.0, 0.8, -0.00116376]]}, {"@module": "numpy", "@class": "array", "dtype": "float64", "data": [[44.0, 0.75, -0.00139663], [45.0, 0.8, -0.00118077]]}, {"@module": "numpy", "@class": "array", "dtype": "float64", "data": [[44.0, 0.75, -0.00139894], [45.0, 0.8, -0.00118531]]}, {"@module": "numpy", "@class": "array", "dtype": "float64", "data": [[44.0, 0.75, -0.0014133], [45.0, 0.8, -0.00118387]]}, {"@module": "numpy", "@class": "array", "dtype": "float64", "data": [[44.0, 0.75, -0.00142937], [45.0, 0.8, -0.00117821]]}, {"@module": "numpy", "@class": "array", "dtype": "float64", "data": [[44.0, 0.74, -0.0014395], [45.0, 0.8, -0.00117713]]}], "gw_kppa": 1000, "gw_kpt_grid": {"@module": "numpy", "@class": "array", "dtype": "int64", "data": [6, 6, 6]},