{"@module": "pymatgen.entries.computed_entries", "@class": "ComputedEntry", "energy": 0.0, "composition": {"K": 1.0, "Br": 1.0}, "entry_id": "187220", "correction": 0.0, "energy_adjustments": [], "parameters": {"id": "187220", "name": "KBr", "ibrav": {"celldm(1)": 12.621480847183019, "ibrav": 2}, "vol": 502.65608743526104, "lda_pw_cutoff_Ry": 64, "qe_conv_pbe": {"qe_conv_maxiter": 20, "qe_delta_kppa": 1500, "qe_delta_cutoff": 5, "qe_conv_thresh": 7.349865078089427e-05, "qe_conv_steps": [[60, 1500, -42.02966033267635], [65, 1500, -42.02968023321334], [65, 3000, -42.02968022898533]], "qe_conv_time": 16.958877563476562}, "num_elec_pbe": 16.0, "max_mem": 37088.0, "qe_conv_lda": {"qe_conv_maxiter": 20, "qe_delta_kppa": 1500, "qe_delta_cutoff": 5, "qe_conv_thresh": 7.349865078089427e-05, "qe_conv_steps": [[64, 1500, -45.82749620276373], [69, 1500, -45.82755007954343], [69, 3000, -45.82755019320328]], "qe_conv_time": 13.577816247940063}, "num_elec_lda": 16.0, "bg_conv_pbe": {"bg_conv_maxiter": 20, "bg_delta_kppa": 1500, "bg_delta_cutoff": 5, "bg_conv_thresh": 0.025, "bg_conv_steps": [[65, 3000, 4.32525938505931], [65, 4500, 4.3251724399073295]], "bg_conv_time": 12.488510131835938}, "indirect_gap_pbe": 4.325173239083749, "bg_conv_lda": {"bg_conv_maxiter": 20, "bg_delta_kppa": 1500, "bg_delta_cutoff": 5, "bg_conv_thresh": 0.025, "bg_conv_steps": [[69, 3000, 3.941805341909004], [69, 4500, 3.941805403142302]], "bg_conv_time": 10.21907091140747}, "indirect_gap_lda": 3.9418060944426374, "gw_conv_pbe": {"gw_conv_thr": 0.025, "gw_bnd_start": 200, "gw_bnd_step": 100, "gw_cut_start": 4, "gw_cut_step": 4, "kpt_bnd_idx": {"@module": "numpy", "@class": "array", "dtype": "int64", "data": [1, 1, 8, 9]}, "gw_bands": 200, "gw_cutoff": 4, "w_conv_grid": [[200, 4, 5.164899], [300, 4, 5.165796], [300, 8, 5.398204], [300, 8, 5.398204], [300, 12, 5.461080000000001], [300, 12, 5.461080000000001], [300, 16, 5.4770959999999995], [300, 16, 5.4770959999999995], [400, 16, 5.493031], [400, 20, 5.499834999999999], [400, 20, 5.499834999999999]], "pwcutoff": 65, "w_conv_time": [12.821328163146973, 13.183317184448242, 13.320838689804077, 13.32213306427002, 13.923670768737793, 13.9251127243042, 15.122857332229614, 15.124440670013428, 15.336260080337524, 19.212287425994873, 19.2132625579834], "w_ngw": 7, "w_z_factor": [{"@module": "numpy", "@class": "array", "dtype": "float64", "data": [[8.0, 0.79, -0.159919], [9.0, 0.82, -0.154337]]}, {"@module": "numpy", "@class": "array", "dtype": "float64", "data": [[8.0, 0.79, -0.161367], [9.0, 0.82, -0.154322]]}, {"@module": "numpy", "@class": "array", "dtype": "float64", "data": [[8.0, 0.79, -0.15898], [9.0, 0.82, -0.153953]]}, {"@module": "numpy", "@class": "array", "dtype": "float64", "data": [[8.0, 0.79, -0.144433], [9.0, 0.82, -0.150176]]}, {"@module": "numpy", "@class": "array", "dtype": "float64", "data": [[8.0, 0.79, -0.165004], [9.0, 0.82, -0.153683]]}, {"@module": "numpy", "@class": "array", "dtype": "float64", "data": [[8.0, 0.79, -0.15824], [9.0, 0.82, -0.15399]]}, {"@module": "numpy", "@class": "array", "dtype": "float64", "data": [[8.0, 0.79, -0.161353], [9.0, 0.82, -0.153798]]}], "gw_kppa": 250, "gw_kpt_grid": {"@module": "numpy", "@class": "array", "dtype": "int64", "data": [6, 6, 6]}, "conv_list": [[{"kppa": 0}, {"kpt_grid": "1x1x1"}, {"num_kpts": 1}, {"X_bnds": 400.0}, {"G_bnds": 400.0}, {"X_cutoff": 20.0}, {"gamma_gap": 5.499834999999999}, {"num_gw_calc": 7}, {"wall_time": 184}, {"num_cores": 8}, {"z-factor": "None"}], [{"kppa": 0}, {"kpt_grid": "1x1x1"}, {"num_kpts": 1}, {"X_bnds": 200}, {"G_bnds": 200}, {"X_cutoff": 4}, {"gamma_gap": 8}, {"num_gw_calc": 1}, {"wall_time": 13}, {"num_cores": 8}, {"z-factor": "None"}], [{"kppa": 10}, {"kpt_grid": "2x2x2"}, {"num_kpts": 1}, {"X_bnds": 200}, {"G_bnds": 200}, {"X_cutoff": 4}, {"gamma_gap": 6.529764000000001}, {"num_gw_calc": 2}, {"wall_time": 23}, {"num_cores": 8}, {"z-factor": {"@module": "numpy", "@class": "array", "dtype": "float64", "data": [[8.0, 0.83, -0.125831], [9.0, 0.87, -0.102256]]}}], [{"kppa": 60}, {"kpt_grid": "4x4x4"}, {"num_kpts": 1}, {"X_bnds": 200}, {"G_bnds": 200}, {"X_cutoff": 4}, {"gamma_gap": 6.586644}, {"num_gw_calc": 3}, {"wall_time": 51}, {"num_cores": 8}, {"z-factor": {"@module": "numpy", "@class": "array", "dtype": "float64", "data": [[8.0, 0.83, -0.128377], [9.0, 0.87, -0.937394]]}}], [{"kppa": 250}, {"kpt_grid": "6x6x6"}, {"num_kpts": 1}, {"X_bnds": 200}, {"G_bnds": 200}, {"X_cutoff": 4}, {"gamma_gap": 6.588542}, {"num_gw_calc": 4}, {"wall_time": 67}, {"num_cores": 32}, {"z-factor": {"@module": "numpy", "@class": "array", "dtype": "float64", "data": [[8.0, 0.83, -0.132601], [9.0, 0.87, -0.934605]]}}]], "conv_time": 322.9743130207062}, "gw_band_range_pbe": [1, 11], "gw_conv_lda": {"gw_conv_thr": 0.025, "gw_bnd_start": 200, "gw_bnd_step": 100, "gw_cut_start": 4, "gw_cut_step": 4, "kpt_bnd_idx": {"@module": "numpy", "@class": "array", "dtype": "int64", "data": [1, 1, 8, 9]}, "gw_bands": 200, "gw_cutoff": 4, "w_conv_grid": [[200, 4, 4.899868000000001], [300, 4, 4.900483], [300, 8, 5.134029999999999], [300, 8, 5.134029999999999], [300, 12, 5.1991950000000005], [300, 12, 5.1991950000000005], [300, 16, 5.216869], [300, 16, 5.216869], [400, 16, 5.232845], [400, 20, 5.239815], [400, 20, 5.239815]], "pwcutoff": 69, "w_conv_time": [12.852376222610474, 13.01106071472168, 13.235183238983154, 13.235918521881104, 13.684844255447388, 13.686202049255371, 14.929457187652588, 14.931305646896362, 15.366792678833008, 18.884753704071045, 18.886138200759888], "w_ngw": 7, "w_z_factor": [{"@module": "numpy", "@class": "array", "dtype": "float64", "data": [[8.0, 0.78, -0.166127], [9.0, 0.81, -0.160353]]}, {"@module": "numpy", "@class": "array", "dtype": "float64", "data": [[8.0, 0.78, -0.166282], [9.0, 0.81, -0.160308]]}, {"@module": "numpy", "@class": "array", "dtype": "float64", "data": [[8.0, 0.78, -0.165682], [9.0, 0.81, -0.159908]]}, {"@module": "numpy", "@class": "array", "dtype": "float64", "data": [[8.0, 0.78, -0.160646], [9.0, 0.81, -0.159844]]}, {"@module": "numpy", "@class": "array", "dtype": "float64", "data": [[8.0, 0.78, -0.165032], [9.0, 0.81, -0.159831]]}, {"@module": "numpy", "@class": "array", "dtype": "float64", "data": [[8.0, 0.78, -0.165051], [9.0, 0.81, -0.15983]]}, {"@module": "numpy", "@class": "array", "dtype": "float64", "data": [[8.0, 0.78, -0.164084], [9.0, 0.81, -0.159709]]}], "gw_kppa": 250, "gw_kpt_grid": {"@module": "numpy", "@class": "array", "dtype": "int64", "data": [6, 6, 6]}, "conv_list": [[{"kppa": 0}, {"kpt_grid": "1x1x1"}, {"num_kpts": 1}, {"X_bnds": 400.0}, {"G_bnds": 400.0}, {"X_cutoff": 20.0}, {"gamma_gap": 5.239815}, {"num_gw_calc": 7}, {"wall_time": 173}, {"num_cores": 8}, {"z-factor": "None"}], [{"kppa": 0}, {"kpt_grid": "1x1x1"}, {"num_kpts": 1}, {"X_bnds": 200}, {"G_bnds": 200}, {"X_cutoff": 4}, {"gamma_gap": 8}, {"num_gw_calc": 1}, {"wall_time": 13}, {"num_cores": 8}, {"z-factor": "None"}], [{"kppa": 10}, {"kpt_grid": "2x2x2"}, {"num_kpts": 1}, {"X_bnds": 200}, {"G_bnds": 200}, {"X_cutoff": 4}, {"gamma_gap": 6.571568000000001}, {"num_gw_calc": 2}, {"wall_time": 22}, {"num_cores": 8}, {"z-factor": {"@module": "numpy", "@class": "array", "dtype": "float64", "data": [[8.0, 0.82, -0.133891], [9.0, 0.86, -0.109634]]}}], [{"kppa": 60}, {"kpt_grid": "4x4x4"}, {"num_kpts": 1}, {"X_bnds": 200}, {"G_bnds": 200}, {"X_cutoff": 4}, {"gamma_gap": 6.629789}, {"num_gw_calc": 3}, {"wall_time": 51}, {"num_cores": 8}, {"z-factor": {"@module": "numpy", "@class": "array", "dtype": "float64", "data": [[8.0, 0.82, -0.135965], [9.0, 0.87, -0.989077]]}}], [{"kppa": 250}, {"kpt_grid": "6x6x6"}, {"num_kpts": 1}, {"X_bnds": 200}, {"G_bnds": 200}, {"X_cutoff": 4}, {"gamma_gap": 6.632866999999999}, {"num_gw_calc": 4}, {"wall_time": 66}, {"num_cores": 32}, {"z-factor": {"@module": "numpy", "@class": "array", "dtype": "float64", "data": [[8.0, 0.82, -0.14085], [9.0, 0.87, -0.985126]]}}]], "conv_time": 309.9338562488556}, "gw_band_range_lda": [1, 11],