{"@module": "pymatgen.entries.computed_entries", "@class": "ComputedEntry", "energy": 0.0, "composition": {"Cd": 1.0, "Se": 1.0}, "entry_id": "187310", "correction": 0.0, "energy_adjustments": [], "parameters": {"id": "187310", "name": "CdSe", "ibrav": {"celldm(1)": 11.29111364903706, "ibrav": 2}, "vol": 359.87389545602747, "lda_pw_cutoff_Ry": 94, "qe_conv_pbe": {"qe_conv_maxiter": 20, "qe_delta_kppa": 1500, "qe_delta_cutoff": 5, "qe_conv_thresh": 7.349865078089427e-05, "qe_conv_steps": [[60, 1500, -164.9319603525208], [65, 1500, -164.9319614832946], [65, 3000, -164.9319664345769]], "qe_conv_time": 17.367750644683838}, "num_elec_pbe": 26.0, "max_mem": 74719.0, "qe_conv_lda": {"qe_conv_maxiter": 20, "qe_delta_kppa": 1500, "qe_delta_cutoff": 5, "qe_conv_thresh": 7.349865078089427e-05, "qe_conv_steps": [[94, 1500, -296.4901666729368], [99, 1500, -296.4903618517925], [104, 1500, -296.4904164523496], [104, 3000, -296.4904240722619]], "qe_conv_time": 32.46996593475342}, "num_elec_lda": 36.0, "bg_conv_pbe": {"bg_conv_maxiter": 20, "bg_delta_kppa": 1500, "bg_delta_cutoff": 5, "bg_conv_thresh": 0.025, "bg_conv_steps": [[65, 3000, 0.708662218987142], [65, 4500, 0.7086827102843064]], "bg_conv_time": 13.64300799369812}, "indirect_gap_pbe": 0.7086565377075308, "bg_conv_lda": {"bg_conv_maxiter": 20, "bg_delta_kppa": 1500, "bg_delta_cutoff": 5, "bg_conv_thresh": 0.025, "bg_conv_steps": [[104, 3000, 0.43332173256766127], [104, 4500, 0.4333857343397375]], "bg_conv_time": 19.05151677131653}, "indirect_gap_lda": 0.43331849131269623, "gw_conv_pbe": {"gw_conv_thr": 0.025, "gw_bnd_start": 200, "gw_bnd_step": 100, "gw_cut_start": 4, "gw_cut_step": 4, "kpt_bnd_idx": {"@module": "numpy", "@class": "array", "dtype": "int64", "data": [1, 1, 13, 14]}, "gw_bands": 200, "gw_cutoff": 4, "w_conv_grid": [[200, 4, 0.23204000000000002], [300, 4, 0.230929], [300, 8, 0.40026600000000007], [300, 8, 0.40026600000000007], [300, 12, 0.4343850000000001], [300, 12, 0.4343850000000001], [300, 16, 0.45540699999999995], [300, 16, 0.45540699999999995], [400, 16, 0.457775], [400, 20, 0.4751520000000001], [400, 20, 0.4751520000000001]], "pwcutoff": 65, "w_conv_time": [11.179857969284058, 11.214571475982666, 11.423933506011963, 11.425340175628662, 11.820526361465454, 11.821873426437378, 12.151584148406982, 12.15267539024353, 12.797154426574707, 13.97899317741394, 13.980380296707153], "w_ngw": 7, "w_z_factor": [{"@module": "numpy", "@class": "array", "dtype": "float64", "data": [[13.0, 0.82, -0.824695], [14.0, 0.83, -0.846285]]}, {"@module": "numpy", "@class": "array", "dtype": "float64", "data": [[13.0, 0.82, -0.79168], [14.0, 0.83, -0.850423]]}, {"@module": "numpy", "@class": "array", "dtype": "float64", "data": [[13.0, 0.82, -0.799203], [14.0, 0.83, -0.873971]]}, {"@module": "numpy", "@class": "array", "dtype": "float64", "data": [[13.0, 0.81, -0.807027], [14.0, 0.83, -0.870051]]}, {"@module": "numpy", "@class": "array", "dtype": "float64", "data": [[13.0, 0.81, -0.804604], [14.0, 0.83, -0.870553]]}, {"@module": "numpy", "@class": "array", "dtype": "float64", "data": [[13.0, 0.81, -0.80867], [14.0, 0.83, -0.869677]]}, {"@module": "numpy", "@class": "array", "dtype": "float64", "data": [[13.0, 0.81, -0.812123], [14.0, 0.83, -0.870721]]}], "gw_kppa": 1460, "gw_kpt_grid": {"@module": "numpy", "@class": "array", "dtype": "int64", "data": [10, 10, 10]}, "conv_list": [[{"kppa": 0}, {"kpt_grid": "1x1x1"}, {"num_kpts": 1}, {"X_bnds": 400.0}, {"G_bnds": 400.0}, {"X_cutoff": 20.0}, {"gamma_gap": 0.4751520000000001}, {"num_gw_calc": 7}, {"wall_time": 137}, {"num_cores": 8}, {"z-factor": "None"}], [{"kppa": 0}, {"kpt_grid": "1x1x1"}, {"num_kpts": 1}, {"X_bnds": 200}, {"G_bnds": 200}, {"X_cutoff": 4}, {"gamma_gap": 8}, {"num_gw_calc": 1}, {"wall_time": 12}, {"num_cores": 8}, {"z-factor": "None"}], [{"kppa": 10}, {"kpt_grid": "2x2x2"}, {"num_kpts": 1}, {"X_bnds": 200}, {"G_bnds": 200}, {"X_cutoff": 4}, {"gamma_gap": 0.9991489999999998}, {"num_gw_calc": 2}, {"wall_time": 19}, {"num_cores": 8}, {"z-factor": {"@module": "numpy", "@class": "array", "dtype": "float64", "data": [[13.0, 0.8, -0.122364], [14.0, 0.82, -0.116751]]}}], [{"kppa": 60}, {"kpt_grid": "4x4x4"}, {"num_kpts": 1}, {"X_bnds": 200}, {"G_bnds": 200}, {"X_cutoff": 4}, {"gamma_gap": 1.0606470000000001}, {"num_gw_calc": 3}, {"wall_time": 54}, {"num_cores": 8}, {"z-factor": {"@module": "numpy", "@class": "array", "dtype": "float64", "data": [[13.0, 0.8, -0.131317], [14.0, 0.82, -0.123427]]}}], [{"kppa": 260}, {"kpt_grid": "6x6x6"}, {"num_kpts": 1}, {"X_bnds": 200}, {"G_bnds": 200}, {"X_cutoff": 4}, {"gamma_gap": 1.1047609999999999}, {"num_gw_calc": 4}, {"wall_time": 61}, {"num_cores": 32}, {"z-factor": {"@module": "numpy", "@class": "array", "dtype": "float64", "data": [[13.0, 0.8, -0.12813], [14.0, 0.82, -0.119226]]}}], [{"kppa": 690}, {"kpt_grid": "8x8x8"}, {"num_kpts": 1}, {"X_bnds": 200}, {"G_bnds": 200}, {"X_cutoff": 4}, {"gamma_gap": 1.130345}, {"num_gw_calc": 5}, {"wall_time": 192}, {"num_cores": 32}, {"z-factor": {"@module": "numpy", "@class": "array", "dtype": "float64", "data": [[13.0, 0.81, -0.126251], [14.0, 0.82, -0.116866]]}}], [{"kppa": 1460}, {"kpt_grid": "10x10x10"}, {"num_kpts": 1}, {"X_bnds": 200}, {"G_bnds": 200}, {"X_cutoff": 4}, {"gamma_gap": 1.137237}, {"num_gw_calc": 6}, {"wall_time": 579}, {"num_cores": 32}, {"z-factor": {"@module": "numpy", "@class": "array", "dtype": "float64", "data": [[13.0, 0.81, -0.125497], [14.0, 0.82, -0.116011]]}}]], "conv_time": 1038.9254217147827}, "gw_band_range_pbe": [1, 15], "gw_conv_lda": {"gw_conv_thr": 0.025, "gw_bnd_start": 200, "gw_bnd_step": 100, "gw_cut_start": 4, "gw_cut_step": 4, "kpt_bnd_idx": {"@module": "numpy", "@class": "array", "dtype": "int64", "data": [1, 1, 18, 19]}, "gw_bands": 200, "gw_cutoff": 4, "w_conv_grid": [[200, 4, 1.094309], [300, 4, 1.093106], [300, 8, 1.200209], [300, 8, 1.200209], [300, 12, 1.242105], [300, 12, 1.242105], [300, 16, 1.273272], [300, 16, 1.273272], [300, 20, 1.2941289999999999], [300, 20, 1.2941289999999999], [400, 20, 1.295017], [400, 24, 1.311557], [400, 24, 1.311557]], "pwcutoff": 104, "w_conv_time": [11.569557666778564, 11.739601373672485, 11.484210729598999, 11.485517501831055, 12.139538526535034, 12.141026735305786, 12.791341066360474, 12.79330587387085, 13.806359767913818, 13.807855606079102, 13.948558807373047, 16.385106325149536, 16.386576414108276], "w_ngw": 8, "w_z_factor": [{"@module": "numpy", "@class": "array", "dtype": "float64", "data": [[18.0, 0.84, -0.644385], [19.0, 0.85, -0.706034]]}, {"@module": "numpy", "@class": "array", "dtype": "float64", "data": [[18.0, 0.84, -0.672431], [19.0, 0.85, -0.692927]]}, {"@module": "numpy", "@class": "array", "dtype": "float64", "data": [[18.0, 0.83, -0.68511], [19.0, 0.85, -0.714481]]}, {"@module": "numpy", "@class": "array", "dtype": "float64", "data": [[18.0, 0.83, -0.704332], [19.0, 0.85, -0.735006]]}, {"@module": "numpy", "@class": "array", "dtype": "float64", "data": [[18.0, 0.83, -0.698115], [19.0, 0.85, -0.734797]]}, {"@module": "numpy", "@class": "array", "dtype": "float64", "data": [[18.0, 0.83, -0.697025], [19.0, 0.85, -0.735251]]}, {"@module": "numpy", "@class": "array", "dtype": "float64", "data": [[18.0, 0.83, -0.721629], [19.0, 0.85, -0.721253]]}, {"@module": "numpy", "@class": "array", "dtype": "float64", "data": [[18.0, 0.83, -0.720452], [19.0, 0.85, -0.721531]]}], "gw_kppa": 260, "gw_kpt_grid": {"@module": "numpy", "@class": "array", "dtype": "int64", "data": [6, 6, 6]},