{"@module": "pymatgen.entries.computed_entries", "@class": "ComputedEntry", "energy": 0.0, "composition": {"Cu": 2.0, "Bi": 2.0, "Se": 2.0, "O": 2.0}, "entry_id": "189174", "correction": 0.0, "energy_adjustments": [], "parameters": {"id": "189174", "name": "CuBiSeO", "ibrav": {"celldm(1)": 7.427115034353876, "ibrav": 6, "celldm(3)": 2.2726053747080344}, "vol": 931.0746039614653, "lda_pw_cutoff_Ry": 78, "qe_conv_pbe": {"qe_conv_maxiter": 20, "qe_delta_kppa": 1500, "qe_delta_cutoff": 5, "qe_conv_thresh": 0.00029399460312357707, "qe_conv_steps": [[60, 1500, -551.9153975319153], [65, 1500, -551.9859256781884], [70, 1500, -552.0096191741428], [75, 1500, -552.0161761752557], [80, 1500, -552.0175895498675], [85, 1500, -552.0178250613549], [85, 3000, -552.0178742047981]], "qe_conv_time": 314.58353209495544}, "num_elec_pbe": 92.00000000000001, "max_mem": 105469.0, "qe_conv_lda": {"qe_conv_maxiter": 20, "qe_delta_kppa": 1500, "qe_delta_cutoff": 5, "qe_conv_thresh": 0.00029399460312357707, "qe_conv_steps": [[78, 1500, -818.1192641739711], [83, 1500, -818.1225512621484], [88, 1500, -818.1231935536734], [93, 1500, -818.1232754240574], [93, 3000, -818.1233366218999]], "qe_conv_time": 298.77419114112854}, "num_elec_lda": 112.0, "bg_conv_pbe": {"bg_conv_maxiter": 20, "bg_delta_kppa": 1500, "bg_delta_cutoff": 5, "bg_conv_thresh": 0.025, "bg_conv_steps": [[85, 3000, 0.35698723689563416], [85, 6000, 0.3137052726312331], [85, 9000, 0.31287845369041495]], "bg_conv_time": 222.53212571144104}, "indirect_gap_pbe": 0.3123368902936169, "bg_conv_lda": {"bg_conv_maxiter": 20, "bg_delta_kppa": 1500, "bg_delta_cutoff": 5, "bg_conv_thresh": 0.025, "bg_conv_steps": [[93, 3000, 0.17375251907943767], [93, 6000, 0.14167325891697513], [93, 9000, 0.13999495508371818]], "bg_conv_time": 255.7087209224701}, "indirect_gap_lda": 0.13970834463722565, "gw_conv_pbe": {"gw_conv_thr": 0.025, "gw_bnd_start": 200, "gw_bnd_step": 100, "gw_cut_start": 4, "gw_cut_step": 4, "kpt_bnd_idx": {"@module": "numpy", "@class": "array", "dtype": "int64", "data": [1, 1, 46, 47]}, "gw_bands": 200, "gw_cutoff": 4, "w_conv_grid": [[200, 4, 0.6517350000000001], [300, 4, 0.622862], [400, 4, 0.611521], [400, 8, 0.5744549999999999], [400, 8, 0.5744549999999999], [400, 12, 0.586565], [400, 12, 0.586565], [500, 12, 0.5728270000000001], [500, 16, 0.582333], [500, 16, 0.582333]], "pwcutoff": 85, "w_conv_time": [11.996176481246948, 12.208672046661377, 12.843136072158813, 13.803456544876099, 13.805439472198486, 18.48686146736145, 18.48875594139099, 22.182905197143555, 32.370384216308594, 32.372395753860474], "w_ngw": 7, "w_z_factor": [{"@module": "numpy", "@class": "array", "dtype": "float64", "data": [[46.0, 0.76, -0.152783], [47.0, 0.79, -0.133881]]}, {"@module": "numpy", "@class": "array", "dtype": "float64", "data": [[46.0, 0.76, -0.145861], [47.0, 0.79, -0.133843]]}, {"@module": "numpy", "@class": "array", "dtype": "float64", "data": [[46.0, 0.76, -0.146251], [47.0, 0.79, -0.133161]]}, {"@module": "numpy", "@class": "array", "dtype": "float64", "data": [[46.0, 0.76, -0.1457], [47.0, 0.79, -0.135282]]}, {"@module": "numpy", "@class": "array", "dtype": "float64", "data": [[46.0, 0.75, -0.143085], [47.0, 0.79, -0.16018]]}, {"@module": "numpy", "@class": "array", "dtype": "float64", "data": [[46.0, 0.75, -0.139711], [47.0, 0.79, -0.136528]]}, {"@module": "numpy", "@class": "array", "dtype": "float64", "data": [[46.0, 0.75, -0.140043], [47.0, 0.79, -0.135068]]}], "gw_kppa": 2570, "gw_kpt_grid": {"@module": "numpy", "@class": "array", "dtype": "int64", "data": [10, 10, 4]}, "conv_list": [[{"kppa": 0}, {"kpt_grid": "1x1x1"}, {"num_kpts": 1}, {"X_bnds": 500.0}, {"G_bnds": 500.0}, {"X_cutoff": 16.0}, {"gamma_gap": 0.582333}, {"num_gw_calc": 7}, {"wall_time": 425}, {"num_cores": 8}, {"z-factor": "None"}], [{"kppa": 0}, {"kpt_grid": "1x1x1"}, {"num_kpts": 1}, {"X_bnds": 200}, {"G_bnds": 200}, {"X_cutoff": 4}, {"gamma_gap": 4}, {"num_gw_calc": 1}, {"wall_time": 12}, {"num_cores": 8}, {"z-factor": "None"}], [{"kppa": 10}, {"kpt_grid": "2x2x2"}, {"num_kpts": 1}, {"X_bnds": 200}, {"G_bnds": 200}, {"X_cutoff": 4}, {"gamma_gap": 0.859471}, {"num_gw_calc": 2}, {"wall_time": 50}, {"num_cores": 8}, {"z-factor": {"@module": "numpy", "@class": "array", "dtype": "float64", "data": [[46.0, 0.77, -0.144908], [47.0, 0.81, -0.119843]]}}], [{"kppa": 100}, {"kpt_grid": "4x4x2"}, {"num_kpts": 1}, {"X_bnds": 200}, {"G_bnds": 200}, {"X_cutoff": 4}, {"gamma_gap": 0.9292009999999999}, {"num_gw_calc": 3}, {"wall_time": 169}, {"num_cores": 8}, {"z-factor": {"@module": "numpy", "@class": "array", "dtype": "float64", "data": [[46.0, 0.77, -0.142975], [47.0, 0.81, -0.116477]]}}], [{"kppa": 450}, {"kpt_grid": "6x6x2"}, {"num_kpts": 1}, {"X_bnds": 200}, {"G_bnds": 200}, {"X_cutoff": 4}, {"gamma_gap": 0.8698980000000001}, {"num_gw_calc": 4}, {"wall_time": 184}, {"num_cores": 32}, {"z-factor": {"@module": "numpy", "@class": "array", "dtype": "float64", "data": [[46.0, 0.77, -0.144001], [47.0, 0.81, -0.117174]]}}], [{"kppa": 1120}, {"kpt_grid": "6x6x4"}, {"num_kpts": 1}, {"X_bnds": 200}, {"G_bnds": 200}, {"X_cutoff": 4}, {"gamma_gap": 0.9075489999999999}, {"num_gw_calc": 5}, {"wall_time": 434}, {"num_cores": 32}, {"z-factor": {"@module": "numpy", "@class": "array", "dtype": "float64", "data": [[46.0, 0.77, -0.145345], [47.0, 0.81, -0.116061]]}}], [{"kppa": 1210}, {"kpt_grid": "8x8x4"}, {"num_kpts": 1}, {"X_bnds": 200}, {"G_bnds": 200}, {"X_cutoff": 4}, {"gamma_gap": 0.954968}, {"num_gw_calc": 6}, {"wall_time": 1035}, {"num_cores": 32}, {"z-factor": {"@module": "numpy", "@class": "array", "dtype": "float64", "data": [[46.0, 0.77, -0.144452], [47.0, 0.81, -0.114571]]}}], [{"kppa": 2570}, {"kpt_grid": "10x10x4"}, {"num_kpts": 1}, {"X_bnds": 200}, {"G_bnds": 200}, {"X_cutoff": 4}, {"gamma_gap": 0.9540979999999999}, {"num_gw_calc": 7}, {"wall_time": 2169}, {"num_cores": 32}, {"z-factor": {"@module": "numpy", "@class": "array", "dtype": "float64", "data": [[46.0, 0.77, -0.150777], [47.0, 0.81, -0.114632]]}}]], "conv_time": 4462.239983797073}, "gw_band_range_pbe": [1, 53], "gw_conv_lda": {"gw_conv_thr": 0.025, "gw_bnd_start": 200, "gw_bnd_step": 100, "gw_cut_start": 4, "gw_cut_step": 4, "kpt_bnd_idx": {"@module": "numpy", "@class": "array", "dtype": "int64", "data": [1, 1, 56, 57]}, "gw_bands": 200, "gw_cutoff": 4, "w_conv_grid": [[200, 4, 0.981616], [300, 4, 0.949962], [400, 4, 0.9386540000000001], [400, 8, 0.8764800000000001], [400, 8, 0.8764800000000001], [400, 12, 0.888761], [400, 12, 0.888761], [500, 12, 0.876727], [500, 16, 0.8863730000000001], [500, 16, 0.8863730000000001]], "pwcutoff": 93, "w_conv_time": [12.263145685195923, 12.68333387374878, 13.343037128448486, 15.093422651290894, 15.095324039459229, 20.281696796417236, 20.28323745727539, 21.886906147003174, 34.792181730270386, 34.79399490356445], "w_ngw": 7, "w_z_factor": [{"@module": "numpy", "@class": "array", "dtype": "float64", "data": [[56.0, 0.76, -0.15383], [57.0, 0.79, -0.136624]]}, {"@module": "numpy", "@class": "array", "dtype": "float64", "data": [[56.0, 0.76, -0.147617], [57.0, 0.79, -0.132971]]}, {"@module": "numpy", "@class": "array", "dtype": "float64", "data": [[56.0, 0.76, -0.152451], [57.0, 0.79, -0.133996]]}, {"@module": "numpy", "@class": "array", "dtype": "float64", "data": [[56.0, 0.75, -0.149233], [57.0, 0.79, -0.131734]]}, {"@module": "numpy", "@class": "array", "dtype": "float64", "data": [[56.0, 0.75, -0.136812], [57.0, 0.79, -0.131013]]}, {"@module": "numpy", "@class": "array", "dtype": "float64", "data": [[56.0, 0.75, -0.143212], [57.0, 0.79, -0.12935]]}, {"@module": "numpy", "@class": "array", "dtype": "float64", "data": [[56.0, 0.75, -0.144261], [57.0, 0.79, -0.129202]]}], "gw_kppa": 450, "gw_kpt_grid": {"@module": "numpy", "@class": "array", "dtype": "int64", "data": [6, 6, 2]},