{"@module": "pymatgen.entries.computed_entries", "@class": "ComputedEntry", "energy": 0.0, "composition": {"C": 2.0}, "entry_id": "190650", "correction": 0.0, "energy_adjustments": [], "parameters": {"id": "190650", "name": "C", "ibrav": {"celldm(1)": 6.739908566918407, "ibrav": 2}, "vol": 76.54239085316662, "lda_pw_cutoff_Ry": 74, "qe_conv_pbe": {"qe_conv_maxiter": 20, "qe_delta_kppa": 1500, "qe_delta_cutoff": 5, "qe_conv_thresh": 7.349865078089427e-05, "qe_conv_steps": [[60, 1500, -11.39175854974855], [65, 1500, -11.39295238036807], [70, 1500, -11.39348509456507], [75, 1500, -11.3936440811503], [80, 1500, -11.39367899556433], [80, 3000, -11.3936814093404]], "qe_conv_time": 18.384479999542236}, "num_elec_pbe": 8.0, "max_mem": 31634.0, "qe_conv_lda": {"qe_conv_maxiter": 20, "qe_delta_kppa": 1500, "qe_delta_cutoff": 5, "qe_conv_thresh": 7.349865078089427e-05, "qe_conv_steps": [[74, 1500, -12.063655095009], [79, 1500, -12.06384404311669], [84, 1500, -12.06390612226851], [84, 3000, -12.06390855390224]], "qe_conv_time": 13.417489767074585}, "num_elec_lda": 8.0, "bg_conv_pbe": {"bg_conv_maxiter": 20, "bg_delta_kppa": 1500, "bg_delta_cutoff": 5, "bg_conv_thresh": 0.025, "bg_conv_steps": [[80, 3000, 4.193948235314538], [80, 4500, 4.1724807238469435]], "bg_conv_time": 6.985710144042969}, "indirect_gap_pbe": 4.193982394140534, "bg_conv_lda": {"bg_conv_maxiter": 20, "bg_delta_kppa": 1500, "bg_delta_cutoff": 5, "bg_conv_thresh": 0.025, "bg_conv_steps": [[84, 3000, 4.155836630363144], [84, 4500, 4.132759924210597]], "bg_conv_time": 6.953463077545166}, "indirect_gap_lda": 4.155827226764054, "gw_conv_pbe": {"gw_conv_thr": 0.025, "gw_bnd_start": 200, "gw_bnd_step": 100, "gw_cut_start": 4, "gw_cut_step": 4, "kpt_bnd_idx": {"@module": "numpy", "@class": "array", "dtype": "int64", "data": [1, 1, 4, 5]}, "gw_bands": 200, "gw_cutoff": 4, "w_conv_grid": [[200, 4, 5.944475000000001], [300, 4, 5.944443], [300, 8, 6.131973], [300, 8, 6.131973], [300, 12, 6.221672], [300, 12, 6.221672], [300, 16, 6.258900000000001], [300, 16, 6.258900000000001], [300, 20, 6.323392999999999], [300, 20, 6.323392999999999], [300, 24, 6.341642], [300, 24, 6.341642], [400, 24, 6.341710000000001], [400, 28, 6.349843], [400, 28, 6.349843]], "pwcutoff": 134, "w_conv_time": [11.346321821212769, 10.811314105987549, 10.76543664932251, 10.766481399536133, 10.874228954315186, 10.87565803527832, 10.882817268371582, 10.88369107246399, 12.234018325805664, 12.235819339752197, 11.140873908996582, 11.143218517303467, 11.459914207458496, 12.43839144706726, 12.4397292137146], "w_ngw": 9, "w_z_factor": [{"@module": "numpy", "@class": "array", "dtype": "float64", "data": [[4.0, 0.82, -0.581356], [5.0, 0.83, -0.549112]]}, {"@module": "numpy", "@class": "array", "dtype": "float64", "data": [[4.0, 0.82, -0.581293], [5.0, 0.83, -0.548989]]}, {"@module": "numpy", "@class": "array", "dtype": "float64", "data": [[4.0, 0.82, -0.534192], [5.0, 0.82, -0.600653]]}, {"@module": "numpy", "@class": "array", "dtype": "float64", "data": [[4.0, 0.82, -0.501823], [5.0, 0.82, -0.647413]]}, {"@module": "numpy", "@class": "array", "dtype": "float64", "data": [[4.0, 0.82, -0.516535], [5.0, 0.82, -0.66245]]}, {"@module": "numpy", "@class": "array", "dtype": "float64", "data": [[4.0, 0.82, -0.529962], [5.0, 0.82, -0.665482]]}, {"@module": "numpy", "@class": "array", "dtype": "float64", "data": [[4.0, 0.82, -0.525021], [5.0, 0.82, -0.664976]]}, {"@module": "numpy", "@class": "array", "dtype": "float64", "data": [[4.0, 0.82, -0.524718], [5.0, 0.82, -0.665047]]}, {"@module": "numpy", "@class": "array", "dtype": "float64", "data": [[4.0, 0.82, -0.522906], [5.0, 0.82, -0.66507]]}], "gw_kppa": 690, "gw_kpt_grid": {"@module": "numpy", "@class": "array", "dtype": "int64", "data": [8, 8, 8]}, "conv_list": [[{"kppa": 0}, {"kpt_grid": "1x1x1"}, {"num_kpts": 1}, {"X_bnds": 400.0}, {"G_bnds": 400.0}, {"X_cutoff": 28.0}, {"gamma_gap": 6.349843}, {"num_gw_calc": 9}, {"wall_time": 161}, {"num_cores": 8}, {"z-factor": "None"}], [{"kppa": 0}, {"kpt_grid": "1x1x1"}, {"num_kpts": 1}, {"X_bnds": 200}, {"G_bnds": 200}, {"X_cutoff": 4}, {"gamma_gap": 8}, {"num_gw_calc": 1}, {"wall_time": 12}, {"num_cores": 8}, {"z-factor": "None"}], [{"kppa": 10}, {"kpt_grid": "2x2x2"}, {"num_kpts": 1}, {"X_bnds": 200}, {"G_bnds": 200}, {"X_cutoff": 4}, {"gamma_gap": 6.886634}, {"num_gw_calc": 2}, {"wall_time": 17}, {"num_cores": 8}, {"z-factor": {"@module": "numpy", "@class": "array", "dtype": "float64", "data": [[4.0, 0.83, -0.699787], [5.0, 0.83, -0.709969]]}}], [{"kppa": 60}, {"kpt_grid": "4x4x4"}, {"num_kpts": 1}, {"X_bnds": 200}, {"G_bnds": 200}, {"X_cutoff": 4}, {"gamma_gap": 7.062367}, {"num_gw_calc": 3}, {"wall_time": 30}, {"num_cores": 8}, {"z-factor": {"@module": "numpy", "@class": "array", "dtype": "float64", "data": [[4.0, 0.83, -0.72649], [5.0, 0.83, -0.740141]]}}], [{"kppa": 260}, {"kpt_grid": "6x6x6"}, {"num_kpts": 1}, {"X_bnds": 200}, {"G_bnds": 200}, {"X_cutoff": 4}, {"gamma_gap": 7.099041}, {"num_gw_calc": 4}, {"wall_time": 36}, {"num_cores": 32}, {"z-factor": {"@module": "numpy", "@class": "array", "dtype": "float64", "data": [[4.0, 0.83, -0.725775], [5.0, 0.83, -0.743653]]}}], [{"kppa": 690}, {"kpt_grid": "8x8x8"}, {"num_kpts": 1}, {"X_bnds": 200}, {"G_bnds": 200}, {"X_cutoff": 4}, {"gamma_gap": 7.098827999999999}, {"num_gw_calc": 5}, {"wall_time": 84}, {"num_cores": 32}, {"z-factor": {"@module": "numpy", "@class": "array", "dtype": "float64", "data": [[4.0, 0.83, -0.721004], [5.0, 0.83, -0.738959]]}}]], "conv_time": 325.45002365112305}, "gw_band_range_pbe": [1, 8], "gw_conv_lda": {"gw_conv_thr": 0.025, "gw_bnd_start": 200, "gw_bnd_step": 100, "gw_cut_start": 4, "gw_cut_step": 4, "kpt_bnd_idx": {"@module": "numpy", "@class": "array", "dtype": "int64", "data": [1, 1, 4, 5]}, "gw_bands": 200, "gw_cutoff": 4, "w_conv_grid": [[200, 4, 6.117939], [300, 4, 6.117858999999999], [300, 8, 6.307499], [300, 8, 6.307499], [300, 12, 6.397264999999999], [300, 12, 6.397264999999999], [300, 16, 6.434578999999999], [300, 16, 6.434578999999999], [300, 20, 6.501222], [300, 20, 6.501222], [300, 24, 6.520386], [300, 24, 6.520386], [400, 24, 6.520302], [400, 28, 6.529367], [400, 28, 6.529367]], "pwcutoff": 134, "w_conv_time": [12.320405006408691, 11.601611137390137, 12.65425443649292, 12.655692100524902, 10.688154935836792, 10.68995714187622, 11.140955686569214, 11.14173173904419, 12.29338026046753, 12.294957876205444, 11.695575714111328, 11.696732759475708, 11.945998907089233, 11.720511674880981, 11.721573114395142], "w_ngw": 9, "w_z_factor": [{"@module": "numpy", "@class": "array", "dtype": "float64", "data": [[4.0, 0.82, -0.630856], [5.0, 0.83, -0.512194]]}, {"@module": "numpy", "@class": "array", "dtype": "float64", "data": [[4.0, 0.82, -0.632214], [5.0, 0.83, -0.510527]]}, {"@module": "numpy", "@class": "array", "dtype": "float64", "data": [[4.0, 0.82, -0.586159], [5.0, 0.82, -0.554607]]}, {"@module": "numpy", "@class": "array", "dtype": "float64", "data": [[4.0, 0.82, -0.599244], [5.0, 0.82, -0.533941]]}, {"@module": "numpy", "@class": "array", "dtype": "float64", "data": [[4.0, 0.82, -0.59285], [5.0, 0.82, -0.585955]]}, {"@module": "numpy", "@class": "array", "dtype": "float64", "data": [[4.0, 0.82, -0.764419], [5.0, 0.82, -0.39703]]}, {"@module": "numpy", "@class": "array", "dtype": "float64", "data": [[4.0, 0.82, -0.100286], [5.0, 0.82, -0.214852]]}, {"@module": "numpy", "@class": "array", "dtype": "float64", "data": [[4.0, 0.82, -0.984288], [5.0, 0.82, -0.605552]]}, {"@module": "numpy", "@class": "array", "dtype": "float64", "data": [[4.0, 0.82, -0.120883]]}], "gw_kppa": 690, "gw_kpt_grid": {"@module": "numpy", "@class": "array", "dtype": "int64", "data": [8, 8, 8]},