{"@module": "pymatgen.entries.computed_entries", "@class": "ComputedEntry", "energy": 0.0, "composition": {"Cu": 4.0, "Ge": 2.0, "Se": 6.0}, "entry_id": "192171", "correction": 0.0, "energy_adjustments": [], "parameters": {"id": "192171", "name": "Cu2GeSe3", "ibrav": 0, "vol": 1721.0881443714563, "lda_pw_cutoff_Ry": 78, "qe_conv_pbe": {"qe_conv_maxiter": 20, "qe_delta_kppa": 1500, "qe_delta_cutoff": 5, "qe_conv_thresh": 0.00044099190468536564, "qe_conv_steps": [[60, 1500, -928.6345541675272], [65, 1500, -928.7531766482671], [70, 1500, -928.7903207144695], [75, 1500, -928.799195379557], [80, 1500, -928.8005305338295], [85, 1500, -928.8006178877783], [85, 3000, -928.8008647839474]], "qe_conv_time": 797.1280725002289}, "num_elec_pbe": 140.0, "max_mem": 81166.0, "qe_conv_lda": {"qe_conv_maxiter": 20, "qe_delta_kppa": 1500, "qe_delta_cutoff": 5, "qe_conv_thresh": 0.00044099190468536564, "qe_conv_steps": [[78, 1500, -1663.378216857712], [83, 1500, -1663.384785415347], [88, 1500, -1663.386057194071], [93, 1500, -1663.386230779841], [93, 3000, -1663.386507582499]], "qe_conv_time": 907.8636858463287}, "num_elec_lda": 200.0, "bg_conv_pbe": {"bg_conv_maxiter": 20, "bg_delta_kppa": 1500, "bg_delta_cutoff": 5, "bg_conv_thresh": 0.025, "bg_conv_steps": [[85, 3000, -0.06025460671124078], [85, 4500, 0.021179782614473026], [85, 9000, -0.008048281931737643], [85, 16500, -0.06092716264726888], [85, 27000, -0.035913364262204026], [85, 40500, -0.046771310951835086]], "bg_conv_time": 7330.979836463928}, "indirect_gap_pbe": -0.035361056362240365, "bg_conv_lda": {"bg_conv_maxiter": 20, "bg_delta_kppa": 1500, "bg_delta_cutoff": 5, "bg_conv_thresh": 0.025, "bg_conv_steps": [[93, 3000, -0.14966110221446927], [93, 4500, -0.060495925013755183], [93, 9000, -0.08425745108860704]], "bg_conv_time": 1666.4579803943634}, "indirect_gap_lda": -0.08416050581265885, "gw_conv_pbe": {"gw_conv_thr": 0.025, "gw_bnd_start": 200, "gw_bnd_step": 100, "gw_cut_start": 4, "gw_cut_step": 4, "kpt_bnd_idx": {"@module": "numpy", "@class": "array", "dtype": "int64", "data": [1, 1, 70, 71]}, "gw_bands": 200, "gw_cutoff": 4, "w_conv_grid": [[200, 4, 0.288725], [300, 4, 0.277535], [300, 8, 0.252846], [300, 8, 0.252846], [400, 8, 0.245591], [400, 12, 0.274274], [400, 12, 0.274274], [400, 16, 0.29702500000000004], [400, 16, 0.29702500000000004], [500, 16, 0.29546], [500, 20, 0.311078], [500, 20, 0.311078]], "pwcutoff": 85, "w_conv_time": [15.479616641998291, 17.958754062652588, 31.107667446136475, 31.109527587890625, 32.93135714530945, 71.31993675231934, 71.32193183898926, 149.96330666542053, 149.96513485908508, 169.87953424453735, 311.76720929145813, 311.7686131000519], "w_ngw": 8, "w_z_factor": [{"@module": "numpy", "@class": "array", "dtype": "float64", "data": [[70.0, 0.75, -0.175494], [71.0, 0.75, -0.174084]]}, {"@module": "numpy", "@class": "array", "dtype": "float64", "data": [[70.0, 0.75, -0.16581], [71.0, 0.75, -0.164556]]}, {"@module": "numpy", "@class": "array", "dtype": "float64", "data": [[70.0, 0.74, -0.168491], [71.0, 0.74, -0.167773]]}, {"@module": "numpy", "@class": "array", "dtype": "float64", "data": [[70.0, 0.74, -0.165247], [71.0, 0.74, -0.164924]]}, {"@module": "numpy", "@class": "array", "dtype": "float64", "data": [[70.0, 0.74, -0.165867], [71.0, 0.74, -0.166085]]}, {"@module": "numpy", "@class": "array", "dtype": "float64", "data": [[70.0, 0.74, -0.166309], [71.0, 0.74, -0.16709]]}, {"@module": "numpy", "@class": "array", "dtype": "float64", "data": [[70.0, 0.74, -0.163115], [71.0, 0.74, -0.163466]]}, {"@module": "numpy", "@class": "array", "dtype": "float64", "data": [[70.0, 0.74, -0.163246], [71.0, 0.74, -0.164168]]}], "gw_kppa": 320, "gw_kpt_grid": {"@module": "numpy", "@class": "array", "dtype": "int64", "data": [2, 2, 4]}, "conv_list": [[{"kppa": 0}, {"kpt_grid": "1x1x1"}, {"num_kpts": 1}, {"X_bnds": 500.0}, {"G_bnds": 500.0}, {"X_cutoff": 20.0}, {"gamma_gap": 0.311078}, {"num_gw_calc": 8}, {"wall_time": 1392}, {"num_cores": 8}, {"z-factor": "None"}], [{"kppa": 0}, {"kpt_grid": "1x1x1"}, {"num_kpts": 1}, {"X_bnds": 200}, {"G_bnds": 200}, {"X_cutoff": 4}, {"gamma_gap": 8}, {"num_gw_calc": 1}, {"wall_time": 16}, {"num_cores": 8}, {"z-factor": "None"}], [{"kppa": 10}, {"kpt_grid": "2x2x2"}, {"num_kpts": 1}, {"X_bnds": 200}, {"G_bnds": 200}, {"X_cutoff": 4}, {"gamma_gap": 0.20421}, {"num_gw_calc": 2}, {"wall_time": 136}, {"num_cores": 8}, {"z-factor": {"@module": "numpy", "@class": "array", "dtype": "float64", "data": [[70.0, 0.75, -0.175915], [71.0, 0.76, -0.174187]]}}], [{"kppa": 320}, {"kpt_grid": "2x2x4"}, {"num_kpts": 1}, {"X_bnds": 200}, {"G_bnds": 200}, {"X_cutoff": 4}, {"gamma_gap": 0.210837}, {"num_gw_calc": 3}, {"wall_time": 296}, {"num_cores": 8}, {"z-factor": {"@module": "numpy", "@class": "array", "dtype": "float64", "data": [[70.0, 0.75, -0.175376], [71.0, 0.76, -0.172861]]}}]], "conv_time": 1821.8524618148804}, "gw_band_range_pbe": [1, 77], "gw_conv_lda": {"gw_conv_thr": 0.025, "gw_bnd_start": 200, "gw_bnd_step": 100, "gw_cut_start": 4, "gw_cut_step": 4, "kpt_bnd_idx": {"@module": "numpy", "@class": "array", "dtype": "int64", "data": [1, 1, 100, 101]}, "gw_bands": 200, "gw_cutoff": 4, "w_conv_grid": [[200, 4, 0.411662], [300, 4, 0.352415], [400, 4, 0.332068], [400, 8, 0.252155], [400, 8, 0.252155], [400, 12, 0.26536499999999996], [400, 12, 0.26536499999999996], [500, 12, 0.24953399999999998], [500, 16, 0.261971], [500, 16, 0.261971]], "pwcutoff": 93, "w_conv_time": [15.125395059585571, 17.483863830566406, 19.824153184890747, 34.4713397026062, 34.47241234779358, 75.25418901443481, 75.28171849250793, 82.64799308776855, 193.1569218635559, 193.15885376930237], "w_ngw": 7, "w_z_factor": [{"@module": "numpy", "@class": "array", "dtype": "float64", "data": [[100.0, 0.74, -0.185384], [101.0, 0.76, -0.170725]]}, {"@module": "numpy", "@class": "array", "dtype": "float64", "data": [[100.0, 0.75, -0.172285], [101.0, 0.77, -0.160045]]}, {"@module": "numpy", "@class": "array", "dtype": "float64", "data": [[100.0, 0.75, -0.167637], [101.0, 0.77, -0.156548]]}, {"@module": "numpy", "@class": "array", "dtype": "float64", "data": [[100.0, 0.74, -0.170167], [101.0, 0.76, -0.158528]]}, {"@module": "numpy", "@class": "array", "dtype": "float64", "data": [[100.0, 0.74, -0.170814], [101.0, 0.76, -0.159083]]}, {"@module": "numpy", "@class": "array", "dtype": "float64", "data": [[100.0, 0.74, -0.168253], [101.0, 0.76, -0.156698]]}, {"@module": "numpy", "@class": "array", "dtype": "float64", "data": [[100.0, 0.74, -0.168432], [101.0, 0.76, -0.156867]]}], "gw_kppa": 330, "gw_kpt_grid": {"@module": "numpy", "@class": "array", "dtype": "int64", "data": [4, 4, 4]}, "conv_list": [[{"kppa": 0}, {"kpt_grid": "1x1x1"}, {"num_kpts": 1}, {"X_bnds": 500.0}, {"G_bnds": 500.0}, {"X_cutoff": 16.0}, {"gamma_gap": 0.261971}, {"num_gw_calc": 7}, {"wall_time": 3622}, {"num_cores": 8}, {"z-factor": "None"}], [{"kppa": 0}, {"kpt_grid": "1x1x1"}, {"num_kpts": 1}, {"X_bnds": 200}, {"G_bnds": 200}, {"X_cutoff": 4}, {"gamma_gap": 4}, {"num_gw_calc": 1}, {"wall_time": 16}, {"num_cores": 8}, {"z-factor": "None"}], [{"kppa": 10}, {"kpt_grid": "2x2x2"}, {"num_kpts": 1}, {"X_bnds": 200}, {"G_bnds": 200}, {"X_cutoff": 4}, {"gamma_gap": 0.5017050000000001}, {"num_gw_calc": 2}, {"wall_time": 132}, {"num_cores": 8}, {"z-factor": {"@module": "numpy", "@class": "array", "dtype": "float64", "data": [[100.0, 0.75, -0.182029], [101.0, 0.77, -0.169208]]}}], [{"kppa": 320}, {"kpt_grid": "2x2x4"}, {"num_kpts": 1}, {"X_bnds": 200}, {"G_bnds": 200}, {"X_cutoff": 4}, {"gamma_gap": 0.5355909999999999}, {"num_gw_calc": 3}, {"wall_time": 299}, {"num_cores": 8}, {"z-factor": {"@module": "numpy", "@class": "array", "dtype": "float64", "data": [[100.0, 0.75, -0.18086], [101.0, 0.77, -0.168733]]}}], [{"kppa": 330}, {"kpt_grid": "4x4x4"}, {"num_kpts": 1}, {"X_bnds": 200}, {"G_bnds": 200}, {"X_cutoff": 4}, {"gamma_gap": 0.555565}, {"num_gw_calc": 4}, {"wall_time": 869}, {"num_cores": 32}, {"z-factor": {"@module": "numpy", "@class": "array",