{"@module": "pymatgen.entries.computed_entries", "@class": "ComputedEntry", "energy": 0.0, "composition": {"Ta": 4.0, "N": 4.0, "O": 4.0}, "entry_id": "192423", "correction": 0.0, "energy_adjustments": [], "parameters": {"id": "192423", "name": "TaNO", "ibrav": 0, "vol": 862.458224766394, "lda_pw_cutoff_Ry": 72, "qe_conv_pbe": {"qe_conv_maxiter": 20, "qe_delta_kppa": 1500, "qe_delta_cutoff": 5, "qe_conv_thresh": 0.00044099190468536564, "qe_conv_steps": [[60, 1500, -1097.530631779241], [65, 1500, -1097.558570511354], [70, 1500, -1097.571224688081], [75, 1500, -1097.576660074871], [80, 1500, -1097.578452674771], [85, 1500, -1097.578834872513], [85, 3000, -1097.578860630653]], "qe_conv_time": 492.65671253204346}, "num_elec_pbe": 152.0, "max_mem": 34175.0, "qe_conv_lda": {"qe_conv_maxiter": 20, "qe_delta_kppa": 1500, "qe_delta_cutoff": 5, "qe_conv_thresh": 0.00044099190468536564, "qe_conv_steps": [[72, 1500, -368.7128077668159], [77, 1500, -368.714424893228], [82, 1500, -368.7148374651839], [82, 3000, -368.714865457213]], "qe_conv_time": 166.24828577041626}, "num_elec_lda": 96.00000000000001, "bg_conv_pbe": {"bg_conv_maxiter": 20, "bg_delta_kppa": 1500, "bg_delta_cutoff": 5, "bg_conv_thresh": 0.025, "bg_conv_steps": [[85, 3000, 1.6919985235329928], [85, 4500, 1.6920178094322038]], "bg_conv_time": 280.6840271949768}, "indirect_gap_pbe": 1.6919985239628912, "bg_conv_lda": {"bg_conv_maxiter": 20, "bg_delta_kppa": 1500, "bg_delta_cutoff": 5, "bg_conv_thresh": 0.025, "bg_conv_steps": [[82, 3000, 1.6059993640569405], [82, 4500, 1.6060166158864821]], "bg_conv_time": 138.58286666870117}, "indirect_gap_lda": 1.606000014378296, "gw_conv_pbe": {"gw_conv_thr": 0.025, "gw_bnd_start": 200, "gw_bnd_step": 100, "gw_cut_start": 4, "gw_cut_step": 4, "kpt_bnd_idx": {"@module": "numpy", "@class": "array", "dtype": "int64", "data": [1, 1, 76, 77]}, "gw_bands": 200, "gw_cutoff": 4, "w_conv_grid": [[200, 4, 1.178584], [300, 4, 1.1619890000000002], [300, 8, 1.574899], [300, 8, 1.574899], [300, 12, 1.6995230000000001], [300, 12, 1.6995230000000001], [300, 16, 1.738428], [300, 16, 1.738428], [300, 20, 1.760842], [300, 20, 1.760842], [400, 20, 1.77928], [400, 24, 1.79676], [400, 24, 1.79676], [500, 24, 1.8122980000000002], [500, 28, 1.820206], [500, 28, 1.820206]], "pwcutoff": 85, "w_conv_time": [13.282960891723633, 14.19000506401062, 16.010966777801514, 16.012458086013794, 22.41393256187439, 22.41529130935669, 33.827327728271484, 33.829102754592896, 55.67269444465637, 55.674150228500366, 63.33839225769043, 106.29399347305298, 106.29610204696655, 121.40371990203857, 185.00205612182617, 185.00487422943115], "w_ngw": 10, "w_z_factor": [{"@module": "numpy", "@class": "array", "dtype": "float64", "data": [[76.0, 0.8, -0.109793], [77.0, 0.82, -0.951036]]}, {"@module": "numpy", "@class": "array", "dtype": "float64", "data": [[76.0, 0.8, -0.113827], [77.0, 0.82, -0.890445]]}, {"@module": "numpy", "@class": "array", "dtype": "float64", "data": [[76.0, 0.79, -0.114667], [77.0, 0.81, -0.947502]]}, {"@module": "numpy", "@class": "array", "dtype": "float64", "data": [[76.0, 0.78, -0.11141], [77.0, 0.81, -0.941647]]}, {"@module": "numpy", "@class": "array", "dtype": "float64", "data": [[76.0, 0.78, -0.113421], [77.0, 0.81, -0.951234]]}, {"@module": "numpy", "@class": "array", "dtype": "float64", "data": [[76.0, 0.78, -0.115064], [77.0, 0.81, -0.97855]]}, {"@module": "numpy", "@class": "array", "dtype": "float64", "data": [[76.0, 0.78, -0.114093], [77.0, 0.81, -0.941878]]}, {"@module": "numpy", "@class": "array", "dtype": "float64", "data": [[76.0, 0.78, -0.113588], [77.0, 0.81, -0.936774]]}, {"@module": "numpy", "@class": "array", "dtype": "float64", "data": [[76.0, 0.78, -0.108609], [77.0, 0.81, -0.940557]]}, {"@module": "numpy", "@class": "array", "dtype": "float64", "data": [[76.0, 0.78, -0.168012], [77.0, 0.81, -0.104539]]}], "gw_kppa": 310, "gw_kpt_grid": {"@module": "numpy", "@class": "array", "dtype": "int64", "data": [4, 2, 2]}, "conv_list": [[{"kppa": 0}, {"kpt_grid": "1x1x1"}, {"num_kpts": 1}, {"X_bnds": 500.0}, {"G_bnds": 500.0}, {"X_cutoff": 28.0}, {"gamma_gap": 1.820206}, {"num_gw_calc": 10}, {"wall_time": 1141}, {"num_cores": 8}, {"z-factor": "None"}], [{"kppa": 0}, {"kpt_grid": "1x1x1"}, {"num_kpts": 1}, {"X_bnds": 200}, {"G_bnds": 200}, {"X_cutoff": 4}, {"gamma_gap": 8}, {"num_gw_calc": 1}, {"wall_time": 14}, {"num_cores": 8}, {"z-factor": "None"}], [{"kppa": 10}, {"kpt_grid": "2x2x2"}, {"num_kpts": 1}, {"X_bnds": 200}, {"G_bnds": 200}, {"X_cutoff": 4}, {"gamma_gap": 1.301555}, {"num_gw_calc": 2}, {"wall_time": 79}, {"num_cores": 8}, {"z-factor": {"@module": "numpy", "@class": "array", "dtype": "float64", "data": [[76.0, 0.8, -0.105927], [77.0, 0.83, -0.878547]]}}], [{"kppa": 310}, {"kpt_grid": "4x2x2"}, {"num_kpts": 1}, {"X_bnds": 200}, {"G_bnds": 200}, {"X_cutoff": 4}, {"gamma_gap": 1.311636}, {"num_gw_calc": 3}, {"wall_time": 159}, {"num_cores": 8}, {"z-factor": {"@module": "numpy", "@class": "array", "dtype": "float64", "data": [[76.0, 0.8, -0.112034], [77.0, 0.83, -0.869452]]}}]], "conv_time": 1376.7879495620728}, "gw_band_range_pbe": [1, 85], "gw_conv_lda": {"gw_conv_thr": 0.025, "gw_bnd_start": 200, "gw_bnd_step": 100, "gw_cut_start": 4, "gw_cut_step": 4, "kpt_bnd_idx": {"@module": "numpy", "@class": "array", "dtype": "int64", "data": [1, 1, 48, 49]}, "gw_bands": 200, "gw_cutoff": 4, "w_conv_grid": [[200, 4, 2.671455], [300, 4, 2.639836], [400, 4, 2.628819], [400, 8, 2.728435], [400, 8, 2.728435], [400, 12, 2.80547], [400, 12, 2.80547], [400, 16, 2.832695], [400, 16, 2.832695], [400, 20, 2.846278], [400, 20, 2.846278], [500, 20, 2.845318], [500, 24, 2.856021], [500, 24, 2.856021]], "pwcutoff": 82, "w_conv_time": [12.736359357833862, 13.141582489013672, 13.694083452224731, 15.911675453186035, 15.913106441497803, 22.527677059173584, 22.529258489608765, 34.33790373802185, 34.339598178863525, 54.80050754547119, 54.80295443534851, 60.010056018829346, 100.14920854568481, 100.15076398849487], "w_ngw": 9, "w_z_factor": [{"@module": "numpy", "@class": "array", "dtype": "float64", "data": [[48.0, 0.79, -0.113394], [49.0, 0.82, -0.106487]]}, {"@module": "numpy", "@class": "array", "dtype": "float64", "data": [[48.0, 0.79, -0.11172], [49.0, 0.82, -0.103109]]}, {"@module": "numpy", "@class": "array", "dtype": "float64", "data": [[48.0, 0.79, -0.115639], [49.0, 0.82, -0.103564]]}, {"@module": "numpy", "@class": "array", "dtype": "float64", "data": [[48.0, 0.78, -0.113632], [49.0, 0.81, -0.102384]]}, {"@module": "numpy", "@class": "array", "dtype": "float64", "data": [[48.0, 0.78, -0.114318], [49.0, 0.81, -0.10256]]}, {"@module": "numpy", "@class": "array", "dtype": "float64", "data": [[48.0, 0.78, -0.114461], [49.0, 0.81, -0.102788]]}, {"@module": "numpy", "@class": "array", "dtype": "float64", "data": [[48.0, 0.78, -0.115909], [49.0, 0.81, -0.102848]]}, {"@module": "numpy", "@class": "array", "dtype": "float64", "data": [[48.0, 0.78, -0.112722], [49.0, 0.81, -0.102301]]}, {"@module": "numpy", "@class": "array", "dtype": "float64", "data": [[48.0, 0.78, -0.114381], [49.0, 0.81, -0.102279]]}], "gw_kppa": 310, "gw_kpt_grid": {"@module": "numpy", "@class": "array", "dtype": "int64", "data": [4, 2, 2]}, "conv_list": [[{"kppa": 0}, {"kpt_grid": "1x1x1"}, {"num_kpts": 1}, {"X_bnds": 500.0}, {"G_bnds": 500.0}, {"X_cutoff": 24.0}, {"gamma_gap": 2.856021}, {"num_gw_calc": 9}, {"wall_time": 592}, {"num_cores": 8}, {"z-factor": "None"}], [{"kppa": 0}, {"kpt_grid": "1x1x1"}, {"num_kpts": 1}, {"X_bnds": 200}, {"G_bnds": 200}, {"X_cutoff": 4}, {"gamma_gap": 4}, {"num_gw_calc": 1}, {"wall_time": 13}, {"num_cores": 8}, {"z-factor": "None"}], [{"kppa": 10}, {"kpt_grid": "2x2x2"}, {"num_kpts": 1}, {"X_bnds": 200}, {"G_bnds": 200}, {"X_cutoff": 4}, {"gamma_gap": 2.835198}, {"num_gw_calc": 2}, {"wall_time": 62}, {"num_cores": 8}, {"z-factor": {"@module": "numpy", "@class": "array", "dtype": "float64",