{"@module": "pymatgen.entries.computed_entries", "@class": "ComputedEntry", "energy": 0.0, "composition": {"Bi": 2.0, "Te": 3.0}, "entry_id": "193330", "correction": 0.0, "energy_adjustments": [], "parameters": {"id": "193330", "name": "Bi2Te3", "ibrav": {"celldm(1)": 19.696954109863256, "ibrav": 5, "celldm(4)": 0.9120711872047091}, "vol": 1129.2022172788702, "lda_pw_cutoff_Ry": 68, "qe_conv_pbe": {"qe_conv_maxiter": 20, "qe_delta_kppa": 1500, "qe_delta_cutoff": 5, "qe_conv_thresh": 0.00018374662695223566, "qe_conv_steps": [[60, 1500, -398.1192367229497], [65, 1500, -398.1192463500452], [65, 3000, -398.1192702585989]], "qe_conv_time": 171.98776006698608}, "num_elec_pbe": 78.00000000000001, "max_mem": 217843.0, "qe_conv_lda": {"qe_conv_maxiter": 20, "qe_delta_kppa": 1500, "qe_delta_cutoff": 5, "qe_conv_thresh": 0.00018374662695223566, "qe_conv_steps": [[68, 1500, -477.7331366233962], [73, 1500, -477.733673405072], [78, 1500, -477.7336981677945], [78, 3000, -477.733716892253]], "qe_conv_time": 226.84721279144287}, "num_elec_lda": 78.00000000000001, "bg_conv_pbe": {"bg_conv_maxiter": 20, "bg_delta_kppa": 1500, "bg_delta_cutoff": 5, "bg_conv_thresh": 0.025, "bg_conv_steps": [[65, 3000, 0.259646915402801], [65, 4500, 0.2587176513018066]], "bg_conv_time": 197.97489476203918}, "indirect_gap_pbe": 0.2596546065936774, "bg_conv_lda": {"bg_conv_maxiter": 20, "bg_delta_kppa": 1500, "bg_delta_cutoff": 5, "bg_conv_thresh": 0.025, "bg_conv_steps": [[78, 3000, 0.18651733906326787], [78, 4500, 0.1852950548380644]], "bg_conv_time": 208.38505268096924}, "indirect_gap_lda": 0.1865381525147794, "gw_conv_pbe": {"gw_conv_thr": 0.025, "gw_bnd_start": 200, "gw_bnd_step": 100, "gw_cut_start": 4, "gw_cut_step": 4, "kpt_bnd_idx": {"@module": "numpy", "@class": "array", "dtype": "int64", "data": [1, 1, 39, 40]}, "gw_bands": 200, "gw_cutoff": 4, "w_conv_grid": [[200, 4, 0.31410099999999996], [300, 4, 0.2882720000000001], [400, 4, 0.269981], [400, 8, 0.36958099999999994], [400, 8, 0.36958099999999994], [400, 12, 0.3960560000000001], [400, 12, 0.3960560000000001], [400, 16, 0.40642], [400, 16, 0.40642], [500, 16, 0.40056199999999986], [500, 20, 0.40395799999999993], [500, 20, 0.40395799999999993]], "pwcutoff": 65, "w_conv_time": [17.55669593811035, 18.813607454299927, 22.662919282913208, 24.044649600982666, 24.0462064743042, 28.54425311088562, 28.546934366226196, 41.04005169868469, 41.0415563583374, 44.96006917953491, 64.49473762512207, 64.49664449691772], "w_ngw": 8, "w_z_factor": [{"@module": "numpy", "@class": "array", "dtype": "float64", "data": [[39.0, 0.8, -0.116815], [40.0, 0.81, -0.119046]]}, {"@module": "numpy", "@class": "array", "dtype": "float64", "data": [[39.0, 0.8, -0.131316], [40.0, 0.81, -0.936574]]}, {"@module": "numpy", "@class": "array", "dtype": "float64", "data": [[39.0, 0.8, -0.124138], [40.0, 0.81, -0.107773]]}, {"@module": "numpy", "@class": "array", "dtype": "float64", "data": [[39.0, 0.8, -0.115196], [40.0, 0.81, -0.108443]]}, {"@module": "numpy", "@class": "array", "dtype": "float64", "data": [[39.0, 0.8, -0.113994], [40.0, 0.81, -0.107898]]}, {"@module": "numpy", "@class": "array", "dtype": "float64", "data": [[39.0, 0.8, -0.114062], [40.0, 0.81, -0.109483]]}, {"@module": "numpy", "@class": "array", "dtype": "float64", "data": [[39.0, 0.8, -0.117388], [40.0, 0.81, -0.11038]]}, {"@module": "numpy", "@class": "array", "dtype": "float64", "data": [[39.0, 0.8, -0.117717], [40.0, 0.81, -0.110167]]}], "gw_kppa": 140, "gw_kpt_grid": {"@module": "numpy", "@class": "array", "dtype": "int64", "data": [4, 4, 4]}, "conv_list": [[{"kppa": 0}, {"kpt_grid": "1x1x1"}, {"num_kpts": 1}, {"X_bnds": 500.0}, {"G_bnds": 500.0}, {"X_cutoff": 20.0}, {"gamma_gap": 0.40395799999999993}, {"num_gw_calc": 8}, {"wall_time": 657}, {"num_cores": 8}, {"z-factor": "None"}], [{"kppa": 0}, {"kpt_grid": "1x1x1"}, {"num_kpts": 1}, {"X_bnds": 200}, {"G_bnds": 200}, {"X_cutoff": 4}, {"gamma_gap": 4}, {"num_gw_calc": 1}, {"wall_time": 18}, {"num_cores": 8}, {"z-factor": "None"}], [{"kppa": 10}, {"kpt_grid": "2x2x2"}, {"num_kpts": 1}, {"X_bnds": 200}, {"G_bnds": 200}, {"X_cutoff": 4}, {"gamma_gap": 0.533923}, {"num_gw_calc": 2}, {"wall_time": 88}, {"num_cores": 8}, {"z-factor": {"@module": "numpy", "@class": "array", "dtype": "float64", "data": [[39.0, 0.8, -0.138932], [40.0, 0.8, -0.138555]]}}], [{"kppa": 140}, {"kpt_grid": "4x4x4"}, {"num_kpts": 1}, {"X_bnds": 200}, {"G_bnds": 200}, {"X_cutoff": 4}, {"gamma_gap": 0.5406219999999999}, {"num_gw_calc": 3}, {"wall_time": 1687}, {"num_cores": 8}, {"z-factor": {"@module": "numpy", "@class": "array", "dtype": "float64", "data": [[39.0, 0.8, -0.142998], [40.0, 0.8, -0.139287]]}}]], "conv_time": 2430.498851299286}, "gw_band_range_pbe": [1, 46], "gw_conv_lda": {"gw_conv_thr": 0.025, "gw_bnd_start": 200, "gw_bnd_step": 100, "gw_cut_start": 4, "gw_cut_step": 4, "kpt_bnd_idx": {"@module": "numpy", "@class": "array", "dtype": "int64", "data": [1, 1, 39, 40]}, "gw_bands": 200, "gw_cutoff": 4, "w_conv_grid": [[200, 4, 0.30655400000000005], [300, 4, 0.30235599999999996], [300, 8, 0.38232199999999994], [300, 8, 0.38232199999999994], [300, 12, 0.39950700000000006], [300, 12, 0.39950700000000006], [400, 12, 0.403515], [400, 16, 0.410593], [400, 16, 0.410593]], "pwcutoff": 78, "w_conv_time": [15.390597581863403, 16.63280701637268, 19.615903854370117, 19.61740732192993, 23.640647411346436, 23.644663095474243, 26.68711018562317, 38.10259437561035, 38.10430574417114], "w_ngw": 6, "w_z_factor": [{"@module": "numpy", "@class": "array", "dtype": "float64", "data": [[39.0, 0.8, -0.130874], [40.0, 0.81, -0.114692]]}, {"@module": "numpy", "@class": "array", "dtype": "float64", "data": [[39.0, 0.8, -0.121644], [40.0, 0.81, -0.115667]]}, {"@module": "numpy", "@class": "array", "dtype": "float64", "data": [[39.0, 0.8, -0.115962], [40.0, 0.81, -0.109402]]}, {"@module": "numpy", "@class": "array", "dtype": "float64", "data": [[39.0, 0.8, -0.115224], [40.0, 0.81, -0.110509]]}, {"@module": "numpy", "@class": "array", "dtype": "float64", "data": [[39.0, 0.8, -0.117725], [40.0, 0.81, -0.114631]]}, {"@module": "numpy", "@class": "array", "dtype": "float64", "data": [[39.0, 0.8, -0.117531], [40.0, 0.81, -0.115049]]}], "gw_kppa": 140, "gw_kpt_grid": {"@module": "numpy", "@class": "array", "dtype": "int64", "data": [4, 4, 4]}, "conv_list": [[{"kppa": 0}, {"kpt_grid": "1x1x1"}, {"num_kpts": 1}, {"X_bnds": 400.0}, {"G_bnds": 400.0}, {"X_cutoff": 16.0}, {"gamma_gap": 0.410593}, {"num_gw_calc": 6}, {"wall_time": 601}, {"num_cores": 8}, {"z-factor": "None"}], [{"kppa": 0}, {"kpt_grid": "1x1x1"}, {"num_kpts": 1}, {"X_bnds": 200}, {"G_bnds": 200}, {"X_cutoff": 4}, {"gamma_gap": 8}, {"num_gw_calc": 1}, {"wall_time": 16}, {"num_cores": 8}, {"z-factor": "None"}], [{"kppa": 10}, {"kpt_grid": "2x2x2"}, {"num_kpts": 1}, {"X_bnds": 200}, {"G_bnds": 200}, {"X_cutoff": 4}, {"gamma_gap": 0.445431}, {"num_gw_calc": 2}, {"wall_time": 118}, {"num_cores": 8}, {"z-factor": {"@module": "numpy", "@class": "array", "dtype": "float64", "data": [[39.0, 0.79, -0.145596], [40.0, 0.8, -0.142106]]}}], [{"kppa": 140}, {"kpt_grid": "4x4x4"}, {"num_kpts": 1}, {"X_bnds": 200}, {"G_bnds": 200}, {"X_cutoff": 4}, {"gamma_gap": 0.43775}, {"num_gw_calc": 3}, {"wall_time": 2074}, {"num_cores": 8}, {"z-factor": {"@module": "numpy", "@class": "array", "dtype": "float64", "data": [[39.0, 0.79, -0.150134], [40.0, 0.8, -0.144227]]}}]], "conv_time": 2791.8749969005585}, "gw_band_range_lda": [1, 46], "g0w0_ppa_pbe": {"gw_direct_gap": 0.635614, "kppa": 630, "kpt_grid": "6x6x6", "num_kpt": 32, "bands_in X": 600, "bands_in_G": 600, "cutoff": 24, "z_factor": [[39.0, 0.79, -0.00142389], [40.0, 0.8, -0.00133108]], "scissor": 0.3734200000000001, "ncpu": 16, "calc_time": 423111.69557595253}, "g0w0_ppa_lda": {"gw_direct_gap": 0.539385, "kppa": 630, "kpt_grid": "6x6x6", "num_kpt": 32, "bands_in X": 500, "bands_in_G": 500, "cutoff": 20, "z_factor": [[39.0, 0.79, -0.00147361], [40.0, 0.8, -0.00138045]], "scissor": 0.349769, "ncpu": 16,