{"@module": "pymatgen.entries.computed_entries", "@class": "ComputedEntry", "energy": 0.0, "composition": {"Sb": 2.0, "Te": 3.0}, "entry_id": "193341", "correction": 0.0, "energy_adjustments": [], "parameters": {"id": "193341", "name": "Sb2Te3", "ibrav": {"celldm(1)": 19.62303887293365, "ibrav": 5, "celldm(4)": 0.9160592006086355}, "vol": 1067.4009776251376, "lda_pw_cutoff_Ry": 72, "qe_conv_pbe": {"qe_conv_maxiter": 20, "qe_delta_kppa": 1500, "qe_delta_cutoff": 5, "qe_conv_thresh": 0.00018374662695223566, "qe_conv_steps": [[60, 1500, -403.2596343246431], [65, 1500, -403.2596712861645], [65, 3000, -403.2593751952933], [65, 4500, -403.2594194174869]], "qe_conv_time": 313.7847170829773}, "num_elec_pbe": 78.00000000000001, "max_mem": 1006567.0, "qe_conv_lda": {"qe_conv_maxiter": 20, "qe_delta_kppa": 1500, "qe_delta_cutoff": 5, "qe_conv_thresh": 0.00018374662695223566, "qe_conv_steps": [[72, 1500, -495.3523372697973], [77, 1500, -495.3534642945545], [82, 1500, -495.353686559738], [87, 1500, -495.3537394557747], [87, 3000, -495.3534354915258], [87, 4500, -495.3534762109474]], "qe_conv_time": 465.5198311805725}, "num_elec_lda": 78.00000000000001, "bg_conv_pbe": {"bg_conv_maxiter": 20, "bg_delta_kppa": 1500, "bg_delta_cutoff": 5, "bg_conv_thresh": 0.025, "bg_conv_steps": [[65, 4500, 0.021271874866503077], [65, 7500, 0.022170276816174686]], "bg_conv_time": 308.17762303352356}, "indirect_gap_pbe": 0.019561085683493167, "bg_conv_lda": {"bg_conv_maxiter": 20, "bg_delta_kppa": 1500, "bg_delta_cutoff": 5, "bg_conv_thresh": 0.025, "bg_conv_steps": [[87, 4500, 0.07798858402941004], [87, 7500, 0.07922986935153364]], "bg_conv_time": 346.84913659095764}, "indirect_gap_lda": 0.07594273931309188, "gw_conv_pbe": {"gw_conv_thr": 0.025, "gw_bnd_start": 200, "gw_bnd_step": 100, "gw_cut_start": 4, "gw_cut_step": 4, "kpt_bnd_idx": {"@module": "numpy", "@class": "array", "dtype": "int64", "data": [1, 1, 39, 40]}, "gw_bands": 200, "gw_cutoff": 4, "w_conv_grid": [[200, 4, 0.1680919999999999], [300, 4, 0.16055399999999997], [300, 8, 0.127247], [300, 8, 0.127247], [300, 12, 0.11577099999999996], [300, 12, 0.11577099999999996], [400, 12, 0.1098849999999999], [400, 16, 0.10578799999999988], [400, 16, 0.10578799999999988]], "pwcutoff": 65, "w_conv_time": [16.56419801712036, 18.288503170013428, 19.421928882598877, 19.423751831054688, 22.688340663909912, 22.69145655632019, 27.403345346450806, 35.07284927368164, 35.07900953292847], "w_ngw": 6, "w_z_factor": [{"@module": "numpy", "@class": "array", "dtype": "float64", "data": [[39.0, 0.79, -0.00144153], [40.0, 0.79, -0.00142621]]}, {"@module": "numpy", "@class": "array", "dtype": "float64", "data": [[39.0, 0.79, -0.00135722], [40.0, 0.79, -0.00138103]]}, {"@module": "numpy", "@class": "array", "dtype": "float64", "data": [[39.0, 0.79, -0.00143786], [40.0, 0.79, -0.00139919]]}, {"@module": "numpy", "@class": "array", "dtype": "float64", "data": [[39.0, 0.79, -0.00131183], [40.0, 0.79, -0.00151138]]}, {"@module": "numpy", "@class": "array", "dtype": "float64", "data": [[39.0, 0.79, -0.0013498], [40.0, 0.79, -0.00160588]]}, {"@module": "numpy", "@class": "array", "dtype": "float64", "data": [[39.0, 0.79, -0.00133664], [40.0, 0.79, -0.00145904]]}], "gw_kppa": 630, "gw_kpt_grid": {"@module": "numpy", "@class": "array", "dtype": "int64", "data": [6, 6, 6]}, "conv_list": [[{"kppa": 0}, {"kpt_grid": "1x1x1"}, {"num_kpts": 1}, {"X_bnds": 400.0}, {"G_bnds": 400.0}, {"X_cutoff": 16.0}, {"gamma_gap": 0.10578799999999988}, {"num_gw_calc": 6}, {"wall_time": 519}, {"num_cores": 8}, {"z-factor": "None"}], [{"kppa": 0}, {"kpt_grid": "1x1x1"}, {"num_kpts": 1}, {"X_bnds": 200}, {"G_bnds": 200}, {"X_cutoff": 4}, {"gamma_gap": 8}, {"num_gw_calc": 1}, {"wall_time": 17}, {"num_cores": 8}, {"z-factor": "None"}], [{"kppa": 10}, {"kpt_grid": "2x2x2"}, {"num_kpts": 1}, {"X_bnds": 200}, {"G_bnds": 200}, {"X_cutoff": 4}, {"gamma_gap": -0.05582699999999996}, {"num_gw_calc": 2}, {"wall_time": 88}, {"num_cores": 8}, {"z-factor": {"@module": "numpy", "@class": "array", "dtype": "float64", "data": [[39.0, 0.79, -0.00146963], [40.0, 0.79, -0.00145291]]}}], [{"kppa": 140}, {"kpt_grid": "4x4x4"}, {"num_kpts": 1}, {"X_bnds": 200}, {"G_bnds": 200}, {"X_cutoff": 4}, {"gamma_gap": -0.10029900000000014}, {"num_gw_calc": 3}, {"wall_time": 2068}, {"num_cores": 8}, {"z-factor": {"@module": "numpy", "@class": "array", "dtype": "float64", "data": [[39.0, 0.8, -0.00143379], [40.0, 0.79, -0.00146828]]}}], [{"kppa": 630}, {"kpt_grid": "6x6x6"}, {"num_kpts": 1}, {"X_bnds": 200}, {"G_bnds": 200}, {"X_cutoff": 4}, {"gamma_gap": -0.11092199999999997}, {"num_gw_calc": 4}, {"wall_time": 10308}, {"num_cores": 16}, {"z-factor": {"@module": "numpy", "@class": "array", "dtype": "float64", "data": [[39.0, 0.8, -0.00141731], [40.0, 0.79, -0.00145772]]}}]], "conv_time": 12981.329263448715}, "gw_band_range_pbe": [1, 46], "gw_conv_lda": {"gw_conv_thr": 0.025, "gw_bnd_start": 200, "gw_bnd_step": 100, "gw_cut_start": 4, "gw_cut_step": 4, "kpt_bnd_idx": {"@module": "numpy", "@class": "array", "dtype": "int64", "data": [1, 1, 39, 40]}, "gw_bands": 200, "gw_cutoff": 4, "w_conv_grid": [[200, 4, 0.19734800000000002], [300, 4, 0.19197599999999998], [300, 8, 0.166999], [300, 8, 0.166999], [400, 8, 0.162858], [400, 12, 0.15411999999999998], [400, 12, 0.15411999999999998]], "pwcutoff": 87, "w_conv_time": [15.013187408447266, 17.59943413734436, 19.447324991226196, 19.44931125640869, 22.25345516204834, 27.557180643081665, 27.55877184867859], "w_ngw": 5, "w_z_factor": [{"@module": "numpy", "@class": "array", "dtype": "float64", "data": [[39.0, 0.78, -0.00185392], [40.0, 0.78, -0.00172677]]}, {"@module": "numpy", "@class": "array", "dtype": "float64", "data": [[39.0, 0.78, -0.00164482], [40.0, 0.78, -0.00160409]]}, {"@module": "numpy", "@class": "array", "dtype": "float64", "data": [[39.0, 0.78, -0.00153091], [40.0, 0.77, -0.00178865]]}, {"@module": "numpy", "@class": "array", "dtype": "float64", "data": [[39.0, 0.78, -0.00153148], [40.0, 0.77, -0.00162649]]}, {"@module": "numpy", "@class": "array", "dtype": "float64", "data": [[39.0, 0.78, -0.00161119], [40.0, 0.77, -0.00169072]]}], "gw_kppa": 630, "gw_kpt_grid": {"@module": "numpy", "@class": "array", "dtype": "int64", "data": [6, 6, 6]}, "conv_list": [[{"kppa": 0}, {"kpt_grid": "1x1x1"}, {"num_kpts": 1}, {"X_bnds": 400.0}, {"G_bnds": 400.0}, {"X_cutoff": 12.0}, {"gamma_gap": 0.15411999999999998}, {"num_gw_calc": 5}, {"wall_time": 634}, {"num_cores": 8}, {"z-factor": "None"}], [{"kppa": 0}, {"kpt_grid": "1x1x1"}, {"num_kpts": 1}, {"X_bnds": 200}, {"G_bnds": 200}, {"X_cutoff": 4}, {"gamma_gap": 8}, {"num_gw_calc": 1}, {"wall_time": 16}, {"num_cores": 8}, {"z-factor": "None"}], [{"kppa": 10}, {"kpt_grid": "2x2x2"}, {"num_kpts": 1}, {"X_bnds": 200}, {"G_bnds": 200}, {"X_cutoff": 4}, {"gamma_gap": -0.04937200000000003}, {"num_gw_calc": 2}, {"wall_time": 348}, {"num_cores": 8}, {"z-factor": {"@module": "numpy", "@class": "array", "dtype": "float64", "data": [[39.0, 0.79, -0.00157782], [40.0, 0.78, -0.00156126]]}}], [{"kppa": 140}, {"kpt_grid": "4x4x4"}, {"num_kpts": 1}, {"X_bnds": 200}, {"G_bnds": 200}, {"X_cutoff": 4}, {"gamma_gap": -0.10657400000000003}, {"num_gw_calc": 3}, {"wall_time": 3845}, {"num_cores": 8}, {"z-factor": {"@module": "numpy", "@class": "array", "dtype": "float64", "data": [[39.0, 0.79, -0.00151481], [40.0, 0.79, -0.00155745]]}}], [{"kppa": 630}, {"kpt_grid": "6x6x6"}, {"num_kpts": 1}, {"X_bnds": 200}, {"G_bnds": 200}, {"X_cutoff": 4}, {"gamma_gap": -0.11762699999999995}, {"num_gw_calc": 4}, {"wall_time": 21005}, {"num_cores": 16}, {"z-factor": {"@module": "numpy", "@class": "array", "dtype": "float64", "data": [[39.0, 0.79, -0.00148885], [40.0, 0.79, -0.00153213]]}}]], "conv_time": 25830.258637428284}, "gw_band_range_lda": [1, 46], "g0w0_ppa_pbe": {"gw_direct_gap": -0.19358500000000012, "kppa": 1720, "kpt_grid": "8x8x8", "num_kpt": 65, "bands_in X": 500, "bands_in_G": 500, "cutoff": 20,