{"@module": "pymatgen.entries.computed_entries", "@class": "ComputedEntry", "energy": 0.0, "composition": {"Sr": 2.0, "Ti": 1.0, "O": 4.0}, "entry_id": "194713", "correction": 0.0, "energy_adjustments": [], "parameters": {"id": "194713", "name": "Sr2TiO4", "ibrav": {"celldm(1)": 7.344534002309873, "ibrav": 7, "celldm(3)": 3.241298217446791}, "vol": 642.0690443421445, "lda_pw_cutoff_Ry": 76, "qe_conv_pbe": {"qe_conv_maxiter": 20, "qe_delta_kppa": 1500, "qe_delta_cutoff": 5, "qe_conv_thresh": 0.0002572452777331299, "qe_conv_steps": [[60, 1500, -184.3187587554308], [65, 1500, -184.3408984862532], [70, 1500, -184.3510914842097], [75, 1500, -184.3553898635807], [80, 1500, -184.3569043874845], [85, 1500, -184.357275157391], [90, 1500, -184.3573250006702], [90, 3000, -184.3573399821306]], "qe_conv_time": 170.37021231651306}, "num_elec_pbe": 56.00000000000001, "max_mem": 99464.0, "qe_conv_lda": {"qe_conv_maxiter": 20, "qe_delta_kppa": 1500, "qe_delta_cutoff": 5, "qe_conv_thresh": 0.0002572452777331299, "qe_conv_steps": [[76, 1500, -194.408644019134], [81, 1500, -194.4090594074803], [86, 1500, -194.4091497636975], [86, 3000, -194.4091652365356]], "qe_conv_time": 90.88769221305847}, "num_elec_lda": 56.00000000000001, "bg_conv_pbe": {"bg_conv_maxiter": 20, "bg_delta_kppa": 1500, "bg_delta_cutoff": 5, "bg_conv_thresh": 0.025, "bg_conv_steps": [[90, 3000, 2.1325830805286916], [90, 6000, 2.1324891128512875]], "bg_conv_time": 80.00635743141174}, "indirect_gap_pbe": 2.132582948598533, "bg_conv_lda": {"bg_conv_maxiter": 20, "bg_delta_kppa": 1500, "bg_delta_cutoff": 5, "bg_conv_thresh": 0.025, "bg_conv_steps": [[86, 3000, 2.0226462491965624], [86, 6000, 2.0225600929851693]], "bg_conv_time": 71.67914366722107}, "indirect_gap_lda": 2.0225323113529416, "gw_conv_pbe": {"gw_conv_thr": 0.025, "gw_bnd_start": 200, "gw_bnd_step": 100, "gw_cut_start": 4, "gw_cut_step": 4, "kpt_bnd_idx": {"@module": "numpy", "@class": "array", "dtype": "int64", "data": [1, 1, 28, 29]}, "gw_bands": 200, "gw_cutoff": 4, "w_conv_grid": [[200, 4, 3.880668], [300, 4, 3.868582], [300, 8, 3.936936], [300, 8, 3.936936], [300, 12, 3.9348829999999997], [300, 12, 3.9348829999999997], [400, 12, 3.936171], [400, 16, 3.9813], [400, 16, 3.9813], [400, 20, 3.974267], [400, 20, 3.974267], [500, 20, 3.975059], [500, 24, 3.9692760000000002], [500, 24, 3.9692760000000002]], "pwcutoff": 90, "w_conv_time": [11.971258878707886, 12.758246421813965, 12.889137983322144, 12.890580654144287, 14.900386333465576, 14.901608228683472, 15.15814757347107, 18.980851411819458, 18.982349395751953, 23.278432846069336, 23.27987813949585, 25.786298274993896, 34.16904973983765, 34.16987609863281], "w_ngw": 9, "w_z_factor": [{"@module": "numpy", "@class": "array", "dtype": "float64", "data": [[28.0, 0.78, -0.126016], [29.0, 0.78, -0.149355]]}, {"@module": "numpy", "@class": "array", "dtype": "float64", "data": [[28.0, 0.78, -0.125635], [29.0, 0.78, -0.148858]]}, {"@module": "numpy", "@class": "array", "dtype": "float64", "data": [[28.0, 0.77, -0.130983], [29.0, 0.77, -0.149155]]}, {"@module": "numpy", "@class": "array", "dtype": "float64", "data": [[28.0, 0.77, -0.14053]]}, {"@module": "numpy", "@class": "array", "dtype": "float64", "data": [[28.0, 0.77, -0.127964], [29.0, 0.77, -0.194913]]}, {"@module": "numpy", "@class": "array", "dtype": "float64", "data": [[28.0, 0.77, -0.124914], [29.0, 0.77, -0.150126]]}, {"@module": "numpy", "@class": "array", "dtype": "float64", "data": [[28.0, 0.77, -0.123966], [29.0, 0.77, -0.152246]]}, {"@module": "numpy", "@class": "array", "dtype": "float64", "data": [[28.0, 0.77, -0.122943], [29.0, 0.77, -0.139799]]}, {"@module": "numpy", "@class": "array", "dtype": "float64", "data": [[28.0, 0.77, -0.123662], [29.0, 0.77, -0.154096]]}], "gw_kppa": 190, "gw_kpt_grid": {"@module": "numpy", "@class": "array", "dtype": "int64", "data": [4, 4, 4]}, "conv_list": [[{"kppa": 0}, {"kpt_grid": "1x1x1"}, {"num_kpts": 1}, {"X_bnds": 500.0}, {"G_bnds": 500.0}, {"X_cutoff": 24.0}, {"gamma_gap": 3.9692760000000002}, {"num_gw_calc": 9}, {"wall_time": 320}, {"num_cores": 8}, {"z-factor": "None"}], [{"kppa": 0}, {"kpt_grid": "1x1x1"}, {"num_kpts": 1}, {"X_bnds": 200}, {"G_bnds": 200}, {"X_cutoff": 4}, {"gamma_gap": 8}, {"num_gw_calc": 1}, {"wall_time": 12}, {"num_cores": 8}, {"z-factor": "None"}], [{"kppa": 10}, {"kpt_grid": "2x2x2"}, {"num_kpts": 1}, {"X_bnds": 200}, {"G_bnds": 200}, {"X_cutoff": 4}, {"gamma_gap": 4.211166}, {"num_gw_calc": 2}, {"wall_time": 41}, {"num_cores": 8}, {"z-factor": {"@module": "numpy", "@class": "array", "dtype": "float64", "data": [[28.0, 0.79, -0.12511], [29.0, 0.79, -0.138422]]}}], [{"kppa": 190}, {"kpt_grid": "4x4x4"}, {"num_kpts": 1}, {"X_bnds": 200}, {"G_bnds": 200}, {"X_cutoff": 4}, {"gamma_gap": 4.206225}, {"num_gw_calc": 3}, {"wall_time": 515}, {"num_cores": 8}, {"z-factor": {"@module": "numpy", "@class": "array", "dtype": "float64", "data": [[28.0, 0.79, -0.128904], [29.0, 0.79, -0.132887]]}}]], "conv_time": 874.116224527359}, "gw_band_range_pbe": [1, 35], "gw_conv_lda": {"gw_conv_thr": 0.025, "gw_bnd_start": 200, "gw_bnd_step": 100, "gw_cut_start": 4, "gw_cut_step": 4, "kpt_bnd_idx": {"@module": "numpy", "@class": "array", "dtype": "int64", "data": [1, 1, 28, 29]}, "gw_bands": 200, "gw_cutoff": 4, "w_conv_grid": [[200, 4, 4.0533459999999994], [300, 4, 4.040509999999999], [300, 8, 4.066977], [300, 8, 4.066977], [300, 12, 4.053388], [300, 12, 4.053388]], "pwcutoff": 86, "w_conv_time": [11.502825021743774, 11.94866394996643, 12.181270122528076, 12.1831955909729, 14.370457887649536, 14.371978044509888], "w_ngw": 4, "w_z_factor": [{"@module": "numpy", "@class": "array", "dtype": "float64", "data": [[28.0, 0.78, -0.126375], [29.0, 0.77, -0.150023]]}, {"@module": "numpy", "@class": "array", "dtype": "float64", "data": [[28.0, 0.78, -0.125603], [29.0, 0.77, -0.149115]]}, {"@module": "numpy", "@class": "array", "dtype": "float64", "data": [[28.0, 0.77, -0.135903], [29.0, 0.77, -0.158775]]}, {"@module": "numpy", "@class": "array", "dtype": "float64", "data": [[28.0, 0.77, -0.127542], [29.0, 0.77, -0.154407]]}], "gw_kppa": 190, "gw_kpt_grid": {"@module": "numpy", "@class": "array", "dtype": "int64", "data": [4, 4, 4]}, "conv_list": [[{"kppa": 0}, {"kpt_grid": "1x1x1"}, {"num_kpts": 1}, {"X_bnds": 300.0}, {"G_bnds": 300.0}, {"X_cutoff": 12.0}, {"gamma_gap": 4.053388}, {"num_gw_calc": 4}, {"wall_time": 202}, {"num_cores": 8}, {"z-factor": "None"}], [{"kppa": 0}, {"kpt_grid": "1x1x1"}, {"num_kpts": 1}, {"X_bnds": 200}, {"G_bnds": 200}, {"X_cutoff": 4}, {"gamma_gap": 8}, {"num_gw_calc": 1}, {"wall_time": 12}, {"num_cores": 8}, {"z-factor": "None"}], [{"kppa": 10}, {"kpt_grid": "2x2x2"}, {"num_kpts": 1}, {"X_bnds": 200}, {"G_bnds": 200}, {"X_cutoff": 4}, {"gamma_gap": 4.332534}, {"num_gw_calc": 2}, {"wall_time": 40}, {"num_cores": 8}, {"z-factor": {"@module": "numpy", "@class": "array", "dtype": "float64", "data": [[28.0, 0.79, -0.133461], [29.0, 0.79, -0.147565]]}}], [{"kppa": 190}, {"kpt_grid": "4x4x4"}, {"num_kpts": 1}, {"X_bnds": 200}, {"G_bnds": 200}, {"X_cutoff": 4}, {"gamma_gap": 4.3274729999999995}, {"num_gw_calc": 3}, {"wall_time": 509}, {"num_cores": 8}, {"z-factor": {"@module": "numpy", "@class": "array", "dtype": "float64", "data": [[28.0, 0.79, -0.12913], [29.0, 0.79, -0.130738]]}}]], "conv_time": 749.5750019550323}, "gw_band_range_lda": [1, 35], "g0w0_ppa_pbe": {"gw_direct_gap": 4.110177, "kppa": 880, "kpt_grid": "6x6x6", "num_kpt": 30, "bands_in X": 600, "bands_in_G": 600, "cutoff": 28, "z_factor": [[28.0, 0.77, -0.00130427], [29.0, 0.78, -0.00138244]], "scissor": 1.8020079999999998, "ncpu": 16, "calc_time": 68311.1957719326}, "g0w0_ppa_lda": {"gw_direct_gap": 4.194558, "kppa": 880, "kpt_grid": "6x6x6", "num_kpt": 30, "bands_in X": 400, "bands_in_G": 400, "cutoff": 16, "z_factor": [[28.0, 0.77, -0.00135284], [29.0, 0.78, -0.00137275]], "scissor": 1.997204, "ncpu": 16, "calc_time": 10790.754521369934}}, "data": {}}