{"@module": "pymatgen.entries.computed_entries", "@class": "ComputedEntry", "energy": 0.0, "composition": {"Bi": 2.0, "Cl": 2.0, "O": 2.0}, "entry_id": "195115", "correction": 0.0, "energy_adjustments": [], "parameters": {"id": "195115", "name": "BiClO", "ibrav": {"celldm(1)": 7.342549789869456, "ibrav": 6, "celldm(3)": 1.8913604649067948}, "vol": 748.7123678368514, "lda_pw_cutoff_Ry": 62, "qe_conv_pbe": {"qe_conv_maxiter": 20, "qe_delta_kppa": 1500, "qe_delta_cutoff": 5, "qe_conv_thresh": 0.00022049595234268282, "qe_conv_steps": [[60, 1500, -198.1504977908425], [65, 1500, -198.1615768644649], [70, 1500, -198.166807184532], [75, 1500, -198.1689077166229], [80, 1500, -198.1696725347467], [85, 1500, -198.1699406051585], [90, 1500, -198.1699143634122], [90, 3000, -198.1699146099998]], "qe_conv_time": 177.03781056404114}, "num_elec_pbe": 56.00000000000001, "max_mem": 41582.0, "qe_conv_lda": {"qe_conv_maxiter": 20, "qe_delta_kppa": 1500, "qe_delta_cutoff": 5, "qe_conv_thresh": 0.00022049595234268282, "qe_conv_steps": [[62, 1500, -229.7528696598544], [67, 1500, -229.7571221181719], [72, 1500, -229.7587044564684], [77, 1500, -229.7592473732009], [82, 1500, -229.7593961664636], [82, 3000, -229.7593964546305]], "qe_conv_time": 124.72790765762329}, "num_elec_lda": 56.00000000000001, "bg_conv_pbe": {"bg_conv_maxiter": 20, "bg_delta_kppa": 1500, "bg_delta_cutoff": 5, "bg_conv_thresh": 0.025, "bg_conv_steps": [[90, 3000, 2.634135165014723], [90, 4500, 2.6342658464613913]], "bg_conv_time": 73.18540120124817}, "indirect_gap_pbe": 2.634062957064397, "bg_conv_lda": {"bg_conv_maxiter": 20, "bg_delta_kppa": 1500, "bg_delta_cutoff": 5, "bg_conv_thresh": 0.025, "bg_conv_steps": [[82, 3000, 2.4820887494582835], [82, 4500, 2.480205206922304]], "bg_conv_time": 61.97611331939697}, "indirect_gap_lda": 2.4821072934015196, "gw_conv_pbe": {"gw_conv_thr": 0.025, "gw_bnd_start": 200, "gw_bnd_step": 100, "gw_cut_start": 4, "gw_cut_step": 4, "kpt_bnd_idx": {"@module": "numpy", "@class": "array", "dtype": "int64", "data": [1, 1, 28, 29]}, "gw_bands": 200, "gw_cutoff": 4, "w_conv_grid": [[200, 4, 4.384932], [300, 4, 4.371586], [300, 8, 4.474432], [300, 8, 4.474432], [300, 12, 4.548502], [300, 12, 4.548502], [300, 16, 4.581136000000001], [300, 16, 4.581136000000001], [300, 20, 4.598310000000001], [300, 20, 4.598310000000001], [400, 20, 4.593166], [400, 24, 4.599975000000001], [400, 24, 4.599975000000001]], "pwcutoff": 90, "w_conv_time": [13.442243337631226, 13.610141515731812, 14.30760145187378, 14.310201406478882, 16.20803213119507, 16.209643602371216, 20.78198003768921, 20.78557276725769, 31.427342176437378, 31.428189992904663, 35.23677897453308, 48.766215324401855, 48.76785707473755], "w_ngw": 8, "w_z_factor": [{"@module": "numpy", "@class": "array", "dtype": "float64", "data": [[28.0, 0.78, -0.136781], [29.0, 0.82, -0.11417]]}, {"@module": "numpy", "@class": "array", "dtype": "float64", "data": [[28.0, 0.79, -0.13486], [29.0, 0.82, -0.113429]]}, {"@module": "numpy", "@class": "array", "dtype": "float64", "data": [[28.0, 0.78, -0.134888], [29.0, 0.81, -0.11319]]}, {"@module": "numpy", "@class": "array", "dtype": "float64", "data": [[28.0, 0.78, -0.137894], [29.0, 0.81, -0.114631]]}, {"@module": "numpy", "@class": "array", "dtype": "float64", "data": [[28.0, 0.77, -0.136818], [29.0, 0.81, -0.114891]]}, {"@module": "numpy", "@class": "array", "dtype": "float64", "data": [[28.0, 0.77, -0.137345], [29.0, 0.81, -0.115851]]}, {"@module": "numpy", "@class": "array", "dtype": "float64", "data": [[28.0, 0.77, -0.135845], [29.0, 0.81, -0.113597]]}, {"@module": "numpy", "@class": "array", "dtype": "float64", "data": [[28.0, 0.77, -0.137663], [29.0, 0.81, -0.116729]]}], "gw_kppa": 90, "gw_kpt_grid": {"@module": "numpy", "@class": "array", "dtype": "int64", "data": [4, 4, 2]}, "conv_list": [[{"kppa": 0}, {"kpt_grid": "1x1x1"}, {"num_kpts": 1}, {"X_bnds": 400.0}, {"G_bnds": 400.0}, {"X_cutoff": 24.0}, {"gamma_gap": 4.599975000000001}, {"num_gw_calc": 8}, {"wall_time": 374}, {"num_cores": 8}, {"z-factor": "None"}], [{"kppa": 0}, {"kpt_grid": "1x1x1"}, {"num_kpts": 1}, {"X_bnds": 200}, {"G_bnds": 200}, {"X_cutoff": 4}, {"gamma_gap": 8}, {"num_gw_calc": 1}, {"wall_time": 14}, {"num_cores": 8}, {"z-factor": "None"}], [{"kppa": 10}, {"kpt_grid": "2x2x2"}, {"num_kpts": 1}, {"X_bnds": 200}, {"G_bnds": 200}, {"X_cutoff": 4}, {"gamma_gap": 4.264974}, {"num_gw_calc": 2}, {"wall_time": 49}, {"num_cores": 8}, {"z-factor": {"@module": "numpy", "@class": "array", "dtype": "float64", "data": [[28.0, 0.8, -0.129603], [29.0, 0.83, -0.10025]]}}], [{"kppa": 90}, {"kpt_grid": "4x4x2"}, {"num_kpts": 1}, {"X_bnds": 200}, {"G_bnds": 200}, {"X_cutoff": 4}, {"gamma_gap": 4.282341}, {"num_gw_calc": 3}, {"wall_time": 166}, {"num_cores": 8}, {"z-factor": {"@module": "numpy", "@class": "array", "dtype": "float64", "data": [[28.0, 0.8, -0.133353], [29.0, 0.83, -0.969807]]}}]], "conv_time": 586.912656545639}, "gw_band_range_pbe": [1, 35], "gw_conv_lda": {"gw_conv_thr": 0.025, "gw_bnd_start": 200, "gw_bnd_step": 100, "gw_cut_start": 4, "gw_cut_step": 4, "kpt_bnd_idx": {"@module": "numpy", "@class": "array", "dtype": "int64", "data": [1, 1, 28, 29]}, "gw_bands": 200, "gw_cutoff": 4, "w_conv_grid": [[200, 4, 4.56944], [300, 4, 4.566008], [300, 8, 4.650701], [300, 8, 4.650701], [300, 12, 4.709864], [300, 12, 4.709864], [300, 16, 4.738283], [300, 16, 4.738283], [300, 20, 4.752657], [300, 20, 4.752657], [400, 20, 4.762339], [400, 24, 4.767733], [400, 24, 4.767733]], "pwcutoff": 82, "w_conv_time": [13.153088092803955, 13.344870328903198, 14.13638687133789, 14.138646364212036, 16.22061014175415, 16.22247004508972, 20.756520748138428, 20.758297204971313, 30.217150688171387, 30.218055725097656, 34.299856185913086, 47.453675270080566, 47.45522856712341], "w_ngw": 8, "w_z_factor": [{"@module": "numpy", "@class": "array", "dtype": "float64", "data": [[28.0, 0.78, -0.140515], [29.0, 0.81, -0.1208]]}, {"@module": "numpy", "@class": "array", "dtype": "float64", "data": [[28.0, 0.78, -0.141912], [29.0, 0.81, -0.127975]]}, {"@module": "numpy", "@class": "array", "dtype": "float64", "data": [[28.0, 0.78, -0.141373], [29.0, 0.81, -0.118215]]}, {"@module": "numpy", "@class": "array", "dtype": "float64", "data": [[28.0, 0.77, -0.140894], [29.0, 0.81, -0.120143]]}, {"@module": "numpy", "@class": "array", "dtype": "float64", "data": [[28.0, 0.77, -0.141606], [29.0, 0.81, -0.120179]]}, {"@module": "numpy", "@class": "array", "dtype": "float64", "data": [[28.0, 0.77, -0.141259], [29.0, 0.81, -0.119784]]}, {"@module": "numpy", "@class": "array", "dtype": "float64", "data": [[28.0, 0.77, -0.135759], [29.0, 0.81, -0.118561]]}, {"@module": "numpy", "@class": "array", "dtype": "float64", "data": [[28.0, 0.77, -0.13914], [29.0, 0.81, -0.120869]]}], "gw_kppa": 90, "gw_kpt_grid": {"@module": "numpy", "@class": "array", "dtype": "int64", "data": [4, 4, 2]}, "conv_list": [[{"kppa": 0}, {"kpt_grid": "1x1x1"}, {"num_kpts": 1}, {"X_bnds": 400.0}, {"G_bnds": 400.0}, {"X_cutoff": 24.0}, {"gamma_gap": 4.767733}, {"num_gw_calc": 8}, {"wall_time": 342}, {"num_cores": 8}, {"z-factor": "None"}], [{"kppa": 0}, {"kpt_grid": "1x1x1"}, {"num_kpts": 1}, {"X_bnds": 200}, {"G_bnds": 200}, {"X_cutoff": 4}, {"gamma_gap": 8}, {"num_gw_calc": 1}, {"wall_time": 14}, {"num_cores": 8}, {"z-factor": "None"}], [{"kppa": 10}, {"kpt_grid": "2x2x2"}, {"num_kpts": 1}, {"X_bnds": 200}, {"G_bnds": 200}, {"X_cutoff": 4}, {"gamma_gap": 4.495448}, {"num_gw_calc": 2}, {"wall_time": 44}, {"num_cores": 8}, {"z-factor": {"@module": "numpy", "@class": "array", "dtype": "float64", "data": [[28.0, 0.79, -0.138943], [29.0, 0.83, -0.100623]]}}], [{"kppa": 90}, {"kpt_grid": "4x4x2"}, {"num_kpts": 1}, {"X_bnds": 200}, {"G_bnds": 200}, {"X_cutoff": 4}, {"gamma_gap": 4.5202659999999995}, {"num_gw_calc": 3}, {"wall_time": 132}, {"num_cores": 8}, {"z-factor": {"@module": "numpy", "@class": "array", "dtype": "float64", "data": [[28.0, 0.79, -0.136178], [29.0, 0.83, -0.100717]]}}]],