{"@module": "pymatgen.entries.computed_entries", "@class": "ComputedEntry", "energy": 0.0, "composition": {"Hf": 1.0, "Se": 2.0}, "entry_id": "195308", "correction": 0.0, "energy_adjustments": [], "parameters": {"id": "195308", "name": "HfSe2", "ibrav": {"celldm(1)": 7.075777151570783, "ibrav": 4, "celldm(3)": 1.643734276267647}, "vol": 504.2950238676357, "lda_pw_cutoff_Ry": 78, "qe_conv_pbe": {"qe_conv_maxiter": 20, "qe_delta_kppa": 1500, "qe_delta_cutoff": 5, "qe_conv_thresh": 0.00011024797617134141, "qe_conv_steps": [[60, 1500, -242.7729092067324], [65, 1500, -242.7729889706219], [65, 3000, -242.7730204440725]], "qe_conv_time": 35.8289270401001}, "num_elec_pbe": 38.0, "max_mem": 56567.0, "qe_conv_lda": {"qe_conv_maxiter": 20, "qe_delta_kppa": 1500, "qe_delta_cutoff": 5, "qe_conv_thresh": 0.00011024797617134141, "qe_conv_steps": [[78, 1500, -298.9353692130747], [83, 1500, -298.9356339225363], [88, 1500, -298.9356587798213], [88, 3000, -298.9356944114327]], "qe_conv_time": 96.97039771080017}, "num_elec_lda": 44.0, "bg_conv_pbe": {"bg_conv_maxiter": 20, "bg_delta_kppa": 1500, "bg_delta_cutoff": 5, "bg_conv_thresh": 0.025, "bg_conv_steps": [[65, 3000, 0.3865564902412894], [65, 4500, 0.3867629565858283]], "bg_conv_time": 30.29798650741577}, "indirect_gap_pbe": 0.3864918788487449, "bg_conv_lda": {"bg_conv_maxiter": 20, "bg_delta_kppa": 1500, "bg_delta_cutoff": 5, "bg_conv_thresh": 0.025, "bg_conv_steps": [[88, 3000, 0.32438081530474516], [88, 4500, 0.32469271077321243]], "bg_conv_time": 63.785881996154785}, "indirect_gap_lda": 0.32438931528510734, "gw_conv_pbe": {"gw_conv_thr": 0.025, "gw_bnd_start": 200, "gw_bnd_step": 100, "gw_cut_start": 4, "gw_cut_step": 4, "kpt_bnd_idx": {"@module": "numpy", "@class": "array", "dtype": "int64", "data": [1, 1, 19, 20]}, "gw_bands": 200, "gw_cutoff": 4, "w_conv_grid": [[200, 4, 0.43174599999999996], [300, 4, 0.4435469999999999], [300, 8, 0.9274159999999998], [300, 8, 0.9274159999999998], [300, 12, 1.0348149999999998], [300, 12, 1.0348149999999998], [300, 16, 1.0721079999999998], [300, 16, 1.0721079999999998], [300, 20, 1.0856389999999998], [300, 20, 1.0856389999999998], [400, 20, 1.1005589999999998], [400, 24, 1.1091029999999997], [400, 24, 1.1091029999999997]], "pwcutoff": 65, "w_conv_time": [10.949767351150513, 11.715984106063843, 11.15233039855957, 11.154255390167236, 14.648948192596436, 14.650444984436035, 14.708571434020996, 14.710345983505249, 16.521568298339844, 16.522459745407104, 18.253167867660522, 21.25802206993103, 21.26009488105774], "w_ngw": 8, "w_z_factor": [{"@module": "numpy", "@class": "array", "dtype": "float64", "data": [[19.0, 0.8, -0.11367], [20.0, 0.79, -0.121203]]}, {"@module": "numpy", "@class": "array", "dtype": "float64", "data": [[19.0, 0.8, -0.115388], [20.0, 0.79, -0.111769]]}, {"@module": "numpy", "@class": "array", "dtype": "float64", "data": [[19.0, 0.79, -0.155917], [20.0, 0.79, -0.808322]]}, {"@module": "numpy", "@class": "array", "dtype": "float64", "data": [[19.0, 0.79, -0.117796], [20.0, 0.78, -0.121984]]}, {"@module": "numpy", "@class": "array", "dtype": "float64", "data": [[19.0, 0.79, -0.118744], [20.0, 0.78, -0.122595]]}, {"@module": "numpy", "@class": "array", "dtype": "float64", "data": [[19.0, 0.79, -0.153513], [20.0, 0.79, -0.593163]]}, {"@module": "numpy", "@class": "array", "dtype": "float64", "data": [[19.0, 0.79, -0.117459], [20.0, 0.78, -0.200729]]}, {"@module": "numpy", "@class": "array", "dtype": "float64", "data": [[19.0, 0.79, -0.117944], [20.0, 0.78, -0.10954]]}], "gw_kppa": 230, "gw_kpt_grid": {"@module": "numpy", "@class": "array", "dtype": "int64", "data": [6, 6, 4]}, "conv_list": [[{"kppa": 0}, {"kpt_grid": "1x1x1"}, {"num_kpts": 1}, {"X_bnds": 400.0}, {"G_bnds": 400.0}, {"X_cutoff": 24.0}, {"gamma_gap": 1.1091029999999997}, {"num_gw_calc": 8}, {"wall_time": 219}, {"num_cores": 8}, {"z-factor": "None"}], [{"kppa": 0}, {"kpt_grid": "1x1x1"}, {"num_kpts": 1}, {"X_bnds": 200}, {"G_bnds": 200}, {"X_cutoff": 4}, {"gamma_gap": 8}, {"num_gw_calc": 1}, {"wall_time": 11}, {"num_cores": 8}, {"z-factor": "None"}], [{"kppa": 10}, {"kpt_grid": "2x2x2"}, {"num_kpts": 1}, {"X_bnds": 200}, {"G_bnds": 200}, {"X_cutoff": 4}, {"gamma_gap": 1.011278}, {"num_gw_calc": 2}, {"wall_time": 24}, {"num_cores": 8}, {"z-factor": {"@module": "numpy", "@class": "array", "dtype": "float64", "data": [[19.0, 0.8, -0.121212], [20.0, 0.79, -0.133816]]}}], [{"kppa": 50}, {"kpt_grid": "4x4x2"}, {"num_kpts": 1}, {"X_bnds": 200}, {"G_bnds": 200}, {"X_cutoff": 4}, {"gamma_gap": 0.96157}, {"num_gw_calc": 3}, {"wall_time": 52}, {"num_cores": 8}, {"z-factor": {"@module": "numpy", "@class": "array", "dtype": "float64", "data": [[19.0, 0.8, -0.127672], [20.0, 0.79, -0.124911]]}}], [{"kppa": 220}, {"kpt_grid": "4x4x4"}, {"num_kpts": 1}, {"X_bnds": 200}, {"G_bnds": 200}, {"X_cutoff": 4}, {"gamma_gap": 1.009236}, {"num_gw_calc": 4}, {"wall_time": 156}, {"num_cores": 32}, {"z-factor": {"@module": "numpy", "@class": "array", "dtype": "float64", "data": [[19.0, 0.8, -0.126071], [20.0, 0.79, -0.53357]]}}], [{"kppa": 230}, {"kpt_grid": "6x6x4"}, {"num_kpts": 1}, {"X_bnds": 200}, {"G_bnds": 200}, {"X_cutoff": 4}, {"gamma_gap": 0.9957770000000001}, {"num_gw_calc": 5}, {"wall_time": 467}, {"num_cores": 32}, {"z-factor": {"@module": "numpy", "@class": "array", "dtype": "float64", "data": [[19.0, 0.8, -0.128793], [20.0, 0.79, -0.143751]]}}]], "conv_time": 914.6368722915649}, "gw_band_range_pbe": [1, 23], "gw_conv_lda": {"gw_conv_thr": 0.025, "gw_bnd_start": 200, "gw_bnd_step": 100, "gw_cut_start": 4, "gw_cut_step": 4, "kpt_bnd_idx": {"@module": "numpy", "@class": "array", "dtype": "int64", "data": [1, 1, 22, 23]}, "gw_bands": 200, "gw_cutoff": 4, "w_conv_grid": [[200, 4, 2.335112], [300, 4, 2.3355759999999997], [300, 8, 2.459378], [300, 8, 2.459378], [300, 12, 2.510344], [300, 12, 2.510344], [300, 16, 2.520781], [300, 16, 2.520781], [400, 16, 2.522781], [400, 20, 2.523683], [400, 20, 2.523683]], "pwcutoff": 88, "w_conv_time": [12.52220869064331, 13.418800830841064, 12.950737714767456, 12.952068090438843, 12.249252319335938, 12.250997304916382, 14.365056037902832, 14.366639375686646, 16.22260355949402, 19.509031534194946, 19.50983738899231], "w_ngw": 7, "w_z_factor": [{"@module": "numpy", "@class": "array", "dtype": "float64", "data": [[22.0, 0.8, -0.113585], [23.0, 0.8, -0.112308]]}, {"@module": "numpy", "@class": "array", "dtype": "float64", "data": [[22.0, 0.8, -0.12309], [23.0, 0.8, -0.122577]]}, {"@module": "numpy", "@class": "array", "dtype": "float64", "data": [[22.0, 0.79, -0.999752], [23.0, 0.8, -0.121562]]}, {"@module": "numpy", "@class": "array", "dtype": "float64", "data": [[22.0, 0.79, -0.892251], [23.0, 0.8, -0.120856]]}, {"@module": "numpy", "@class": "array", "dtype": "float64", "data": [[22.0, 0.79, -0.991671], [23.0, 0.8, -0.150524]]}, {"@module": "numpy", "@class": "array", "dtype": "float64", "data": [[22.0, 0.79, -0.178775], [23.0, 0.8, -0.16488]]}, {"@module": "numpy", "@class": "array", "dtype": "float64", "data": [[22.0, 0.79, -0.164081], [23.0, 0.8, -0.136104]]}], "gw_kppa": 230, "gw_kpt_grid": {"@module": "numpy", "@class": "array", "dtype": "int64", "data": [6, 6, 4]}, "conv_list": [[{"kppa": 0}, {"kpt_grid": "1x1x1"}, {"num_kpts": 1}, {"X_bnds": 400.0}, {"G_bnds": 400.0}, {"X_cutoff": 20.0}, {"gamma_gap": 2.523683}, {"num_gw_calc": 7}, {"wall_time": 251}, {"num_cores": 8}, {"z-factor": "None"}], [{"kppa": 0}, {"kpt_grid": "1x1x1"}, {"num_kpts": 1}, {"X_bnds": 200}, {"G_bnds": 200}, {"X_cutoff": 4}, {"gamma_gap": 8}, {"num_gw_calc": 1}, {"wall_time": 13}, {"num_cores": 8}, {"z-factor": "None"}], [{"kppa": 10}, {"kpt_grid": "2x2x2"}, {"num_kpts": 1}, {"X_bnds": 200}, {"G_bnds": 200}, {"X_cutoff": 4}, {"gamma_gap": 2.9054209999999996}, {"num_gw_calc": 2}, {"wall_time": 30}, {"num_cores": 8}, {"z-factor": {"@module": "numpy", "@class": "array", "dtype": "float64",