{"@module": "pymatgen.entries.computed_entries", "@class": "ComputedEntry", "energy": 0.0, "composition": {"Te": 6.0, "As": 4.0}, "entry_id": "196146", "correction": 0.0, "energy_adjustments": [], "parameters": {"id": "196146", "name": "Te3As2", "ibrav": 0, "vol": 1912.8423465695296, "lda_pw_cutoff_Ry": 68, "qe_conv_pbe": {"qe_conv_maxiter": 20, "qe_delta_kppa": 1500, "qe_delta_cutoff": 5, "qe_conv_thresh": 0.00036749325390447133, "qe_conv_steps": [[60, 1500, -549.700860075571], [65, 1500, -549.7008752738273], [65, 3000, -549.700878809733]], "qe_conv_time": 380.2434434890747}, "num_elec_pbe": 116.0, "max_mem": 92123.0, "qe_conv_lda": {"qe_conv_maxiter": 20, "qe_delta_kppa": 1500, "qe_delta_cutoff": 5, "qe_conv_thresh": 0.00036749325390447133, "qe_conv_steps": [[68, 1500, -1051.576304623573], [73, 1500, -1051.60255210014], [78, 1500, -1051.607412056423], [83, 1500, -1051.608008842641], [88, 1500, -1051.608100200835], [88, 3000, -1051.60811538276]], "qe_conv_time": 1090.6577055454254}, "num_elec_lda": 156.0, "bg_conv_pbe": {"bg_conv_maxiter": 20, "bg_delta_kppa": 1500, "bg_delta_cutoff": 5, "bg_conv_thresh": 0.025, "bg_conv_steps": [[65, 3000, 0.40546248856510275], [65, 6000, 0.4125423471344853]], "bg_conv_time": 418.41612005233765}, "indirect_gap_pbe": 0.4129171280944841, "bg_conv_lda": {"bg_conv_maxiter": 20, "bg_delta_kppa": 1500, "bg_delta_cutoff": 5, "bg_conv_thresh": 0.025, "bg_conv_steps": [[88, 3000, 0.3902244200473527], [88, 6000, 0.3933414831923113]], "bg_conv_time": 726.1516065597534}, "indirect_gap_lda": 0.3902251473624872, "gw_conv_pbe": {"gw_conv_thr": 0.025, "gw_bnd_start": 200, "gw_bnd_step": 100, "gw_cut_start": 4, "gw_cut_step": 4, "kpt_bnd_idx": {"@module": "numpy", "@class": "array", "dtype": "int64", "data": [1, 1, 58, 59]}, "gw_bands": 200, "gw_cutoff": 4, "w_conv_grid": [[200, 4, 1.734173], [300, 4, 1.731893], [300, 8, 1.741866], [300, 8, 1.741866]], "pwcutoff": 65, "w_conv_time": [18.96674680709839, 21.172841548919678, 35.96675968170166, 35.969305992126465], "w_ngw": 3, "w_z_factor": [{"@module": "numpy", "@class": "array", "dtype": "float64", "data": [[58.0, 0.77, -0.18215], [59.0, 0.77, -0.202696]]}, {"@module": "numpy", "@class": "array", "dtype": "float64", "data": [[58.0, 0.77, -0.176655], [59.0, 0.77, -0.178309]]}, {"@module": "numpy", "@class": "array", "dtype": "float64", "data": [[58.0, 0.77, -0.169887], [59.0, 0.77, -0.186817]]}], "gw_kppa": 10, "gw_kpt_grid": {"@module": "numpy", "@class": "array", "dtype": "int64", "data": [2, 2, 2]}, "conv_list": [[{"kppa": 0}, {"kpt_grid": "1x1x1"}, {"num_kpts": 1}, {"X_bnds": 300.0}, {"G_bnds": 300.0}, {"X_cutoff": 8.0}, {"gamma_gap": 1.741866}, {"num_gw_calc": 3}, {"wall_time": 1011}, {"num_cores": 8}, {"z-factor": "None"}], [{"kppa": 0}, {"kpt_grid": "1x1x1"}, {"num_kpts": 1}, {"X_bnds": 200}, {"G_bnds": 200}, {"X_cutoff": 4}, {"gamma_gap": 8}, {"num_gw_calc": 1}, {"wall_time": 19}, {"num_cores": 8}, {"z-factor": "None"}], [{"kppa": 10}, {"kpt_grid": "2x2x2"}, {"num_kpts": 1}, {"X_bnds": 200}, {"G_bnds": 200}, {"X_cutoff": 4}, {"gamma_gap": 1.7187930000000002}, {"num_gw_calc": 2}, {"wall_time": 184}, {"num_cores": 8}, {"z-factor": {"@module": "numpy", "@class": "array", "dtype": "float64", "data": [[58.0, 0.78, -0.167319], [59.0, 0.78, -0.163498]]}}]], "conv_time": 1193.6940398216248}, "gw_band_range_pbe": [1, 71], "gw_conv_lda": {"gw_conv_thr": 0.025, "gw_bnd_start": 200, "gw_bnd_step": 100, "gw_cut_start": 4, "gw_cut_step": 4, "kpt_bnd_idx": {"@module": "numpy", "@class": "array", "dtype": "int64", "data": [1, 1, 78, 79]}, "gw_bands": 200, "gw_cutoff": 4, "w_conv_grid": [[200, 4, 1.722747], [300, 4, 1.716876], [300, 8, 1.7246979999999998], [300, 8, 1.7246979999999998]], "pwcutoff": 88, "w_conv_time": [21.057120323181152, 24.721017837524414, 45.25687313079834, 45.259477376937866], "w_ngw": 3, "w_z_factor": [{"@module": "numpy", "@class": "array", "dtype": "float64", "data": [[78.0, 0.77, -0.16429], [79.0, 0.77, -0.178269]]}, {"@module": "numpy", "@class": "array", "dtype": "float64", "data": [[78.0, 0.77, -0.165234], [79.0, 0.77, -0.166291]]}, {"@module": "numpy", "@class": "array", "dtype": "float64", "data": [[78.0, 0.77, -0.169869], [79.0, 0.77, -0.178304]]}], "gw_kppa": 10, "gw_kpt_grid": {"@module": "numpy", "@class": "array", "dtype": "int64", "data": [2, 2, 2]}, "conv_list": [[{"kppa": 0}, {"kpt_grid": "1x1x1"}, {"num_kpts": 1}, {"X_bnds": 300.0}, {"G_bnds": 300.0}, {"X_cutoff": 8.0}, {"gamma_gap": 1.7246979999999998}, {"num_gw_calc": 3}, {"wall_time": 1895}, {"num_cores": 8}, {"z-factor": "None"}], [{"kppa": 0}, {"kpt_grid": "1x1x1"}, {"num_kpts": 1}, {"X_bnds": 200}, {"G_bnds": 200}, {"X_cutoff": 4}, {"gamma_gap": 8}, {"num_gw_calc": 1}, {"wall_time": 22}, {"num_cores": 8}, {"z-factor": "None"}], [{"kppa": 10}, {"kpt_grid": "2x2x2"}, {"num_kpts": 1}, {"X_bnds": 200}, {"G_bnds": 200}, {"X_cutoff": 4}, {"gamma_gap": 1.700726}, {"num_gw_calc": 2}, {"wall_time": 208}, {"num_cores": 8}, {"z-factor": {"@module": "numpy", "@class": "array", "dtype": "float64", "data": [[78.0, 0.78, -0.165979], [79.0, 0.78, -0.175219]]}}]], "conv_time": 2102.167160511017}, "gw_band_range_lda": [1, 91], "g0w0_ppa_pbe": {"gw_direct_gap": 1.7669069999999998, "kppa": 210, "kpt_grid": "4x4x2", "num_kpt": 14, "bands_in X": 400, "bands_in_G": 400, "cutoff": 12, "z_factor": [[58.0, 0.78, -0.00158225], [59.0, 0.78, -0.00163652]], "scissor": 0.27607499999999996, "ncpu": 32, "calc_time": 3233.6131830215454}, "g0w0_ppa_lda": {"gw_direct_gap": 1.738111, "kppa": 210, "kpt_grid": "4x4x2", "num_kpt": 14, "bands_in X": 400, "bands_in_G": 400, "cutoff": 12, "z_factor": [[78.0, 0.78, -0.00158162], [79.0, 0.78, -0.00155817]], "scissor": 0.295239, "ncpu": 32, "calc_time": 4480.0206823349}}, "data": {}}