{"@module": "pymatgen.entries.computed_entries", "@class": "ComputedEntry", "energy": 0.0, "composition": {"Ca": 1.0, "B": 6.0}, "entry_id": "196516", "correction": 0.0, "energy_adjustments": [], "parameters": {"id": "196516", "name": "CaB6", "ibrav": {"celldm(1)": 7.849355441674518, "ibrav": 1}, "vol": 483.6174768974717, "lda_pw_cutoff_Ry": 68, "qe_conv_pbe": {"qe_conv_maxiter": 20, "qe_delta_kppa": 1500, "qe_delta_cutoff": 5, "qe_conv_thresh": 0.0002572452777331299, "qe_conv_steps": [[60, 1500, -53.99621691758909], [65, 1500, -53.9962521584954], [65, 3000, -53.99628953524545]], "qe_conv_time": 16.37958860397339}, "num_elec_pbe": 28.0, "max_mem": 60365.0, "qe_conv_lda": {"qe_conv_maxiter": 20, "qe_delta_kppa": 1500, "qe_delta_cutoff": 5, "qe_conv_thresh": 0.0002572452777331299, "qe_conv_steps": [[68, 1500, -56.52297508839939], [73, 1500, -56.52338858751595], [78, 1500, -56.52357969764505], [78, 3000, -56.52358030370245]], "qe_conv_time": 20.42474341392517}, "num_elec_lda": 28.0, "bg_conv_pbe": {"bg_conv_maxiter": 20, "bg_delta_kppa": 1500, "bg_delta_cutoff": 5, "bg_conv_thresh": 0.025, "bg_conv_steps": [[65, 3000, 0.06528882000690024], [65, 6000, 0.031941009672200815], [65, 10500, 0.029305096822064315]], "bg_conv_time": 18.35617184638977}, "indirect_gap_pbe": 0.027817758471269226, "bg_conv_lda": {"bg_conv_maxiter": 20, "bg_delta_kppa": 1500, "bg_delta_cutoff": 5, "bg_conv_thresh": 0.025, "bg_conv_steps": [[78, 3000, 0.048394837600769375], [78, 6000, 0.0674804758603524]], "bg_conv_time": 11.894521236419678}, "indirect_gap_lda": 0.06510406073325675, "gw_conv_pbe": {"gw_conv_thr": 0.025, "gw_bnd_start": 200, "gw_bnd_step": 100, "gw_cut_start": 4, "gw_cut_step": 4, "kpt_bnd_idx": {"@module": "numpy", "@class": "array", "dtype": "int64", "data": [1, 1, 14, 15]}, "gw_bands": 200, "gw_cutoff": 4, "w_conv_grid": [[200, 4, 3.290906], [300, 4, 3.290266], [300, 8, 3.374372], [300, 8, 3.374372], [300, 12, 3.4040470000000003], [300, 12, 3.4040470000000003], [300, 16, 3.4124410000000003], [300, 16, 3.4124410000000003], [400, 16, 3.414446], [400, 20, 3.420378], [400, 20, 3.420378]], "pwcutoff": 65, "w_conv_time": [11.615292072296143, 11.622191905975342, 12.326676845550537, 12.328128576278687, 12.845396757125854, 12.846961975097656, 13.379696130752563, 13.381555795669556, 14.253982067108154, 16.479849576950073, 16.481348991394043], "w_ngw": 7, "w_z_factor": [{"@module": "numpy", "@class": "array", "dtype": "float64", "data": [[14.0, 0.78, -0.126873], [15.0, 0.79, -0.126479]]}, {"@module": "numpy", "@class": "array", "dtype": "float64", "data": [[14.0, 0.78, -0.127307], [15.0, 0.79, -0.126734]]}, {"@module": "numpy", "@class": "array", "dtype": "float64", "data": [[14.0, 0.78, -0.12755], [15.0, 0.79, -0.127144]]}, {"@module": "numpy", "@class": "array", "dtype": "float64", "data": [[14.0, 0.78, -0.127246], [15.0, 0.78, -0.109301]]}, {"@module": "numpy", "@class": "array", "dtype": "float64", "data": [[14.0, 0.78, -0.131824], [15.0, 0.78, -0.110279]]}, {"@module": "numpy", "@class": "array", "dtype": "float64", "data": [[14.0, 0.78, -0.128002], [15.0, 0.78, -0.128427]]}, {"@module": "numpy", "@class": "array", "dtype": "float64", "data": [[14.0, 0.78, -0.127201], [15.0, 0.78, -0.126584]]}], "gw_kppa": 2410, "gw_kpt_grid": {"@module": "numpy", "@class": "array", "dtype": "int64", "data": [8, 8, 8]}, "conv_list": [[{"kppa": 0}, {"kpt_grid": "1x1x1"}, {"num_kpts": 1}, {"X_bnds": 400.0}, {"G_bnds": 400.0}, {"X_cutoff": 20.0}, {"gamma_gap": 3.420378}, {"num_gw_calc": 7}, {"wall_time": 155}, {"num_cores": 8}, {"z-factor": "None"}], [{"kppa": 0}, {"kpt_grid": "1x1x1"}, {"num_kpts": 1}, {"X_bnds": 200}, {"G_bnds": 200}, {"X_cutoff": 4}, {"gamma_gap": 8}, {"num_gw_calc": 1}, {"wall_time": 12}, {"num_cores": 8}, {"z-factor": "None"}], [{"kppa": 10}, {"kpt_grid": "2x2x2"}, {"num_kpts": 1}, {"X_bnds": 200}, {"G_bnds": 200}, {"X_cutoff": 4}, {"gamma_gap": 3.4457890000000004}, {"num_gw_calc": 2}, {"wall_time": 23}, {"num_cores": 8}, {"z-factor": {"@module": "numpy", "@class": "array", "dtype": "float64", "data": [[14.0, 0.78, -0.13642], [15.0, 0.79, -0.136083]]}}], [{"kppa": 190}, {"kpt_grid": "4x4x4"}, {"num_kpts": 1}, {"X_bnds": 200}, {"G_bnds": 200}, {"X_cutoff": 4}, {"gamma_gap": 3.551186}, {"num_gw_calc": 3}, {"wall_time": 79}, {"num_cores": 8}, {"z-factor": {"@module": "numpy", "@class": "array", "dtype": "float64", "data": [[14.0, 0.79, -0.127795], [15.0, 0.8, -0.129546]]}}], [{"kppa": 880}, {"kpt_grid": "6x6x6"}, {"num_kpts": 1}, {"X_bnds": 200}, {"G_bnds": 200}, {"X_cutoff": 4}, {"gamma_gap": 3.6108019999999996}, {"num_gw_calc": 4}, {"wall_time": 113}, {"num_cores": 32}, {"z-factor": {"@module": "numpy", "@class": "array", "dtype": "float64", "data": [[14.0, 0.8, -0.125864], [15.0, 0.8, -0.117305]]}}], [{"kppa": 2410}, {"kpt_grid": "8x8x8"}, {"num_kpts": 1}, {"X_bnds": 200}, {"G_bnds": 200}, {"X_cutoff": 4}, {"gamma_gap": 3.635345}, {"num_gw_calc": 5}, {"wall_time": 379}, {"num_cores": 32}, {"z-factor": {"@module": "numpy", "@class": "array", "dtype": "float64", "data": [[14.0, 0.8, -0.125205], [15.0, 0.8, -0.137401]]}}]], "conv_time": 745.631406545639}, "gw_band_range_pbe": [1, 18], "gw_conv_lda": {"gw_conv_thr": 0.025, "gw_bnd_start": 200, "gw_bnd_step": 100, "gw_cut_start": 4, "gw_cut_step": 4, "kpt_bnd_idx": {"@module": "numpy", "@class": "array", "dtype": "int64", "data": [1, 1, 14, 15]}, "gw_bands": 200, "gw_cutoff": 4, "w_conv_grid": [[200, 4, 3.341099], [300, 4, 3.3380609999999997], [300, 8, 3.4244129999999995], [300, 8, 3.4244129999999995], [300, 12, 3.454542], [300, 12, 3.454542], [300, 16, 3.463349], [300, 16, 3.463349], [400, 16, 3.464709], [400, 20, 3.470586], [400, 20, 3.470586]], "pwcutoff": 78, "w_conv_time": [12.076195001602173, 11.953634977340698, 12.234193801879883, 12.235626697540283, 12.73980975151062, 12.741151094436646, 13.891129493713379, 13.89252233505249, 14.394822359085083, 16.486830711364746, 16.4885094165802], "w_ngw": 7, "w_z_factor": [{"@module": "numpy", "@class": "array", "dtype": "float64", "data": [[14.0, 0.78, -0.127559], [15.0, 0.79, -0.127033]]}, {"@module": "numpy", "@class": "array", "dtype": "float64", "data": [[14.0, 0.78, -0.128014], [15.0, 0.79, -0.127708]]}, {"@module": "numpy", "@class": "array", "dtype": "float64", "data": [[14.0, 0.78, -0.127339], [15.0, 0.78, -0.127668]]}, {"@module": "numpy", "@class": "array", "dtype": "float64", "data": [[14.0, 0.78, -0.127701], [15.0, 0.78, -0.12811]]}, {"@module": "numpy", "@class": "array", "dtype": "float64", "data": [[14.0, 0.78, -0.127819], [15.0, 0.78, -0.128591]]}, {"@module": "numpy", "@class": "array", "dtype": "float64", "data": [[14.0, 0.78, -0.127512], [15.0, 0.78, -0.127163]]}, {"@module": "numpy", "@class": "array", "dtype": "float64", "data": [[14.0, 0.78, -0.127717], [15.0, 0.78, -0.132874]]}], "gw_kppa": 2410, "gw_kpt_grid": {"@module": "numpy", "@class": "array", "dtype": "int64", "data": [8, 8, 8]}, "conv_list": [[{"kppa": 0}, {"kpt_grid": "1x1x1"}, {"num_kpts": 1}, {"X_bnds": 400.0}, {"G_bnds": 400.0}, {"X_cutoff": 20.0}, {"gamma_gap": 3.470586}, {"num_gw_calc": 7}, {"wall_time": 162}, {"num_cores": 8}, {"z-factor": "None"}], [{"kppa": 0}, {"kpt_grid": "1x1x1"}, {"num_kpts": 1}, {"X_bnds": 200}, {"G_bnds": 200}, {"X_cutoff": 4}, {"gamma_gap": 8}, {"num_gw_calc": 1}, {"wall_time": 13}, {"num_cores": 8}, {"z-factor": "None"}], [{"kppa": 10}, {"kpt_grid": "2x2x2"}, {"num_kpts": 1}, {"X_bnds": 200}, {"G_bnds": 200}, {"X_cutoff": 4}, {"gamma_gap": 3.472127}, {"num_gw_calc": 2}, {"wall_time": 24}, {"num_cores": 8}, {"z-factor": {"@module": "numpy", "@class": "array", "dtype": "float64", "data": [[14.0, 0.78, -0.140368], [15.0, 0.79, -0.159381]]}}], [{"kppa": 190}, {"kpt_grid": "4x4x4"}, {"num_kpts": 1}, {"X_bnds": 200}, {"G_bnds": 200}, {"X_cutoff": 4}, {"gamma_gap": 3.5502540000000002}, {"num_gw_calc": 3}, {"wall_time": 67}, {"num_cores": 8}, {"z-factor": {"@module": "numpy", "@class": "array", "dtype": "float64",