{"@module": "pymatgen.entries.computed_entries", "@class": "ComputedEntry", "energy": 0.0, "composition": {"Sr": 1.0, "Cl": 2.0}, "entry_id": "196826", "correction": 0.0, "energy_adjustments": [], "parameters": {"id": "196826", "name": "SrCl2", "ibrav": {"celldm(1)": 13.18877663252878, "ibrav": 2}, "vol": 573.5265770288023, "lda_pw_cutoff_Ry": 56, "qe_conv_pbe": {"qe_conv_maxiter": 20, "qe_delta_kppa": 1500, "qe_delta_cutoff": 5, "qe_conv_thresh": 0.00011024797617134141, "qe_conv_steps": [[60, 1500, -61.6001607559136], [65, 1500, -61.60017742836709], [65, 3000, -61.60017744211616]], "qe_conv_time": 14.161493301391602}, "num_elec_pbe": 24.0, "max_mem": 43762.0, "qe_conv_lda": {"qe_conv_maxiter": 20, "qe_delta_kppa": 1500, "qe_delta_cutoff": 5, "qe_conv_thresh": 0.00011024797617134141, "qe_conv_steps": [[56, 1500, -67.34408243801875], [61, 1500, -67.34441643842374], [66, 1500, -67.34449473835892], [66, 3000, -67.34449467083174]], "qe_conv_time": 18.50284504890442}, "num_elec_lda": 24.0, "bg_conv_pbe": {"bg_conv_maxiter": 20, "bg_delta_kppa": 1500, "bg_delta_cutoff": 5, "bg_conv_thresh": 0.025, "bg_conv_steps": [[65, 3000, 5.3441910689112495], [65, 4500, 5.344184260313599]], "bg_conv_time": 9.489097118377686}, "indirect_gap_pbe": 5.344182250941933, "bg_conv_lda": {"bg_conv_maxiter": 20, "bg_delta_kppa": 1500, "bg_delta_cutoff": 5, "bg_conv_thresh": 0.025, "bg_conv_steps": [[66, 3000, 4.873770393481932], [66, 4500, 4.873777013094003]], "bg_conv_time": 10.644813537597656}, "indirect_gap_lda": 4.87377727615336, "gw_conv_pbe": {"gw_conv_thr": 0.025, "gw_bnd_start": 200, "gw_bnd_step": 100, "gw_cut_start": 4, "gw_cut_step": 4, "kpt_bnd_idx": {"@module": "numpy", "@class": "array", "dtype": "int64", "data": [1, 1, 12, 13]}, "gw_bands": 200, "gw_cutoff": 4, "w_conv_grid": [[200, 4, 6.734640000000001], [300, 4, 6.734178], [300, 8, 7.0262340000000005], [300, 8, 7.0262340000000005], [300, 12, 7.091152], [300, 12, 7.091152], [300, 16, 7.111356000000001], [300, 16, 7.111356000000001], [400, 16, 7.1284600000000005], [400, 20, 7.142459000000001], [400, 20, 7.142459000000001], [500, 20, 7.153905999999999], [500, 24, 7.159103999999999], [500, 24, 7.159103999999999]], "pwcutoff": 65, "w_conv_time": [12.980712175369263, 13.035064935684204, 13.357213258743286, 13.358534336090088, 14.935048341751099, 14.936157703399658, 15.791745901107788, 15.793052434921265, 16.61240863800049, 21.199843883514404, 21.2008638381958, 23.008159637451172, 29.162585496902466, 29.163836002349854], "w_ngw": 9, "w_z_factor": [{"@module": "numpy", "@class": "array", "dtype": "float64", "data": [[12.0, 0.8, -0.12081], [13.0, 0.83, -0.121587]]}, {"@module": "numpy", "@class": "array", "dtype": "float64", "data": [[12.0, 0.8, -0.242278], [13.0, 0.83, -0.369376]]}, {"@module": "numpy", "@class": "array", "dtype": "float64", "data": [[12.0, 0.79, -0.132418], [13.0, 0.83, -0.126911]]}, {"@module": "numpy", "@class": "array", "dtype": "float64", "data": [[12.0, 0.79, -0.128694], [13.0, 0.83, -0.125924]]}, {"@module": "numpy", "@class": "array", "dtype": "float64", "data": [[12.0, 0.79, -0.133945], [13.0, 0.83, -0.126454]]}, {"@module": "numpy", "@class": "array", "dtype": "float64", "data": [[12.0, 0.79, -0.13271], [13.0, 0.83, -0.123448]]}, {"@module": "numpy", "@class": "array", "dtype": "float64", "data": [[12.0, 0.79, -0.133297], [13.0, 0.83, -0.127209]]}, {"@module": "numpy", "@class": "array", "dtype": "float64", "data": [[12.0, 0.79, -0.133878], [13.0, 0.83, -0.127284]]}, {"@module": "numpy", "@class": "array", "dtype": "float64", "data": [[12.0, 0.79, -0.133928], [13.0, 0.83, -0.127197]]}], "gw_kppa": 380, "gw_kpt_grid": {"@module": "numpy", "@class": "array", "dtype": "int64", "data": [6, 6, 6]}, "conv_list": [[{"kppa": 0}, {"kpt_grid": "1x1x1"}, {"num_kpts": 1}, {"X_bnds": 500.0}, {"G_bnds": 500.0}, {"X_cutoff": 24.0}, {"gamma_gap": 7.159103999999999}, {"num_gw_calc": 9}, {"wall_time": 226}, {"num_cores": 8}, {"z-factor": "None"}], [{"kppa": 0}, {"kpt_grid": "1x1x1"}, {"num_kpts": 1}, {"X_bnds": 200}, {"G_bnds": 200}, {"X_cutoff": 4}, {"gamma_gap": 8}, {"num_gw_calc": 1}, {"wall_time": 13}, {"num_cores": 8}, {"z-factor": "None"}], [{"kppa": 10}, {"kpt_grid": "2x2x2"}, {"num_kpts": 1}, {"X_bnds": 200}, {"G_bnds": 200}, {"X_cutoff": 4}, {"gamma_gap": 7.553082}, {"num_gw_calc": 2}, {"wall_time": 23}, {"num_cores": 8}, {"z-factor": {"@module": "numpy", "@class": "array", "dtype": "float64", "data": [[12.0, 0.82, -0.114485], [13.0, 0.86, -0.919645]]}}], [{"kppa": 90}, {"kpt_grid": "4x4x4"}, {"num_kpts": 1}, {"X_bnds": 200}, {"G_bnds": 200}, {"X_cutoff": 4}, {"gamma_gap": 7.580199}, {"num_gw_calc": 3}, {"wall_time": 61}, {"num_cores": 8}, {"z-factor": {"@module": "numpy", "@class": "array", "dtype": "float64", "data": [[12.0, 0.82, -0.113771], [13.0, 0.87, -0.8884]]}}], [{"kppa": 380}, {"kpt_grid": "6x6x6"}, {"num_kpts": 1}, {"X_bnds": 200}, {"G_bnds": 200}, {"X_cutoff": 4}, {"gamma_gap": 7.582935}, {"num_gw_calc": 4}, {"wall_time": 88}, {"num_cores": 32}, {"z-factor": {"@module": "numpy", "@class": "array", "dtype": "float64", "data": [[12.0, 0.82, -0.115293], [13.0, 0.87, -0.889503]]}}]], "conv_time": 395.7371172904968}, "gw_band_range_pbe": [1, 19], "gw_conv_lda": {"gw_conv_thr": 0.025, "gw_bnd_start": 200, "gw_bnd_step": 100, "gw_cut_start": 4, "gw_cut_step": 4, "kpt_bnd_idx": {"@module": "numpy", "@class": "array", "dtype": "int64", "data": [1, 1, 12, 13]}, "gw_bands": 200, "gw_cutoff": 4, "w_conv_grid": [[200, 4, 6.6790329999999996], [300, 4, 6.679879], [300, 8, 6.9721969999999995], [300, 8, 6.9721969999999995], [300, 12, 7.033931], [300, 12, 7.033931], [300, 16, 7.053224], [300, 16, 7.053224], [400, 16, 7.070207], [400, 20, 7.084037], [400, 20, 7.084037], [500, 20, 7.095937999999999], [500, 24, 7.101418000000001], [500, 24, 7.101418000000001]], "pwcutoff": 66, "w_conv_time": [13.022397518157959, 13.00847840309143, 13.532199382781982, 13.533592939376831, 14.588072538375854, 14.59058141708374, 16.130090713500977, 16.13179850578308, 21.849411249160767, 21.343398332595825, 21.344418048858643, 23.281447410583496, 29.354853630065918, 29.356719255447388], "w_ngw": 9, "w_z_factor": [{"@module": "numpy", "@class": "array", "dtype": "float64", "data": [[12.0, 0.79, -0.143395], [13.0, 0.82, -0.136387]]}, {"@module": "numpy", "@class": "array", "dtype": "float64", "data": [[12.0, 0.79, -0.143375], [13.0, 0.82, -0.136322]]}, {"@module": "numpy", "@class": "array", "dtype": "float64", "data": [[12.0, 0.78, -0.141554], [13.0, 0.82, -0.135453]]}, {"@module": "numpy", "@class": "array", "dtype": "float64", "data": [[12.0, 0.78, -0.14028], [13.0, 0.82, -0.13542]]}, {"@module": "numpy", "@class": "array", "dtype": "float64", "data": [[12.0, 0.78, -0.141392], [13.0, 0.82, -0.135453]]}, {"@module": "numpy", "@class": "array", "dtype": "float64", "data": [[12.0, 0.78, -0.143623], [13.0, 0.82, -0.135112]]}, {"@module": "numpy", "@class": "array", "dtype": "float64", "data": [[12.0, 0.78, -0.142247], [13.0, 0.82, -0.135342]]}, {"@module": "numpy", "@class": "array", "dtype": "float64", "data": [[12.0, 0.78, -0.141482], [13.0, 0.82, -0.135545]]}, {"@module": "numpy", "@class": "array", "dtype": "float64", "data": [[12.0, 0.78, -0.141525], [13.0, 0.82, -0.135531]]}], "gw_kppa": 380, "gw_kpt_grid": {"@module": "numpy", "@class": "array", "dtype": "int64", "data": [6, 6, 6]},