{"@module": "pymatgen.entries.computed_entries", "@class": "ComputedEntry", "energy": 0.0, "composition": {"Rb": 1.0, "I": 1.0}, "entry_id": "22168", "correction": 0.0, "energy_adjustments": [], "parameters": {"id": "22168", "name": "RbI", "ibrav": {"celldm(1)": 13.849991806720926, "ibrav": 2}, "vol": 664.1842275092409, "lda_pw_cutoff_Ry": 62, "qe_conv_pbe": {"qe_conv_maxiter": 20, "qe_delta_kppa": 1500, "qe_delta_cutoff": 5, "qe_conv_thresh": 7.349865078089427e-05, "qe_conv_steps": [[60, 1500, -123.9144119619185], [65, 1500, -123.9144789671261], [65, 3000, -123.9144789608452]], "qe_conv_time": 21.840588808059692}, "num_elec_pbe": 26.0, "max_mem": 57966.0, "qe_conv_lda": {"qe_conv_maxiter": 20, "qe_delta_kppa": 1500, "qe_delta_cutoff": 5, "qe_conv_thresh": 7.349865078089427e-05, "qe_conv_steps": [[62, 1500, -40.23078603680706], [67, 1500, -40.23086567766587], [72, 1500, -40.23088081590028], [72, 3000, -40.23088081026522]], "qe_conv_time": 21.199477195739746}, "num_elec_lda": 16.0, "bg_conv_pbe": {"bg_conv_maxiter": 20, "bg_delta_kppa": 1500, "bg_delta_cutoff": 5, "bg_conv_thresh": 0.025, "bg_conv_steps": [[65, 3000, 3.904400170207371], [65, 4500, 3.9043850739764117]], "bg_conv_time": 15.584363460540771}, "indirect_gap_pbe": 3.904384667308111, "bg_conv_lda": {"bg_conv_maxiter": 20, "bg_delta_kppa": 1500, "bg_delta_cutoff": 5, "bg_conv_thresh": 0.025, "bg_conv_steps": [[72, 3000, 3.5337687334904984], [72, 4500, 3.5337842825366255]], "bg_conv_time": 11.361199617385864}, "indirect_gap_lda": 3.5337844690657145, "gw_conv_pbe": {"gw_conv_thr": 0.025, "gw_bnd_start": 200, "gw_bnd_step": 100, "gw_cut_start": 4, "gw_cut_step": 4, "kpt_bnd_idx": {"@module": "numpy", "@class": "array", "dtype": "int64", "data": [1, 1, 13, 14]}, "gw_bands": 200, "gw_cutoff": 4, "w_conv_grid": [[200, 4, 5.329827], [300, 4, 5.327269], [300, 8, 5.498991], [300, 8, 5.498991], [300, 12, 5.544586], [300, 12, 5.544586], [300, 16, 5.551051999999999], [300, 16, 5.551051999999999], [400, 16, 5.564101999999999], [400, 20, 5.5675539999999994], [400, 20, 5.5675539999999994]], "pwcutoff": 65, "w_conv_time": [11.236134052276611, 11.458547592163086, 11.69873833656311, 11.700475215911865, 13.349318504333496, 13.351702451705933, 15.403567790985107, 15.405983209609985, 16.176335096359253, 20.131618976593018, 20.133060932159424], "w_ngw": 7, "w_z_factor": [{"@module": "numpy", "@class": "array", "dtype": "float64", "data": [[13.0, 0.8, -0.159892], [14.0, 0.82, -0.155244]]}, {"@module": "numpy", "@class": "array", "dtype": "float64", "data": [[13.0, 0.8, -0.158897], [14.0, 0.82, -0.154863]]}, {"@module": "numpy", "@class": "array", "dtype": "float64", "data": [[13.0, 0.79, -0.160447], [14.0, 0.82, -0.154666]]}, {"@module": "numpy", "@class": "array", "dtype": "float64", "data": [[13.0, 0.79, -0.159762], [14.0, 0.82, -0.154631]]}, {"@module": "numpy", "@class": "array", "dtype": "float64", "data": [[13.0, 0.79, -0.159374], [14.0, 0.82, -0.154623]]}, {"@module": "numpy", "@class": "array", "dtype": "float64", "data": [[13.0, 0.79, -0.164571], [14.0, 0.82, -0.153489]]}, {"@module": "numpy", "@class": "array", "dtype": "float64", "data": [[13.0, 0.79, -0.161828], [14.0, 0.82, -0.153992]]}], "gw_kppa": 260, "gw_kpt_grid": {"@module": "numpy", "@class": "array", "dtype": "int64", "data": [6, 6, 6]}, "conv_list": [[{"kppa": 0}, {"kpt_grid": "1x1x1"}, {"num_kpts": 1}, {"X_bnds": 400.0}, {"G_bnds": 400.0}, {"X_cutoff": 20.0}, {"gamma_gap": 5.5675539999999994}, {"num_gw_calc": 7}, {"wall_time": 167}, {"num_cores": 8}, {"z-factor": "None"}], [{"kppa": 0}, {"kpt_grid": "1x1x1"}, {"num_kpts": 1}, {"X_bnds": 200}, {"G_bnds": 200}, {"X_cutoff": 4}, {"gamma_gap": 8}, {"num_gw_calc": 1}, {"wall_time": 12}, {"num_cores": 8}, {"z-factor": "None"}], [{"kppa": 10}, {"kpt_grid": "2x2x2"}, {"num_kpts": 1}, {"X_bnds": 200}, {"G_bnds": 200}, {"X_cutoff": 4}, {"gamma_gap": 6.6122559999999995}, {"num_gw_calc": 2}, {"wall_time": 22}, {"num_cores": 8}, {"z-factor": {"@module": "numpy", "@class": "array", "dtype": "float64", "data": [[13.0, 0.83, -0.128114], [14.0, 0.86, -0.11124]]}}], [{"kppa": 60}, {"kpt_grid": "4x4x4"}, {"num_kpts": 1}, {"X_bnds": 200}, {"G_bnds": 200}, {"X_cutoff": 4}, {"gamma_gap": 6.687624}, {"num_gw_calc": 3}, {"wall_time": 86}, {"num_cores": 8}, {"z-factor": {"@module": "numpy", "@class": "array", "dtype": "float64", "data": [[13.0, 0.83, -0.127336], [14.0, 0.87, -0.102111]]}}], [{"kppa": 260}, {"kpt_grid": "6x6x6"}, {"num_kpts": 1}, {"X_bnds": 200}, {"G_bnds": 200}, {"X_cutoff": 4}, {"gamma_gap": 6.682406}, {"num_gw_calc": 4}, {"wall_time": 127}, {"num_cores": 32}, {"z-factor": {"@module": "numpy", "@class": "array", "dtype": "float64", "data": [[13.0, 0.83, -0.128612], [14.0, 0.87, -0.101868]]}}]], "conv_time": 400.1319160461426}, "gw_band_range_pbe": [1, 18], "gw_conv_lda": {"gw_conv_thr": 0.025, "gw_bnd_start": 200, "gw_bnd_step": 100, "gw_cut_start": 4, "gw_cut_step": 4, "kpt_bnd_idx": {"@module": "numpy", "@class": "array", "dtype": "int64", "data": [1, 1, 8, 9]}, "gw_bands": 200, "gw_cutoff": 4, "w_conv_grid": [[200, 4, 4.252262], [300, 4, 4.253254], [300, 8, 4.450347000000001], [300, 8, 4.450347000000001], [300, 12, 4.495234], [300, 12, 4.495234], [300, 16, 4.500932], [300, 16, 4.500932], [400, 16, 4.518002], [400, 20, 4.520891000000001], [400, 20, 4.520891000000001]], "pwcutoff": 72, "w_conv_time": [11.349266529083252, 11.379730224609375, 11.174355506896973, 11.176329374313354, 13.3287353515625, 13.329883337020874, 15.100874662399292, 15.110162496566772, 15.9673330783844, 19.58539652824402, 19.586809396743774], "w_ngw": 7, "w_z_factor": [{"@module": "numpy", "@class": "array", "dtype": "float64", "data": [[8.0, 0.78, -0.183076], [9.0, 0.81, -0.165439]]}, {"@module": "numpy", "@class": "array", "dtype": "float64", "data": [[8.0, 0.78, -0.182957], [9.0, 0.81, -0.165194]]}, {"@module": "numpy", "@class": "array", "dtype": "float64", "data": [[8.0, 0.78, -0.179156], [9.0, 0.81, -0.164752]]}, {"@module": "numpy", "@class": "array", "dtype": "float64", "data": [[8.0, 0.78, -0.178837], [9.0, 0.81, -0.164757]]}, {"@module": "numpy", "@class": "array", "dtype": "float64", "data": [[8.0, 0.78, -0.178197], [9.0, 0.81, -0.164675]]}, {"@module": "numpy", "@class": "array", "dtype": "float64", "data": [[8.0, 0.78, -0.178944], [9.0, 0.81, -0.164701]]}, {"@module": "numpy", "@class": "array", "dtype": "float64", "data": [[8.0, 0.78, -0.178859], [9.0, 0.81, -0.16459]]}], "gw_kppa": 260, "gw_kpt_grid": {"@module": "numpy", "@class": "array", "dtype": "int64", "data": [6, 6, 6]}, "conv_list": [[{"kppa": 0}, {"kpt_grid": "1x1x1"}, {"num_kpts": 1}, {"X_bnds": 400.0}, {"G_bnds": 400.0}, {"X_cutoff": 20.0}, {"gamma_gap": 4.520891000000001}, {"num_gw_calc": 7}, {"wall_time": 162}, {"num_cores": 8}, {"z-factor": "None"}], [{"kppa": 0}, {"kpt_grid": "1x1x1"}, {"num_kpts": 1}, {"X_bnds": 200}, {"G_bnds": 200}, {"X_cutoff": 4}, {"gamma_gap": 8}, {"num_gw_calc": 1}, {"wall_time": 12}, {"num_cores": 8}, {"z-factor": "None"}], [{"kppa": 10}, {"kpt_grid": "2x2x2"}, {"num_kpts": 1}, {"X_bnds": 200}, {"G_bnds": 200}, {"X_cutoff": 4}, {"gamma_gap": 5.71431}, {"num_gw_calc": 2}, {"wall_time": 22}, {"num_cores": 8}, {"z-factor": {"@module": "numpy", "@class": "array", "dtype": "float64", "data": [[8.0, 0.82, -0.162673], [9.0, 0.85, -0.121298]]}}], [{"kppa": 60}, {"kpt_grid": "4x4x4"}, {"num_kpts": 1}, {"X_bnds": 200}, {"G_bnds": 200}, {"X_cutoff": 4}, {"gamma_gap": 5.803777}, {"num_gw_calc": 3}, {"wall_time": 60}, {"num_cores": 8}, {"z-factor": {"@module": "numpy", "@class": "array", "dtype": "float64", "data": [[8.0, 0.82, -0.171361], [9.0, 0.86, -0.111034]]}}], [{"kppa": 260}, {"kpt_grid": "6x6x6"}, {"num_kpts": 1}, {"X_bnds": 200}, {"G_bnds": 200}, {"X_cutoff": 4}, {"gamma_gap": 5.798852}, {"num_gw_calc": 4}, {"wall_time": 84}, {"num_cores": 32}, {"z-factor": {"@module": "numpy", "@class": "array", "dtype": "float64", "data": [[8.0, 0.82, -0.179853], [9.0, 0.86, -0.110478]]}}]], "conv_time": 324.51868081092834},