{"@module": "pymatgen.entries.computed_entries", "@class": "ComputedEntry", "energy": 0.0, "composition": {"Rb": 1.0, "Br": 1.0}, "entry_id": "22167", "correction": 0.0, "energy_adjustments": [], "parameters": {"id": "22167", "name": "RbBr", "ibrav": {"celldm(1)": 12.995268676434824, "ibrav": 2}, "vol": 548.6505229695069, "lda_pw_cutoff_Ry": 36, "qe_conv_pbe": {"qe_conv_maxiter": 20, "qe_delta_kppa": 1500, "qe_delta_cutoff": 5, "qe_conv_thresh": 7.349865078089427e-05, "qe_conv_steps": [[60, 1500, -38.07804586015442], [65, 1500, -38.07806373668877], [65, 3000, -38.07806373342601]], "qe_conv_time": 15.887792110443115}, "num_elec_pbe": 16.0, "max_mem": 43068.0, "qe_conv_lda": {"qe_conv_maxiter": 20, "qe_delta_kppa": 1500, "qe_delta_cutoff": 5, "qe_conv_thresh": 7.349865078089427e-05, "qe_conv_steps": [[36, 1500, -43.0142443697341], [41, 1500, -43.01572464584148], [46, 1500, -43.01592184781351], [51, 1500, -43.01593238445579], [51, 3000, -43.01593237122534]], "qe_conv_time": 21.09617567062378}, "num_elec_lda": 16.0, "bg_conv_pbe": {"bg_conv_maxiter": 20, "bg_delta_kppa": 1500, "bg_delta_cutoff": 5, "bg_conv_thresh": 0.025, "bg_conv_steps": [[65, 3000, 4.322808241760933], [65, 4500, 4.322829440606365]], "bg_conv_time": 11.714837789535522}, "indirect_gap_pbe": 4.3228770465386095, "bg_conv_lda": {"bg_conv_maxiter": 20, "bg_delta_kppa": 1500, "bg_delta_cutoff": 5, "bg_conv_thresh": 0.025, "bg_conv_steps": [[51, 3000, 3.9248500040459287], [51, 4500, 3.924871764736141]], "bg_conv_time": 9.812378406524658}, "indirect_gap_lda": 3.924871314863394, "gw_conv_pbe": {"gw_conv_thr": 0.025, "gw_bnd_start": 200, "gw_bnd_step": 100, "gw_cut_start": 4, "gw_cut_step": 4, "kpt_bnd_idx": {"@module": "numpy", "@class": "array", "dtype": "int64", "data": [1, 1, 8, 9]}, "gw_bands": 200, "gw_cutoff": 4, "w_conv_grid": [[200, 4, 5.189951000000001], [300, 4, 5.1906550000000005], [300, 8, 5.421601], [300, 8, 5.421601], [300, 12, 5.4926829999999995], [300, 12, 5.4926829999999995], [300, 16, 5.513394], [300, 16, 5.513394], [400, 16, 5.532135], [400, 20, 5.5394309999999995], [400, 20, 5.5394309999999995], [500, 20, 5.549944], [500, 24, 5.553030000000001], [500, 24, 5.553030000000001]], "pwcutoff": 65, "w_conv_time": [13.011341571807861, 13.110359191894531, 13.20422887802124, 13.205574989318848, 14.096727848052979, 14.098336696624756, 15.790206909179688, 15.791687250137329, 16.549591779708862, 20.178125143051147, 20.179341554641724, 21.630921363830566, 27.002933740615845, 27.005306243896484], "w_ngw": 9, "w_z_factor": [{"@module": "numpy", "@class": "array", "dtype": "float64", "data": [[8.0, 0.8, -0.157466], [9.0, 0.82, -0.148078]]}, {"@module": "numpy", "@class": "array", "dtype": "float64", "data": [[8.0, 0.79, -0.158838], [9.0, 0.82, -0.148397]]}, {"@module": "numpy", "@class": "array", "dtype": "float64", "data": [[8.0, 0.79, -0.158183], [9.0, 0.82, -0.147558]]}, {"@module": "numpy", "@class": "array", "dtype": "float64", "data": [[8.0, 0.79, -0.156961], [9.0, 0.82, -0.147377]]}, {"@module": "numpy", "@class": "array", "dtype": "float64", "data": [[8.0, 0.79, -0.157279], [9.0, 0.82, -0.147342]]}, {"@module": "numpy", "@class": "array", "dtype": "float64", "data": [[8.0, 0.79, -0.156275], [9.0, 0.82, -0.147289]]}, {"@module": "numpy", "@class": "array", "dtype": "float64", "data": [[8.0, 0.79, -0.155854], [9.0, 0.82, -0.147569]]}, {"@module": "numpy", "@class": "array", "dtype": "float64", "data": [[8.0, 0.79, -0.154527], [9.0, 0.82, -0.14826]]}, {"@module": "numpy", "@class": "array", "dtype": "float64", "data": [[8.0, 0.79, -0.154173], [9.0, 0.82, -0.148269]]}], "gw_kppa": 260, "gw_kpt_grid": {"@module": "numpy", "@class": "array", "dtype": "int64", "data": [6, 6, 6]}, "conv_list": [[{"kppa": 0}, {"kpt_grid": "1x1x1"}, {"num_kpts": 1}, {"X_bnds": 500.0}, {"G_bnds": 500.0}, {"X_cutoff": 24.0}, {"gamma_gap": 5.553030000000001}, {"num_gw_calc": 9}, {"wall_time": 232}, {"num_cores": 8}, {"z-factor": "None"}], [{"kppa": 0}, {"kpt_grid": "1x1x1"}, {"num_kpts": 1}, {"X_bnds": 200}, {"G_bnds": 200}, {"X_cutoff": 4}, {"gamma_gap": 8}, {"num_gw_calc": 1}, {"wall_time": 14}, {"num_cores": 8}, {"z-factor": "None"}], [{"kppa": 10}, {"kpt_grid": "2x2x2"}, {"num_kpts": 1}, {"X_bnds": 200}, {"G_bnds": 200}, {"X_cutoff": 4}, {"gamma_gap": 6.4159500000000005}, {"num_gw_calc": 2}, {"wall_time": 22}, {"num_cores": 8}, {"z-factor": {"@module": "numpy", "@class": "array", "dtype": "float64", "data": [[8.0, 0.83, -0.15424], [9.0, 0.87, -0.966307]]}}], [{"kppa": 60}, {"kpt_grid": "4x4x4"}, {"num_kpts": 1}, {"X_bnds": 200}, {"G_bnds": 200}, {"X_cutoff": 4}, {"gamma_gap": 6.466469}, {"num_gw_calc": 3}, {"wall_time": 52}, {"num_cores": 8}, {"z-factor": {"@module": "numpy", "@class": "array", "dtype": "float64", "data": [[8.0, 0.82, -0.165702], [9.0, 0.88, -0.903091]]}}], [{"kppa": 260}, {"kpt_grid": "6x6x6"}, {"num_kpts": 1}, {"X_bnds": 200}, {"G_bnds": 200}, {"X_cutoff": 4}, {"gamma_gap": 6.468789999999999}, {"num_gw_calc": 4}, {"wall_time": 74}, {"num_cores": 32}, {"z-factor": {"@module": "numpy", "@class": "array", "dtype": "float64", "data": [[8.0, 0.82, -0.181625], [9.0, 0.88, -0.899651]]}}]], "conv_time": 378.9805724620819}, "gw_band_range_pbe": [1, 13], "gw_conv_lda": {"gw_conv_thr": 0.025, "gw_bnd_start": 200, "gw_bnd_step": 100, "gw_cut_start": 4, "gw_cut_step": 4, "kpt_bnd_idx": {"@module": "numpy", "@class": "array", "dtype": "int64", "data": [1, 1, 8, 9]}, "gw_bands": 200, "gw_cutoff": 4, "w_conv_grid": [[200, 4, 4.94249], [300, 4, 4.942977], [300, 8, 5.173559999999999], [300, 8, 5.173559999999999], [300, 12, 5.247524], [300, 12, 5.247524], [300, 16, 5.2707809999999995], [300, 16, 5.2707809999999995], [400, 16, 5.29056], [400, 20, 5.299504], [400, 20, 5.299504], [500, 20, 5.310262], [500, 24, 5.313884], [500, 24, 5.313884]], "pwcutoff": 51, "w_conv_time": [12.59710144996643, 13.130560636520386, 12.728936433792114, 12.730935096740723, 14.155075311660767, 14.157166957855225, 15.373708009719849, 15.375029802322388, 16.62477159500122, 19.752400398254395, 19.754342079162598, 21.449410438537598, 27.195090293884277, 27.196455717086792], "w_ngw": 9, "w_z_factor": [{"@module": "numpy", "@class": "array", "dtype": "float64", "data": [[8.0, 0.79, -0.16708], [9.0, 0.82, -0.154483]]}, {"@module": "numpy", "@class": "array", "dtype": "float64", "data": [[8.0, 0.79, -0.171411], [9.0, 0.82, -0.154496]]}, {"@module": "numpy", "@class": "array", "dtype": "float64", "data": [[8.0, 0.78, -0.164439], [9.0, 0.82, -0.153914]]}, {"@module": "numpy", "@class": "array", "dtype": "float64", "data": [[8.0, 0.78, -0.164003], [9.0, 0.82, -0.153835]]}, {"@module": "numpy", "@class": "array", "dtype": "float64", "data": [[8.0, 0.78, -0.167541], [9.0, 0.82, -0.153876]]}, {"@module": "numpy", "@class": "array", "dtype": "float64", "data": [[8.0, 0.78, -0.161997], [9.0, 0.82, -0.153826]]}, {"@module": "numpy", "@class": "array", "dtype": "float64", "data": [[8.0, 0.78, -0.164276], [9.0, 0.82, -0.153829]]}, {"@module": "numpy", "@class": "array", "dtype": "float64", "data": [[8.0, 0.78, -0.163518], [9.0, 0.82, -0.153817]]}, {"@module": "numpy", "@class": "array", "dtype": "float64", "data": [[8.0, 0.78, -0.163588], [9.0, 0.82, -0.153823]]}], "gw_kppa": 260, "gw_kpt_grid": {"@module": "numpy", "@class": "array", "dtype": "int64", "data": [6, 6, 6]}, "conv_list": [[{"kppa": 0}, {"kpt_grid": "1x1x1"}, {"num_kpts": 1}, {"X_bnds": 500.0}, {"G_bnds": 500.0}, {"X_cutoff": 24.0}, {"gamma_gap": 5.313884}, {"num_gw_calc": 9}, {"wall_time": 247}, {"num_cores": 8}, {"z-factor": "None"}], [{"kppa": 0}, {"kpt_grid": "1x1x1"}, {"num_kpts": 1}, {"X_bnds": 200}, {"G_bnds": 200}, {"X_cutoff": 4}, {"gamma_gap": 8}, {"num_gw_calc": 1}, {"wall_time": 13}, {"num_cores": 8}, {"z-factor": "None"}], [{"kppa": 10}, {"kpt_grid": "2x2x2"}, {"num_kpts": 1}, {"X_bnds": 200}, {"G_bnds": 200}, {"X_cutoff": 4}, {"gamma_gap": 6.465999}, {"num_gw_calc": 2}, {"wall_time": 22}, {"num_cores": 8}, {"z-factor": {"@module": "numpy", "@class": "array",