{"@module": "pymatgen.entries.computed_entries", "@class": "ComputedEntry", "energy": 0.0, "composition": {"Zn": 2.0, "Sn": 2.0, "P": 4.0}, "entry_id": "22179", "correction": 0.0, "energy_adjustments": [], "parameters": {"id": "22179", "name": "ZnSnP2", "ibrav": {"celldm(1)": 10.678842381708526, "ibrav": 7, "celldm(3)": 2.0}, "vol": 1217.790352772787, "lda_pw_cutoff_Ry": 64, "qe_conv_pbe": {"qe_conv_maxiter": 20, "qe_delta_kppa": 1500, "qe_delta_cutoff": 5, "qe_conv_thresh": 0.00029399460312357707, "qe_conv_steps": [[60, 1500, -547.4213709702377], [65, 1500, -547.4241740351367], [70, 1500, -547.4243518381844], [70, 3000, -547.4243756466436]], "qe_conv_time": 166.68539452552795}, "num_elec_pbe": 88.00000000000001, "max_mem": 440379.0, "qe_conv_lda": {"qe_conv_maxiter": 20, "qe_delta_kppa": 1500, "qe_delta_cutoff": 5, "qe_conv_thresh": 0.00029399460312357707, "qe_conv_steps": [[64, 1500, -602.8149563565013], [69, 1500, -602.8341748134955], [74, 1500, -602.8385167535343], [79, 1500, -602.8392138854362], [84, 1500, -602.839280989035], [84, 3000, -602.8393140841176]], "qe_conv_time": 216.3388385772705}, "num_elec_lda": 88.00000000000001, "bg_conv_pbe": {"bg_conv_maxiter": 20, "bg_delta_kppa": 1500, "bg_delta_cutoff": 5, "bg_conv_thresh": 0.025, "bg_conv_steps": [[70, 3000, 0.9684698374184711], [70, 6000, 0.9684827106538202]], "bg_conv_time": 154.8490080833435}, "indirect_gap_pbe": 0.9684703605652951, "bg_conv_lda": {"bg_conv_maxiter": 20, "bg_delta_kppa": 1500, "bg_delta_cutoff": 5, "bg_conv_thresh": 0.025, "bg_conv_steps": [[84, 3000, 0.7691064300109379], [84, 6000, 0.7691298201809433]], "bg_conv_time": 144.14302897453308}, "indirect_gap_lda": 0.7691025710738278, "gw_conv_pbe": {"gw_conv_thr": 0.025, "gw_bnd_start": 200, "gw_bnd_step": 100, "gw_cut_start": 4, "gw_cut_step": 4, "kpt_bnd_idx": {"@module": "numpy", "@class": "array", "dtype": "int64", "data": [1, 1, 44, 45]}, "gw_bands": 200, "gw_cutoff": 4, "w_conv_grid": [[200, 4, 1.14933], [300, 4, 1.1287690000000001], [300, 8, 1.14362], [300, 8, 1.14362]], "pwcutoff": 70, "w_conv_time": [12.477238416671753, 12.640719652175903, 14.69035291671753, 14.692063808441162], "w_ngw": 3, "w_z_factor": [{"@module": "numpy", "@class": "array", "dtype": "float64", "data": [[44.0, 0.78, -0.13563], [45.0, 0.79, -0.134715]]}, {"@module": "numpy", "@class": "array", "dtype": "float64", "data": [[44.0, 0.78, -0.131772], [45.0, 0.79, -0.131128]]}, {"@module": "numpy", "@class": "array", "dtype": "float64", "data": [[44.0, 0.78, -0.132496], [45.0, 0.79, -0.131688]]}], "gw_kppa": 1000, "gw_kpt_grid": {"@module": "numpy", "@class": "array", "dtype": "int64", "data": [6, 6, 6]}, "conv_list": [[{"kppa": 0}, {"kpt_grid": "1x1x1"}, {"num_kpts": 1}, {"X_bnds": 300.0}, {"G_bnds": 300.0}, {"X_cutoff": 8.0}, {"gamma_gap": 1.14362}, {"num_gw_calc": 3}, {"wall_time": 244}, {"num_cores": 8}, {"z-factor": "None"}], [{"kppa": 0}, {"kpt_grid": "1x1x1"}, {"num_kpts": 1}, {"X_bnds": 200}, {"G_bnds": 200}, {"X_cutoff": 4}, {"gamma_gap": 8}, {"num_gw_calc": 1}, {"wall_time": 13}, {"num_cores": 8}, {"z-factor": "None"}], [{"kppa": 10}, {"kpt_grid": "2x2x2"}, {"num_kpts": 1}, {"X_bnds": 200}, {"G_bnds": 200}, {"X_cutoff": 4}, {"gamma_gap": 1.422869}, {"num_gw_calc": 2}, {"wall_time": 74}, {"num_cores": 8}, {"z-factor": {"@module": "numpy", "@class": "array", "dtype": "float64", "data": [[44.0, 0.78, -0.147285], [45.0, 0.79, -0.145029]]}}], [{"kppa": 220}, {"kpt_grid": "4x4x4"}, {"num_kpts": 1}, {"X_bnds": 200}, {"G_bnds": 200}, {"X_cutoff": 4}, {"gamma_gap": 1.5019019999999998}, {"num_gw_calc": 3}, {"wall_time": 1320}, {"num_cores": 8}, {"z-factor": {"@module": "numpy", "@class": "array", "dtype": "float64", "data": [[44.0, 0.79, -0.146112], [45.0, 0.79, -0.14122]]}}], [{"kppa": 1000}, {"kpt_grid": "6x6x6"}, {"num_kpts": 1}, {"X_bnds": 200}, {"G_bnds": 200}, {"X_cutoff": 4}, {"gamma_gap": 1.5078550000000002}, {"num_gw_calc": 4}, {"wall_time": 3294}, {"num_cores": 32}, {"z-factor": {"@module": "numpy", "@class": "array", "dtype": "float64", "data": [[44.0, 0.79, -0.146244], [45.0, 0.79, -0.140461]]}}]], "conv_time": 4929.535510778427}, "gw_band_range_pbe": [1, 53], "gw_conv_lda": {"gw_conv_thr": 0.025, "gw_bnd_start": 200, "gw_bnd_step": 100, "gw_cut_start": 4, "gw_cut_step": 4, "kpt_bnd_idx": {"@module": "numpy", "@class": "array", "dtype": "int64", "data": [1, 1, 44, 45]}, "gw_bands": 200, "gw_cutoff": 4, "w_conv_grid": [[200, 4, 1.236414], [300, 4, 1.211221], [400, 4, 1.2049530000000002], [400, 8, 1.20943], [400, 8, 1.20943], [500, 8, 1.205625], [500, 12, 1.202588], [500, 12, 1.202588]], "pwcutoff": 84, "w_conv_time": [12.852531433105469, 13.534572124481201, 14.90836477279663, 17.203121423721313, 17.205086708068848, 17.900529384613037, 27.77872896194458, 27.779471158981323], "w_ngw": 6, "w_z_factor": [{"@module": "numpy", "@class": "array", "dtype": "float64", "data": [[44.0, 0.78, -0.133197], [45.0, 0.79, -0.132981]]}, {"@module": "numpy", "@class": "array", "dtype": "float64", "data": [[44.0, 0.79, -0.129101], [45.0, 0.79, -0.128666]]}, {"@module": "numpy", "@class": "array", "dtype": "float64", "data": [[44.0, 0.79, -0.127625], [45.0, 0.79, -0.127858]]}, {"@module": "numpy", "@class": "array", "dtype": "float64", "data": [[44.0, 0.78, -0.12877], [45.0, 0.79, -0.128199]]}, {"@module": "numpy", "@class": "array", "dtype": "float64", "data": [[44.0, 0.78, -0.128337], [45.0, 0.79, -0.127434]]}, {"@module": "numpy", "@class": "array", "dtype": "float64", "data": [[44.0, 0.78, -0.128485], [45.0, 0.79, -0.127708]]}], "gw_kppa": 1000, "gw_kpt_grid": {"@module": "numpy", "@class": "array", "dtype": "int64", "data": [6, 6, 6]}, "conv_list": [[{"kppa": 0}, {"kpt_grid": "1x1x1"}, {"num_kpts": 1}, {"X_bnds": 500.0}, {"G_bnds": 500.0}, {"X_cutoff": 12.0}, {"gamma_gap": 1.202588}, {"num_gw_calc": 6}, {"wall_time": 315}, {"num_cores": 8}, {"z-factor": "None"}], [{"kppa": 0}, {"kpt_grid": "1x1x1"}, {"num_kpts": 1}, {"X_bnds": 200}, {"G_bnds": 200}, {"X_cutoff": 4}, {"gamma_gap": 4}, {"num_gw_calc": 1}, {"wall_time": 13}, {"num_cores": 8}, {"z-factor": "None"}], [{"kppa": 10}, {"kpt_grid": "2x2x2"}, {"num_kpts": 1}, {"X_bnds": 200}, {"G_bnds": 200}, {"X_cutoff": 4}, {"gamma_gap": 1.463095}, {"num_gw_calc": 2}, {"wall_time": 56}, {"num_cores": 8}, {"z-factor": {"@module": "numpy", "@class": "array", "dtype": "float64", "data": [[44.0, 0.78, -0.151163], [45.0, 0.79, -0.148697]]}}], [{"kppa": 220}, {"kpt_grid": "4x4x4"}, {"num_kpts": 1}, {"X_bnds": 200}, {"G_bnds": 200}, {"X_cutoff": 4}, {"gamma_gap": 1.5349}, {"num_gw_calc": 3}, {"wall_time": 774}, {"num_cores": 8}, {"z-factor": {"@module": "numpy", "@class": "array", "dtype": "float64", "data": [[44.0, 0.78, -0.151477], [45.0, 0.79, -0.146362]]}}], [{"kppa": 1000}, {"kpt_grid": "6x6x6"}, {"num_kpts": 1}, {"X_bnds": 200}, {"G_bnds": 200}, {"X_cutoff": 4}, {"gamma_gap": 1.546833}, {"num_gw_calc": 4}, {"wall_time": 1791}, {"num_cores": 32}, {"z-factor": {"@module": "numpy", "@class": "array", "dtype": "float64", "data": [[44.0, 0.78, -0.150924], [45.0, 0.79, -0.145155]]}}]], "conv_time": 2934.3832495212555}, "gw_band_range_lda": [1, 53], "g0w0_ppa_pbe": {"gw_direct_gap": 1.479895, "kppa": 2750, "kpt_grid": "8x8x8", "num_kpt": 78, "bands_in X": 400, "bands_in_G": 400, "cutoff": 12, "z_factor": [[44.0, 0.78, -0.00141103], [45.0, 0.79, -0.00135603]], "scissor": 0.511425, "ncpu": 16, "calc_time": 103860.23288702965}, "g0w0_ppa_lda": {"gw_direct_gap": 1.497243, "kppa": 2750, "kpt_grid": "8x8x8", "num_kpt": 78, "bands_in X": 600, "bands_in_G": 600, "cutoff": 16, "z_factor": {"@module": "numpy", "@class": "array", "dtype": "float64", "data": [[44.0, 0.78, -0.00144934], [45.0, 0.79, -0.00138991]]}, "scissor": 0.728137, "ncpu": 32, "calc_time": 753978.2708985806}}, "data": {}}