{"@module": "pymatgen.entries.computed_entries", "@class": "ComputedEntry", "energy": 0.0, "composition": {"Cd": 2.0, "Si": 2.0, "As": 4.0}, "entry_id": "22187", "correction": 0.0, "energy_adjustments": [], "parameters": {"id": "22187", "name": "CdSiAs2", "ibrav": {"celldm(1)": 11.121038297001357, "ibrav": 7, "celldm(3)": 1.8489379779099406}, "vol": 1271.5351095529402, "lda_pw_cutoff_Ry": 94, "qe_conv_pbe": {"qe_conv_maxiter": 20, "qe_delta_kppa": 1500, "qe_delta_cutoff": 5, "qe_conv_thresh": 0.00029399460312357707, "qe_conv_steps": [[60, 1500, -344.148177360828], [65, 1500, -344.1481897601536], [65, 3000, -344.1482203530685]], "qe_conv_time": 90.85535454750061}, "num_elec_pbe": 68.00000000000001, "max_mem": 362698.0, "qe_conv_lda": {"qe_conv_maxiter": 20, "qe_delta_kppa": 1500, "qe_delta_cutoff": 5, "qe_conv_thresh": 0.00029399460312357707, "qe_conv_steps": [[94, 1500, -782.9752388833163], [99, 1500, -782.9756561060508], [104, 1500, -782.9757737997268], [104, 3000, -782.975814180618]], "qe_conv_time": 262.2820954322815}, "num_elec_lda": 108.0, "bg_conv_pbe": {"bg_conv_maxiter": 20, "bg_delta_kppa": 1500, "bg_delta_cutoff": 5, "bg_conv_thresh": 0.025, "bg_conv_steps": [[65, 3000, 0.815907976510852], [65, 6000, 0.8159225254713492]], "bg_conv_time": 100.17455768585205}, "indirect_gap_pbe": 0.8159062910656646, "bg_conv_lda": {"bg_conv_maxiter": 20, "bg_delta_kppa": 1500, "bg_delta_cutoff": 5, "bg_conv_thresh": 0.025, "bg_conv_steps": [[104, 3000, 0.6082584835663436], [104, 6000, 0.6082930176634735]], "bg_conv_time": 239.40586876869202}, "indirect_gap_lda": 0.608256925428884, "gw_conv_pbe": {"gw_conv_thr": 0.025, "gw_bnd_start": 200, "gw_bnd_step": 100, "gw_cut_start": 4, "gw_cut_step": 4, "kpt_bnd_idx": {"@module": "numpy", "@class": "array", "dtype": "int64", "data": [1, 1, 34, 35]}, "gw_bands": 200, "gw_cutoff": 4, "w_conv_grid": [[200, 4, 0.9019980000000001], [300, 4, 0.895603], [300, 8, 0.9590799999999999], [300, 8, 0.9590799999999999], [300, 12, 0.962687], [300, 12, 0.962687], [400, 12, 0.9634799999999999], [400, 16, 0.965051], [400, 16, 0.965051]], "pwcutoff": 65, "w_conv_time": [12.157758951187134, 12.605593919754028, 14.630889654159546, 14.632439851760864, 21.138264656066895, 21.1403386592865, 23.570897579193115, 37.78363490104675, 37.78562331199646], "w_ngw": 6, "w_z_factor": [{"@module": "numpy", "@class": "array", "dtype": "float64", "data": [[34.0, 0.8, -0.129387], [35.0, 0.8, -0.12962]]}, {"@module": "numpy", "@class": "array", "dtype": "float64", "data": [[34.0, 0.8, -0.12563], [35.0, 0.8, -0.127695]]}, {"@module": "numpy", "@class": "array", "dtype": "float64", "data": [[34.0, 0.79, -0.127215], [35.0, 0.79, -0.128386]]}, {"@module": "numpy", "@class": "array", "dtype": "float64", "data": [[34.0, 0.79, -0.127171], [35.0, 0.79, -0.12833]]}, {"@module": "numpy", "@class": "array", "dtype": "float64", "data": [[34.0, 0.79, -0.12584], [35.0, 0.79, -0.126857]]}, {"@module": "numpy", "@class": "array", "dtype": "float64", "data": [[34.0, 0.79, -0.125866], [35.0, 0.79, -0.126861]]}], "gw_kppa": 1000, "gw_kpt_grid": {"@module": "numpy", "@class": "array", "dtype": "int64", "data": [6, 6, 6]}, "conv_list": [[{"kppa": 0}, {"kpt_grid": "1x1x1"}, {"num_kpts": 1}, {"X_bnds": 400.0}, {"G_bnds": 400.0}, {"X_cutoff": 16.0}, {"gamma_gap": 0.965051}, {"num_gw_calc": 6}, {"wall_time": 278}, {"num_cores": 8}, {"z-factor": "None"}], [{"kppa": 0}, {"kpt_grid": "1x1x1"}, {"num_kpts": 1}, {"X_bnds": 200}, {"G_bnds": 200}, {"X_cutoff": 4}, {"gamma_gap": 8}, {"num_gw_calc": 1}, {"wall_time": 13}, {"num_cores": 8}, {"z-factor": "None"}], [{"kppa": 10}, {"kpt_grid": "2x2x2"}, {"num_kpts": 1}, {"X_bnds": 200}, {"G_bnds": 200}, {"X_cutoff": 4}, {"gamma_gap": 1.1262670000000001}, {"num_gw_calc": 2}, {"wall_time": 41}, {"num_cores": 8}, {"z-factor": {"@module": "numpy", "@class": "array", "dtype": "float64", "data": [[34.0, 0.79, -0.147441], [35.0, 0.79, -0.14557]]}}], [{"kppa": 220}, {"kpt_grid": "4x4x4"}, {"num_kpts": 1}, {"X_bnds": 200}, {"G_bnds": 200}, {"X_cutoff": 4}, {"gamma_gap": 1.1889370000000001}, {"num_gw_calc": 3}, {"wall_time": 411}, {"num_cores": 8}, {"z-factor": {"@module": "numpy", "@class": "array", "dtype": "float64", "data": [[34.0, 0.79, -0.147657], [35.0, 0.8, -0.142962]]}}], [{"kppa": 1000}, {"kpt_grid": "6x6x6"}, {"num_kpts": 1}, {"X_bnds": 200}, {"G_bnds": 200}, {"X_cutoff": 4}, {"gamma_gap": 1.193527}, {"num_gw_calc": 4}, {"wall_time": 2679}, {"num_cores": 32}, {"z-factor": {"@module": "numpy", "@class": "array", "dtype": "float64", "data": [[34.0, 0.79, -0.147025], [35.0, 0.8, -0.14177]]}}]], "conv_time": 3406.966830253601}, "gw_band_range_pbe": [1, 43], "gw_conv_lda": {"gw_conv_thr": 0.025, "gw_bnd_start": 200, "gw_bnd_step": 100, "gw_cut_start": 4, "gw_cut_step": 4, "kpt_bnd_idx": {"@module": "numpy", "@class": "array", "dtype": "int64", "data": [1, 1, 54, 55]}, "gw_bands": 200, "gw_cutoff": 4, "w_conv_grid": [[200, 4, 1.344914], [300, 4, 1.322627], [300, 8, 1.3511250000000001], [300, 8, 1.3511250000000001], [300, 12, 1.355517], [300, 12, 1.355517]], "pwcutoff": 104, "w_conv_time": [13.030810117721558, 14.086829423904419, 17.7200129032135, 17.720985889434814, 26.13781976699829, 26.143670082092285], "w_ngw": 4, "w_z_factor": [{"@module": "numpy", "@class": "array", "dtype": "float64", "data": [[54.0, 0.8, -0.120463], [55.0, 0.8, -0.121684]]}, {"@module": "numpy", "@class": "array", "dtype": "float64", "data": [[54.0, 0.8, -0.118606], [55.0, 0.8, -0.118381]]}, {"@module": "numpy", "@class": "array", "dtype": "float64", "data": [[54.0, 0.8, -0.119734], [55.0, 0.8, -0.119102]]}, {"@module": "numpy", "@class": "array", "dtype": "float64", "data": [[54.0, 0.8, -0.11942], [55.0, 0.8, -0.118957]]}], "gw_kppa": 1000, "gw_kpt_grid": {"@module": "numpy", "@class": "array", "dtype": "int64", "data": [6, 6, 6]}, "conv_list": [[{"kppa": 0}, {"kpt_grid": "1x1x1"}, {"num_kpts": 1}, {"X_bnds": 300.0}, {"G_bnds": 300.0}, {"X_cutoff": 12.0}, {"gamma_gap": 1.355517}, {"num_gw_calc": 4}, {"wall_time": 456}, {"num_cores": 8}, {"z-factor": "None"}], [{"kppa": 0}, {"kpt_grid": "1x1x1"}, {"num_kpts": 1}, {"X_bnds": 200}, {"G_bnds": 200}, {"X_cutoff": 4}, {"gamma_gap": 8}, {"num_gw_calc": 1}, {"wall_time": 14}, {"num_cores": 8}, {"z-factor": "None"}], [{"kppa": 10}, {"kpt_grid": "2x2x2"}, {"num_kpts": 1}, {"X_bnds": 200}, {"G_bnds": 200}, {"X_cutoff": 4}, {"gamma_gap": 1.528679}, {"num_gw_calc": 2}, {"wall_time": 96}, {"num_cores": 8}, {"z-factor": {"@module": "numpy", "@class": "array", "dtype": "float64", "data": [[54.0, 0.79, -0.146134], [55.0, 0.79, -0.143917]]}}], [{"kppa": 220}, {"kpt_grid": "4x4x4"}, {"num_kpts": 1}, {"X_bnds": 200}, {"G_bnds": 200}, {"X_cutoff": 4}, {"gamma_gap": 1.582127}, {"num_gw_calc": 3}, {"wall_time": 1836}, {"num_cores": 8}, {"z-factor": {"@module": "numpy", "@class": "array", "dtype": "float64", "data": [[54.0, 0.79, -0.147649], [55.0, 0.8, -0.142477]]}}], [{"kppa": 1000}, {"kpt_grid": "6x6x6"}, {"num_kpts": 1}, {"X_bnds": 200}, {"G_bnds": 200}, {"X_cutoff": 4}, {"gamma_gap": 1.594208}, {"num_gw_calc": 4}, {"wall_time": 4009}, {"num_cores": 32}, {"z-factor": {"@module": "numpy", "@class": "array", "dtype": "float64", "data": [[54.0, 0.79, -0.14669], [55.0, 0.8, -0.140883]]}}]], "conv_time": 6394.360142707825}, "gw_band_range_lda": [1, 63], "g0w0_ppa_pbe": {"gw_direct_gap": 1.235308, "kppa": 2750, "kpt_grid": "8x8x8", "num_kpt": 78, "bands_in X": 500, "bands_in_G": 500, "cutoff": 20, "z_factor": [[34.0, 0.79, -0.00143451], [35.0, 0.79, -0.0013772]], "scissor": 0.4194, "ncpu": 16, "calc_time": 288441.9577612877}, "g0w0_ppa_lda": {"gw_direct_gap": 1.566271, "kppa": 2750, "kpt_grid": "8x8x8", "num_kpt": 78, "bands_in X": 400, "bands_in_G": 400, "cutoff": 16, "z_factor": {"@module": "numpy", "@class": "array", "dtype": "float64", "data": [[54.0, 0.79, -0.00140511], [55.0, 0.8, -0.0013588]]}, "scissor": 0.958012, "ncpu": 32, "calc_time": 505169.54983329773}}, "data": {}}