{"@module": "pymatgen.entries.computed_entries", "@class": "ComputedEntry", "energy": 0.0, "composition": {"Mg": 2.0, "Si": 2.0, "P": 4.0}, "entry_id": "22189", "correction": 0.0, "energy_adjustments": [], "parameters": {"id": "22189", "name": "MgSiP2", "ibrav": {"celldm(1)": 10.80545403266844, "ibrav": 7, "celldm(3)": 1.7689751661420077}, "vol": 1115.8884973841068, "lda_pw_cutoff_Ry": 76, "qe_conv_pbe": {"qe_conv_maxiter": 20, "qe_delta_kppa": 1500, "qe_delta_cutoff": 5, "qe_conv_thresh": 0.00029399460312357707, "qe_conv_steps": [[60, 1500, -143.050756782956], [65, 1500, -143.0512193785781], [70, 1500, -143.0516533978697], [75, 1500, -143.0520154856317], [80, 1500, -143.0522895862007], [80, 3000, -143.0522906477792]], "qe_conv_time": 105.11205196380615}, "num_elec_pbe": 48.00000000000001, "max_mem": 138616.0, "qe_conv_lda": {"qe_conv_maxiter": 20, "qe_delta_kppa": 1500, "qe_delta_cutoff": 5, "qe_conv_thresh": 0.00029399460312357707, "qe_conv_steps": [[76, 1500, -155.0289762109628], [81, 1500, -155.0293766450236], [86, 1500, -155.0294315549779], [86, 3000, -155.0294335935098]], "qe_conv_time": 85.81163382530212}, "num_elec_lda": 48.00000000000001, "bg_conv_pbe": {"bg_conv_maxiter": 20, "bg_delta_kppa": 1500, "bg_delta_cutoff": 5, "bg_conv_thresh": 0.025, "bg_conv_steps": [[80, 3000, 1.2949648270582708], [80, 6000, 1.2949558968171733]], "bg_conv_time": 69.194340467453}, "indirect_gap_pbe": 1.2949551664275427, "bg_conv_lda": {"bg_conv_maxiter": 20, "bg_delta_kppa": 1500, "bg_delta_cutoff": 5, "bg_conv_thresh": 0.025, "bg_conv_steps": [[86, 3000, 1.1705503479412358], [86, 6000, 1.1705547225717117]], "bg_conv_time": 73.78210139274597}, "indirect_gap_lda": 1.1705534478532806, "gw_conv_pbe": {"gw_conv_thr": 0.025, "gw_bnd_start": 200, "gw_bnd_step": 100, "gw_cut_start": 4, "gw_cut_step": 4, "kpt_bnd_idx": {"@module": "numpy", "@class": "array", "dtype": "int64", "data": [1, 1, 24, 25]}, "gw_bands": 200, "gw_cutoff": 4, "w_conv_grid": [[200, 4, 1.408585], [300, 4, 1.400208], [300, 8, 1.600036], [300, 8, 1.600036], [300, 12, 1.6416979999999999], [300, 12, 1.6416979999999999], [300, 16, 1.650686], [300, 16, 1.650686], [400, 16, 1.67219], [400, 20, 1.675114], [400, 20, 1.675114]], "pwcutoff": 80, "w_conv_time": [13.512037754058838, 13.982610702514648, 15.161516189575195, 15.163239240646362, 19.93746018409729, 19.939337015151978, 30.71842122077942, 30.71993851661682, 35.36975383758545, 56.62110090255737, 56.62248778343201], "w_ngw": 7, "w_z_factor": [{"@module": "numpy", "@class": "array", "dtype": "float64", "data": [[24.0, 0.77, -0.17026], [25.0, 0.79, -0.165411]]}, {"@module": "numpy", "@class": "array", "dtype": "float64", "data": [[24.0, 0.77, -0.168142], [25.0, 0.79, -0.163983]]}, {"@module": "numpy", "@class": "array", "dtype": "float64", "data": [[24.0, 0.76, -0.169665], [25.0, 0.79, -0.164199]]}, {"@module": "numpy", "@class": "array", "dtype": "float64", "data": [[24.0, 0.76, -0.169592], [25.0, 0.79, -0.16423]]}, {"@module": "numpy", "@class": "array", "dtype": "float64", "data": [[24.0, 0.76, -0.169569], [25.0, 0.79, -0.16423]]}, {"@module": "numpy", "@class": "array", "dtype": "float64", "data": [[24.0, 0.76, -0.16851], [25.0, 0.79, -0.163564]]}, {"@module": "numpy", "@class": "array", "dtype": "float64", "data": [[24.0, 0.76, -0.168628], [25.0, 0.79, -0.163649]]}], "gw_kppa": 1000, "gw_kpt_grid": {"@module": "numpy", "@class": "array", "dtype": "int64", "data": [6, 6, 6]}, "conv_list": [[{"kppa": 0}, {"kpt_grid": "1x1x1"}, {"num_kpts": 1}, {"X_bnds": 400.0}, {"G_bnds": 400.0}, {"X_cutoff": 20.0}, {"gamma_gap": 1.675114}, {"num_gw_calc": 7}, {"wall_time": 329}, {"num_cores": 8}, {"z-factor": "None"}], [{"kppa": 0}, {"kpt_grid": "1x1x1"}, {"num_kpts": 1}, {"X_bnds": 200}, {"G_bnds": 200}, {"X_cutoff": 4}, {"gamma_gap": 8}, {"num_gw_calc": 1}, {"wall_time": 14}, {"num_cores": 8}, {"z-factor": "None"}], [{"kppa": 10}, {"kpt_grid": "2x2x2"}, {"num_kpts": 1}, {"X_bnds": 200}, {"G_bnds": 200}, {"X_cutoff": 4}, {"gamma_gap": 1.7602609999999999}, {"num_gw_calc": 2}, {"wall_time": 63}, {"num_cores": 8}, {"z-factor": {"@module": "numpy", "@class": "array", "dtype": "float64", "data": [[24.0, 0.78, -0.165841], [25.0, 0.8, -0.156861]]}}], [{"kppa": 220}, {"kpt_grid": "4x4x4"}, {"num_kpts": 1}, {"X_bnds": 200}, {"G_bnds": 200}, {"X_cutoff": 4}, {"gamma_gap": 1.808915}, {"num_gw_calc": 3}, {"wall_time": 999}, {"num_cores": 8}, {"z-factor": {"@module": "numpy", "@class": "array", "dtype": "float64", "data": [[24.0, 0.78, -0.165128], [25.0, 0.8, -0.155157]]}}], [{"kppa": 1000}, {"kpt_grid": "6x6x6"}, {"num_kpts": 1}, {"X_bnds": 200}, {"G_bnds": 200}, {"X_cutoff": 4}, {"gamma_gap": 1.8095340000000002}, {"num_gw_calc": 4}, {"wall_time": 2246}, {"num_cores": 32}, {"z-factor": {"@module": "numpy", "@class": "array", "dtype": "float64", "data": [[24.0, 0.78, -0.165264], [25.0, 0.8, -0.155475]]}}]], "conv_time": 3635.6679468154907}, "gw_band_range_pbe": [1, 33], "gw_conv_lda": {"gw_conv_thr": 0.025, "gw_bnd_start": 200, "gw_bnd_step": 100, "gw_cut_start": 4, "gw_cut_step": 4, "kpt_bnd_idx": {"@module": "numpy", "@class": "array", "dtype": "int64", "data": [1, 1, 24, 25]}, "gw_bands": 200, "gw_cutoff": 4, "w_conv_grid": [[200, 4, 1.462299], [300, 4, 1.453217], [300, 8, 1.6512449999999999], [300, 8, 1.6512449999999999], [300, 12, 1.6936499999999999], [300, 12, 1.6936499999999999], [300, 16, 1.7032], [300, 16, 1.7032], [400, 16, 1.72505], [400, 20, 1.72851], [400, 20, 1.72851], [500, 20, 1.739869], [500, 24, 1.740999], [500, 24, 1.740999]], "pwcutoff": 86, "w_conv_time": [13.870256423950195, 15.332425832748413, 16.971614837646484, 16.97313380241394, 21.952099323272705, 21.953516721725464, 32.74493145942688, 32.746464252471924, 37.852619886398315, 60.374560832977295, 60.37609815597534, 69.13907551765442, 112.56369733810425, 112.56521940231323], "w_ngw": 9, "w_z_factor": [{"@module": "numpy", "@class": "array", "dtype": "float64", "data": [[24.0, 0.77, -0.17544], [25.0, 0.78, -0.169609]]}, {"@module": "numpy", "@class": "array", "dtype": "float64", "data": [[24.0, 0.77, -0.168662], [25.0, 0.78, -0.165828]]}, {"@module": "numpy", "@class": "array", "dtype": "float64", "data": [[24.0, 0.76, -0.172664], [25.0, 0.78, -0.168062]]}, {"@module": "numpy", "@class": "array", "dtype": "float64", "data": [[24.0, 0.76, -0.171808], [25.0, 0.78, -0.166988]]}, {"@module": "numpy", "@class": "array", "dtype": "float64", "data": [[24.0, 0.76, -0.172078], [25.0, 0.78, -0.166878]]}, {"@module": "numpy", "@class": "array", "dtype": "float64", "data": [[24.0, 0.76, -0.170482], [25.0, 0.78, -0.16573]]}, {"@module": "numpy", "@class": "array", "dtype": "float64", "data": [[24.0, 0.76, -0.170847], [25.0, 0.78, -0.165731]]}, {"@module": "numpy", "@class": "array", "dtype": "float64", "data": [[24.0, 0.76, -0.170452], [25.0, 0.78, -0.165416]]}, {"@module": "numpy", "@class": "array", "dtype": "float64", "data": [[24.0, 0.76, -0.170485], [25.0, 0.78, -0.165425]]}], "gw_kppa": 1000, "gw_kpt_grid": {"@module": "numpy", "@class": "array", "dtype": "int64", "data": [6, 6, 6]}, "conv_list": [[{"kppa": 0}, {"kpt_grid": "1x1x1"}, {"num_kpts": 1}, {"X_bnds": 500.0}, {"G_bnds": 500.0}, {"X_cutoff": 24.0}, {"gamma_gap": 1.740999}, {"num_gw_calc": 9}, {"wall_time": 554}, {"num_cores": 8}, {"z-factor": "None"}], [{"kppa": 0}, {"kpt_grid": "1x1x1"}, {"num_kpts": 1}, {"X_bnds": 200}, {"G_bnds": 200}, {"X_cutoff": 4}, {"gamma_gap": 8}, {"num_gw_calc": 1}, {"wall_time": 14}, {"num_cores": 8}, {"z-factor": "None"}], [{"kppa": 10}, {"kpt_grid": "2x2x2"}, {"num_kpts": 1}, {"X_bnds": 200}, {"G_bnds": 200}, {"X_cutoff": 4}, {"gamma_gap": 1.8019509999999999}, {"num_gw_calc": 2}, {"wall_time": 53}, {"num_cores": 8}, {"z-factor": {"@module": "numpy", "@class": "array", "dtype": "float64",