{"@module": "pymatgen.entries.computed_entries", "@class": "ComputedEntry", "energy": 0.0, "composition": {"In": 2.0, "Ag": 2.0, "Te": 4.0}, "entry_id": "236191", "correction": 0.0, "energy_adjustments": [], "parameters": {"id": "236191", "name": "InAgTe2", "ibrav": {"celldm(1)": 12.146214724549912, "ibrav": 7, "celldm(3)": 1.961711396343835}, "vol": 1757.632128964075, "lda_pw_cutoff_Ry": 78, "qe_conv_pbe": {"qe_conv_maxiter": 20, "qe_delta_kppa": 1500, "qe_delta_cutoff": 5, "qe_conv_thresh": 0.00029399460312357707, "qe_conv_steps": [[60, 1500, -741.8664329002784], [65, 1500, -741.8671098826062], [70, 1500, -741.8673554746601], [70, 3000, -741.8673873326857]], "qe_conv_time": 303.72606086730957}, "num_elec_pbe": 128.0, "max_mem": 174158.0, "qe_conv_lda": {"qe_conv_maxiter": 20, "qe_delta_kppa": 1500, "qe_delta_cutoff": 5, "qe_conv_thresh": 0.00029399460312357707, "qe_conv_steps": [[78, 1500, -860.9900689589415], [83, 1500, -860.9903995726455], [88, 1500, -860.9904810463364], [88, 3000, -860.9905234374265]], "qe_conv_time": 329.7396776676178}, "num_elec_lda": 128.0, "bg_conv_pbe": {"bg_conv_maxiter": 20, "bg_delta_kppa": 1500, "bg_delta_cutoff": 5, "bg_conv_thresh": 0.025, "bg_conv_steps": [[70, 3000, 0.28175148891266294], [70, 6000, 0.28180115453553606]], "bg_conv_time": 290.9109251499176}, "indirect_gap_pbe": 0.2817643033674226, "bg_conv_lda": {"bg_conv_maxiter": 20, "bg_delta_kppa": 1500, "bg_delta_cutoff": 5, "bg_conv_thresh": 0.025, "bg_conv_steps": [[88, 3000, 0.05607777967862242], [88, 6000, 0.05605260233974311]], "bg_conv_time": 297.2126262187958}, "indirect_gap_lda": 0.05608034048156269, "gw_conv_pbe": {"gw_conv_thr": 0.025, "gw_bnd_start": 200, "gw_bnd_step": 100, "gw_cut_start": 4, "gw_cut_step": 4, "kpt_bnd_idx": {"@module": "numpy", "@class": "array", "dtype": "int64", "data": [1, 1, 64, 65]}, "gw_bands": 200, "gw_cutoff": 4, "w_conv_grid": [[200, 4, 0.606266], [300, 4, 0.535039], [400, 4, 0.502291], [500, 4, 0.483421], [500, 8, 0.55467], [500, 8, 0.55467], [500, 12, 0.5691059999999999], [500, 12, 0.5691059999999999], [600, 12, 0.559316], [600, 16, 0.5620959999999999], [600, 16, 0.5620959999999999]], "pwcutoff": 70, "w_conv_time": [13.9393789768219, 15.72142243385315, 15.948374271392822, 18.075621843338013, 25.269776344299316, 25.271272659301758, 48.051031827926636, 48.05224895477295, 57.0086886882782, 114.47469329833984, 114.47614336013794], "w_ngw": 8, "w_z_factor": [{"@module": "numpy", "@class": "array", "dtype": "float64", "data": [[64.0, 0.81, -0.123858], [65.0, 0.81, -0.121551]]}, {"@module": "numpy", "@class": "array", "dtype": "float64", "data": [[64.0, 0.81, -0.118354], [65.0, 0.81, -0.117845]]}, {"@module": "numpy", "@class": "array", "dtype": "float64", "data": [[64.0, 0.81, -0.115651], [65.0, 0.81, -0.116019]]}, {"@module": "numpy", "@class": "array", "dtype": "float64", "data": [[64.0, 0.81, -0.114277], [65.0, 0.81, -0.115148]]}, {"@module": "numpy", "@class": "array", "dtype": "float64", "data": [[64.0, 0.8, -0.115355], [65.0, 0.81, -0.115399]]}, {"@module": "numpy", "@class": "array", "dtype": "float64", "data": [[64.0, 0.8, -0.115253], [65.0, 0.81, -0.115446]]}, {"@module": "numpy", "@class": "array", "dtype": "float64", "data": [[64.0, 0.8, -0.114837], [65.0, 0.81, -0.11469]]}, {"@module": "numpy", "@class": "array", "dtype": "float64", "data": [[64.0, 0.8, -0.114801], [65.0, 0.81, -0.114698]]}], "gw_kppa": 2750, "gw_kpt_grid": {"@module": "numpy", "@class": "array", "dtype": "int64", "data": [8, 8, 8]}, "conv_list": [[{"kppa": 0}, {"kpt_grid": "1x1x1"}, {"num_kpts": 1}, {"X_bnds": 600.0}, {"G_bnds": 600.0}, {"X_cutoff": 16.0}, {"gamma_gap": 0.5620959999999999}, {"num_gw_calc": 8}, {"wall_time": 677}, {"num_cores": 8}, {"z-factor": "None"}], [{"kppa": 0}, {"kpt_grid": "1x1x1"}, {"num_kpts": 1}, {"X_bnds": 200}, {"G_bnds": 200}, {"X_cutoff": 4}, {"gamma_gap": 4}, {"num_gw_calc": 1}, {"wall_time": 14}, {"num_cores": 8}, {"z-factor": "None"}], [{"kppa": 10}, {"kpt_grid": "2x2x2"}, {"num_kpts": 1}, {"X_bnds": 200}, {"G_bnds": 200}, {"X_cutoff": 4}, {"gamma_gap": 0.8350409999999999}, {"num_gw_calc": 2}, {"wall_time": 69}, {"num_cores": 8}, {"z-factor": {"@module": "numpy", "@class": "array", "dtype": "float64", "data": [[64.0, 0.79, -0.15092], [65.0, 0.8, -0.14701]]}}], [{"kppa": 220}, {"kpt_grid": "4x4x4"}, {"num_kpts": 1}, {"X_bnds": 200}, {"G_bnds": 200}, {"X_cutoff": 4}, {"gamma_gap": 0.8881999999999999}, {"num_gw_calc": 3}, {"wall_time": 963}, {"num_cores": 8}, {"z-factor": {"@module": "numpy", "@class": "array", "dtype": "float64", "data": [[64.0, 0.8, -0.151306], [65.0, 0.81, -0.145654]]}}], [{"kppa": 1000}, {"kpt_grid": "6x6x6"}, {"num_kpts": 1}, {"X_bnds": 200}, {"G_bnds": 200}, {"X_cutoff": 4}, {"gamma_gap": 0.914703}, {"num_gw_calc": 4}, {"wall_time": 2439}, {"num_cores": 32}, {"z-factor": {"@module": "numpy", "@class": "array", "dtype": "float64", "data": [[64.0, 0.8, -0.149305], [65.0, 0.81, -0.142942]]}}], [{"kppa": 2750}, {"kpt_grid": "8x8x8"}, {"num_kpts": 1}, {"X_bnds": 200}, {"G_bnds": 200}, {"X_cutoff": 4}, {"gamma_gap": 0.926492}, {"num_gw_calc": 5}, {"wall_time": 13513}, {"num_cores": 32}, {"z-factor": {"@module": "numpy", "@class": "array", "dtype": "float64", "data": [[64.0, 0.8, -0.148034], [65.0, 0.81, -0.14174]]}}]], "conv_time": 17658.535667181015}, "gw_band_range_pbe": [1, 71], "gw_conv_lda": {"gw_conv_thr": 0.025, "gw_bnd_start": 200, "gw_bnd_step": 100, "gw_cut_start": 4, "gw_cut_step": 4, "kpt_bnd_idx": {"@module": "numpy", "@class": "array", "dtype": "int64", "data": [1, 1, 64, 65]}, "gw_bands": 200, "gw_cutoff": 4, "w_conv_grid": [[200, 4, 0.5793090000000001], [300, 4, 0.52107], [400, 4, 0.49471200000000004], [500, 4, 0.47964599999999996], [500, 8, 0.523831], [500, 8, 0.523831], [500, 12, 0.5317270000000001], [500, 12, 0.5317270000000001], [600, 12, 0.524761], [600, 16, 0.5279790000000001], [600, 16, 0.5279790000000001]], "pwcutoff": 88, "w_conv_time": [13.449934959411621, 14.886598587036133, 16.855580806732178, 18.310903072357178, 25.764609336853027, 25.766058921813965, 46.65456032752991, 46.6564040184021, 52.53021502494812, 110.7619116306305, 110.76376867294312], "w_ngw": 8, "w_z_factor": [{"@module": "numpy", "@class": "array", "dtype": "float64", "data": [[64.0, 0.81, -0.110801], [65.0, 0.82, -0.108157]]}, {"@module": "numpy", "@class": "array", "dtype": "float64", "data": [[64.0, 0.81, -0.107538], [65.0, 0.82, -0.10702]]}, {"@module": "numpy", "@class": "array", "dtype": "float64", "data": [[64.0, 0.82, -0.106482], [65.0, 0.82, -0.106693]]}, {"@module": "numpy", "@class": "array", "dtype": "float64", "data": [[64.0, 0.82, -0.107148], [65.0, 0.82, -0.111303]]}, {"@module": "numpy", "@class": "array", "dtype": "float64", "data": [[64.0, 0.81, -0.102057], [65.0, 0.82, -0.113188]]}, {"@module": "numpy", "@class": "array", "dtype": "float64", "data": [[64.0, 0.81, -0.105074], [65.0, 0.82, -0.110921]]}, {"@module": "numpy", "@class": "array", "dtype": "float64", "data": [[64.0, 0.81, -0.106088], [65.0, 0.82, -0.111983]]}, {"@module": "numpy", "@class": "array", "dtype": "float64", "data": [[64.0, 0.81, -0.106267], [65.0, 0.82, -0.112354]]}], "gw_kppa": 1000, "gw_kpt_grid": {"@module": "numpy", "@class": "array", "dtype": "int64", "data": [6, 6, 6]}, "conv_list": [[{"kppa": 0}, {"kpt_grid": "1x1x1"}, {"num_kpts": 1}, {"X_bnds": 600.0}, {"G_bnds": 600.0}, {"X_cutoff": 16.0}, {"gamma_gap": 0.5279790000000001}, {"num_gw_calc": 8}, {"wall_time": 721}, {"num_cores": 8}, {"z-factor": "None"}], [{"kppa": 0}, {"kpt_grid": "1x1x1"}, {"num_kpts": 1}, {"X_bnds": 200}, {"G_bnds": 200}, {"X_cutoff": 4}, {"gamma_gap": 4}, {"num_gw_calc": 1}, {"wall_time": 14}, {"num_cores": 8}, {"z-factor": "None"}], [{"kppa": 10}, {"kpt_grid": "2x2x2"}, {"num_kpts": 1}, {"X_bnds": 200}, {"G_bnds": 200}, {"X_cutoff": 4}, {"gamma_gap": 0.8149500000000001}, {"num_gw_calc": 2}, {"wall_time": 103}, {"num_cores": 8}, {"z-factor": {"@module": "numpy", "@class": "array", "dtype": "float64",