{"@module": "pymatgen.entries.computed_entries", "@class": "ComputedEntry", "energy": 0.0, "composition": {"Zn": 2.0, "Si": 2.0, "P": 4.0}, "entry_id": "23680", "correction": 0.0, "energy_adjustments": [], "parameters": {"id": "23680", "name": "ZnSiP2", "ibrav": {"celldm(1)": 10.20263139600855, "ibrav": 7, "celldm(3)": 1.9327653269123917}, "vol": 1026.3269193206847, "lda_pw_cutoff_Ry": 60, "qe_conv_pbe": {"qe_conv_maxiter": 20, "qe_delta_kppa": 1500, "qe_delta_cutoff": 5, "qe_conv_thresh": 0.00029399460312357707, "qe_conv_steps": [[60, 1500, -434.6955491590829], [65, 1500, -434.6983743254973], [70, 1500, -434.6985653457835], [70, 3000, -434.6985738387975]], "qe_conv_time": 108.68750643730164}, "num_elec_pbe": 68.00000000000001, "max_mem": 219526.0, "qe_conv_lda": {"qe_conv_maxiter": 20, "qe_delta_kppa": 1500, "qe_delta_cutoff": 5, "qe_conv_thresh": 0.00029399460312357707, "qe_conv_steps": [[60, 1500, -454.2035547437081], [65, 1500, -454.2537042841674], [70, 1500, -454.2677579370594], [75, 1500, -454.2708418243612], [80, 1500, -454.2712992161694], [85, 1500, -454.2713321047468], [85, 3000, -454.2713427750449]], "qe_conv_time": 181.80424189567566}, "num_elec_lda": 68.00000000000001, "bg_conv_pbe": {"bg_conv_maxiter": 20, "bg_delta_kppa": 1500, "bg_delta_cutoff": 5, "bg_conv_thresh": 0.025, "bg_conv_steps": [[70, 3000, 1.3034201439693582], [70, 6000, 1.303414791161539]], "bg_conv_time": 105.6017370223999}, "indirect_gap_pbe": 1.3034138652096436, "bg_conv_lda": {"bg_conv_maxiter": 20, "bg_delta_kppa": 1500, "bg_delta_cutoff": 5, "bg_conv_thresh": 0.025, "bg_conv_steps": [[85, 3000, 1.1814598996481092], [85, 6000, 1.181464179097895]], "bg_conv_time": 105.34632682800293}, "indirect_gap_lda": 1.1814623615658655, "gw_conv_pbe": {"gw_conv_thr": 0.025, "gw_bnd_start": 200, "gw_bnd_step": 100, "gw_cut_start": 4, "gw_cut_step": 4, "kpt_bnd_idx": {"@module": "numpy", "@class": "array", "dtype": "int64", "data": [1, 1, 34, 35]}, "gw_bands": 200, "gw_cutoff": 4, "w_conv_grid": [[200, 4, 1.345801], [300, 4, 1.335124], [300, 8, 1.5042980000000001], [300, 8, 1.5042980000000001], [300, 12, 1.538474], [300, 12, 1.538474], [300, 16, 1.546741], [300, 16, 1.546741], [400, 16, 1.562486], [400, 20, 1.566367], [400, 20, 1.566367]], "pwcutoff": 70, "w_conv_time": [12.615949153900146, 13.506994485855103, 15.055341482162476, 15.056430101394653, 19.25821805000305, 19.25963807106018, 27.401673793792725, 27.402605056762695, 31.695735931396484, 51.36676359176636, 51.36810803413391], "w_ngw": 7, "w_z_factor": [{"@module": "numpy", "@class": "array", "dtype": "float64", "data": [[34.0, 0.78, -0.147749], [35.0, 0.79, -0.144523]]}, {"@module": "numpy", "@class": "array", "dtype": "float64", "data": [[34.0, 0.78, -0.147138], [35.0, 0.79, -0.143781]]}, {"@module": "numpy", "@class": "array", "dtype": "float64", "data": [[34.0, 0.77, -0.148409], [35.0, 0.79, -0.142943]]}, {"@module": "numpy", "@class": "array", "dtype": "float64", "data": [[34.0, 0.77, -0.148261], [35.0, 0.79, -0.142851]]}, {"@module": "numpy", "@class": "array", "dtype": "float64", "data": [[34.0, 0.77, -0.148306], [35.0, 0.79, -0.142992]]}, {"@module": "numpy", "@class": "array", "dtype": "float64", "data": [[34.0, 0.77, -0.147982], [35.0, 0.79, -0.142429]]}, {"@module": "numpy", "@class": "array", "dtype": "float64", "data": [[34.0, 0.77, -0.147881], [35.0, 0.79, -0.142274]]}], "gw_kppa": 1000, "gw_kpt_grid": {"@module": "numpy", "@class": "array", "dtype": "int64", "data": [6, 6, 6]}, "conv_list": [[{"kppa": 0}, {"kpt_grid": "1x1x1"}, {"num_kpts": 1}, {"X_bnds": 400.0}, {"G_bnds": 400.0}, {"X_cutoff": 20.0}, {"gamma_gap": 1.566367}, {"num_gw_calc": 7}, {"wall_time": 352}, {"num_cores": 8}, {"z-factor": "None"}], [{"kppa": 0}, {"kpt_grid": "1x1x1"}, {"num_kpts": 1}, {"X_bnds": 200}, {"G_bnds": 200}, {"X_cutoff": 4}, {"gamma_gap": 8}, {"num_gw_calc": 1}, {"wall_time": 13}, {"num_cores": 8}, {"z-factor": "None"}], [{"kppa": 10}, {"kpt_grid": "2x2x2"}, {"num_kpts": 1}, {"X_bnds": 200}, {"G_bnds": 200}, {"X_cutoff": 4}, {"gamma_gap": 1.701365}, {"num_gw_calc": 2}, {"wall_time": 44}, {"num_cores": 8}, {"z-factor": {"@module": "numpy", "@class": "array", "dtype": "float64", "data": [[34.0, 0.79, -0.147743], [35.0, 0.8, -0.143141]]}}], [{"kppa": 220}, {"kpt_grid": "4x4x4"}, {"num_kpts": 1}, {"X_bnds": 200}, {"G_bnds": 200}, {"X_cutoff": 4}, {"gamma_gap": 1.762526}, {"num_gw_calc": 3}, {"wall_time": 502}, {"num_cores": 8}, {"z-factor": {"@module": "numpy", "@class": "array", "dtype": "float64", "data": [[34.0, 0.79, -0.148175], [35.0, 0.8, -0.143095]]}}], [{"kppa": 1000}, {"kpt_grid": "6x6x6"}, {"num_kpts": 1}, {"X_bnds": 200}, {"G_bnds": 200}, {"X_cutoff": 4}, {"gamma_gap": 1.763792}, {"num_gw_calc": 4}, {"wall_time": 1035}, {"num_cores": 32}, {"z-factor": {"@module": "numpy", "@class": "array", "dtype": "float64", "data": [[34.0, 0.79, -0.148365], [35.0, 0.8, -0.143338]]}}]], "conv_time": 1931.3989021778107}, "gw_band_range_pbe": [1, 43], "gw_conv_lda": {"gw_conv_thr": 0.025, "gw_bnd_start": 200, "gw_bnd_step": 100, "gw_cut_start": 4, "gw_cut_step": 4, "kpt_bnd_idx": {"@module": "numpy", "@class": "array", "dtype": "int64", "data": [1, 1, 34, 35]}, "gw_bands": 200, "gw_cutoff": 4, "w_conv_grid": [[200, 4, 1.424073], [300, 4, 1.409985], [300, 8, 1.581672], [300, 8, 1.581672], [300, 12, 1.6151270000000002], [300, 12, 1.6151270000000002], [300, 16, 1.623724], [300, 16, 1.623724], [400, 16, 1.640711], [400, 20, 1.644782], [400, 20, 1.644782]], "pwcutoff": 85, "w_conv_time": [12.805964469909668, 13.645519018173218, 15.430521249771118, 15.431869745254517, 19.852847814559937, 19.879539966583252, 28.285402297973633, 28.286518096923828, 32.65399098396301, 52.521496295928955, 52.52233839035034], "w_ngw": 7, "w_z_factor": [{"@module": "numpy", "@class": "array", "dtype": "float64", "data": [[34.0, 0.78, -0.147952], [35.0, 0.79, -0.143967]]}, {"@module": "numpy", "@class": "array", "dtype": "float64", "data": [[34.0, 0.78, -0.146774], [35.0, 0.79, -0.143391]]}, {"@module": "numpy", "@class": "array", "dtype": "float64", "data": [[34.0, 0.77, -0.148201], [35.0, 0.79, -0.142852]]}, {"@module": "numpy", "@class": "array", "dtype": "float64", "data": [[34.0, 0.77, -0.147957], [35.0, 0.79, -0.142426]]}, {"@module": "numpy", "@class": "array", "dtype": "float64", "data": [[34.0, 0.77, -0.147835], [35.0, 0.79, -0.142392]]}, {"@module": "numpy", "@class": "array", "dtype": "float64", "data": [[34.0, 0.77, -0.148262], [35.0, 0.79, -0.143302]]}, {"@module": "numpy", "@class": "array", "dtype": "float64", "data": [[34.0, 0.77, -0.148118], [35.0, 0.79, -0.143261]]}], "gw_kppa": 1000, "gw_kpt_grid": {"@module": "numpy", "@class": "array", "dtype": "int64", "data": [6, 6, 6]}, "conv_list": [[{"kppa": 0}, {"kpt_grid": "1x1x1"}, {"num_kpts": 1}, {"X_bnds": 400.0}, {"G_bnds": 400.0}, {"X_cutoff": 20.0}, {"gamma_gap": 1.644782}, {"num_gw_calc": 7}, {"wall_time": 368}, {"num_cores": 8}, {"z-factor": "None"}], [{"kppa": 0}, {"kpt_grid": "1x1x1"}, {"num_kpts": 1}, {"X_bnds": 200}, {"G_bnds": 200}, {"X_cutoff": 4}, {"gamma_gap": 8}, {"num_gw_calc": 1}, {"wall_time": 13}, {"num_cores": 8}, {"z-factor": "None"}], [{"kppa": 10}, {"kpt_grid": "2x2x2"}, {"num_kpts": 1}, {"X_bnds": 200}, {"G_bnds": 200}, {"X_cutoff": 4}, {"gamma_gap": 1.766505}, {"num_gw_calc": 2}, {"wall_time": 74}, {"num_cores": 8}, {"z-factor": {"@module": "numpy", "@class": "array", "dtype": "float64", "data": [[34.0, 0.78, -0.148702], [35.0, 0.8, -0.143841]]}}], [{"kppa": 220}, {"kpt_grid": "4x4x4"}, {"num_kpts": 1}, {"X_bnds": 200}, {"G_bnds": 200}, {"X_cutoff": 4}, {"gamma_gap": 1.8252760000000001}, {"num_gw_calc": 3}, {"wall_time": 886}, {"num_cores": 8}, {"z-factor": {"@module": "numpy", "@class": "array", "dtype": "float64",