{"@module": "pymatgen.entries.computed_entries", "@class": "ComputedEntry", "energy": 0.0, "composition": {"Cd": 2.0, "Si": 2.0, "P": 4.0}, "entry_id": "23696", "correction": 0.0, "energy_adjustments": [], "parameters": {"id": "23696", "name": "CdSiP2", "ibrav": {"celldm(1)": 10.733644439586698, "ibrav": 7, "celldm(3)": 1.836443661971831}, "vol": 1135.5054644999145, "lda_pw_cutoff_Ry": 94, "qe_conv_pbe": {"qe_conv_maxiter": 20, "qe_delta_kppa": 1500, "qe_delta_cutoff": 5, "qe_conv_thresh": 0.00029399460312357707, "qe_conv_steps": [[60, 1500, -345.2045907955304], [65, 1500, -345.2046940552337], [65, 3000, -345.2047015695162]], "qe_conv_time": 82.01020455360413}, "num_elec_pbe": 68.00000000000001, "max_mem": 423321.0, "qe_conv_lda": {"qe_conv_maxiter": 20, "qe_delta_kppa": 1500, "qe_delta_cutoff": 5, "qe_conv_thresh": 0.00029399460312357707, "qe_conv_steps": [[94, 1500, -386.9652020863681], [99, 1500, -386.9655913803808], [104, 1500, -386.9656965921509], [104, 3000, -386.9657065827764]], "qe_conv_time": 146.62352991104126}, "num_elec_lda": 68.00000000000001, "bg_conv_pbe": {"bg_conv_maxiter": 20, "bg_delta_kppa": 1500, "bg_delta_cutoff": 5, "bg_conv_thresh": 0.025, "bg_conv_steps": [[65, 3000, 1.3529703847637304], [65, 6000, 1.3529708833980294]], "bg_conv_time": 94.70293617248535}, "indirect_gap_pbe": 1.3529694198797437, "bg_conv_lda": {"bg_conv_maxiter": 20, "bg_delta_kppa": 1500, "bg_delta_cutoff": 5, "bg_conv_thresh": 0.025, "bg_conv_steps": [[104, 3000, 1.222556814524672], [104, 6000, 1.2225567635053334]], "bg_conv_time": 137.37734460830688}, "indirect_gap_lda": 1.222553673039836, "gw_conv_pbe": {"gw_conv_thr": 0.025, "gw_bnd_start": 200, "gw_bnd_step": 100, "gw_cut_start": 4, "gw_cut_step": 4, "kpt_bnd_idx": {"@module": "numpy", "@class": "array", "dtype": "int64", "data": [1, 1, 34, 35]}, "gw_bands": 200, "gw_cutoff": 4, "w_conv_grid": [[200, 4, 1.33887], [300, 4, 1.3319779999999999], [300, 8, 1.4958040000000001], [300, 8, 1.4958040000000001], [300, 12, 1.535521], [300, 12, 1.535521], [300, 16, 1.5463179999999999], [300, 16, 1.5463179999999999], [400, 16, 1.5666000000000002], [400, 20, 1.570634], [400, 20, 1.570634]], "pwcutoff": 65, "w_conv_time": [11.76219367980957, 11.830497980117798, 13.410665035247803, 13.412158727645874, 19.199443817138672, 19.2041072845459, 30.117866277694702, 30.11896514892578, 33.68039512634277, 54.1024374961853, 54.103875398635864], "w_ngw": 7, "w_z_factor": [{"@module": "numpy", "@class": "array", "dtype": "float64", "data": [[34.0, 0.78, -0.14412], [35.0, 0.8, -0.140848]]}, {"@module": "numpy", "@class": "array", "dtype": "float64", "data": [[34.0, 0.78, -0.141583], [35.0, 0.8, -0.138608]]}, {"@module": "numpy", "@class": "array", "dtype": "float64", "data": [[34.0, 0.78, -0.142662], [35.0, 0.8, -0.138919]]}, {"@module": "numpy", "@class": "array", "dtype": "float64", "data": [[34.0, 0.78, -0.142781], [35.0, 0.8, -0.138998]]}, {"@module": "numpy", "@class": "array", "dtype": "float64", "data": [[34.0, 0.78, -0.142803], [35.0, 0.8, -0.139035]]}, {"@module": "numpy", "@class": "array", "dtype": "float64", "data": [[34.0, 0.78, -0.141708], [35.0, 0.8, -0.138335]]}, {"@module": "numpy", "@class": "array", "dtype": "float64", "data": [[34.0, 0.78, -0.141768], [35.0, 0.8, -0.138371]]}], "gw_kppa": 1000, "gw_kpt_grid": {"@module": "numpy", "@class": "array", "dtype": "int64", "data": [6, 6, 6]}, "conv_list": [[{"kppa": 0}, {"kpt_grid": "1x1x1"}, {"num_kpts": 1}, {"X_bnds": 400.0}, {"G_bnds": 400.0}, {"X_cutoff": 20.0}, {"gamma_gap": 1.570634}, {"num_gw_calc": 7}, {"wall_time": 329}, {"num_cores": 8}, {"z-factor": "None"}], [{"kppa": 0}, {"kpt_grid": "1x1x1"}, {"num_kpts": 1}, {"X_bnds": 200}, {"G_bnds": 200}, {"X_cutoff": 4}, {"gamma_gap": 8}, {"num_gw_calc": 1}, {"wall_time": 12}, {"num_cores": 8}, {"z-factor": "None"}], [{"kppa": 10}, {"kpt_grid": "2x2x2"}, {"num_kpts": 1}, {"X_bnds": 200}, {"G_bnds": 200}, {"X_cutoff": 4}, {"gamma_gap": 1.675878}, {"num_gw_calc": 2}, {"wall_time": 40}, {"num_cores": 8}, {"z-factor": {"@module": "numpy", "@class": "array", "dtype": "float64", "data": [[34.0, 0.79, -0.145376], [35.0, 0.81, -0.138605]]}}], [{"kppa": 220}, {"kpt_grid": "4x4x4"}, {"num_kpts": 1}, {"X_bnds": 200}, {"G_bnds": 200}, {"X_cutoff": 4}, {"gamma_gap": 1.740814}, {"num_gw_calc": 3}, {"wall_time": 397}, {"num_cores": 8}, {"z-factor": {"@module": "numpy", "@class": "array", "dtype": "float64", "data": [[34.0, 0.79, -0.144103], [35.0, 0.81, -0.137551]]}}], [{"kppa": 1000}, {"kpt_grid": "6x6x6"}, {"num_kpts": 1}, {"X_bnds": 200}, {"G_bnds": 200}, {"X_cutoff": 4}, {"gamma_gap": 1.741349}, {"num_gw_calc": 4}, {"wall_time": 960}, {"num_cores": 32}, {"z-factor": {"@module": "numpy", "@class": "array", "dtype": "float64", "data": [[34.0, 0.79, -0.144698], [35.0, 0.81, -0.137875]]}}]], "conv_time": 1723.9126834869385}, "gw_band_range_pbe": [1, 43], "gw_conv_lda": {"gw_conv_thr": 0.025, "gw_bnd_start": 200, "gw_bnd_step": 100, "gw_cut_start": 4, "gw_cut_step": 4, "kpt_bnd_idx": {"@module": "numpy", "@class": "array", "dtype": "int64", "data": [1, 1, 34, 35]}, "gw_bands": 200, "gw_cutoff": 4, "w_conv_grid": [[200, 4, 1.449211], [300, 4, 1.442088], [300, 8, 1.604441], [300, 8, 1.604441], [300, 12, 1.644137], [300, 12, 1.644137], [300, 16, 1.6549679999999998], [300, 16, 1.6549679999999998], [400, 16, 1.674475], [400, 20, 1.678475], [400, 20, 1.678475]], "pwcutoff": 104, "w_conv_time": [12.944708347320557, 13.614794969558716, 16.0159592628479, 16.017444133758545, 22.6860990524292, 22.687989711761475, 35.98367714881897, 35.98509931564331, 40.734015464782715, 63.252569913864136, 63.254071950912476], "w_ngw": 7, "w_z_factor": [{"@module": "numpy", "@class": "array", "dtype": "float64", "data": [[34.0, 0.78, -0.146756], [35.0, 0.79, -0.14205]]}, {"@module": "numpy", "@class": "array", "dtype": "float64", "data": [[34.0, 0.78, -0.141995], [35.0, 0.8, -0.139568]]}, {"@module": "numpy", "@class": "array", "dtype": "float64", "data": [[34.0, 0.77, -0.143194], [35.0, 0.79, -0.139717]]}, {"@module": "numpy", "@class": "array", "dtype": "float64", "data": [[34.0, 0.77, -0.143365], [35.0, 0.79, -0.139805]]}, {"@module": "numpy", "@class": "array", "dtype": "float64", "data": [[34.0, 0.77, -0.143268], [35.0, 0.79, -0.139736]]}, {"@module": "numpy", "@class": "array", "dtype": "float64", "data": [[34.0, 0.77, -0.142729], [35.0, 0.79, -0.139375]]}, {"@module": "numpy", "@class": "array", "dtype": "float64", "data": [[34.0, 0.77, -0.142672], [35.0, 0.79, -0.139358]]}], "gw_kppa": 1000, "gw_kpt_grid": {"@module": "numpy", "@class": "array", "dtype": "int64", "data": [6, 6, 6]}, "conv_list": [[{"kppa": 0}, {"kpt_grid": "1x1x1"}, {"num_kpts": 1}, {"X_bnds": 400.0}, {"G_bnds": 400.0}, {"X_cutoff": 20.0}, {"gamma_gap": 1.678475}, {"num_gw_calc": 7}, {"wall_time": 457}, {"num_cores": 8}, {"z-factor": "None"}], [{"kppa": 0}, {"kpt_grid": "1x1x1"}, {"num_kpts": 1}, {"X_bnds": 200}, {"G_bnds": 200}, {"X_cutoff": 4}, {"gamma_gap": 8}, {"num_gw_calc": 1}, {"wall_time": 13}, {"num_cores": 8}, {"z-factor": "None"}], [{"kppa": 10}, {"kpt_grid": "2x2x2"}, {"num_kpts": 1}, {"X_bnds": 200}, {"G_bnds": 200}, {"X_cutoff": 4}, {"gamma_gap": 1.776337}, {"num_gw_calc": 2}, {"wall_time": 66}, {"num_cores": 8}, {"z-factor": {"@module": "numpy", "@class": "array", "dtype": "float64", "data": [[34.0, 0.78, -0.148978], [35.0, 0.8, -0.14168]]}}], [{"kppa": 220}, {"kpt_grid": "4x4x4"}, {"num_kpts": 1}, {"X_bnds": 200}, {"G_bnds": 200}, {"X_cutoff": 4}, {"gamma_gap": 1.840697}, {"num_gw_calc": 3}, {"wall_time": 752}, {"num_cores": 8}, {"z-factor": {"@module": "numpy", "@class": "array", "dtype": "float64", "data": [[34.0, 0.78, -0.147907], [35.0, 0.8, -0.140673]]}}], [{"kppa": 1000}, {"kpt_grid": "6x6x6"}, {"num_kpts": 1}, {"X_bnds": 200}, {"G_bnds": 200}, {"X_cutoff": 4}, {"gamma_gap": 1.841365}, {"num_gw_calc": 4}, {"wall_time": 1894}, {"num_cores": 32}, {"z-factor": {"@module": "numpy", "@class": "array", "dtype": "float64",