{"@module": "pymatgen.entries.computed_entries", "@class": "ComputedEntry", "energy": 0.0, "composition": {"Zn": 2.0, "Ge": 2.0, "P": 4.0}, "entry_id": "23706", "correction": 0.0, "energy_adjustments": [], "parameters": {"id": "23706", "name": "ZnGeP2", "ibrav": {"celldm(1)": 10.317904690166085, "ibrav": 7, "celldm(3)": 1.9615384615384621}, "vol": 1077.311678926716, "lda_pw_cutoff_Ry": 60, "qe_conv_pbe": {"qe_conv_maxiter": 20, "qe_delta_kppa": 1500, "qe_delta_cutoff": 5, "qe_conv_thresh": 0.00029399460312357707, "qe_conv_steps": [[60, 1500, -568.3567544280322], [65, 1500, -568.3597146553118], [70, 1500, -568.3599745031325], [70, 3000, -568.359994074688]], "qe_conv_time": 157.2852919101715}, "num_elec_pbe": 88.00000000000001, "max_mem": 149353.0, "qe_conv_lda": {"qe_conv_maxiter": 20, "qe_delta_kppa": 1500, "qe_delta_cutoff": 5, "qe_conv_thresh": 0.00029399460312357707, "qe_conv_steps": [[60, 1500, -624.06398974368], [65, 1500, -624.1411360842486], [70, 1500, -624.1611741022874], [75, 1500, -624.1651493908134], [80, 1500, -624.165672528892], [85, 1500, -624.1657085087], [85, 3000, -624.1657349979942]], "qe_conv_time": 232.10108637809753}, "num_elec_lda": 88.00000000000001, "bg_conv_pbe": {"bg_conv_maxiter": 20, "bg_delta_kppa": 1500, "bg_delta_cutoff": 5, "bg_conv_thresh": 0.025, "bg_conv_steps": [[70, 3000, 1.2930945437226904], [70, 6000, 1.280139155059062]], "bg_conv_time": 150.94299864768982}, "indirect_gap_pbe": 1.2930964092797652, "bg_conv_lda": {"bg_conv_maxiter": 20, "bg_delta_kppa": 1500, "bg_delta_cutoff": 5, "bg_conv_thresh": 0.025, "bg_conv_steps": [[85, 3000, 1.1470739857933125], [85, 6000, 1.1470845631734732]], "bg_conv_time": 134.5592746734619}, "indirect_gap_lda": 1.1470725985972219, "gw_conv_pbe": {"gw_conv_thr": 0.025, "gw_bnd_start": 200, "gw_bnd_step": 100, "gw_cut_start": 4, "gw_cut_step": 4, "kpt_bnd_idx": {"@module": "numpy", "@class": "array", "dtype": "int64", "data": [1, 1, 44, 45]}, "gw_bands": 200, "gw_cutoff": 4, "w_conv_grid": [[200, 4, 1.245481], [300, 4, 1.229921], [300, 8, 1.415089], [300, 8, 1.415089], [300, 12, 1.449138], [300, 12, 1.449138], [300, 16, 1.458217], [300, 16, 1.458217], [400, 16, 1.476861], [400, 20, 1.481284], [400, 20, 1.481284]], "pwcutoff": 70, "w_conv_time": [12.3752601146698, 13.118463277816772, 14.734074592590332, 14.735323190689087, 19.033189058303833, 19.035066843032837, 28.891549825668335, 28.893485069274902, 34.12656879425049, 57.596118211746216, 57.59812092781067], "w_ngw": 7, "w_z_factor": [{"@module": "numpy", "@class": "array", "dtype": "float64", "data": [[44.0, 0.78, -0.135005], [45.0, 0.8, -0.130499]]}, {"@module": "numpy", "@class": "array", "dtype": "float64", "data": [[44.0, 0.79, -0.132262], [45.0, 0.8, -0.128398]]}, {"@module": "numpy", "@class": "array", "dtype": "float64", "data": [[44.0, 0.78, -0.133155], [45.0, 0.8, -0.128694]]}, {"@module": "numpy", "@class": "array", "dtype": "float64", "data": [[44.0, 0.78, -0.133385], [45.0, 0.8, -0.128766]]}, {"@module": "numpy", "@class": "array", "dtype": "float64", "data": [[44.0, 0.78, -0.133313], [45.0, 0.8, -0.128769]]}, {"@module": "numpy", "@class": "array", "dtype": "float64", "data": [[44.0, 0.78, -0.132288], [45.0, 0.8, -0.127681]]}, {"@module": "numpy", "@class": "array", "dtype": "float64", "data": [[44.0, 0.78, -0.132298], [45.0, 0.8, -0.127713]]}], "gw_kppa": 1000, "gw_kpt_grid": {"@module": "numpy", "@class": "array", "dtype": "int64", "data": [6, 6, 6]}, "conv_list": [[{"kppa": 0}, {"kpt_grid": "1x1x1"}, {"num_kpts": 1}, {"X_bnds": 400.0}, {"G_bnds": 400.0}, {"X_cutoff": 20.0}, {"gamma_gap": 1.481284}, {"num_gw_calc": 7}, {"wall_time": 387}, {"num_cores": 8}, {"z-factor": "None"}], [{"kppa": 0}, {"kpt_grid": "1x1x1"}, {"num_kpts": 1}, {"X_bnds": 200}, {"G_bnds": 200}, {"X_cutoff": 4}, {"gamma_gap": 8}, {"num_gw_calc": 1}, {"wall_time": 13}, {"num_cores": 8}, {"z-factor": "None"}], [{"kppa": 10}, {"kpt_grid": "2x2x2"}, {"num_kpts": 1}, {"X_bnds": 200}, {"G_bnds": 200}, {"X_cutoff": 4}, {"gamma_gap": 1.625633}, {"num_gw_calc": 2}, {"wall_time": 43}, {"num_cores": 8}, {"z-factor": {"@module": "numpy", "@class": "array", "dtype": "float64", "data": [[44.0, 0.79, -0.143412], [45.0, 0.81, -0.137742]]}}], [{"kppa": 220}, {"kpt_grid": "4x4x4"}, {"num_kpts": 1}, {"X_bnds": 200}, {"G_bnds": 200}, {"X_cutoff": 4}, {"gamma_gap": 1.71581}, {"num_gw_calc": 3}, {"wall_time": 484}, {"num_cores": 8}, {"z-factor": {"@module": "numpy", "@class": "array", "dtype": "float64", "data": [[44.0, 0.79, -0.14335], [45.0, 0.81, -0.137366]]}}], [{"kppa": 1000}, {"kpt_grid": "6x6x6"}, {"num_kpts": 1}, {"X_bnds": 200}, {"G_bnds": 200}, {"X_cutoff": 4}, {"gamma_gap": 1.720443}, {"num_gw_calc": 4}, {"wall_time": 3041}, {"num_cores": 32}, {"z-factor": {"@module": "numpy", "@class": "array", "dtype": "float64", "data": [[44.0, 0.79, -0.143344], [45.0, 0.81, -0.137494]]}}]], "conv_time": 3953.1450805664062}, "gw_band_range_pbe": [1, 53], "gw_conv_lda": {"gw_conv_thr": 0.025, "gw_bnd_start": 200, "gw_bnd_step": 100, "gw_cut_start": 4, "gw_cut_step": 4, "kpt_bnd_idx": {"@module": "numpy", "@class": "array", "dtype": "int64", "data": [1, 1, 44, 45]}, "gw_bands": 200, "gw_cutoff": 4, "w_conv_grid": [[200, 4, 1.805879], [300, 4, 1.785977], [300, 8, 1.7695210000000001], [300, 8, 1.7695210000000001], [400, 8, 1.755611], [400, 12, 1.751813], [400, 12, 1.751813]], "pwcutoff": 85, "w_conv_time": [13.4580078125, 14.668306350708008, 16.271137475967407, 16.2730073928833, 18.33831286430359, 26.243133783340454, 26.24466300010681], "w_ngw": 5, "w_z_factor": [{"@module": "numpy", "@class": "array", "dtype": "float64", "data": [[44.0, 0.78, -0.133962], [45.0, 0.79, -0.13487]]}, {"@module": "numpy", "@class": "array", "dtype": "float64", "data": [[44.0, 0.78, -0.131904], [45.0, 0.79, -0.132687]]}, {"@module": "numpy", "@class": "array", "dtype": "float64", "data": [[44.0, 0.78, -0.132955], [45.0, 0.78, -0.133147]]}, {"@module": "numpy", "@class": "array", "dtype": "float64", "data": [[44.0, 0.78, -0.132104], [45.0, 0.78, -0.132596]]}, {"@module": "numpy", "@class": "array", "dtype": "float64", "data": [[44.0, 0.78, -0.131805], [45.0, 0.78, -0.131829]]}], "gw_kppa": 1000, "gw_kpt_grid": {"@module": "numpy", "@class": "array", "dtype": "int64", "data": [6, 6, 6]}, "conv_list": [[{"kppa": 0}, {"kpt_grid": "1x1x1"}, {"num_kpts": 1}, {"X_bnds": 400.0}, {"G_bnds": 400.0}, {"X_cutoff": 12.0}, {"gamma_gap": 1.751813}, {"num_gw_calc": 5}, {"wall_time": 302}, {"num_cores": 8}, {"z-factor": "None"}], [{"kppa": 0}, {"kpt_grid": "1x1x1"}, {"num_kpts": 1}, {"X_bnds": 200}, {"G_bnds": 200}, {"X_cutoff": 4}, {"gamma_gap": 8}, {"num_gw_calc": 1}, {"wall_time": 14}, {"num_cores": 8}, {"z-factor": "None"}], [{"kppa": 10}, {"kpt_grid": "2x2x2"}, {"num_kpts": 1}, {"X_bnds": 200}, {"G_bnds": 200}, {"X_cutoff": 4}, {"gamma_gap": 2.0535579999999998}, {"num_gw_calc": 2}, {"wall_time": 58}, {"num_cores": 8}, {"z-factor": {"@module": "numpy", "@class": "array", "dtype": "float64", "data": [[44.0, 0.78, -0.146174], [45.0, 0.79, -0.145771]]}}], [{"kppa": 220}, {"kpt_grid": "4x4x4"}, {"num_kpts": 1}, {"X_bnds": 200}, {"G_bnds": 200}, {"X_cutoff": 4}, {"gamma_gap": 2.102287}, {"num_gw_calc": 3}, {"wall_time": 850}, {"num_cores": 8}, {"z-factor": {"@module": "numpy", "@class": "array", "dtype": "float64", "data": [[44.0, 0.79, -0.14773], [45.0, 0.79, -0.145436]]}}], [{"kppa": 1000}, {"kpt_grid": "6x6x6"}, {"num_kpts": 1}, {"X_bnds": 200}, {"G_bnds": 200}, {"X_cutoff": 4}, {"gamma_gap": 2.100517}, {"num_gw_calc": 4}, {"wall_time": 1913}, {"num_cores": 32}, {"z-factor": {"@module": "numpy", "@class": "array", "dtype": "float64", "data": [[44.0, 0.79, -0.146752], [45.0, 0.79, -0.14381]]}}]], "conv_time": 3120.088803291321}, "gw_band_range_lda": [1, 53], "g0w0_ppa_pbe": {"gw_direct_gap": 1.9681769999999998, "kppa": 2750, "kpt_grid": "8x8x8", "num_kpt": 78, "bands_in X": 500, "bands_in_G": 500, "cutoff": 24, "z_factor": [[44.0, 0.78, -0.00138536], [45.0, 0.81, -0.00132764]], "scissor": 0.551934, "ncpu": 16,