{"@module": "pymatgen.entries.computed_entries", "@class": "ComputedEntry", "energy": 0.0, "composition": {"P": 4.0, "Os": 2.0}, "entry_id": "238252", "correction": 0.0, "energy_adjustments": [], "parameters": {"id": "238252", "name": "P2Os", "ibrav": {"celldm(1)": 5.487953664965443, "ibrav": 8, "celldm(2)": 1.750731724114184, "celldm(3)": 2.0225543197548297}, "vol": 585.2630464224238, "lda_pw_cutoff_Ry": 66, "qe_conv_pbe": {"qe_conv_maxiter": 20, "qe_delta_kppa": 1500, "qe_delta_cutoff": 5, "qe_conv_thresh": 0.00022049595234268282, "qe_conv_steps": [[60, 1500, -210.5608679839793], [65, 1500, -210.5611993737189], [70, 1500, -210.5613849602162], [70, 3000, -210.5613866067729]], "qe_conv_time": 59.401487827301025}, "num_elec_pbe": 52.0, "max_mem": 31926.0, "qe_conv_lda": {"qe_conv_maxiter": 20, "qe_delta_kppa": 1500, "qe_delta_cutoff": 5, "qe_conv_thresh": 0.00022049595234268282, "qe_conv_steps": [[66, 1500, -230.493885865391], [71, 1500, -230.4941195465115], [76, 1500, -230.4941462213711], [76, 3000, -230.4941475695413]], "qe_conv_time": 71.8751802444458}, "num_elec_lda": 52.0, "bg_conv_pbe": {"bg_conv_maxiter": 20, "bg_delta_kppa": 1500, "bg_delta_cutoff": 5, "bg_conv_thresh": 0.025, "bg_conv_steps": [[70, 3000, 0.7721388183428557], [70, 4500, 0.7853279122668534]], "bg_conv_time": 42.813010931015015}, "indirect_gap_pbe": 0.7721401208001245, "bg_conv_lda": {"bg_conv_maxiter": 20, "bg_delta_kppa": 1500, "bg_delta_cutoff": 5, "bg_conv_thresh": 0.025, "bg_conv_steps": [[76, 3000, 0.7404002877367859], [76, 4500, 0.7566832562787649]], "bg_conv_time": 55.29323863983154}, "indirect_gap_lda": 0.7404039792732987, "gw_conv_pbe": {"gw_conv_thr": 0.025, "gw_bnd_start": 200, "gw_bnd_step": 100, "gw_cut_start": 4, "gw_cut_step": 4, "kpt_bnd_idx": {"@module": "numpy", "@class": "array", "dtype": "int64", "data": [1, 1, 26, 27]}, "gw_bands": 200, "gw_cutoff": 4, "w_conv_grid": [[200, 4, 1.091459], [300, 4, 1.0829060000000001], [300, 8, 1.059308], [300, 8, 1.059308], [400, 8, 1.060216], [400, 12, 1.099803], [400, 12, 1.099803], [400, 16, 1.129971], [400, 16, 1.129971], [400, 20, 1.160506], [400, 20, 1.160506], [400, 24, 1.185219], [400, 24, 1.185219], [500, 24, 1.189834], [500, 28, 1.2039520000000001], [500, 28, 1.2039520000000001]], "pwcutoff": 70, "w_conv_time": [10.839033603668213, 10.962719202041626, 11.056973457336426, 11.05849027633667, 11.63624620437622, 13.051432609558105, 13.053689956665039, 16.141850233078003, 16.143791675567627, 20.65295934677124, 20.65668749809265, 29.903650283813477, 29.90740656852722, 32.83170461654663, 43.77912640571594, 43.7802529335022], "w_ngw": 10, "w_z_factor": [{"@module": "numpy", "@class": "array", "dtype": "float64", "data": [[26.0, 0.77, -0.137944], [27.0, 0.78, -0.130673]]}, {"@module": "numpy", "@class": "array", "dtype": "float64", "data": [[26.0, 0.77, -0.136863], [27.0, 0.78, -0.131312]]}, {"@module": "numpy", "@class": "array", "dtype": "float64", "data": [[26.0, 0.77, -0.138224], [27.0, 0.78, -0.131365]]}, {"@module": "numpy", "@class": "array", "dtype": "float64", "data": [[26.0, 0.77, -0.136593], [27.0, 0.78, -0.133182]]}, {"@module": "numpy", "@class": "array", "dtype": "float64", "data": [[26.0, 0.77, -0.135518], [27.0, 0.77, -0.132175]]}, {"@module": "numpy", "@class": "array", "dtype": "float64", "data": [[26.0, 0.77, -0.135215], [27.0, 0.77, -0.133694]]}, {"@module": "numpy", "@class": "array", "dtype": "float64", "data": [[26.0, 0.77, -0.135216], [27.0, 0.77, -0.132153]]}, {"@module": "numpy", "@class": "array", "dtype": "float64", "data": [[26.0, 0.77, -0.13437], [27.0, 0.77, -0.13203]]}, {"@module": "numpy", "@class": "array", "dtype": "float64", "data": [[26.0, 0.77, -0.134649], [27.0, 0.77, -0.131522]]}, {"@module": "numpy", "@class": "array", "dtype": "float64", "data": [[26.0, 0.77, -0.138194], [27.0, 0.77, -0.131383]]}], "gw_kppa": 220, "gw_kpt_grid": {"@module": "numpy", "@class": "array", "dtype": "int64", "data": [6, 2, 2]}, "conv_list": [[{"kppa": 0}, {"kpt_grid": "1x1x1"}, {"num_kpts": 1}, {"X_bnds": 500.0}, {"G_bnds": 500.0}, {"X_cutoff": 28.0}, {"gamma_gap": 1.2039520000000001}, {"num_gw_calc": 10}, {"wall_time": 321}, {"num_cores": 8}, {"z-factor": "None"}], [{"kppa": 0}, {"kpt_grid": "1x1x1"}, {"num_kpts": 1}, {"X_bnds": 200}, {"G_bnds": 200}, {"X_cutoff": 4}, {"gamma_gap": 8}, {"num_gw_calc": 1}, {"wall_time": 11}, {"num_cores": 8}, {"z-factor": "None"}], [{"kppa": 10}, {"kpt_grid": "2x2x2"}, {"num_kpts": 1}, {"X_bnds": 200}, {"G_bnds": 200}, {"X_cutoff": 4}, {"gamma_gap": 0.929411}, {"num_gw_calc": 2}, {"wall_time": 38}, {"num_cores": 8}, {"z-factor": {"@module": "numpy", "@class": "array", "dtype": "float64", "data": [[26.0, 0.79, -0.129141], [27.0, 0.8, -0.109983]]}}], [{"kppa": 50}, {"kpt_grid": "4x2x2"}, {"num_kpts": 1}, {"X_bnds": 200}, {"G_bnds": 200}, {"X_cutoff": 4}, {"gamma_gap": 0.814956}, {"num_gw_calc": 3}, {"wall_time": 63}, {"num_cores": 8}, {"z-factor": {"@module": "numpy", "@class": "array", "dtype": "float64", "data": [[26.0, 0.79, -0.128515], [27.0, 0.8, -0.11004]]}}], [{"kppa": 220}, {"kpt_grid": "6x2x2"}, {"num_kpts": 1}, {"X_bnds": 200}, {"G_bnds": 200}, {"X_cutoff": 4}, {"gamma_gap": 0.8233569999999999}, {"num_gw_calc": 4}, {"wall_time": 42}, {"num_cores": 32}, {"z-factor": {"@module": "numpy", "@class": "array", "dtype": "float64", "data": [[26.0, 0.79, -0.125438], [27.0, 0.8, -0.110111]]}}]], "conv_time": 462.2764632701874}, "gw_band_range_pbe": [1, 33], "gw_conv_lda": {"gw_conv_thr": 0.025, "gw_bnd_start": 200, "gw_bnd_step": 100, "gw_cut_start": 4, "gw_cut_step": 4, "kpt_bnd_idx": {"@module": "numpy", "@class": "array", "dtype": "int64", "data": [1, 1, 26, 27]}, "gw_bands": 200, "gw_cutoff": 4, "w_conv_grid": [[200, 4, 1.1458300000000001], [300, 4, 1.139748], [300, 8, 1.111846], [300, 8, 1.111846], [300, 12, 1.141174], [300, 12, 1.141174], [300, 16, 1.170586], [300, 16, 1.170586], [300, 20, 1.1966389999999998], [300, 20, 1.1966389999999998], [300, 24, 1.218989], [300, 24, 1.218989], [400, 24, 1.2301069999999998], [400, 28, 1.242967], [400, 28, 1.242967]], "pwcutoff": 76, "w_conv_time": [11.290701389312744, 11.98357367515564, 12.358519792556763, 12.36039924621582, 13.510520935058594, 13.51214599609375, 16.081454277038574, 16.084221363067627, 20.080172777175903, 20.081761121749878, 26.9630343914032, 26.964534282684326, 30.266161918640137, 37.77745532989502, 37.77892184257507], "w_ngw": 9, "w_z_factor": [{"@module": "numpy", "@class": "array", "dtype": "float64", "data": [[26.0, 0.77, -0.131788], [27.0, 0.78, -0.131528]]}, {"@module": "numpy", "@class": "array", "dtype": "float64", "data": [[26.0, 0.77, -0.137379], [27.0, 0.78, -0.131867]]}, {"@module": "numpy", "@class": "array", "dtype": "float64", "data": [[26.0, 0.77, -0.139359], [27.0, 0.77, -0.134806]]}, {"@module": "numpy", "@class": "array", "dtype": "float64", "data": [[26.0, 0.77, -0.137419], [27.0, 0.77, -0.135106]]}, {"@module": "numpy", "@class": "array", "dtype": "float64", "data": [[26.0, 0.77, -0.137415], [27.0, 0.77, -0.135075]]}, {"@module": "numpy", "@class": "array", "dtype": "float64", "data": [[26.0, 0.77, -0.139272], [27.0, 0.77, -0.134921]]}, {"@module": "numpy", "@class": "array", "dtype": "float64", "data": [[26.0, 0.77, -0.138169], [27.0, 0.77, -0.134943]]}, {"@module": "numpy", "@class": "array", "dtype": "float64", "data": [[26.0, 0.77, -0.134899], [27.0, 0.77, -0.133849]]}, {"@module": "numpy", "@class": "array", "dtype": "float64", "data": [[26.0, 0.77, -0.134157], [27.0, 0.77, -0.133916]]}], "gw_kppa": 220, "gw_kpt_grid": {"@module": "numpy", "@class": "array", "dtype": "int64", "data": [6, 2, 2]},