{"@module": "pymatgen.entries.computed_entries", "@class": "ComputedEntry", "energy": 0.0, "composition": {"As": 4.0, "Os": 2.0}, "entry_id": "238253", "correction": 0.0, "energy_adjustments": [], "parameters": {"id": "238253", "name": "As2Os", "ibrav": {"celldm(1)": 5.658029017001149, "ibrav": 8, "celldm(2)": 1.8055175177849774, "celldm(3)": 2.062255769680371}, "vol": 674.434448586333, "lda_pw_cutoff_Ry": 68, "qe_conv_pbe": {"qe_conv_maxiter": 20, "qe_delta_kppa": 1500, "qe_delta_cutoff": 5, "qe_conv_thresh": 0.00022049595234268282, "qe_conv_steps": [[60, 1500, -209.461882795987], [65, 1500, -209.4620117334109], [65, 3000, -209.4620140195556]], "qe_conv_time": 47.390456676483154}, "num_elec_pbe": 52.0, "max_mem": 34255.0, "qe_conv_lda": {"qe_conv_maxiter": 20, "qe_delta_kppa": 1500, "qe_delta_cutoff": 5, "qe_conv_thresh": 0.00022049595234268282, "qe_conv_steps": [[68, 1500, -626.4272637480768], [73, 1500, -626.4526347617881], [78, 1500, -626.4574904204412], [83, 1500, -626.4580236978878], [88, 1500, -626.4580695427535], [88, 3000, -626.4580734306276]], "qe_conv_time": 289.54052329063416}, "num_elec_lda": 92.00000000000001, "bg_conv_pbe": {"bg_conv_maxiter": 20, "bg_delta_kppa": 1500, "bg_delta_cutoff": 5, "bg_conv_thresh": 0.025, "bg_conv_steps": [[65, 3000, 0.7176582271730632], [65, 4500, 0.687777754892143], [65, 6000, 0.6884982514083264]], "bg_conv_time": 68.08965396881104}, "indirect_gap_pbe": 0.7176572269073095, "bg_conv_lda": {"bg_conv_maxiter": 20, "bg_delta_kppa": 1500, "bg_delta_cutoff": 5, "bg_conv_thresh": 0.025, "bg_conv_steps": [[88, 3000, 0.6789315059118547], [88, 4500, 0.6336908831458272], [88, 6000, 0.652463217014478]], "bg_conv_time": 239.61413526535034}, "indirect_gap_lda": 0.6789321123856349, "gw_conv_pbe": {"gw_conv_thr": 0.025, "gw_bnd_start": 200, "gw_bnd_step": 100, "gw_cut_start": 4, "gw_cut_step": 4, "kpt_bnd_idx": {"@module": "numpy", "@class": "array", "dtype": "int64", "data": [1, 1, 26, 27]}, "gw_bands": 200, "gw_cutoff": 4, "w_conv_grid": [[200, 4, 2.029981], [300, 4, 2.028887], [300, 8, 2.03986], [300, 8, 2.03986]], "pwcutoff": 65, "w_conv_time": [11.26286268234253, 11.411639213562012, 11.94566535949707, 11.946397066116333], "w_ngw": 3, "w_z_factor": [{"@module": "numpy", "@class": "array", "dtype": "float64", "data": [[26.0, 0.77, -0.152511], [27.0, 0.79, -0.133626]]}, {"@module": "numpy", "@class": "array", "dtype": "float64", "data": [[26.0, 0.77, -0.150414], [27.0, 0.79, -0.134795]]}, {"@module": "numpy", "@class": "array", "dtype": "float64", "data": [[26.0, 0.77, -0.163016], [27.0, 0.78, -0.137393]]}], "gw_kppa": 210, "gw_kpt_grid": {"@module": "numpy", "@class": "array", "dtype": "int64", "data": [6, 2, 2]}, "conv_list": [[{"kppa": 0}, {"kpt_grid": "1x1x1"}, {"num_kpts": 1}, {"X_bnds": 300.0}, {"G_bnds": 300.0}, {"X_cutoff": 8.0}, {"gamma_gap": 2.03986}, {"num_gw_calc": 3}, {"wall_time": 154}, {"num_cores": 8}, {"z-factor": "None"}], [{"kppa": 0}, {"kpt_grid": "1x1x1"}, {"num_kpts": 1}, {"X_bnds": 200}, {"G_bnds": 200}, {"X_cutoff": 4}, {"gamma_gap": 8}, {"num_gw_calc": 1}, {"wall_time": 12}, {"num_cores": 8}, {"z-factor": "None"}], [{"kppa": 10}, {"kpt_grid": "2x2x2"}, {"num_kpts": 1}, {"X_bnds": 200}, {"G_bnds": 200}, {"X_cutoff": 4}, {"gamma_gap": 1.728173}, {"num_gw_calc": 2}, {"wall_time": 35}, {"num_cores": 8}, {"z-factor": {"@module": "numpy", "@class": "array", "dtype": "float64", "data": [[26.0, 0.79, -0.12855], [27.0, 0.81, -0.112268]]}}], [{"kppa": 50}, {"kpt_grid": "4x2x2"}, {"num_kpts": 1}, {"X_bnds": 200}, {"G_bnds": 200}, {"X_cutoff": 4}, {"gamma_gap": 1.576949}, {"num_gw_calc": 3}, {"wall_time": 59}, {"num_cores": 8}, {"z-factor": {"@module": "numpy", "@class": "array", "dtype": "float64", "data": [[26.0, 0.79, -0.130021], [27.0, 0.81, -0.689932]]}}], [{"kppa": 210}, {"kpt_grid": "6x2x2"}, {"num_kpts": 1}, {"X_bnds": 200}, {"G_bnds": 200}, {"X_cutoff": 4}, {"gamma_gap": 1.5943589999999999}, {"num_gw_calc": 4}, {"wall_time": 37}, {"num_cores": 32}, {"z-factor": {"@module": "numpy", "@class": "array", "dtype": "float64", "data": [[26.0, 0.79, -0.127379], [27.0, 0.81, -0.111515]]}}]], "conv_time": 283.0001633167267}, "gw_band_range_pbe": [1, 33], "gw_conv_lda": {"gw_conv_thr": 0.025, "gw_bnd_start": 200, "gw_bnd_step": 100, "gw_cut_start": 4, "gw_cut_step": 4, "kpt_bnd_idx": {"@module": "numpy", "@class": "array", "dtype": "int64", "data": [1, 1, 46, 47]}, "gw_bands": 200, "gw_cutoff": 4, "w_conv_grid": [[200, 4, 1.84241], [300, 4, 1.830893], [300, 8, 1.849493], [300, 8, 1.849493]], "pwcutoff": 88, "w_conv_time": [11.436320781707764, 11.669516563415527, 12.537933588027954, 12.539333581924438], "w_ngw": 3, "w_z_factor": [{"@module": "numpy", "@class": "array", "dtype": "float64", "data": [[46.0, 0.78, -0.141553], [47.0, 0.79, -0.126061]]}, {"@module": "numpy", "@class": "array", "dtype": "float64", "data": [[46.0, 0.78, -0.12568], [47.0, 0.79, -0.124506]]}, {"@module": "numpy", "@class": "array", "dtype": "float64", "data": [[46.0, 0.78, -0.136676], [47.0, 0.79, -0.125036]]}], "gw_kppa": 210, "gw_kpt_grid": {"@module": "numpy", "@class": "array", "dtype": "int64", "data": [6, 2, 2]}, "conv_list": [[{"kppa": 0}, {"kpt_grid": "1x1x1"}, {"num_kpts": 1}, {"X_bnds": 300.0}, {"G_bnds": 300.0}, {"X_cutoff": 8.0}, {"gamma_gap": 1.849493}, {"num_gw_calc": 3}, {"wall_time": 234}, {"num_cores": 8}, {"z-factor": "None"}], [{"kppa": 0}, {"kpt_grid": "1x1x1"}, {"num_kpts": 1}, {"X_bnds": 200}, {"G_bnds": 200}, {"X_cutoff": 4}, {"gamma_gap": 8}, {"num_gw_calc": 1}, {"wall_time": 12}, {"num_cores": 8}, {"z-factor": "None"}], [{"kppa": 10}, {"kpt_grid": "2x2x2"}, {"num_kpts": 1}, {"X_bnds": 200}, {"G_bnds": 200}, {"X_cutoff": 4}, {"gamma_gap": 1.3852699999999998}, {"num_gw_calc": 2}, {"wall_time": 61}, {"num_cores": 8}, {"z-factor": {"@module": "numpy", "@class": "array", "dtype": "float64", "data": [[46.0, 0.79, -0.12577], [47.0, 0.81, -0.10585]]}}], [{"kppa": 50}, {"kpt_grid": "4x2x2"}, {"num_kpts": 1}, {"X_bnds": 200}, {"G_bnds": 200}, {"X_cutoff": 4}, {"gamma_gap": 1.216878}, {"num_gw_calc": 3}, {"wall_time": 135}, {"num_cores": 8}, {"z-factor": {"@module": "numpy", "@class": "array", "dtype": "float64", "data": [[46.0, 0.79, -0.126139], [47.0, 0.81, -0.110772]]}}], [{"kppa": 210}, {"kpt_grid": "6x2x2"}, {"num_kpts": 1}, {"X_bnds": 200}, {"G_bnds": 200}, {"X_cutoff": 4}, {"gamma_gap": 1.238719}, {"num_gw_calc": 4}, {"wall_time": 84}, {"num_cores": 32}, {"z-factor": {"@module": "numpy", "@class": "array", "dtype": "float64", "data": [[46.0, 0.79, -0.126503], [47.0, 0.81, -0.111813]]}}]], "conv_time": 513.1414666175842}, "gw_band_range_lda": [1, 53], "g0w0_ppa_pbe": {"gw_direct_gap": 1.6404670000000001, "kppa": 260, "kpt_grid": "6x4x2", "num_kpt": 24, "bands_in X": 400, "bands_in_G": 400, "cutoff": 12, "z_factor": [[26.0, 0.78, -0.0013069], [27.0, 0.8, -0.00148932]], "scissor": -0.221047, "ncpu": 32, "calc_time": 177.68251943588257}, "g0w0_ppa_lda": {"gw_direct_gap": 1.302539, "kppa": 260, "kpt_grid": "6x4x2", "num_kpt": 24, "bands_in X": 400, "bands_in_G": 400, "cutoff": 12, "z_factor": [[46.0, 0.78, -0.0012688], [47.0, 0.81, -0.00105308]], "scissor": -0.50721, "ncpu": 32, "calc_time": 532.079464673996}}, "data": {}}