{"@module": "pymatgen.entries.computed_entries", "@class": "ComputedEntry", "energy": 0.0, "composition": {"Sr": 2.0, "Mo": 2.0, "O": 8.0}, "entry_id": "239418", "correction": 0.0, "energy_adjustments": [], "parameters": {"id": "239418", "name": "SrMoO4", "ibrav": {"celldm(1)": 10.198568484821031, "ibrav": 7, "celldm(3)": 2.2289038976439963}, "vol": 1182.167451420284, "lda_pw_cutoff_Ry": 72, "qe_conv_pbe": {"qe_conv_maxiter": 20, "qe_delta_kppa": 1500, "qe_delta_cutoff": 5, "qe_conv_thresh": 0.00044099190468536564, "qe_conv_steps": [[60, 1500, -327.6862705181357], [65, 1500, -327.7305916622167], [70, 1500, -327.7512226809375], [75, 1500, -327.7597570095726], [80, 1500, -327.7627078522711], [85, 1500, -327.7634834305704], [90, 1500, -327.7635704011133], [90, 3000, -327.7635704003916]], "qe_conv_time": 198.81029629707336}, "num_elec_pbe": 96.00000000000001, "max_mem": 9592.0, "qe_conv_lda": {"qe_conv_maxiter": 20, "qe_delta_kppa": 1500, "qe_delta_cutoff": 5, "qe_conv_thresh": 0.00044099190468536564, "qe_conv_steps": [[72, 1500, -341.7979246341062], [77, 1500, -341.8002592435128], [82, 1500, -341.800889451336], [87, 1500, -341.8010174808716], [87, 3000, -341.8010175046883]], "qe_conv_time": 127.49324584007263}, "num_elec_lda": 96.00000000000001, "bg_conv_pbe": {"bg_conv_maxiter": 20, "bg_delta_kppa": 1500, "bg_delta_cutoff": 5, "bg_conv_thresh": 0.025, "bg_conv_steps": [[90, 3000, 4.147683201647009], [90, 4500, 4.147789440655849]], "bg_conv_time": 140.86097884178162}, "indirect_gap_pbe": 4.147683215851254, "bg_conv_lda": {"bg_conv_maxiter": 20, "bg_delta_kppa": 1500, "bg_delta_cutoff": 5, "bg_conv_thresh": 0.025, "bg_conv_steps": [[87, 3000, 4.079421707474252], [87, 4500, 4.079431283386646]], "bg_conv_time": 119.15249228477478}, "indirect_gap_lda": 4.079431515687891, "gw_conv_pbe": {"gw_conv_thr": 0.025, "gw_bnd_start": 200, "gw_bnd_step": 100, "gw_cut_start": 4, "gw_cut_step": 4, "kpt_bnd_idx": {"@module": "numpy", "@class": "array", "dtype": "int64", "data": [1, 1, 48, 49]}, "gw_bands": 200, "gw_cutoff": 4, "w_conv_grid": [[200, 4, 6.47043], [300, 4, 6.4164069999999995], [400, 4, 6.396717], [400, 8, 6.350588], [400, 8, 6.350588], [400, 12, 6.35204], [400, 12, 6.35204], [500, 12, 6.339702], [500, 16, 6.338692], [500, 16, 6.338692]], "pwcutoff": 90, "w_conv_time": [12.905956983566284, 13.727927923202515, 14.757530689239502, 17.51566767692566, 17.517146110534668, 26.02735471725464, 26.028908491134644, 28.555580139160156, 49.41984248161316, 49.42180323600769], "w_ngw": 7, "w_z_factor": [{"@module": "numpy", "@class": "array", "dtype": "float64", "data": [[48.0, 0.79, -0.131767], [49.0, 0.83, -0.107026]]}, {"@module": "numpy", "@class": "array", "dtype": "float64", "data": [[48.0, 0.79, -0.162785], [49.0, 0.83, -0.126923]]}, {"@module": "numpy", "@class": "array", "dtype": "float64", "data": [[48.0, 0.79, -0.136281], [49.0, 0.83, -0.964822]]}, {"@module": "numpy", "@class": "array", "dtype": "float64", "data": [[48.0, 0.78, -0.141064], [49.0, 0.82, -0.129782]]}, {"@module": "numpy", "@class": "array", "dtype": "float64", "data": [[48.0, 0.78, -0.132803], [49.0, 0.82, -0.978034]]}, {"@module": "numpy", "@class": "array", "dtype": "float64", "data": [[48.0, 0.78, -0.128524], [49.0, 0.82, -0.99079]]}, {"@module": "numpy", "@class": "array", "dtype": "float64", "data": [[48.0, 0.78, -0.130809], [49.0, 0.82, -0.996543]]}], "gw_kppa": 330, "gw_kpt_grid": {"@module": "numpy", "@class": "array", "dtype": "int64", "data": [4, 4, 4]}, "conv_list": [[{"kppa": 0}, {"kpt_grid": "1x1x1"}, {"num_kpts": 1}, {"X_bnds": 500.0}, {"G_bnds": 500.0}, {"X_cutoff": 16.0}, {"gamma_gap": 6.338692}, {"num_gw_calc": 7}, {"wall_time": 397}, {"num_cores": 8}, {"z-factor": "None"}], [{"kppa": 0}, {"kpt_grid": "1x1x1"}, {"num_kpts": 1}, {"X_bnds": 200}, {"G_bnds": 200}, {"X_cutoff": 4}, {"gamma_gap": 4}, {"num_gw_calc": 1}, {"wall_time": 13}, {"num_cores": 8}, {"z-factor": "None"}], [{"kppa": 10}, {"kpt_grid": "2x2x2"}, {"num_kpts": 1}, {"X_bnds": 200}, {"G_bnds": 200}, {"X_cutoff": 4}, {"gamma_gap": 6.61506}, {"num_gw_calc": 2}, {"wall_time": 67}, {"num_cores": 8}, {"z-factor": {"@module": "numpy", "@class": "array", "dtype": "float64", "data": [[48.0, 0.79, -0.132023], [49.0, 0.83, -0.983463]]}}], [{"kppa": 330}, {"kpt_grid": "4x4x4"}, {"num_kpts": 1}, {"X_bnds": 200}, {"G_bnds": 200}, {"X_cutoff": 4}, {"gamma_gap": 6.623202}, {"num_gw_calc": 3}, {"wall_time": 909}, {"num_cores": 8}, {"z-factor": {"@module": "numpy", "@class": "array", "dtype": "float64", "data": [[48.0, 0.79, -0.131439], [49.0, 0.83, -0.109077]]}}]], "conv_time": 1371.7316527366638}, "gw_band_range_pbe": [1, 59], "gw_conv_lda": {"gw_conv_thr": 0.025, "gw_bnd_start": 200, "gw_bnd_step": 100, "gw_cut_start": 4, "gw_cut_step": 4, "kpt_bnd_idx": {"@module": "numpy", "@class": "array", "dtype": "int64", "data": [1, 1, 48, 49]}, "gw_bands": 200, "gw_cutoff": 4, "w_conv_grid": [[200, 4, 6.440055], [300, 4, 6.384943], [400, 4, 6.360406], [400, 8, 6.3294690000000005], [400, 8, 6.3294690000000005], [400, 12, 6.341052], [400, 12, 6.341052], [500, 12, 6.331499000000001], [500, 16, 6.333421], [500, 16, 6.333421]], "pwcutoff": 87, "w_conv_time": [12.822527885437012, 13.693604469299316, 14.397094964981079, 17.19979763031006, 17.20115637779236, 23.742854356765747, 23.745030403137207, 28.313714265823364, 49.737279415130615, 49.738574743270874], "w_ngw": 7, "w_z_factor": [{"@module": "numpy", "@class": "array", "dtype": "float64", "data": [[48.0, 0.79, -0.130705], [49.0, 0.82, -0.107168]]}, {"@module": "numpy", "@class": "array", "dtype": "float64", "data": [[48.0, 0.79, -0.146583], [49.0, 0.82, -0.115419]]}, {"@module": "numpy", "@class": "array", "dtype": "float64", "data": [[48.0, 0.79, -0.152798], [49.0, 0.82, -0.394168]]}, {"@module": "numpy", "@class": "array", "dtype": "float64", "data": [[48.0, 0.78, -0.149219], [49.0, 0.82, -0.12045]]}, {"@module": "numpy", "@class": "array", "dtype": "float64", "data": [[48.0, 0.78, -0.128984], [49.0, 0.82, -0.104075]]}, {"@module": "numpy", "@class": "array", "dtype": "float64", "data": [[48.0, 0.78, -0.127285], [49.0, 0.82, -0.100628]]}, {"@module": "numpy", "@class": "array", "dtype": "float64", "data": [[48.0, 0.78, -0.135756], [49.0, 0.81, -0.796867]]}], "gw_kppa": 330, "gw_kpt_grid": {"@module": "numpy", "@class": "array", "dtype": "int64", "data": [4, 4, 4]}, "conv_list": [[{"kppa": 0}, {"kpt_grid": "1x1x1"}, {"num_kpts": 1}, {"X_bnds": 500.0}, {"G_bnds": 500.0}, {"X_cutoff": 16.0}, {"gamma_gap": 6.333421}, {"num_gw_calc": 7}, {"wall_time": 343}, {"num_cores": 8}, {"z-factor": "None"}], [{"kppa": 0}, {"kpt_grid": "1x1x1"}, {"num_kpts": 1}, {"X_bnds": 200}, {"G_bnds": 200}, {"X_cutoff": 4}, {"gamma_gap": 4}, {"num_gw_calc": 1}, {"wall_time": 13}, {"num_cores": 8}, {"z-factor": "None"}], [{"kppa": 10}, {"kpt_grid": "2x2x2"}, {"num_kpts": 1}, {"X_bnds": 200}, {"G_bnds": 200}, {"X_cutoff": 4}, {"gamma_gap": 6.574748}, {"num_gw_calc": 2}, {"wall_time": 60}, {"num_cores": 8}, {"z-factor": {"@module": "numpy", "@class": "array", "dtype": "float64", "data": [[48.0, 0.79, -0.131858], [49.0, 0.83, -0.102511]]}}], [{"kppa": 330}, {"kpt_grid": "4x4x4"}, {"num_kpts": 1}, {"X_bnds": 200}, {"G_bnds": 200}, {"X_cutoff": 4}, {"gamma_gap": 6.5817890000000006}, {"num_gw_calc": 3}, {"wall_time": 892}, {"num_cores": 8}, {"z-factor": {"@module": "numpy", "@class": "array", "dtype": "float64", "data": [[48.0, 0.79, -0.131026], [49.0, 0.83, -0.109298]]}}]], "conv_time": 1293.6299397945404}, "gw_band_range_lda": [1, 59]}, "data": {}}