{"@module": "pymatgen.entries.computed_entries", "@class": "ComputedEntry", "energy": 0.0, "composition": {"B": 2.0, "N": 2.0}, "entry_id": "241875", "correction": 0.0, "energy_adjustments": [], "parameters": {"id": "241875", "name": "BN", "ibrav": {"celldm(1)": 4.732484620401246, "ibrav": 4, "celldm(3)": 2.65894295584076}, "vol": 244.06600121683005, "lda_pw_cutoff_Ry": 72, "qe_conv_pbe": {"qe_conv_maxiter": 20, "qe_delta_kppa": 1500, "qe_delta_cutoff": 5, "qe_conv_thresh": 0.00014699730156178854, "qe_conv_steps": [[60, 1500, -25.75539061742239], [65, 1500, -25.7584376746354], [70, 1500, -25.7597199469844], [75, 1500, -25.76015057328955], [80, 1500, -25.76028469846642], [80, 3000, -25.76028481099105]], "qe_conv_time": 20.968738079071045}, "num_elec_pbe": 16.0, "max_mem": 57091.0, "qe_conv_lda": {"qe_conv_maxiter": 20, "qe_delta_kppa": 1500, "qe_delta_cutoff": 5, "qe_conv_thresh": 0.00014699730156178854, "qe_conv_steps": [[72, 1500, -26.84094743382099], [77, 1500, -26.84129941017196], [82, 1500, -26.84138211802646], [82, 3000, -26.84138239617786]], "qe_conv_time": 14.573729991912842}, "num_elec_lda": 16.0, "bg_conv_pbe": {"bg_conv_maxiter": 20, "bg_delta_kppa": 1500, "bg_delta_cutoff": 5, "bg_conv_thresh": 0.025, "bg_conv_steps": [[80, 3000, 4.318428270169189], [80, 4500, 4.291301945296674], [80, 6000, 4.282221207904633]], "bg_conv_time": 16.9281222820282}, "indirect_gap_pbe": 4.282219264403156, "bg_conv_lda": {"bg_conv_maxiter": 20, "bg_delta_kppa": 1500, "bg_delta_cutoff": 5, "bg_conv_thresh": 0.025, "bg_conv_steps": [[82, 3000, 4.117101475021139], [82, 4500, 4.090311310457875], [82, 6000, 4.080026379440436]], "bg_conv_time": 14.32413363456726}, "indirect_gap_lda": 4.080033210949893, "gw_conv_pbe": {"gw_conv_thr": 0.025, "gw_bnd_start": 200, "gw_bnd_step": 100, "gw_cut_start": 4, "gw_cut_step": 4, "kpt_bnd_idx": {"@module": "numpy", "@class": "array", "dtype": "int64", "data": [1, 1, 8, 9]}, "gw_bands": 200, "gw_cutoff": 4, "w_conv_grid": [[200, 4, 8.087381], [300, 4, 8.087703000000001], [300, 8, 8.290229], [300, 8, 8.290229], [300, 12, 8.642131], [300, 12, 8.642131], [300, 16, 8.712456], [300, 16, 8.712456], [300, 20, 8.773515], [300, 20, 8.773515], [300, 24, 8.804397], [300, 24, 8.804397], [300, 28, 8.815862], [300, 28, 8.815862], [400, 28, 8.826170000000001], [400, 32, 8.838344], [400, 32, 8.838344]], "pwcutoff": 80, "w_conv_time": [11.84875226020813, 12.120186805725098, 12.423591136932373, 12.42476773262024, 12.342713832855225, 12.343603372573853, 12.3720862865448, 12.373078107833862, 12.695136070251465, 12.697216510772705, 13.641238927841187, 13.642619371414185, 14.484979391098022, 14.486853122711182, 14.759727716445923, 16.45831298828125, 16.460303783416748], "w_ngw": 10, "w_z_factor": [{"@module": "numpy", "@class": "array", "dtype": "float64", "data": [[8.0, 0.82, -0.966746], [9.0, 0.84, -0.842924]]}, {"@module": "numpy", "@class": "array", "dtype": "float64", "data": [[8.0, 0.82, -0.970374], [9.0, 0.84, -0.84217]]}, {"@module": "numpy", "@class": "array", "dtype": "float64", "data": [[8.0, 0.81, -0.127436], [9.0, 0.84, -0.662735]]}, {"@module": "numpy", "@class": "array", "dtype": "float64", "data": [[8.0, 0.81, -0.936734], [9.0, 0.84, -0.817163]]}, {"@module": "numpy", "@class": "array", "dtype": "float64", "data": [[8.0, 0.81, -0.64517], [9.0, 0.84, -0.785488]]}, {"@module": "numpy", "@class": "array", "dtype": "float64", "data": [[8.0, 0.81, -0.974688], [9.0, 0.84, -0.811506]]}, {"@module": "numpy", "@class": "array", "dtype": "float64", "data": [[8.0, 0.81, -0.947556], [9.0, 0.84, -0.81174]]}, {"@module": "numpy", "@class": "array", "dtype": "float64", "data": [[8.0, 0.81, -0.952916], [9.0, 0.84, -0.81183]]}, {"@module": "numpy", "@class": "array", "dtype": "float64", "data": [[8.0, 0.81, -0.970005], [9.0, 0.84, -0.765341]]}, {"@module": "numpy", "@class": "array", "dtype": "float64", "data": [[8.0, 0.81, -0.981073], [9.0, 0.84, -0.787284]]}], "gw_kppa": 2010, "gw_kpt_grid": {"@module": "numpy", "@class": "array", "dtype": "int64", "data": [12, 12, 4]}, "conv_list": [[{"kppa": 0}, {"kpt_grid": "1x1x1"}, {"num_kpts": 1}, {"X_bnds": 400.0}, {"G_bnds": 400.0}, {"X_cutoff": 32.0}, {"gamma_gap": 8.838344}, {"num_gw_calc": 10}, {"wall_time": 189}, {"num_cores": 8}, {"z-factor": "None"}], [{"kppa": 0}, {"kpt_grid": "1x1x1"}, {"num_kpts": 1}, {"X_bnds": 200}, {"G_bnds": 200}, {"X_cutoff": 4}, {"gamma_gap": 8}, {"num_gw_calc": 1}, {"wall_time": 12}, {"num_cores": 8}, {"z-factor": "None"}], [{"kppa": 10}, {"kpt_grid": "2x2x2"}, {"num_kpts": 1}, {"X_bnds": 200}, {"G_bnds": 200}, {"X_cutoff": 4}, {"gamma_gap": 7.5893239999999995}, {"num_gw_calc": 2}, {"wall_time": 20}, {"num_cores": 8}, {"z-factor": {"@module": "numpy", "@class": "array", "dtype": "float64", "data": [[8.0, 0.81, -0.108381], [9.0, 0.85, -0.943735]]}}], [{"kppa": 50}, {"kpt_grid": "4x4x2"}, {"num_kpts": 1}, {"X_bnds": 200}, {"G_bnds": 200}, {"X_cutoff": 4}, {"gamma_gap": 7.554475}, {"num_gw_calc": 3}, {"wall_time": 29}, {"num_cores": 8}, {"z-factor": {"@module": "numpy", "@class": "array", "dtype": "float64", "data": [[8.0, 0.82, -0.989844], [9.0, 0.86, -0.864554]]}}], [{"kppa": 190}, {"kpt_grid": "6x6x2"}, {"num_kpts": 1}, {"X_bnds": 200}, {"G_bnds": 200}, {"X_cutoff": 4}, {"gamma_gap": 7.4461960000000005}, {"num_gw_calc": 4}, {"wall_time": 163}, {"num_cores": 32}, {"z-factor": {"@module": "numpy", "@class": "array", "dtype": "float64", "data": [[8.0, 0.82, -0.993423], [9.0, 0.85, -0.879852]]}}], [{"kppa": 520}, {"kpt_grid": "8x8x2"}, {"num_kpts": 1}, {"X_bnds": 200}, {"G_bnds": 200}, {"X_cutoff": 4}, {"gamma_gap": 7.411549}, {"num_gw_calc": 5}, {"wall_time": 233}, {"num_cores": 32}, {"z-factor": {"@module": "numpy", "@class": "array", "dtype": "float64", "data": [[8.0, 0.82, -0.101131], [9.0, 0.85, -0.829443]]}}], [{"kppa": 770}, {"kpt_grid": "8x8x4"}, {"num_kpts": 1}, {"X_bnds": 200}, {"G_bnds": 200}, {"X_cutoff": 4}, {"gamma_gap": 7.4776620000000005}, {"num_gw_calc": 6}, {"wall_time": 478}, {"num_cores": 32}, {"z-factor": {"@module": "numpy", "@class": "array", "dtype": "float64", "data": [[8.0, 0.82, -0.100323], [9.0, 0.85, -0.849799]]}}], [{"kppa": 1100}, {"kpt_grid": "10x10x4"}, {"num_kpts": 1}, {"X_bnds": 200}, {"G_bnds": 200}, {"X_cutoff": 4}, {"gamma_gap": 7.4515460000000004}, {"num_gw_calc": 7}, {"wall_time": 801}, {"num_cores": 32}, {"z-factor": {"@module": "numpy", "@class": "array", "dtype": "float64", "data": [[8.0, 0.82, -0.101932], [9.0, 0.85, -0.877656]]}}], [{"kppa": 2010}, {"kpt_grid": "12x12x4"}, {"num_kpts": 1}, {"X_bnds": 200}, {"G_bnds": 200}, {"X_cutoff": 4}, {"gamma_gap": 7.44124}, {"num_gw_calc": 8}, {"wall_time": 1340}, {"num_cores": 32}, {"z-factor": {"@module": "numpy", "@class": "array", "dtype": "float64", "data": [[8.0, 0.82, -0.100733], [9.0, 0.85, -0.902336]]}}]], "conv_time": 3248.1577818393707}, "gw_band_range_pbe": [1, 11], "gw_conv_lda": {"gw_conv_thr": 0.025, "gw_bnd_start": 200, "gw_bnd_step": 100, "gw_cut_start": 4, "gw_cut_step": 4, "kpt_bnd_idx": {"@module": "numpy", "@class": "array", "dtype": "int64", "data": [1, 1, 8, 9]}, "gw_bands": 200, "gw_cutoff": 4, "w_conv_grid": [[200, 4, 8.205903], [300, 4, 8.205493], [300, 8, 8.439509], [300, 8, 8.439509], [300, 12, 8.755251000000001], [300, 12, 8.755251000000001], [300, 16, 8.823851000000001], [300, 16, 8.823851000000001], [300, 20, 8.885602], [300, 20, 8.885602], [300, 24, 8.915932], [300, 24, 8.915932], [300, 28, 8.927297], [300, 28, 8.927297], [400, 28, 8.937670999999998], [400, 32, 8.949866], [400, 32, 8.949866]], "pwcutoff": 82, "w_conv_time": [11.923081159591675, 12.123153924942017, 11.405195474624634, 11.40705418586731, 11.492347240447998, 11.49376392364502, 11.392206192016602, 11.393643617630005, 12.695479154586792, 12.69766640663147, 12.989338397979736, 12.991271495819092, 14.041027784347534, 14.04225492477417, 14.766765832901001, 16.909620761871338, 16.910998344421387], "w_ngw": 10, "w_z_factor": [{"@module": "numpy", "@class": "array", "dtype": "float64",