{"@module": "pymatgen.entries.computed_entries", "@class": "ComputedEntry", "energy": 0.0, "composition": {"Ca": 2.0, "Zn": 2.0, "S": 2.0, "O": 2.0}, "entry_id": "245309", "correction": 0.0, "energy_adjustments": [], "parameters": {"id": "245309", "name": "CaZnSO", "ibrav": {"celldm(1)": 7.1001924132185765, "ibrav": 4, "celldm(3)": 3.0344719290120996}, "vol": 940.6414459128316, "lda_pw_cutoff_Ry": 60, "qe_conv_pbe": {"qe_conv_maxiter": 20, "qe_delta_kppa": 1500, "qe_delta_cutoff": 5, "qe_conv_thresh": 0.00029399460312357707, "qe_conv_steps": [[60, 1500, -526.8651180869269], [65, 1500, -526.8790745235211], [70, 1500, -526.8843620484608], [75, 1500, -526.8866754710772], [80, 1500, -526.8876458124333], [85, 1500, -526.8879177558409], [85, 3000, -526.887931224086]], "qe_conv_time": 166.01654505729675}, "num_elec_pbe": 84.0, "max_mem": 92001.0, "qe_conv_lda": {"qe_conv_maxiter": 20, "qe_delta_kppa": 1500, "qe_delta_cutoff": 5, "qe_conv_thresh": 0.00029399460312357707, "qe_conv_steps": [[60, 1500, -550.6321923270725], [65, 1500, -550.6888305769493], [70, 1500, -550.7052705384522], [75, 1500, -550.7091985592436], [80, 1500, -550.7099092570089], [85, 1500, -550.709997929665], [85, 3000, -550.7100157048313]], "qe_conv_time": 149.15775561332703}, "num_elec_lda": 84.0, "bg_conv_pbe": {"bg_conv_maxiter": 20, "bg_delta_kppa": 1500, "bg_delta_cutoff": 5, "bg_conv_thresh": 0.025, "bg_conv_steps": [[85, 3000, 2.763767970045772], [85, 4500, 2.7637799669369443]], "bg_conv_time": 83.21599292755127}, "indirect_gap_pbe": 2.763767251225316, "bg_conv_lda": {"bg_conv_maxiter": 20, "bg_delta_kppa": 1500, "bg_delta_cutoff": 5, "bg_conv_thresh": 0.025, "bg_conv_steps": [[85, 3000, 2.532324560244355], [85, 4500, 2.5323493589452104]], "bg_conv_time": 71.29019951820374}, "indirect_gap_lda": 2.5323255119228634, "gw_conv_pbe": {"gw_conv_thr": 0.025, "gw_bnd_start": 200, "gw_bnd_step": 100, "gw_cut_start": 4, "gw_cut_step": 4, "kpt_bnd_idx": {"@module": "numpy", "@class": "array", "dtype": "int64", "data": [1, 1, 42, 43]}, "gw_bands": 200, "gw_cutoff": 4, "w_conv_grid": [[200, 4, 3.5755689999999998], [300, 4, 3.5379359999999997], [400, 4, 3.5194149999999995], [400, 8, 3.758254], [400, 8, 3.758254], [400, 12, 3.814609], [400, 12, 3.814609], [400, 16, 3.8360819999999998], [400, 16, 3.8360819999999998], [500, 16, 3.8337369999999997], [500, 20, 3.843966], [500, 20, 3.843966]], "pwcutoff": 85, "w_conv_time": [12.206393003463745, 12.039865255355835, 13.903896570205688, 14.839198350906372, 14.841180801391602, 18.713073253631592, 18.71434497833252, 30.173516988754272, 30.175055503845215, 33.11359930038452, 50.06136918067932, 50.06255841255188], "w_ngw": 8, "w_z_factor": [{"@module": "numpy", "@class": "array", "dtype": "float64", "data": [[42.0, 0.78, -0.131456], [43.0, 0.8, -0.124655]]}, {"@module": "numpy", "@class": "array", "dtype": "float64", "data": [[42.0, 0.78, -0.142343], [43.0, 0.8, -0.126762]]}, {"@module": "numpy", "@class": "array", "dtype": "float64", "data": [[42.0, 0.78, -0.144929], [43.0, 0.8, -0.127426]]}, {"@module": "numpy", "@class": "array", "dtype": "float64", "data": [[42.0, 0.77, -0.140905], [43.0, 0.8, -0.12783]]}, {"@module": "numpy", "@class": "array", "dtype": "float64", "data": [[42.0, 0.77, -0.140244], [43.0, 0.8, -0.127785]]}, {"@module": "numpy", "@class": "array", "dtype": "float64", "data": [[42.0, 0.77, -0.140029], [43.0, 0.8, -0.127779]]}, {"@module": "numpy", "@class": "array", "dtype": "float64", "data": [[42.0, 0.77, -0.138021], [43.0, 0.8, -0.127925]]}, {"@module": "numpy", "@class": "array", "dtype": "float64", "data": [[42.0, 0.77, -0.137821], [43.0, 0.8, -0.127897]]}], "gw_kppa": 910, "gw_kpt_grid": {"@module": "numpy", "@class": "array", "dtype": "int64", "data": [8, 8, 2]}, "conv_list": [[{"kppa": 0}, {"kpt_grid": "1x1x1"}, {"num_kpts": 1}, {"X_bnds": 500.0}, {"G_bnds": 500.0}, {"X_cutoff": 20.0}, {"gamma_gap": 3.843966}, {"num_gw_calc": 8}, {"wall_time": 361}, {"num_cores": 8}, {"z-factor": "None"}], [{"kppa": 0}, {"kpt_grid": "1x1x1"}, {"num_kpts": 1}, {"X_bnds": 200}, {"G_bnds": 200}, {"X_cutoff": 4}, {"gamma_gap": 4}, {"num_gw_calc": 1}, {"wall_time": 13}, {"num_cores": 8}, {"z-factor": "None"}], [{"kppa": 10}, {"kpt_grid": "2x2x2"}, {"num_kpts": 1}, {"X_bnds": 200}, {"G_bnds": 200}, {"X_cutoff": 4}, {"gamma_gap": 4.077613}, {"num_gw_calc": 2}, {"wall_time": 50}, {"num_cores": 8}, {"z-factor": {"@module": "numpy", "@class": "array", "dtype": "float64", "data": [[42.0, 0.8, -0.131413], [43.0, 0.82, -0.117483]]}}], [{"kppa": 80}, {"kpt_grid": "4x4x2"}, {"num_kpts": 1}, {"X_bnds": 200}, {"G_bnds": 200}, {"X_cutoff": 4}, {"gamma_gap": 3.9990680000000003}, {"num_gw_calc": 3}, {"wall_time": 202}, {"num_cores": 8}, {"z-factor": {"@module": "numpy", "@class": "array", "dtype": "float64", "data": [[42.0, 0.8, -0.129208], [43.0, 0.83, -0.111738]]}}], [{"kppa": 330}, {"kpt_grid": "6x6x2"}, {"num_kpts": 1}, {"X_bnds": 200}, {"G_bnds": 200}, {"X_cutoff": 4}, {"gamma_gap": 3.9628170000000003}, {"num_gw_calc": 4}, {"wall_time": 191}, {"num_cores": 32}, {"z-factor": {"@module": "numpy", "@class": "array", "dtype": "float64", "data": [[42.0, 0.8, -0.129439], [43.0, 0.83, -0.111474]]}}], [{"kppa": 910}, {"kpt_grid": "8x8x2"}, {"num_kpts": 1}, {"X_bnds": 200}, {"G_bnds": 200}, {"X_cutoff": 4}, {"gamma_gap": 3.9661109999999997}, {"num_gw_calc": 5}, {"wall_time": 428}, {"num_cores": 32}, {"z-factor": {"@module": "numpy", "@class": "array", "dtype": "float64", "data": [[42.0, 0.8, -0.129937], [43.0, 0.83, -0.11159]]}}]], "conv_time": 1229.312769651413}, "gw_band_range_pbe": [1, 49], "gw_conv_lda": {"gw_conv_thr": 0.025, "gw_bnd_start": 200, "gw_bnd_step": 100, "gw_cut_start": 4, "gw_cut_step": 4, "kpt_bnd_idx": {"@module": "numpy", "@class": "array", "dtype": "int64", "data": [1, 1, 42, 43]}, "gw_bands": 200, "gw_cutoff": 4, "w_conv_grid": [[200, 4, 3.81388], [300, 4, 3.777033], [400, 4, 3.758725], [400, 8, 3.9919770000000003], [400, 8, 3.9919770000000003], [400, 12, 4.04574], [400, 12, 4.04574], [400, 16, 4.065238000000001], [400, 16, 4.065238000000001], [500, 16, 4.063253], [500, 20, 4.072513], [500, 20, 4.072513]], "pwcutoff": 85, "w_conv_time": [12.236109972000122, 12.828812837600708, 13.530793905258179, 15.088403940200806, 15.09040641784668, 18.386046409606934, 18.387263536453247, 30.349992752075195, 30.35102152824402, 32.31331706047058, 49.68058252334595, 49.682010889053345], "w_ngw": 8, "w_z_factor": [{"@module": "numpy", "@class": "array", "dtype": "float64", "data": [[42.0, 0.78, -0.130742], [43.0, 0.8, -0.125059]]}, {"@module": "numpy", "@class": "array", "dtype": "float64", "data": [[42.0, 0.77, -0.142989], [43.0, 0.8, -0.127941]]}, {"@module": "numpy", "@class": "array", "dtype": "float64", "data": [[42.0, 0.77, -0.145694], [43.0, 0.8, -0.128715]]}, {"@module": "numpy", "@class": "array", "dtype": "float64", "data": [[42.0, 0.77, -0.142557], [43.0, 0.8, -0.129271]]}, {"@module": "numpy", "@class": "array", "dtype": "float64", "data": [[42.0, 0.77, -0.142035], [43.0, 0.8, -0.129197]]}, {"@module": "numpy", "@class": "array", "dtype": "float64", "data": [[42.0, 0.77, -0.141746], [43.0, 0.8, -0.129119]]}, {"@module": "numpy", "@class": "array", "dtype": "float64", "data": [[42.0, 0.77, -0.139515], [43.0, 0.8, -0.129246]]}, {"@module": "numpy", "@class": "array", "dtype": "float64", "data": [[42.0, 0.77, -0.139993], [43.0, 0.79, -0.129192]]}], "gw_kppa": 910, "gw_kpt_grid": {"@module": "numpy", "@class": "array", "dtype": "int64", "data": [8, 8, 2]},