{"@module": "pymatgen.entries.computed_entries", "@class": "ComputedEntry", "energy": 0.0, "composition": {"Mg": 3.0, "Sb": 2.0}, "entry_id": "245692", "correction": 0.0, "energy_adjustments": [], "parameters": {"id": "245692", "name": "Mg3Sb2", "ibrav": {"celldm(1)": 8.614807909403215, "ibrav": 4, "celldm(3)": 1.5853872544288359}, "vol": 877.8145769427488, "lda_pw_cutoff_Ry": 76, "qe_conv_pbe": {"qe_conv_maxiter": 20, "qe_delta_kppa": 1500, "qe_delta_cutoff": 5, "qe_conv_thresh": 0.00018374662695223566, "qe_conv_steps": [[60, 1500, -304.1180485113464], [65, 1500, -304.1186026366253], [70, 1500, -304.1191841640483], [75, 1500, -304.1196965889461], [80, 1500, -304.1200932272902], [85, 1500, -304.1203717109235], [90, 1500, -304.120550732919], [90, 3000, -304.1205786322687]], "qe_conv_time": 175.87434935569763}, "num_elec_pbe": 60.0, "max_mem": 56856.0, "qe_conv_lda": {"qe_conv_maxiter": 20, "qe_delta_kppa": 1500, "qe_delta_cutoff": 5, "qe_conv_thresh": 0.00018374662695223566, "qe_conv_steps": [[76, 1500, -359.3641077084507], [81, 1500, -359.3649549690208], [86, 1500, -359.3650456493102], [86, 3000, -359.3650790026361]], "qe_conv_time": 88.58724403381348}, "num_elec_lda": 60.0, "bg_conv_pbe": {"bg_conv_maxiter": 20, "bg_delta_kppa": 1500, "bg_delta_cutoff": 5, "bg_conv_thresh": 0.025, "bg_conv_steps": [[90, 3000, 0.21378598626480325], [90, 4500, 0.2185012671088507]], "bg_conv_time": 90.55451035499573}, "indirect_gap_pbe": 0.21842640706180871, "bg_conv_lda": {"bg_conv_maxiter": 20, "bg_delta_kppa": 1500, "bg_delta_cutoff": 5, "bg_conv_thresh": 0.025, "bg_conv_steps": [[86, 3000, 0.1611030142220702], [86, 4500, 0.1666108556841214]], "bg_conv_time": 76.31099319458008}, "indirect_gap_lda": 0.16664539413836912, "gw_conv_pbe": {"gw_conv_thr": 0.025, "gw_bnd_start": 200, "gw_bnd_step": 100, "gw_cut_start": 4, "gw_cut_step": 4, "kpt_bnd_idx": {"@module": "numpy", "@class": "array", "dtype": "int64", "data": [1, 1, 30, 31]}, "gw_bands": 200, "gw_cutoff": 4, "w_conv_grid": [[200, 4, 1.596985], [300, 4, 1.578831], [300, 8, 1.70682], [300, 8, 1.70682], [300, 12, 1.721529], [300, 12, 1.721529], [400, 12, 1.720745], [400, 16, 1.7078360000000001], [400, 16, 1.7078360000000001]], "pwcutoff": 90, "w_conv_time": [11.948525667190552, 11.693730354309082, 12.716341972351074, 12.717556476593018, 15.476436853408813, 15.480103969573975, 16.732810020446777, 22.881380319595337, 22.88216543197632], "w_ngw": 6, "w_z_factor": [{"@module": "numpy", "@class": "array", "dtype": "float64", "data": [[30.0, 0.8, -0.116496], [31.0, 0.81, -0.123029]]}, {"@module": "numpy", "@class": "array", "dtype": "float64", "data": [[30.0, 0.8, -0.119189], [31.0, 0.81, -0.121162]]}, {"@module": "numpy", "@class": "array", "dtype": "float64", "data": [[30.0, 0.8, -0.117482], [31.0, 0.81, -0.120305]]}, {"@module": "numpy", "@class": "array", "dtype": "float64", "data": [[30.0, 0.8, -0.114201], [31.0, 0.81, -0.120932]]}, {"@module": "numpy", "@class": "array", "dtype": "float64", "data": [[30.0, 0.8, -0.118439], [31.0, 0.81, -0.120147]]}, {"@module": "numpy", "@class": "array", "dtype": "float64", "data": [[30.0, 0.8, -0.140787], [31.0, 0.81, -0.117466]]}], "gw_kppa": 340, "gw_kpt_grid": {"@module": "numpy", "@class": "array", "dtype": "int64", "data": [4, 4, 4]}, "conv_list": [[{"kppa": 0}, {"kpt_grid": "1x1x1"}, {"num_kpts": 1}, {"X_bnds": 400.0}, {"G_bnds": 400.0}, {"X_cutoff": 16.0}, {"gamma_gap": 1.7078360000000001}, {"num_gw_calc": 6}, {"wall_time": 304}, {"num_cores": 8}, {"z-factor": "None"}], [{"kppa": 0}, {"kpt_grid": "1x1x1"}, {"num_kpts": 1}, {"X_bnds": 200}, {"G_bnds": 200}, {"X_cutoff": 4}, {"gamma_gap": 8}, {"num_gw_calc": 1}, {"wall_time": 12}, {"num_cores": 8}, {"z-factor": "None"}], [{"kppa": 10}, {"kpt_grid": "2x2x2"}, {"num_kpts": 1}, {"X_bnds": 200}, {"G_bnds": 200}, {"X_cutoff": 4}, {"gamma_gap": 2.020823}, {"num_gw_calc": 2}, {"wall_time": 36}, {"num_cores": 8}, {"z-factor": {"@module": "numpy", "@class": "array", "dtype": "float64", "data": [[30.0, 0.79, -0.151976], [31.0, 0.8, -0.102742]]}}], [{"kppa": 90}, {"kpt_grid": "4x4x2"}, {"num_kpts": 1}, {"X_bnds": 200}, {"G_bnds": 200}, {"X_cutoff": 4}, {"gamma_gap": 2.130293}, {"num_gw_calc": 3}, {"wall_time": 120}, {"num_cores": 8}, {"z-factor": {"@module": "numpy", "@class": "array", "dtype": "float64", "data": [[30.0, 0.79, -0.156815], [31.0, 0.8, -0.158011]]}}], [{"kppa": 340}, {"kpt_grid": "4x4x4"}, {"num_kpts": 1}, {"X_bnds": 200}, {"G_bnds": 200}, {"X_cutoff": 4}, {"gamma_gap": 2.132952}, {"num_gw_calc": 4}, {"wall_time": 114}, {"num_cores": 32}, {"z-factor": {"@module": "numpy", "@class": "array", "dtype": "float64", "data": [[30.0, 0.79, -0.156011], [31.0, 0.8, -0.158385]]}}]], "conv_time": 571.9622850418091}, "gw_band_range_pbe": [1, 35], "gw_conv_lda": {"gw_conv_thr": 0.025, "gw_bnd_start": 200, "gw_bnd_step": 100, "gw_cut_start": 4, "gw_cut_step": 4, "kpt_bnd_idx": {"@module": "numpy", "@class": "array", "dtype": "int64", "data": [1, 1, 30, 31]}, "gw_bands": 200, "gw_cutoff": 4, "w_conv_grid": [[200, 4, 1.5429389999999998], [300, 4, 1.536897], [300, 8, 1.6420750000000002], [300, 8, 1.6420750000000002], [300, 12, 1.656273], [300, 12, 1.656273], [400, 12, 1.6575], [400, 16, 1.6538400000000002], [400, 16, 1.6538400000000002]], "pwcutoff": 86, "w_conv_time": [11.547208786010742, 11.934557676315308, 12.196516990661621, 12.197324514389038, 15.303018569946289, 15.304402589797974, 16.574861526489258, 22.219544172286987, 22.221059560775757], "w_ngw": 6, "w_z_factor": [{"@module": "numpy", "@class": "array", "dtype": "float64", "data": [[30.0, 0.8, -0.137948], [31.0, 0.81, -0.127179]]}, {"@module": "numpy", "@class": "array", "dtype": "float64", "data": [[30.0, 0.8, -0.115914], [31.0, 0.81, -0.126105]]}, {"@module": "numpy", "@class": "array", "dtype": "float64", "data": [[30.0, 0.8, -0.119801], [31.0, 0.8, -0.119655]]}, {"@module": "numpy", "@class": "array", "dtype": "float64", "data": [[30.0, 0.8, -0.119038], [31.0, 0.8, -0.123676]]}, {"@module": "numpy", "@class": "array", "dtype": "float64", "data": [[30.0, 0.8, -0.113327], [31.0, 0.8, -0.124082]]}, {"@module": "numpy", "@class": "array", "dtype": "float64", "data": [[30.0, 0.8, -0.121672], [31.0, 0.8, -0.116401]]}], "gw_kppa": 340, "gw_kpt_grid": {"@module": "numpy", "@class": "array", "dtype": "int64", "data": [4, 4, 4]}, "conv_list": [[{"kppa": 0}, {"kpt_grid": "1x1x1"}, {"num_kpts": 1}, {"X_bnds": 400.0}, {"G_bnds": 400.0}, {"X_cutoff": 16.0}, {"gamma_gap": 1.6538400000000002}, {"num_gw_calc": 6}, {"wall_time": 273}, {"num_cores": 8}, {"z-factor": "None"}], [{"kppa": 0}, {"kpt_grid": "1x1x1"}, {"num_kpts": 1}, {"X_bnds": 200}, {"G_bnds": 200}, {"X_cutoff": 4}, {"gamma_gap": 8}, {"num_gw_calc": 1}, {"wall_time": 12}, {"num_cores": 8}, {"z-factor": "None"}], [{"kppa": 10}, {"kpt_grid": "2x2x2"}, {"num_kpts": 1}, {"X_bnds": 200}, {"G_bnds": 200}, {"X_cutoff": 4}, {"gamma_gap": 1.809783}, {"num_gw_calc": 2}, {"wall_time": 35}, {"num_cores": 8}, {"z-factor": {"@module": "numpy", "@class": "array", "dtype": "float64", "data": [[30.0, 0.79, -0.161176], [31.0, 0.79, -0.161926]]}}], [{"kppa": 90}, {"kpt_grid": "4x4x2"}, {"num_kpts": 1}, {"X_bnds": 200}, {"G_bnds": 200}, {"X_cutoff": 4}, {"gamma_gap": 1.9102540000000001}, {"num_gw_calc": 3}, {"wall_time": 115}, {"num_cores": 8}, {"z-factor": {"@module": "numpy", "@class": "array", "dtype": "float64", "data": [[30.0, 0.78, -0.169635], [31.0, 0.79, -0.250323]]}}], [{"kppa": 340}, {"kpt_grid": "4x4x4"}, {"num_kpts": 1}, {"X_bnds": 200}, {"G_bnds": 200}, {"X_cutoff": 4}, {"gamma_gap": 1.9149749999999999}, {"num_gw_calc": 4}, {"wall_time": 113}, {"num_cores": 32}, {"z-factor": {"@module": "numpy", "@class": "array", "dtype": "float64", "data": [[30.0, 0.78, -0.168092], [31.0, 0.79, -0.201063]]}}]], "conv_time": 533.1285791397095}, "gw_band_range_lda": [1, 35], "g0w0_ppa_pbe": {"gw_direct_gap": 2.175507, "kppa": 400, "kpt_grid": "6x6x4", "num_kpt": 24, "bands_in X": 500, "bands_in_G": 500, "cutoff": 20,