{"@module": "pymatgen.entries.computed_entries", "@class": "ComputedEntry", "energy": 0.0, "composition": {"Ba": 2.0, "Cu": 2.0, "Te": 2.0, "F": 2.0}, "entry_id": "245624", "correction": 0.0, "energy_adjustments": [], "parameters": {"id": "245624", "name": "BaCuTeF", "ibrav": {"celldm(1)": 8.370919854584013, "ibrav": 6, "celldm(3)": 2.115402848951396}, "vol": 1240.8310044903772, "lda_pw_cutoff_Ry": 76, "qe_conv_pbe": {"qe_conv_maxiter": 20, "qe_delta_kppa": 1500, "qe_delta_cutoff": 5, "qe_conv_thresh": 0.00029399460312357707, "qe_conv_steps": [[60, 1500, -639.5415204225066], [65, 1500, -639.6057481597425], [70, 1500, -639.6257541767159], [75, 1500, -639.6304673252747], [80, 1500, -639.6311536281597], [85, 1500, -639.6311878127264], [85, 3000, -639.6312027654462]], "qe_conv_time": 453.0629553794861}, "num_elec_pbe": 104.0, "max_mem": 167235.0, "qe_conv_lda": {"qe_conv_maxiter": 20, "qe_delta_kppa": 1500, "qe_delta_cutoff": 5, "qe_conv_thresh": 0.00029399460312357707, "qe_conv_steps": [[76, 1500, -694.0257364986259], [81, 1500, -694.0309078501803], [86, 1500, -694.0321285748201], [91, 1500, -694.0323296107002], [91, 3000, -694.0323482801663]], "qe_conv_time": 313.1552529335022}, "num_elec_lda": 104.0, "bg_conv_pbe": {"bg_conv_maxiter": 20, "bg_delta_kppa": 1500, "bg_delta_cutoff": 5, "bg_conv_thresh": 0.025, "bg_conv_steps": [[85, 3000, 1.0487395957096521], [85, 4500, 1.0487398299273833]], "bg_conv_time": 176.42271971702576}, "indirect_gap_pbe": 1.0487395957096521, "bg_conv_lda": {"bg_conv_maxiter": 20, "bg_delta_kppa": 1500, "bg_delta_cutoff": 5, "bg_conv_thresh": 0.025, "bg_conv_steps": [[91, 3000, 0.9300516788767782], [91, 4500, 0.9300660152568545]], "bg_conv_time": 149.02156400680542}, "indirect_gap_lda": 0.9300516788767782, "gw_conv_pbe": {"gw_conv_thr": 0.025, "gw_bnd_start": 200, "gw_bnd_step": 100, "gw_cut_start": 4, "gw_cut_step": 4, "kpt_bnd_idx": {"@module": "numpy", "@class": "array", "dtype": "int64", "data": [1, 1, 52, 53]}, "gw_bands": 200, "gw_cutoff": 4, "w_conv_grid": [[200, 4, 1.9724909999999998], [300, 4, 1.9122369999999997], [400, 4, 1.8826899999999998], [500, 4, 1.8653019999999998], [500, 8, 1.858816], [500, 8, 1.858816], [600, 8, 1.8467209999999998], [600, 12, 1.8735229999999998], [600, 12, 1.8735229999999998], [600, 16, 1.8966489999999998], [600, 16, 1.8966489999999998], [700, 16, 1.8881130000000002], [700, 20, 1.904684], [700, 20, 1.904684]], "pwcutoff": 85, "w_conv_time": [13.887197494506836, 15.223981142044067, 15.708025455474854, 16.543028354644775, 20.273168563842773, 20.275310754776, 21.917765855789185, 35.91291666030884, 35.91508936882019, 65.00576138496399, 65.00799345970154, 72.76837301254272, 120.88572335243225, 120.88742470741272], "w_ngw": 10, "w_z_factor": [{"@module": "numpy", "@class": "array", "dtype": "float64", "data": [[52.0, 0.76, -0.174096], [53.0, 0.78, -0.158292]]}, {"@module": "numpy", "@class": "array", "dtype": "float64", "data": [[52.0, 0.76, -0.167531], [53.0, 0.78, -0.158654]]}, {"@module": "numpy", "@class": "array", "dtype": "float64", "data": [[52.0, 0.77, -0.101033], [53.0, 0.78, -0.14788]]}, {"@module": "numpy", "@class": "array", "dtype": "float64", "data": [[52.0, 0.77, -0.156815], [53.0, 0.78, -0.147427]]}, {"@module": "numpy", "@class": "array", "dtype": "float64", "data": [[52.0, 0.76, -0.172454], [53.0, 0.78, -0.149807]]}, {"@module": "numpy", "@class": "array", "dtype": "float64", "data": [[52.0, 0.76, -0.881717], [53.0, 0.78, -0.114029]]}, {"@module": "numpy", "@class": "array", "dtype": "float64", "data": [[52.0, 0.76, -0.152975], [53.0, 0.78, -0.147732]]}, {"@module": "numpy", "@class": "array", "dtype": "float64", "data": [[52.0, 0.76, -0.156991], [53.0, 0.78, -0.147342]]}, {"@module": "numpy", "@class": "array", "dtype": "float64", "data": [[52.0, 0.76, -0.151265], [53.0, 0.78, -0.145468]]}, {"@module": "numpy", "@class": "array", "dtype": "float64", "data": [[52.0, 0.76, -0.153572], [53.0, 0.78, -0.146606]]}], "gw_kppa": 970, "gw_kpt_grid": {"@module": "numpy", "@class": "array", "dtype": "int64", "data": [6, 6, 4]}, "conv_list": [[{"kppa": 0}, {"kpt_grid": "1x1x1"}, {"num_kpts": 1}, {"X_bnds": 700.0}, {"G_bnds": 700.0}, {"X_cutoff": 20.0}, {"gamma_gap": 1.904684}, {"num_gw_calc": 10}, {"wall_time": 740}, {"num_cores": 8}, {"z-factor": "None"}], [{"kppa": 0}, {"kpt_grid": "1x1x1"}, {"num_kpts": 1}, {"X_bnds": 200}, {"G_bnds": 200}, {"X_cutoff": 4}, {"gamma_gap": 4}, {"num_gw_calc": 1}, {"wall_time": 14}, {"num_cores": 8}, {"z-factor": "None"}], [{"kppa": 10}, {"kpt_grid": "2x2x2"}, {"num_kpts": 1}, {"X_bnds": 200}, {"G_bnds": 200}, {"X_cutoff": 4}, {"gamma_gap": 2.429518}, {"num_gw_calc": 2}, {"wall_time": 73}, {"num_cores": 8}, {"z-factor": {"@module": "numpy", "@class": "array", "dtype": "float64", "data": [[52.0, 0.78, -0.160615], [53.0, 0.8, -0.141079]]}}], [{"kppa": 110}, {"kpt_grid": "4x4x2"}, {"num_kpts": 1}, {"X_bnds": 200}, {"G_bnds": 200}, {"X_cutoff": 4}, {"gamma_gap": 2.3660430000000003}, {"num_gw_calc": 3}, {"wall_time": 290}, {"num_cores": 8}, {"z-factor": {"@module": "numpy", "@class": "array", "dtype": "float64", "data": [[52.0, 0.78, -0.156909], [53.0, 0.81, -0.13313]]}}], [{"kppa": 480}, {"kpt_grid": "6x6x2"}, {"num_kpts": 1}, {"X_bnds": 200}, {"G_bnds": 200}, {"X_cutoff": 4}, {"gamma_gap": 2.337942}, {"num_gw_calc": 4}, {"wall_time": 289}, {"num_cores": 32}, {"z-factor": {"@module": "numpy", "@class": "array", "dtype": "float64", "data": [[52.0, 0.78, -0.143081], [53.0, 0.81, -0.129977]]}}], [{"kppa": 970}, {"kpt_grid": "6x6x4"}, {"num_kpts": 1}, {"X_bnds": 200}, {"G_bnds": 200}, {"X_cutoff": 4}, {"gamma_gap": 2.3572699999999998}, {"num_gw_calc": 5}, {"wall_time": 704}, {"num_cores": 32}, {"z-factor": {"@module": "numpy", "@class": "array", "dtype": "float64", "data": [[52.0, 0.78, -0.155315], [53.0, 0.81, -0.130977]]}}]], "conv_time": 2093.2751989364624}, "gw_band_range_pbe": [1, 61], "gw_conv_lda": {"gw_conv_thr": 0.025, "gw_bnd_start": 200, "gw_bnd_step": 100, "gw_cut_start": 4, "gw_cut_step": 4, "kpt_bnd_idx": {"@module": "numpy", "@class": "array", "dtype": "int64", "data": [1, 1, 52, 53]}, "gw_bands": 200, "gw_cutoff": 4, "w_conv_grid": [[200, 4, 1.987646], [300, 4, 1.934075], [400, 4, 1.910799], [400, 8, 1.9156170000000001], [400, 8, 1.9156170000000001], [500, 8, 1.902956], [500, 12, 1.930604], [500, 12, 1.930604], [500, 16, 1.954833], [500, 16, 1.954833], [600, 16, 1.943266], [600, 20, 1.961821], [600, 20, 1.961821]], "pwcutoff": 91, "w_conv_time": [14.032294273376465, 14.47725772857666, 15.36937689781189, 18.72896409034729, 18.73059916496277, 19.893429279327393, 31.86717391014099, 31.86897611618042, 58.55188822746277, 58.55354976654053, 65.49041414260864, 108.0604178905487, 108.06137156486511], "w_ngw": 9, "w_z_factor": [{"@module": "numpy", "@class": "array", "dtype": "float64", "data": [[52.0, 0.76, -0.175341], [53.0, 0.78, -0.159411]]}, {"@module": "numpy", "@class": "array", "dtype": "float64", "data": [[52.0, 0.76, -0.168219], [53.0, 0.78, -0.156948]]}, {"@module": "numpy", "@class": "array", "dtype": "float64", "data": [[52.0, 0.76, -0.161477], [53.0, 0.78, -0.15111]]}, {"@module": "numpy", "@class": "array", "dtype": "float64", "data": [[52.0, 0.76, -0.151231], [53.0, 0.78, -0.148954]]}, {"@module": "numpy", "@class": "array", "dtype": "float64", "data": [[52.0, 0.76, -0.163157], [53.0, 0.78, -0.15097]]}, {"@module": "numpy", "@class": "array", "dtype": "float64", "data": [[52.0, 0.75, -0.16507], [53.0, 0.78, -0.151848]]}, {"@module": "numpy", "@class": "array", "dtype": "float64", "data": [[52.0, 0.75, -0.16408], [53.0, 0.78, -0.150594]]}, {"@module": "numpy", "@class": "array", "dtype": "float64", "data": [[52.0, 0.76, -0.155312], [53.0, 0.78, -0.147833]]}, {"@module": "numpy", "@class": "array", "dtype": "float64", "data": [[52.0, 0.75, -0.158188], [53.0, 0.78, -0.149144]]}], "gw_kppa": 480, "gw_kpt_grid": {"@module": "numpy", "@class": "array", "dtype": "int64", "data": [6, 6, 2]},