{"@module": "pymatgen.entries.computed_entries", "@class": "ComputedEntry", "energy": 0.0, "composition": {"Zn": 2.0, "Sn": 2.0, "O": 6.0}, "entry_id": "245943", "correction": 0.0, "energy_adjustments": [], "parameters": {"id": "245943", "name": "ZnSnO3", "ibrav": {"celldm(1)": 10.52428456661206, "ibrav": 5, "celldm(4)": 0.5536071002662191}, "vol": 755.3519727057145, "lda_pw_cutoff_Ry": 64, "qe_conv_pbe": {"qe_conv_maxiter": 20, "qe_delta_kppa": 1500, "qe_delta_cutoff": 5, "qe_conv_thresh": 0.00036749325390447133, "qe_conv_steps": [[60, 1500, -616.8759950257438], [65, 1500, -616.9116675397393], [70, 1500, -616.9272049830793], [75, 1500, -616.9337622667673], [80, 1500, -616.9361381986072], [85, 1500, -616.9368239156234], [90, 1500, -616.9369338512464], [90, 4500, -616.936935781866]], "qe_conv_time": 241.12732577323914}, "num_elec_pbe": 104.0, "max_mem": 128798.0, "qe_conv_lda": {"qe_conv_maxiter": 20, "qe_delta_kppa": 1500, "qe_delta_cutoff": 5, "qe_conv_thresh": 0.00036749325390447133, "qe_conv_steps": [[64, 1500, -674.0647098568116], [69, 1500, -674.0925090573526], [74, 1500, -674.099970752217], [79, 1500, -674.1016636443845], [84, 1500, -674.101968360079], [84, 4500, -674.1019704490701]], "qe_conv_time": 164.0512773990631}, "num_elec_lda": 104.0, "bg_conv_pbe": {"bg_conv_maxiter": 20, "bg_delta_kppa": 1500, "bg_delta_cutoff": 5, "bg_conv_thresh": 0.025, "bg_conv_steps": [[90, 4500, 1.6184506486896324], [90, 7500, 1.6184521091664976]], "bg_conv_time": 175.7068166732788}, "indirect_gap_pbe": 1.6184506362585027, "bg_conv_lda": {"bg_conv_maxiter": 20, "bg_delta_kppa": 1500, "bg_delta_cutoff": 5, "bg_conv_thresh": 0.025, "bg_conv_steps": [[84, 4500, 1.5279914809457908], [84, 7500, 1.5279961985482182]], "bg_conv_time": 136.6292815208435}, "indirect_gap_lda": 1.5279912247341876, "gw_conv_pbe": {"gw_conv_thr": 0.025, "gw_bnd_start": 200, "gw_bnd_step": 100, "gw_cut_start": 4, "gw_cut_step": 4, "kpt_bnd_idx": {"@module": "numpy", "@class": "array", "dtype": "int64", "data": [1, 1, 52, 53]}, "gw_bands": 200, "gw_cutoff": 4, "w_conv_grid": [[200, 4, 1.882284], [300, 4, 1.822043], [400, 4, 1.7978260000000001], [400, 8, 1.967397], [400, 8, 1.967397], [400, 12, 2.07974], [400, 12, 2.07974], [400, 16, 2.121749], [400, 16, 2.121749], [400, 20, 2.144399], [400, 20, 2.144399], [500, 20, 2.135678], [500, 24, 2.147576], [500, 24, 2.147576]], "pwcutoff": 90, "w_conv_time": [9.301263093948364, 9.87799596786499, 12.842384576797485, 13.173574924468994, 13.175082445144653, 16.0915424823761, 16.093095064163208, 24.80168890953064, 24.80386471748352, 32.51650547981262, 32.51801109313965, 34.14954495429993, 55.069228410720825, 55.07119417190552], "w_ngw": 9, "w_z_factor": [{"@module": "numpy", "@class": "array", "dtype": "float64", "data": [[52.0, 0.78, -0.126114], [53.0, 0.81, -0.111419]]}, {"@module": "numpy", "@class": "array", "dtype": "float64", "data": [[52.0, 0.78, -0.124688], [53.0, 0.81, -0.108945]]}, {"@module": "numpy", "@class": "array", "dtype": "float64", "data": [[52.0, 0.78, -0.122027], [53.0, 0.81, -0.108088]]}, {"@module": "numpy", "@class": "array", "dtype": "float64", "data": [[52.0, 0.77, -0.123242], [53.0, 0.8, -0.109686]]}, {"@module": "numpy", "@class": "array", "dtype": "float64", "data": [[52.0, 0.77, -0.12349], [53.0, 0.8, -0.11045]]}, {"@module": "numpy", "@class": "array", "dtype": "float64", "data": [[52.0, 0.77, -0.123696], [53.0, 0.8, -0.110891]]}, {"@module": "numpy", "@class": "array", "dtype": "float64", "data": [[52.0, 0.77, -0.12388], [53.0, 0.8, -0.111055]]}, {"@module": "numpy", "@class": "array", "dtype": "float64", "data": [[52.0, 0.77, -0.123242], [53.0, 0.8, -0.110624]]}, {"@module": "numpy", "@class": "array", "dtype": "float64", "data": [[52.0, 0.77, -0.123477], [53.0, 0.8, -0.110729]]}], "gw_kppa": 1260, "gw_kpt_grid": {"@module": "numpy", "@class": "array", "dtype": "int64", "data": [6, 6, 6]}, "conv_list": [[{"kppa": 0}, {"kpt_grid": "1x1x1"}, {"num_kpts": 1}, {"X_bnds": 500.0}, {"G_bnds": 500.0}, {"X_cutoff": 24.0}, {"gamma_gap": 2.147576}, {"num_gw_calc": 9}, {"wall_time": 403}, {"num_cores": 8}, {"z-factor": "None"}], [{"kppa": 0}, {"kpt_grid": "1x1x1"}, {"num_kpts": 1}, {"X_bnds": 200}, {"G_bnds": 200}, {"X_cutoff": 4}, {"gamma_gap": 4}, {"num_gw_calc": 1}, {"wall_time": 10}, {"num_cores": 8}, {"z-factor": "None"}], [{"kppa": 10}, {"kpt_grid": "2x2x2"}, {"num_kpts": 1}, {"X_bnds": 200}, {"G_bnds": 200}, {"X_cutoff": 4}, {"gamma_gap": 2.512127}, {"num_gw_calc": 2}, {"wall_time": 45}, {"num_cores": 8}, {"z-factor": {"@module": "numpy", "@class": "array", "dtype": "float64", "data": [[52.0, 0.8, -0.111921], [53.0, 0.84, -0.871551]]}}], [{"kppa": 280}, {"kpt_grid": "4x4x4"}, {"num_kpts": 1}, {"X_bnds": 200}, {"G_bnds": 200}, {"X_cutoff": 4}, {"gamma_gap": 2.574483}, {"num_gw_calc": 3}, {"wall_time": 599}, {"num_cores": 8}, {"z-factor": {"@module": "numpy", "@class": "array", "dtype": "float64", "data": [[52.0, 0.8, -0.110359], [53.0, 0.84, -0.811952]]}}], [{"kppa": 1260}, {"kpt_grid": "6x6x6"}, {"num_kpts": 1}, {"X_bnds": 200}, {"G_bnds": 200}, {"X_cutoff": 4}, {"gamma_gap": 2.5629079999999997}, {"num_gw_calc": 4}, {"wall_time": 1459}, {"num_cores": 32}, {"z-factor": {"@module": "numpy", "@class": "array", "dtype": "float64", "data": [[52.0, 0.8, -0.110394], [53.0, 0.84, -0.809489]]}}]], "conv_time": 2503.1358585357666}, "gw_band_range_pbe": [1, 54], "gw_conv_lda": {"gw_conv_thr": 0.025, "gw_bnd_start": 200, "gw_bnd_step": 100, "gw_cut_start": 4, "gw_cut_step": 4, "kpt_bnd_idx": {"@module": "numpy", "@class": "array", "dtype": "int64", "data": [1, 1, 52, 53]}, "gw_bands": 200, "gw_cutoff": 4, "w_conv_grid": [[200, 4, 2.3333120000000003], [300, 4, 2.2711449999999997], [400, 4, 2.245627], [500, 4, 2.232876], [500, 8, 2.38671], [500, 8, 2.38671], [500, 12, 2.499537], [500, 12, 2.499537], [500, 16, 2.543453], [500, 16, 2.543453], [500, 20, 2.567473], [500, 20, 2.567473], [600, 20, 2.556629], [600, 24, 2.570018], [600, 24, 2.570018]], "pwcutoff": 84, "w_conv_time": [11.291964054107666, 11.816562175750732, 12.243432760238647, 12.44046139717102, 14.267829895019531, 14.269775867462158, 17.15039610862732, 17.15132451057434, 23.88150644302368, 23.88267946243286, 35.99870204925537, 35.99983620643616, 40.27007794380188, 59.98076128959656, 59.982001066207886], "w_ngw": 10, "w_z_factor": [{"@module": "numpy", "@class": "array", "dtype": "float64", "data": [[52.0, 0.78, -0.131495], [53.0, 0.81, -0.115573]]}, {"@module": "numpy", "@class": "array", "dtype": "float64", "data": [[52.0, 0.78, -0.128673], [53.0, 0.81, -0.113027]]}, {"@module": "numpy", "@class": "array", "dtype": "float64", "data": [[52.0, 0.78, -0.128436], [53.0, 0.81, -0.11208]]}, {"@module": "numpy", "@class": "array", "dtype": "float64", "data": [[52.0, 0.78, -0.128915], [53.0, 0.81, -0.111634]]}, {"@module": "numpy", "@class": "array", "dtype": "float64", "data": [[52.0, 0.77, -0.126966], [53.0, 0.8, -0.113289]]}, {"@module": "numpy", "@class": "array", "dtype": "float64", "data": [[52.0, 0.77, -0.126991], [53.0, 0.8, -0.114023]]}, {"@module": "numpy", "@class": "array", "dtype": "float64", "data": [[52.0, 0.76, -0.127098], [53.0, 0.79, -0.114329]]}, {"@module": "numpy", "@class": "array", "dtype": "float64", "data": [[52.0, 0.76, -0.127248], [53.0, 0.79, -0.114471]]}, {"@module": "numpy", "@class": "array", "dtype": "float64", "data": [[52.0, 0.76, -0.127241], [53.0, 0.79, -0.114273]]}, {"@module": "numpy", "@class": "array", "dtype": "float64", "data": [[52.0, 0.76, -0.127334], [53.0, 0.79, -0.114359]]}], "gw_kppa": 1260, "gw_kpt_grid": {"@module": "numpy", "@class": "array", "dtype": "int64", "data": [6, 6, 6]},