{"@module": "pymatgen.entries.computed_entries", "@class": "ComputedEntry", "energy": 0.0, "composition": {"Ca": 2.0, "Cl": 4.0}, "entry_id": "246416", "correction": 0.0, "energy_adjustments": [], "parameters": {"id": "246416", "name": "CaCl2", "ibrav": {"celldm(1)": 7.895710423734917, "ibrav": 8, "celldm(2)": 1.5048597133235841, "celldm(3)": 1.5407552959028104}, "vol": 1141.309208770421, "lda_pw_cutoff_Ry": 60, "qe_conv_pbe": {"qe_conv_maxiter": 20, "qe_delta_kppa": 1500, "qe_delta_cutoff": 5, "qe_conv_thresh": 0.00022049595234268282, "qe_conv_steps": [[60, 1500, -134.6589847121069], [65, 1500, -134.6590158219748], [65, 3000, -134.6590158697666]], "qe_conv_time": 69.24401426315308}, "num_elec_pbe": 48.00000000000001, "max_mem": 45633.0, "qe_conv_lda": {"qe_conv_maxiter": 20, "qe_delta_kppa": 1500, "qe_delta_cutoff": 5, "qe_conv_thresh": 0.00022049595234268282, "qe_conv_steps": [[60, 1500, -143.4705115702308], [65, 1500, -143.4707311538747], [65, 3000, -143.4707312656199]], "qe_conv_time": 69.41299939155579}, "num_elec_lda": 48.00000000000001, "bg_conv_pbe": {"bg_conv_maxiter": 20, "bg_delta_kppa": 1500, "bg_delta_cutoff": 5, "bg_conv_thresh": 0.025, "bg_conv_steps": [[65, 3000, 5.441512552658196], [65, 4500, 5.441521231560744]], "bg_conv_time": 79.28891158103943}, "indirect_gap_pbe": 5.44152070792596, "bg_conv_lda": {"bg_conv_maxiter": 20, "bg_delta_kppa": 1500, "bg_delta_cutoff": 5, "bg_conv_thresh": 0.025, "bg_conv_steps": [[65, 3000, 5.118784181452528], [65, 4500, 5.118784408864529]], "bg_conv_time": 75.7607696056366}, "indirect_gap_lda": 5.118784039455673, "gw_conv_pbe": {"gw_conv_thr": 0.025, "gw_bnd_start": 200, "gw_bnd_step": 100, "gw_cut_start": 4, "gw_cut_step": 4, "kpt_bnd_idx": {"@module": "numpy", "@class": "array", "dtype": "int64", "data": [1, 1, 24, 25]}, "gw_bands": 200, "gw_cutoff": 4, "w_conv_grid": [[200, 4, 8.33451], [300, 4, 8.314493], [300, 8, 8.485185999999999], [300, 8, 8.485185999999999], [300, 12, 8.530984], [300, 12, 8.530984], [300, 16, 8.543374], [300, 16, 8.543374], [400, 16, 8.571339], [500, 16, 8.587716], [500, 20, 8.593995], [500, 20, 8.593995], [600, 20, 8.607438], [600, 24, 8.608916], [600, 24, 8.608916]], "pwcutoff": 65, "w_conv_time": [11.291898727416992, 11.399893760681152, 13.841166734695435, 13.843287944793701, 19.8771071434021, 19.878596544265747, 28.94436025619507, 28.945758819580078, 31.606721878051758, 33.84572625160217, 56.83136487007141, 56.83277106285095, 61.86911964416504, 100.94428896903992, 100.94584608078003], "w_ngw": 10, "w_z_factor": [{"@module": "numpy", "@class": "array", "dtype": "float64", "data": [[24.0, 0.81, -0.13882], [25.0, 0.84, -0.119788]]}, {"@module": "numpy", "@class": "array", "dtype": "float64", "data": [[24.0, 0.81, -0.135208], [25.0, 0.84, -0.117304]]}, {"@module": "numpy", "@class": "array", "dtype": "float64", "data": [[24.0, 0.8, -0.132266], [25.0, 0.84, -0.122582]]}, {"@module": "numpy", "@class": "array", "dtype": "float64", "data": [[24.0, 0.8, -0.129761], [25.0, 0.84, -0.12049]]}, {"@module": "numpy", "@class": "array", "dtype": "float64", "data": [[24.0, 0.8, -0.131407], [25.0, 0.84, -0.120353]]}, {"@module": "numpy", "@class": "array", "dtype": "float64", "data": [[24.0, 0.8, -0.12007], [25.0, 0.84, -0.122385]]}, {"@module": "numpy", "@class": "array", "dtype": "float64", "data": [[24.0, 0.8, -0.129299], [25.0, 0.84, -0.118748]]}, {"@module": "numpy", "@class": "array", "dtype": "float64", "data": [[24.0, 0.8, -0.133469], [25.0, 0.84, -0.12404]]}, {"@module": "numpy", "@class": "array", "dtype": "float64", "data": [[24.0, 0.8, -0.127667], [25.0, 0.84, -0.115678]]}, {"@module": "numpy", "@class": "array", "dtype": "float64", "data": [[24.0, 0.8, -0.127931], [25.0, 0.84, -0.115508]]}], "gw_kppa": 70, "gw_kpt_grid": {"@module": "numpy", "@class": "array", "dtype": "int64", "data": [4, 2, 2]}, "conv_list": [[{"kppa": 0}, {"kpt_grid": "1x1x1"}, {"num_kpts": 1}, {"X_bnds": 600.0}, {"G_bnds": 600.0}, {"X_cutoff": 24.0}, {"gamma_gap": 8.608916}, {"num_gw_calc": 10}, {"wall_time": 488}, {"num_cores": 8}, {"z-factor": "None"}], [{"kppa": 0}, {"kpt_grid": "1x1x1"}, {"num_kpts": 1}, {"X_bnds": 200}, {"G_bnds": 200}, {"X_cutoff": 4}, {"gamma_gap": 8}, {"num_gw_calc": 1}, {"wall_time": 12}, {"num_cores": 8}, {"z-factor": "None"}], [{"kppa": 10}, {"kpt_grid": "2x2x2"}, {"num_kpts": 1}, {"X_bnds": 200}, {"G_bnds": 200}, {"X_cutoff": 4}, {"gamma_gap": 8.780452}, {"num_gw_calc": 2}, {"wall_time": 48}, {"num_cores": 8}, {"z-factor": {"@module": "numpy", "@class": "array", "dtype": "float64", "data": [[24.0, 0.82, -0.123737], [25.0, 0.85, -0.10054]]}}], [{"kppa": 70}, {"kpt_grid": "4x2x2"}, {"num_kpts": 1}, {"X_bnds": 200}, {"G_bnds": 200}, {"X_cutoff": 4}, {"gamma_gap": 8.794444}, {"num_gw_calc": 3}, {"wall_time": 91}, {"num_cores": 8}, {"z-factor": {"@module": "numpy", "@class": "array", "dtype": "float64", "data": [[24.0, 0.82, -0.123556], [25.0, 0.85, -0.101018]]}}]], "conv_time": 625.3987085819244}, "gw_band_range_pbe": [1, 37], "gw_conv_lda": {"gw_conv_thr": 0.025, "gw_bnd_start": 200, "gw_bnd_step": 100, "gw_cut_start": 4, "gw_cut_step": 4, "kpt_bnd_idx": {"@module": "numpy", "@class": "array", "dtype": "int64", "data": [1, 1, 24, 25]}, "gw_bands": 200, "gw_cutoff": 4, "w_conv_grid": [[200, 4, 8.172129], [300, 4, 8.141503], [400, 4, 8.134215000000001], [400, 8, 8.319231], [400, 8, 8.319231], [400, 12, 8.379491], [400, 12, 8.379491], [400, 16, 8.397038], [400, 16, 8.397038], [500, 16, 8.412759], [500, 20, 8.418477], [500, 20, 8.418477]], "pwcutoff": 65, "w_conv_time": [11.541767835617065, 11.220027446746826, 11.233727216720581, 14.245888233184814, 14.24732780456543, 22.092041730880737, 22.09384059906006, 32.48210120201111, 32.48355793952942, 34.51521682739258, 57.29068636894226, 57.2915780544281], "w_ngw": 8, "w_z_factor": [{"@module": "numpy", "@class": "array", "dtype": "float64", "data": [[24.0, 0.8, -0.145254], [25.0, 0.83, -0.123884]]}, {"@module": "numpy", "@class": "array", "dtype": "float64", "data": [[24.0, 0.8, -0.142578], [25.0, 0.83, -0.123317]]}, {"@module": "numpy", "@class": "array", "dtype": "float64", "data": [[24.0, 0.8, -0.144033], [25.0, 0.83, -0.122864]]}, {"@module": "numpy", "@class": "array", "dtype": "float64", "data": [[24.0, 0.79, -0.144847], [25.0, 0.83, -0.121978]]}, {"@module": "numpy", "@class": "array", "dtype": "float64", "data": [[24.0, 0.79, -0.143401], [25.0, 0.83, -0.128557]]}, {"@module": "numpy", "@class": "array", "dtype": "float64", "data": [[24.0, 0.79, -0.149208], [25.0, 0.83, -0.115923]]}, {"@module": "numpy", "@class": "array", "dtype": "float64", "data": [[24.0, 0.79, -0.140615], [25.0, 0.83, -0.125217]]}, {"@module": "numpy", "@class": "array", "dtype": "float64", "data": [[24.0, 0.79, -0.142384], [25.0, 0.83, -0.124712]]}], "gw_kppa": 70, "gw_kpt_grid": {"@module": "numpy", "@class": "array", "dtype": "int64", "data": [4, 2, 2]}, "conv_list": [[{"kppa": 0}, {"kpt_grid": "1x1x1"}, {"num_kpts": 1}, {"X_bnds": 500.0}, {"G_bnds": 500.0}, {"X_cutoff": 20.0}, {"gamma_gap": 8.418477}, {"num_gw_calc": 8}, {"wall_time": 312}, {"num_cores": 8}, {"z-factor": "None"}], [{"kppa": 0}, {"kpt_grid": "1x1x1"}, {"num_kpts": 1}, {"X_bnds": 200}, {"G_bnds": 200}, {"X_cutoff": 4}, {"gamma_gap": 4}, {"num_gw_calc": 1}, {"wall_time": 12}, {"num_cores": 8}, {"z-factor": "None"}], [{"kppa": 10}, {"kpt_grid": "2x2x2"}, {"num_kpts": 1}, {"X_bnds": 200}, {"G_bnds": 200}, {"X_cutoff": 4}, {"gamma_gap": 8.663260000000001}, {"num_gw_calc": 2}, {"wall_time": 48}, {"num_cores": 8}, {"z-factor": {"@module": "numpy", "@class": "array", "dtype": "float64", "data": [[24.0, 0.81, -0.132246], [25.0, 0.85, -0.105719]]}}], [{"kppa": 70}, {"kpt_grid": "4x2x2"}, {"num_kpts": 1}, {"X_bnds": 200}, {"G_bnds": 200}, {"X_cutoff": 4}, {"gamma_gap": 8.677019999999999}, {"num_gw_calc": 3}, {"wall_time": 90}, {"num_cores": 8}, {"z-factor": {"@module": "numpy", "@class": "array", "dtype": "float64", "data": [[24.0, 0.81, -0.132278], [25.0, 0.85, -0.104576]]}}]],