{"@module": "pymatgen.entries.computed_entries", "@class": "ComputedEntry", "energy": 0.0, "composition": {"Ag": 4.0, "O": 2.0}, "entry_id": "247821", "correction": 0.0, "energy_adjustments": [], "parameters": {"id": "247821", "name": "Ag2O", "ibrav": {"celldm(1)": 8.927633173580887, "ibrav": 1}, "vol": 711.5558800524377, "lda_pw_cutoff_Ry": 78, "qe_conv_pbe": {"qe_conv_maxiter": 20, "qe_delta_kppa": 1500, "qe_delta_cutoff": 5, "qe_conv_thresh": 0.00022049595234268282, "qe_conv_steps": [[60, 1500, -607.0861163191878], [65, 1500, -607.0972857328201], [70, 1500, -607.1025010485935], [75, 1500, -607.1047146060426], [80, 1500, -607.1055060900426], [85, 1500, -607.1057080017378], [85, 3000, -607.10570398453]], "qe_conv_time": 86.10591650009155}, "num_elec_pbe": 88.00000000000001, "max_mem": 161968.0, "qe_conv_lda": {"qe_conv_maxiter": 20, "qe_delta_kppa": 1500, "qe_delta_cutoff": 5, "qe_conv_thresh": 0.00022049595234268282, "qe_conv_steps": [[78, 1500, -652.761052359803], [83, 1500, -652.761682152941], [88, 1500, -652.7617744066022], [88, 3000, -652.7617738173534]], "qe_conv_time": 53.19923377037048}, "num_elec_lda": 88.00000000000001, "bg_conv_pbe": {"bg_conv_maxiter": 20, "bg_delta_kppa": 1500, "bg_delta_cutoff": 5, "bg_conv_thresh": 0.025, "bg_conv_steps": [[85, 3000, 0.014474925823465079], [85, 4500, 0.01446922745682114]], "bg_conv_time": 36.90951681137085}, "indirect_gap_pbe": 0.014477432157943953, "bg_conv_lda": {"bg_conv_maxiter": 20, "bg_delta_kppa": 1500, "bg_delta_cutoff": 5, "bg_conv_thresh": 0.025, "bg_conv_steps": [[88, 3000, 0.010523748769065972], [88, 4500, 0.01051635781468391]], "bg_conv_time": 36.619672536849976}, "indirect_gap_lda": 0.010523512999791528, "gw_conv_pbe": {"gw_conv_thr": 0.025, "gw_bnd_start": 200, "gw_bnd_step": 100, "gw_cut_start": 4, "gw_cut_step": 4, "kpt_bnd_idx": {"@module": "numpy", "@class": "array", "dtype": "int64", "data": [1, 1, 44, 45]}, "gw_bands": 200, "gw_cutoff": 4, "w_conv_grid": [[200, 4, -0.09093699999999999], [300, 4, -0.10033899999999998], [300, 8, -0.036850999999999995], [300, 8, -0.036850999999999995], [300, 12, -0.0047629999999999895], [300, 12, -0.0047629999999999895], [300, 16, 0.02068499999999998], [300, 16, 0.02068499999999998], [300, 20, 0.04078000000000001], [300, 20, 0.04078000000000001], [400, 20, 0.04074199999999999], [400, 24, 0.050355], [400, 24, 0.050355]], "pwcutoff": 85, "w_conv_time": [12.727376937866211, 12.891800880432129, 14.043240547180176, 14.044044017791748, 14.828563928604126, 14.829987049102783, 17.697120428085327, 17.69896626472473, 23.187054872512817, 23.187840700149536, 25.50928544998169, 32.2614324092865, 32.262614727020264], "w_ngw": 8, "w_z_factor": [{"@module": "numpy", "@class": "array", "dtype": "float64", "data": [[44.0, 0.76, -0.158645], [45.0, 0.77, -0.16787]]}, {"@module": "numpy", "@class": "array", "dtype": "float64", "data": [[44.0, 0.76, -0.511372], [45.0, 0.77, -0.261031]]}, {"@module": "numpy", "@class": "array", "dtype": "float64", "data": [[44.0, 0.75, -0.166025], [45.0, 0.76, -0.162477]]}, {"@module": "numpy", "@class": "array", "dtype": "float64", "data": [[44.0, 0.75, -0.165457], [45.0, 0.76, -0.176344]]}, {"@module": "numpy", "@class": "array", "dtype": "float64", "data": [[44.0, 0.75, -0.181697], [45.0, 0.75, -0.198423]]}, {"@module": "numpy", "@class": "array", "dtype": "float64", "data": [[44.0, 0.75, -0.173012], [45.0, 0.75, -0.210281]]}, {"@module": "numpy", "@class": "array", "dtype": "float64", "data": [[44.0, 0.75, -0.186267], [45.0, 0.75, -0.228487]]}, {"@module": "numpy", "@class": "array", "dtype": "float64", "data": [[44.0, 0.75, -0.185601], [45.0, 0.75, -0.217546]]}], "gw_kppa": 4380, "gw_kpt_grid": {"@module": "numpy", "@class": "array", "dtype": "int64", "data": [10, 10, 10]}, "conv_list": [[{"kppa": 0}, {"kpt_grid": "1x1x1"}, {"num_kpts": 1}, {"X_bnds": 400.0}, {"G_bnds": 400.0}, {"X_cutoff": 24.0}, {"gamma_gap": 0.050355}, {"num_gw_calc": 8}, {"wall_time": 266}, {"num_cores": 8}, {"z-factor": "None"}], [{"kppa": 0}, {"kpt_grid": "1x1x1"}, {"num_kpts": 1}, {"X_bnds": 200}, {"G_bnds": 200}, {"X_cutoff": 4}, {"gamma_gap": 8}, {"num_gw_calc": 1}, {"wall_time": 13}, {"num_cores": 8}, {"z-factor": "None"}], [{"kppa": 10}, {"kpt_grid": "2x2x2"}, {"num_kpts": 1}, {"X_bnds": 200}, {"G_bnds": 200}, {"X_cutoff": 4}, {"gamma_gap": 0.28290899999999997}, {"num_gw_calc": 2}, {"wall_time": 36}, {"num_cores": 8}, {"z-factor": {"@module": "numpy", "@class": "array", "dtype": "float64", "data": [[44.0, 0.78, -0.144717], [45.0, 0.8, -0.129899]]}}], [{"kppa": 170}, {"kpt_grid": "4x4x4"}, {"num_kpts": 1}, {"X_bnds": 200}, {"G_bnds": 200}, {"X_cutoff": 4}, {"gamma_gap": 0.482076}, {"num_gw_calc": 3}, {"wall_time": 230}, {"num_cores": 8}, {"z-factor": {"@module": "numpy", "@class": "array", "dtype": "float64", "data": [[44.0, 0.79, -0.130397], [45.0, 0.8, -0.121515]]}}], [{"kppa": 760}, {"kpt_grid": "6x6x6"}, {"num_kpts": 1}, {"X_bnds": 200}, {"G_bnds": 200}, {"X_cutoff": 4}, {"gamma_gap": 0.554062}, {"num_gw_calc": 4}, {"wall_time": 398}, {"num_cores": 32}, {"z-factor": {"@module": "numpy", "@class": "array", "dtype": "float64", "data": [[44.0, 0.79, -0.130746], [45.0, 0.8, -0.121682]]}}], [{"kppa": 2060}, {"kpt_grid": "8x8x8"}, {"num_kpts": 1}, {"X_bnds": 200}, {"G_bnds": 200}, {"X_cutoff": 4}, {"gamma_gap": 0.590597}, {"num_gw_calc": 5}, {"wall_time": 1662}, {"num_cores": 32}, {"z-factor": {"@module": "numpy", "@class": "array", "dtype": "float64", "data": [[44.0, 0.79, -0.130121], [45.0, 0.8, -0.121215]]}}], [{"kppa": 4380}, {"kpt_grid": "10x10x10"}, {"num_kpts": 1}, {"X_bnds": 200}, {"G_bnds": 200}, {"X_cutoff": 4}, {"gamma_gap": 0.607404}, {"num_gw_calc": 6}, {"wall_time": 4801}, {"num_cores": 32}, {"z-factor": {"@module": "numpy", "@class": "array", "dtype": "float64", "data": [[44.0, 0.79, -0.13056], [45.0, 0.8, -0.121812]]}}]], "conv_time": 7389.89302444458}, "gw_band_range_pbe": [1, 48], "gw_conv_lda": {"gw_conv_thr": 0.025, "gw_bnd_start": 200, "gw_bnd_step": 100, "gw_cut_start": 4, "gw_cut_step": 4, "kpt_bnd_idx": {"@module": "numpy", "@class": "array", "dtype": "int64", "data": [1, 1, 44, 45]}, "gw_bands": 200, "gw_cutoff": 4, "w_conv_grid": [[200, 4, 0.028518000000000016], [300, 4, 0.020521999999999985], [300, 8, 0.08101], [300, 8, 0.08101], [300, 12, 0.11199600000000001], [300, 12, 0.11199600000000001], [300, 16, 0.132937], [300, 16, 0.132937], [400, 16, 0.13305999999999998], [400, 20, 0.149876], [400, 20, 0.149876]], "pwcutoff": 88, "w_conv_time": [12.58199405670166, 12.942854404449463, 13.410466194152832, 13.411577939987183, 14.531471729278564, 14.53293490409851, 17.38362407684326, 17.38571786880493, 18.99265718460083, 27.00943875312805, 27.010737657546997], "w_ngw": 7, "w_z_factor": [{"@module": "numpy", "@class": "array", "dtype": "float64", "data": [[44.0, 0.76, -0.15581], [45.0, 0.76, -0.15581]]}, {"@module": "numpy", "@class": "array", "dtype": "float64", "data": [[44.0, 0.76, -0.186682], [45.0, 0.77, -0.176105]]}, {"@module": "numpy", "@class": "array", "dtype": "float64", "data": [[44.0, 0.75, -0.153951], [45.0, 0.76, -0.159308]]}, {"@module": "numpy", "@class": "array", "dtype": "float64", "data": [[44.0, 0.75, -0.184016], [45.0, 0.75, -0.209289]]}, {"@module": "numpy", "@class": "array", "dtype": "float64", "data": [[44.0, 0.75, -0.179416], [45.0, 0.75, -0.211457]]}, {"@module": "numpy", "@class": "array", "dtype": "float64", "data": [[44.0, 0.75, -0.177664], [45.0, 0.75, -0.208746]]}, {"@module": "numpy", "@class": "array", "dtype": "float64", "data": [[44.0, 0.74, -0.18779], [45.0, 0.75, -0.22205]]}], "gw_kppa": 4380, "gw_kpt_grid": {"@module": "numpy", "@class": "array", "dtype": "int64", "data": [10, 10, 10]},