{"@module": "pymatgen.entries.computed_entries", "@class": "ComputedEntry", "energy": 0.0, "composition": {"Ar": 1.0}, "entry_id": "24788", "correction": 0.0, "energy_adjustments": [], "parameters": {"id": "24788", "name": "Ar", "ibrav": {"celldm(1)": 9.932400558885158, "ibrav": 2}, "vol": 244.96423732265106, "lda_pw_cutoff_Ry": 58, "qe_conv_pbe": {"qe_conv_maxiter": 20, "qe_delta_kppa": 1500, "qe_delta_cutoff": 5, "qe_conv_thresh": 3.6749325390447134e-05, "qe_conv_steps": [[60, 1500, -21.19409595735367], [65, 1500, -21.19409610066645], [65, 3000, -21.19409610186012]], "qe_conv_time": 18.87751865386963}, "num_elec_pbe": 8.0, "max_mem": 24832.0, "qe_conv_lda": {"qe_conv_maxiter": 20, "qe_delta_kppa": 1500, "qe_delta_cutoff": 5, "qe_conv_thresh": 3.6749325390447134e-05, "qe_conv_steps": [[58, 1500, -22.57126144766441], [63, 1500, -22.57130034300804], [68, 1500, -22.57130662803202], [68, 3000, -22.57130662645201]], "qe_conv_time": 23.807025909423828}, "num_elec_lda": 8.0, "bg_conv_pbe": {"bg_conv_maxiter": 20, "bg_delta_kppa": 1500, "bg_delta_cutoff": 5, "bg_conv_thresh": 0.025, "bg_conv_steps": [[65, 3000, 8.702511816315507], [65, 4500, 8.70250353028928]], "bg_conv_time": 10.040004968643188}, "indirect_gap_pbe": 8.70250348817173, "bg_conv_lda": {"bg_conv_maxiter": 20, "bg_delta_kppa": 1500, "bg_delta_cutoff": 5, "bg_conv_thresh": 0.025, "bg_conv_steps": [[68, 3000, 8.174817224434381], [68, 4500, 8.17480354535448]], "bg_conv_time": 13.578559637069702}, "indirect_gap_lda": 8.174803382291476, "gw_conv_pbe": {"gw_conv_thr": 0.025, "gw_bnd_start": 200, "gw_bnd_step": 100, "gw_cut_start": 4, "gw_cut_step": 4, "kpt_bnd_idx": {"@module": "numpy", "@class": "array", "dtype": "int64", "data": [1, 1, 4, 5]}, "gw_bands": 200, "gw_cutoff": 4, "w_conv_grid": [[200, 4, 11.619599000000001], [300, 4, 11.619582999999999], [300, 8, 11.871332], [300, 8, 11.871332], [300, 12, 11.974374000000001], [300, 12, 11.974374000000001], [300, 16, 12.0451], [300, 16, 12.0451], [300, 20, 12.077351], [300, 20, 12.077351], [300, 24, 12.101382], [300, 24, 12.101382], [400, 24, 12.115531], [400, 28, 12.124825], [400, 28, 12.124825]], "pwcutoff": 65, "w_conv_time": [11.762505531311035, 11.908289670944214, 11.976576805114746, 11.97786283493042, 11.837877750396729, 11.83910322189331, 12.22930645942688, 12.230370044708252, 12.63693642616272, 12.638173580169678, 13.539450645446777, 13.54019808769226, 14.044202327728271, 15.19523310661316, 15.196670055389404], "w_ngw": 9, "w_z_factor": [{"@module": "numpy", "@class": "array", "dtype": "float64", "data": [[4.0, 0.84, -0.101515], [5.0, 0.87, -0.101749]]}, {"@module": "numpy", "@class": "array", "dtype": "float64", "data": [[4.0, 0.84, -0.10146], [5.0, 0.87, -0.101744]]}, {"@module": "numpy", "@class": "array", "dtype": "float64", "data": [[4.0, 0.84, -0.772119], [5.0, 0.87, -0.100597]]}, {"@module": "numpy", "@class": "array", "dtype": "float64", "data": [[4.0, 0.83, -0.980903], [5.0, 0.87, -0.100466]]}, {"@module": "numpy", "@class": "array", "dtype": "float64", "data": [[4.0, 0.83, -0.914327], [5.0, 0.87, -0.100268]]}, {"@module": "numpy", "@class": "array", "dtype": "float64", "data": [[4.0, 0.83, -0.989667], [5.0, 0.87, -0.100282]]}, {"@module": "numpy", "@class": "array", "dtype": "float64", "data": [[4.0, 0.83, -0.99804], [5.0, 0.87, -0.100239]]}, {"@module": "numpy", "@class": "array", "dtype": "float64", "data": [[4.0, 0.83, -0.998471], [5.0, 0.87, -0.100227]]}, {"@module": "numpy", "@class": "array", "dtype": "float64", "data": [[4.0, 0.83, -0.100827], [5.0, 0.87, -0.10018]]}], "gw_kppa": 30, "gw_kpt_grid": {"@module": "numpy", "@class": "array", "dtype": "int64", "data": [4, 4, 4]}, "conv_list": [[{"kppa": 0}, {"kpt_grid": "1x1x1"}, {"num_kpts": 1}, {"X_bnds": 400.0}, {"G_bnds": 400.0}, {"X_cutoff": 28.0}, {"gamma_gap": 12.124825}, {"num_gw_calc": 9}, {"wall_time": 163}, {"num_cores": 8}, {"z-factor": "None"}], [{"kppa": 0}, {"kpt_grid": "1x1x1"}, {"num_kpts": 1}, {"X_bnds": 200}, {"G_bnds": 200}, {"X_cutoff": 4}, {"gamma_gap": 8}, {"num_gw_calc": 1}, {"wall_time": 12}, {"num_cores": 8}, {"z-factor": "None"}], [{"kppa": 10}, {"kpt_grid": "2x2x2"}, {"num_kpts": 1}, {"X_bnds": 200}, {"G_bnds": 200}, {"X_cutoff": 4}, {"gamma_gap": 12.928491999999999}, {"num_gw_calc": 2}, {"wall_time": 17}, {"num_cores": 8}, {"z-factor": {"@module": "numpy", "@class": "array", "dtype": "float64", "data": [[4.0, 0.87, -0.733251], [5.0, 0.91, -0.581386]]}}], [{"kppa": 30}, {"kpt_grid": "4x4x4"}, {"num_kpts": 1}, {"X_bnds": 200}, {"G_bnds": 200}, {"X_cutoff": 4}, {"gamma_gap": 12.91388}, {"num_gw_calc": 3}, {"wall_time": 30}, {"num_cores": 8}, {"z-factor": {"@module": "numpy", "@class": "array", "dtype": "float64", "data": [[4.0, 0.87, -0.720783], [5.0, 0.92, -0.536115]]}}]], "conv_time": 207.55838918685913}, "gw_band_range_pbe": [1, 6], "gw_conv_lda": {"gw_conv_thr": 0.025, "gw_bnd_start": 200, "gw_bnd_step": 100, "gw_cut_start": 4, "gw_cut_step": 4, "kpt_bnd_idx": {"@module": "numpy", "@class": "array", "dtype": "int64", "data": [1, 1, 4, 5]}, "gw_bands": 200, "gw_cutoff": 4, "w_conv_grid": [[200, 4, 10.973627999999998], [300, 4, 10.973288], [300, 8, 11.240981999999999], [300, 8, 11.240981999999999], [300, 12, 11.345949], [300, 12, 11.345949], [300, 16, 11.41063], [300, 16, 11.41063], [300, 20, 11.440413], [300, 20, 11.440413], [300, 24, 11.461797], [300, 24, 11.461797], [400, 24, 11.474284], [400, 28, 11.482548999999999], [400, 28, 11.482548999999999]], "pwcutoff": 68, "w_conv_time": [11.56708550453186, 11.69233512878418, 11.729657888412476, 11.734020471572876, 12.153626680374146, 12.154845714569092, 12.410216808319092, 12.411453485488892, 12.573631763458252, 12.5748872756958, 13.724651575088501, 13.726499080657959, 14.042832612991333, 15.497612237930298, 15.498639106750488], "w_ngw": 9, "w_z_factor": [{"@module": "numpy", "@class": "array", "dtype": "float64", "data": [[4.0, 0.82, -0.966574], [5.0, 0.85, -0.116672]]}, {"@module": "numpy", "@class": "array", "dtype": "float64", "data": [[4.0, 0.82, -0.100208], [5.0, 0.85, -0.116563]]}, {"@module": "numpy", "@class": "array", "dtype": "float64", "data": [[4.0, 0.82, -0.105316], [5.0, 0.85, -0.115479]]}, {"@module": "numpy", "@class": "array", "dtype": "float64", "data": [[4.0, 0.82, -0.102288], [5.0, 0.85, -0.115401]]}, {"@module": "numpy", "@class": "array", "dtype": "float64", "data": [[4.0, 0.81, -0.103473], [5.0, 0.85, -0.115382]]}, {"@module": "numpy", "@class": "array", "dtype": "float64", "data": [[4.0, 0.81, -0.104328], [5.0, 0.85, -0.115326]]}, {"@module": "numpy", "@class": "array", "dtype": "float64", "data": [[4.0, 0.81, -0.105016], [5.0, 0.85, -0.115307]]}, {"@module": "numpy", "@class": "array", "dtype": "float64", "data": [[4.0, 0.81, -0.105545], [5.0, 0.85, -0.115279]]}, {"@module": "numpy", "@class": "array", "dtype": "float64", "data": [[4.0, 0.81, -0.105657], [5.0, 0.85, -0.115274]]}], "gw_kppa": 130, "gw_kpt_grid": {"@module": "numpy", "@class": "array", "dtype": "int64", "data": [6, 6, 6]}, "conv_list": [[{"kppa": 0}, {"kpt_grid": "1x1x1"}, {"num_kpts": 1}, {"X_bnds": 400.0}, {"G_bnds": 400.0}, {"X_cutoff": 28.0}, {"gamma_gap": 11.482548999999999}, {"num_gw_calc": 9}, {"wall_time": 157}, {"num_cores": 8}, {"z-factor": "None"}], [{"kppa": 0}, {"kpt_grid": "1x1x1"}, {"num_kpts": 1}, {"X_bnds": 200}, {"G_bnds": 200}, {"X_cutoff": 4}, {"gamma_gap": 8}, {"num_gw_calc": 1}, {"wall_time": 12}, {"num_cores": 8}, {"z-factor": "None"}], [{"kppa": 10}, {"kpt_grid": "2x2x2"}, {"num_kpts": 1}, {"X_bnds": 200}, {"G_bnds": 200}, {"X_cutoff": 4}, {"gamma_gap": 13.028752999999998}, {"num_gw_calc": 2}, {"wall_time": 17}, {"num_cores": 8}, {"z-factor": {"@module": "numpy", "@class": "array", "dtype": "float64", "data": [[4.0, 0.86, -0.818698], [5.0, 0.9, -0.670266]]}}], [{"kppa": 30}, {"kpt_grid": "4x4x4"}, {"num_kpts": 1}, {"X_bnds": 200}, {"G_bnds": 200}, {"X_cutoff": 4}, {"gamma_gap": 13.060502}, {"num_gw_calc": 3}, {"wall_time": 30}, {"num_cores": 8}, {"z-factor": {"@module": "numpy",