{"@module": "pymatgen.entries.computed_entries", "@class": "ComputedEntry", "energy": 0.0, "composition": {"Li": 2.0, "As": 2.0, "Se": 4.0}, "entry_id": "248116", "correction": 0.0, "energy_adjustments": [], "parameters": {"id": "248116", "name": "LiAsSe2", "ibrav": 0, "vol": 1173.4860462940321, "lda_pw_cutoff_Ry": 78, "qe_conv_pbe": {"qe_conv_maxiter": 20, "qe_delta_kppa": 1500, "qe_delta_cutoff": 5, "qe_conv_thresh": 0.00029399460312357707, "qe_conv_steps": [[60, 1500, -64.90512035934623], [65, 1500, -64.90517598038444], [65, 3000, -64.905094021079]], "qe_conv_time": 60.42271304130554}, "num_elec_pbe": 40.0, "max_mem": 137180.0, "qe_conv_lda": {"qe_conv_maxiter": 20, "qe_delta_kppa": 1500, "qe_delta_cutoff": 5, "qe_conv_thresh": 0.00029399460312357707, "qe_conv_steps": [[78, 1500, -711.0221046772913], [83, 1500, -711.0228907094033], [88, 1500, -711.02295034007], [88, 3000, -711.0228684202965]], "qe_conv_time": 330.12598299980164}, "num_elec_lda": 100.0, "bg_conv_pbe": {"bg_conv_maxiter": 20, "bg_delta_kppa": 1500, "bg_delta_cutoff": 5, "bg_conv_thresh": 0.025, "bg_conv_steps": [[65, 3000, 0.751731074435643], [65, 4500, 0.7500551674167404]], "bg_conv_time": 62.03289079666138}, "indirect_gap_pbe": 0.7517326499241316, "bg_conv_lda": {"bg_conv_maxiter": 20, "bg_delta_kppa": 1500, "bg_delta_cutoff": 5, "bg_conv_thresh": 0.025, "bg_conv_steps": [[88, 3000, 0.7057554071792516], [88, 4500, 0.7089123903097481]], "bg_conv_time": 302.1818742752075}, "indirect_gap_lda": 0.7085284054782721, "gw_conv_pbe": {"gw_conv_thr": 0.025, "gw_bnd_start": 200, "gw_bnd_step": 100, "gw_cut_start": 4, "gw_cut_step": 4, "kpt_bnd_idx": {"@module": "numpy", "@class": "array", "dtype": "int64", "data": [1, 1, 20, 21]}, "gw_bands": 200, "gw_cutoff": 4, "w_conv_grid": [[200, 4, 3.320251], [300, 4, 3.31564], [300, 8, 3.4321269999999995], [300, 8, 3.4321269999999995], [300, 12, 3.451264], [300, 12, 3.451264], [400, 12, 3.4540550000000003], [400, 16, 3.459973], [400, 16, 3.459973]], "pwcutoff": 65, "w_conv_time": [12.139132261276245, 11.83682656288147, 15.476018190383911, 15.476990461349487, 23.56205463409424, 23.563426971435547, 27.475578546524048, 47.93057560920715, 47.93185257911682], "w_ngw": 6, "w_z_factor": [{"@module": "numpy", "@class": "array", "dtype": "float64", "data": [[20.0, 0.79, -0.156272], [21.0, 0.79, -0.155588]]}, {"@module": "numpy", "@class": "array", "dtype": "float64", "data": [[20.0, 0.79, -0.156551], [21.0, 0.79, -0.155597]]}, {"@module": "numpy", "@class": "array", "dtype": "float64", "data": [[20.0, 0.78, -0.155981], [21.0, 0.79, -0.155669]]}, {"@module": "numpy", "@class": "array", "dtype": "float64", "data": [[20.0, 0.78, -0.155974], [21.0, 0.79, -0.155734]]}, {"@module": "numpy", "@class": "array", "dtype": "float64", "data": [[20.0, 0.78, -0.155831], [21.0, 0.79, -0.155544]]}, {"@module": "numpy", "@class": "array", "dtype": "float64", "data": [[20.0, 0.78, -0.155823], [21.0, 0.79, -0.155528]]}], "gw_kppa": 150, "gw_kpt_grid": {"@module": "numpy", "@class": "array", "dtype": "int64", "data": [2, 2, 4]}, "conv_list": [[{"kppa": 0}, {"kpt_grid": "1x1x1"}, {"num_kpts": 1}, {"X_bnds": 400.0}, {"G_bnds": 400.0}, {"X_cutoff": 16.0}, {"gamma_gap": 3.459973}, {"num_gw_calc": 6}, {"wall_time": 290}, {"num_cores": 8}, {"z-factor": "None"}], [{"kppa": 0}, {"kpt_grid": "1x1x1"}, {"num_kpts": 1}, {"X_bnds": 200}, {"G_bnds": 200}, {"X_cutoff": 4}, {"gamma_gap": 8}, {"num_gw_calc": 1}, {"wall_time": 13}, {"num_cores": 8}, {"z-factor": "None"}], [{"kppa": 10}, {"kpt_grid": "2x2x2"}, {"num_kpts": 1}, {"X_bnds": 200}, {"G_bnds": 200}, {"X_cutoff": 4}, {"gamma_gap": 3.045192}, {"num_gw_calc": 2}, {"wall_time": 50}, {"num_cores": 8}, {"z-factor": {"@module": "numpy", "@class": "array", "dtype": "float64", "data": [[20.0, 0.78, -0.162826], [21.0, 0.79, -0.15728]]}}], [{"kppa": 150}, {"kpt_grid": "2x2x4"}, {"num_kpts": 1}, {"X_bnds": 200}, {"G_bnds": 200}, {"X_cutoff": 4}, {"gamma_gap": 3.046451}, {"num_gw_calc": 3}, {"wall_time": 90}, {"num_cores": 8}, {"z-factor": {"@module": "numpy", "@class": "array", "dtype": "float64", "data": [[20.0, 0.78, -0.164151], [21.0, 0.79, -0.15695]]}}]], "conv_time": 428.7565679550171}, "gw_band_range_pbe": [1, 27], "gw_conv_lda": {"gw_conv_thr": 0.025, "gw_bnd_start": 200, "gw_bnd_step": 100, "gw_cut_start": 4, "gw_cut_step": 4, "kpt_bnd_idx": {"@module": "numpy", "@class": "array", "dtype": "int64", "data": [1, 1, 50, 51]}, "gw_bands": 200, "gw_cutoff": 4, "w_conv_grid": [[200, 4, 3.55914], [300, 4, 3.5433470000000002], [300, 8, 3.6394070000000003], [300, 8, 3.6394070000000003], [300, 12, 3.654955], [300, 12, 3.654955], [400, 12, 3.6585], [400, 16, 3.6647359999999995], [400, 16, 3.6647359999999995]], "pwcutoff": 88, "w_conv_time": [12.566076040267944, 13.403181791305542, 18.482410430908203, 18.483829975128174, 31.70207643508911, 31.702860116958618, 37.36039209365845, 66.52878165245056, 66.53594136238098], "w_ngw": 6, "w_z_factor": [{"@module": "numpy", "@class": "array", "dtype": "float64", "data": [[50.0, 0.79, -0.167586], [51.0, 0.8, -0.146805]]}, {"@module": "numpy", "@class": "array", "dtype": "float64", "data": [[50.0, 0.79, -0.163714], [51.0, 0.8, -0.145449]]}, {"@module": "numpy", "@class": "array", "dtype": "float64", "data": [[50.0, 0.79, -0.171427], [51.0, 0.79, -0.141557]]}, {"@module": "numpy", "@class": "array", "dtype": "float64", "data": [[50.0, 0.78, -0.178664], [51.0, 0.79, -0.13703]]}, {"@module": "numpy", "@class": "array", "dtype": "float64", "data": [[50.0, 0.79, -0.162218], [51.0, 0.79, -0.144222]]}, {"@module": "numpy", "@class": "array", "dtype": "float64", "data": [[50.0, 0.78, -0.162314], [51.0, 0.79, -0.144179]]}], "gw_kppa": 150, "gw_kpt_grid": {"@module": "numpy", "@class": "array", "dtype": "int64", "data": [2, 2, 4]}, "conv_list": [[{"kppa": 0}, {"kpt_grid": "1x1x1"}, {"num_kpts": 1}, {"X_bnds": 400.0}, {"G_bnds": 400.0}, {"X_cutoff": 16.0}, {"gamma_gap": 3.6647359999999995}, {"num_gw_calc": 6}, {"wall_time": 511}, {"num_cores": 8}, {"z-factor": "None"}], [{"kppa": 0}, {"kpt_grid": "1x1x1"}, {"num_kpts": 1}, {"X_bnds": 200}, {"G_bnds": 200}, {"X_cutoff": 4}, {"gamma_gap": 8}, {"num_gw_calc": 1}, {"wall_time": 13}, {"num_cores": 8}, {"z-factor": "None"}], [{"kppa": 10}, {"kpt_grid": "2x2x2"}, {"num_kpts": 1}, {"X_bnds": 200}, {"G_bnds": 200}, {"X_cutoff": 4}, {"gamma_gap": 3.2504340000000003}, {"num_gw_calc": 2}, {"wall_time": 95}, {"num_cores": 8}, {"z-factor": {"@module": "numpy", "@class": "array", "dtype": "float64", "data": [[50.0, 0.78, -0.160632], [51.0, 0.79, -0.157911]]}}], [{"kppa": 150}, {"kpt_grid": "2x2x4"}, {"num_kpts": 1}, {"X_bnds": 200}, {"G_bnds": 200}, {"X_cutoff": 4}, {"gamma_gap": 3.2506459999999997}, {"num_gw_calc": 3}, {"wall_time": 200}, {"num_cores": 8}, {"z-factor": {"@module": "numpy", "@class": "array", "dtype": "float64", "data": [[50.0, 0.78, -0.161239], [51.0, 0.79, -0.15352]]}}]], "conv_time": 803.8698184490204}, "gw_band_range_lda": [1, 57], "g0w0_ppa_pbe": {"gw_direct_gap": 3.2787189999999997, "kppa": 270, "kpt_grid": "4x4x4", "num_kpt": 36, "bands_in X": 500, "bands_in_G": 500, "cutoff": 20, "z_factor": [[20.0, 0.77, -0.00162311], [21.0, 0.78, -0.00156979]], "scissor": 0.7906880000000001, "ncpu": 32, "calc_time": 15496.015906333923}, "g0w0_ppa_lda": {"gw_direct_gap": 3.4518109999999997, "kppa": 270, "kpt_grid": "4x4x4", "num_kpt": 36, "bands_in X": 500, "bands_in_G": 500, "cutoff": 20, "z_factor": [[50.0, 0.78, -0.00155549], [51.0, 0.79, -0.00149073]], "scissor": 1.0679429999999999, "ncpu": 32, "calc_time": 27863.383790016174}}, "data": {}}