{"@module": "pymatgen.entries.computed_entries", "@class": "ComputedEntry", "energy": 0.0, "composition": {"Sr": 1.0, "S": 1.0}, "entry_id": "249177", "correction": 0.0, "energy_adjustments": [], "parameters": {"id": "249177", "name": "SrS", "ibrav": {"celldm(1)": 11.374261598921187, "ibrav": 2}, "vol": 367.8829378623791, "lda_pw_cutoff_Ry": 56, "qe_conv_pbe": {"qe_conv_maxiter": 20, "qe_delta_kppa": 1500, "qe_delta_cutoff": 5, "qe_conv_thresh": 7.349865078089427e-05, "qe_conv_steps": [[60, 1500, -41.51969232873426], [65, 1500, -41.51972322833147], [65, 3000, -41.51972324851898]], "qe_conv_time": 15.560672521591187}, "num_elec_pbe": 16.0, "max_mem": 33463.0, "qe_conv_lda": {"qe_conv_maxiter": 20, "qe_delta_kppa": 1500, "qe_delta_cutoff": 5, "qe_conv_thresh": 7.349865078089427e-05, "qe_conv_steps": [[56, 1500, -45.48963571306349], [61, 1500, -45.48992730450897], [66, 1500, -45.48999336297586], [66, 3000, -45.48999350813829]], "qe_conv_time": 21.00318932533264}, "num_elec_lda": 16.0, "bg_conv_pbe": {"bg_conv_maxiter": 20, "bg_delta_kppa": 1500, "bg_delta_cutoff": 5, "bg_conv_thresh": 0.025, "bg_conv_steps": [[65, 3000, 2.489336703564869], [65, 4500, 2.489334877691814]], "bg_conv_time": 13.02172303199768}, "indirect_gap_pbe": 2.489333945606459, "bg_conv_lda": {"bg_conv_maxiter": 20, "bg_delta_kppa": 1500, "bg_delta_cutoff": 5, "bg_conv_thresh": 0.025, "bg_conv_steps": [[66, 3000, 2.2697105670253945], [66, 4500, 2.269717554330557]], "bg_conv_time": 12.882390975952148}, "indirect_gap_lda": 2.269715741702825, "gw_conv_pbe": {"gw_conv_thr": 0.025, "gw_bnd_start": 200, "gw_bnd_step": 100, "gw_cut_start": 4, "gw_cut_step": 4, "kpt_bnd_idx": {"@module": "numpy", "@class": "array", "dtype": "int64", "data": [1, 1, 8, 9]}, "gw_bands": 200, "gw_cutoff": 4, "w_conv_grid": [[200, 4, 3.365832], [300, 4, 3.367858], [300, 8, 3.573809], [300, 8, 3.573809], [300, 12, 3.622273], [300, 12, 3.622273], [300, 16, 3.640708], [300, 16, 3.640708], [400, 16, 3.650289], [400, 20, 3.654952], [400, 20, 3.654952]], "pwcutoff": 65, "w_conv_time": [11.877102851867676, 12.508631706237793, 11.630415201187134, 11.632208347320557, 12.29438328742981, 12.295211553573608, 12.539388656616211, 12.541326761245728, 14.653447151184082, 14.370216846466064, 14.371602058410645], "w_ngw": 7, "w_z_factor": [{"@module": "numpy", "@class": "array", "dtype": "float64", "data": [[8.0, 0.76, -0.349782], [9.0, 0.81, -0.115824]]}, {"@module": "numpy", "@class": "array", "dtype": "float64", "data": [[8.0, 0.76, -0.349167], [9.0, 0.81, -0.116608]]}, {"@module": "numpy", "@class": "array", "dtype": "float64", "data": [[8.0, 0.76, -0.216263], [9.0, 0.81, -0.120799]]}, {"@module": "numpy", "@class": "array", "dtype": "float64", "data": [[8.0, 0.76, -0.211251], [9.0, 0.81, -0.120618]]}, {"@module": "numpy", "@class": "array", "dtype": "float64", "data": [[8.0, 0.76, -0.21129], [9.0, 0.81, -0.120482]]}, {"@module": "numpy", "@class": "array", "dtype": "float64", "data": [[8.0, 0.76, -0.209592], [9.0, 0.81, -0.120143]]}, {"@module": "numpy", "@class": "array", "dtype": "float64", "data": [[8.0, 0.76, -0.208872], [9.0, 0.81, -0.120182]]}], "gw_kppa": 260, "gw_kpt_grid": {"@module": "numpy", "@class": "array", "dtype": "int64", "data": [6, 6, 6]}, "conv_list": [[{"kppa": 0}, {"kpt_grid": "1x1x1"}, {"num_kpts": 1}, {"X_bnds": 400.0}, {"G_bnds": 400.0}, {"X_cutoff": 20.0}, {"gamma_gap": 3.654952}, {"num_gw_calc": 7}, {"wall_time": 156}, {"num_cores": 8}, {"z-factor": "None"}], [{"kppa": 0}, {"kpt_grid": "1x1x1"}, {"num_kpts": 1}, {"X_bnds": 200}, {"G_bnds": 200}, {"X_cutoff": 4}, {"gamma_gap": 8}, {"num_gw_calc": 1}, {"wall_time": 12}, {"num_cores": 8}, {"z-factor": "None"}], [{"kppa": 10}, {"kpt_grid": "2x2x2"}, {"num_kpts": 1}, {"X_bnds": 200}, {"G_bnds": 200}, {"X_cutoff": 4}, {"gamma_gap": 4.773051}, {"num_gw_calc": 2}, {"wall_time": 22}, {"num_cores": 8}, {"z-factor": {"@module": "numpy", "@class": "array", "dtype": "float64", "data": [[8.0, 0.8, -0.146358], [9.0, 0.82, -0.125605]]}}], [{"kppa": 60}, {"kpt_grid": "4x4x4"}, {"num_kpts": 1}, {"X_bnds": 200}, {"G_bnds": 200}, {"X_cutoff": 4}, {"gamma_gap": 4.941733}, {"num_gw_calc": 3}, {"wall_time": 42}, {"num_cores": 8}, {"z-factor": {"@module": "numpy", "@class": "array", "dtype": "float64", "data": [[8.0, 0.8, -0.133281], [9.0, 0.83, -0.117809]]}}], [{"kppa": 260}, {"kpt_grid": "6x6x6"}, {"num_kpts": 1}, {"X_bnds": 200}, {"G_bnds": 200}, {"X_cutoff": 4}, {"gamma_gap": 4.94373}, {"num_gw_calc": 4}, {"wall_time": 49}, {"num_cores": 32}, {"z-factor": {"@module": "numpy", "@class": "array", "dtype": "float64", "data": [[8.0, 0.8, -0.13229], [9.0, 0.83, -0.116777]]}}]], "conv_time": 266.7575750350952}, "gw_band_range_pbe": [1, 15], "gw_conv_lda": {"gw_conv_thr": 0.025, "gw_bnd_start": 200, "gw_bnd_step": 100, "gw_cut_start": 4, "gw_cut_step": 4, "kpt_bnd_idx": {"@module": "numpy", "@class": "array", "dtype": "int64", "data": [1, 1, 8, 9]}, "gw_bands": 200, "gw_cutoff": 4, "w_conv_grid": [[200, 4, 3.6190100000000003], [300, 4, 3.622185], [300, 8, 3.814105], [300, 8, 3.814105], [300, 12, 3.8569180000000003], [300, 12, 3.8569180000000003], [300, 16, 3.871422], [300, 16, 3.871422], [400, 16, 3.8788340000000003], [400, 20, 3.882562], [400, 20, 3.882562]], "pwcutoff": 66, "w_conv_time": [11.500651836395264, 12.236337423324585, 11.275416612625122, 11.276713609695435, 12.168338298797607, 12.169191598892212, 12.574932336807251, 12.576086282730103, 13.427889823913574, 13.433952808380127, 13.435250759124756], "w_ngw": 7, "w_z_factor": [{"@module": "numpy", "@class": "array", "dtype": "float64", "data": [[8.0, 0.76, -0.512846], [9.0, 0.81, -0.187333]]}, {"@module": "numpy", "@class": "array", "dtype": "float64", "data": [[8.0, 0.76, -0.341326], [9.0, 0.81, -0.111416]]}, {"@module": "numpy", "@class": "array", "dtype": "float64", "data": [[8.0, 0.76, -0.194354], [9.0, 0.81, -0.103514]]}, {"@module": "numpy", "@class": "array", "dtype": "float64", "data": [[8.0, 0.76, -0.22153], [9.0, 0.81, -0.117543]]}, {"@module": "numpy", "@class": "array", "dtype": "float64", "data": [[8.0, 0.76, -0.219575], [9.0, 0.81, -0.116066]]}, {"@module": "numpy", "@class": "array", "dtype": "float64", "data": [[8.0, 0.76, -0.276541], [9.0, 0.81, -0.114946]]}, {"@module": "numpy", "@class": "array", "dtype": "float64", "data": [[8.0, 0.76, -0.276258], [9.0, 0.81, -0.12531]]}], "gw_kppa": 260, "gw_kpt_grid": {"@module": "numpy", "@class": "array", "dtype": "int64", "data": [6, 6, 6]}, "conv_list": [[{"kppa": 0}, {"kpt_grid": "1x1x1"}, {"num_kpts": 1}, {"X_bnds": 400.0}, {"G_bnds": 400.0}, {"X_cutoff": 20.0}, {"gamma_gap": 3.882562}, {"num_gw_calc": 7}, {"wall_time": 171}, {"num_cores": 8}, {"z-factor": "None"}], [{"kppa": 0}, {"kpt_grid": "1x1x1"}, {"num_kpts": 1}, {"X_bnds": 200}, {"G_bnds": 200}, {"X_cutoff": 4}, {"gamma_gap": 8}, {"num_gw_calc": 1}, {"wall_time": 12}, {"num_cores": 8}, {"z-factor": "None"}], [{"kppa": 10}, {"kpt_grid": "2x2x2"}, {"num_kpts": 1}, {"X_bnds": 200}, {"G_bnds": 200}, {"X_cutoff": 4}, {"gamma_gap": 4.860886}, {"num_gw_calc": 2}, {"wall_time": 21}, {"num_cores": 8}, {"z-factor": {"@module": "numpy", "@class": "array", "dtype": "float64", "data": [[8.0, 0.79, -0.148035], [9.0, 0.82, -0.128347]]}}], [{"kppa": 60}, {"kpt_grid": "4x4x4"}, {"num_kpts": 1}, {"X_bnds": 200}, {"G_bnds": 200}, {"X_cutoff": 4}, {"gamma_gap": 4.9925619999999995}, {"num_gw_calc": 3}, {"wall_time": 39}, {"num_cores": 8}, {"z-factor": {"@module": "numpy", "@class": "array", "dtype": "float64", "data": [[8.0, 0.8, -0.139798], [9.0, 0.83, -0.121066]]}}], [{"kppa": 260}, {"kpt_grid": "6x6x6"}, {"num_kpts": 1}, {"X_bnds": 200}, {"G_bnds": 200}, {"X_cutoff": 4}, {"gamma_gap": 4.984545}, {"num_gw_calc": 4}, {"wall_time": 50}, {"num_cores": 32}, {"z-factor": {"@module": "numpy", "@class": "array", "dtype": "float64", "data": [[8.0, 0.8, -0.136659], [9.0, 0.83, -0.120099]]}}]], "conv_time": 279.9502868652344}, "gw_band_range_lda": [1, 15], "g0w0_ppa_pbe": {"gw_direct_gap": 5.221581, "kppa": 690,