{"@module": "pymatgen.entries.computed_entries", "@class": "ComputedEntry", "energy": 0.0, "composition": {"Sr": 2.0, "Cu": 4.0, "O": 4.0}, "entry_id": "25002", "correction": 0.0, "energy_adjustments": [], "parameters": {"id": "25002", "name": "Sr(CuO)2", "ibrav": {"celldm(1)": 10.355699212840689, "ibrav": 7, "celldm(3)": 1.7928832116788318}, "vol": 995.5436068040804, "lda_pw_cutoff_Ry": 76, "qe_conv_pbe": {"qe_conv_maxiter": 20, "qe_delta_kppa": 1500, "qe_delta_cutoff": 5, "qe_conv_thresh": 0.00036749325390447133, "qe_conv_steps": [[60, 1500, -856.5959623428746], [65, 1500, -856.73618374767], [70, 1500, -856.7837875019299], [75, 1500, -856.797026387801], [80, 1500, -856.7998646538285], [85, 1500, -856.8003404683044], [90, 1500, -856.8004955307302], [90, 4500, -856.8004959425734]], "qe_conv_time": 348.1664831638336}, "num_elec_pbe": 120.0, "max_mem": 53673.0, "qe_conv_lda": {"qe_conv_maxiter": 20, "qe_delta_kppa": 1500, "qe_delta_cutoff": 5, "qe_conv_thresh": 0.00036749325390447133, "qe_conv_steps": [[76, 1500, -892.5531946897381], [81, 1500, -892.5634914458847], [86, 1500, -892.5659193115811], [91, 1500, -892.5662962354421], [96, 1500, -892.5663260722889], [96, 4500, -892.5663265528437]], "qe_conv_time": 340.1544351577759}, "num_elec_lda": 120.0, "bg_conv_pbe": {"bg_conv_maxiter": 20, "bg_delta_kppa": 1500, "bg_delta_cutoff": 5, "bg_conv_thresh": 0.025, "bg_conv_steps": [[90, 4500, 1.8176298267976874], [90, 7500, 1.8176286100692982]], "bg_conv_time": 186.46419477462769}, "indirect_gap_pbe": 1.8176284338337205, "bg_conv_lda": {"bg_conv_maxiter": 20, "bg_delta_kppa": 1500, "bg_delta_cutoff": 5, "bg_conv_thresh": 0.025, "bg_conv_steps": [[96, 4500, 1.7857053902686033], [96, 7500, 1.785696596087808]], "bg_conv_time": 210.74917912483215}, "indirect_gap_lda": 1.785705745018144, "gw_conv_pbe": {"gw_conv_thr": 0.025, "gw_bnd_start": 200, "gw_bnd_step": 100, "gw_cut_start": 4, "gw_cut_step": 4, "kpt_bnd_idx": {"@module": "numpy", "@class": "array", "dtype": "int64", "data": [1, 1, 60, 61]}, "gw_bands": 200, "gw_cutoff": 4, "w_conv_grid": [[200, 4, 2.5959770000000004], [300, 4, 2.571395], [300, 8, 2.4916], [300, 8, 2.4916], [300, 12, 2.514429], [300, 12, 2.514429], [400, 12, 2.506203], [400, 16, 2.53211], [400, 16, 2.53211], [400, 20, 2.550366], [400, 20, 2.550366], [500, 20, 2.546996], [500, 24, 2.565504], [500, 24, 2.565504]], "pwcutoff": 90, "w_conv_time": [10.480231761932373, 11.016594171524048, 12.703155279159546, 12.703881740570068, 17.342479944229126, 17.343442916870117, 19.462721347808838, 31.47319006919861, 31.474344491958618, 52.8838574886322, 52.885042667388916, 64.01176166534424, 96.80022835731506, 96.80145192146301], "w_ngw": 9, "w_z_factor": [{"@module": "numpy", "@class": "array", "dtype": "float64", "data": [[60.0, 0.72, -0.300207], [61.0, 0.76, -0.178058]]}, {"@module": "numpy", "@class": "array", "dtype": "float64", "data": [[60.0, 0.74, -0.195183], [61.0, 0.76, -0.159156]]}, {"@module": "numpy", "@class": "array", "dtype": "float64", "data": [[60.0, 0.72, -0.214832], [61.0, 0.75, -0.177708]]}, {"@module": "numpy", "@class": "array", "dtype": "float64", "data": [[60.0, 0.72, -0.200876], [61.0, 0.75, -0.165521]]}, {"@module": "numpy", "@class": "array", "dtype": "float64", "data": [[60.0, 0.72, -0.217652], [61.0, 0.75, -0.177603]]}, {"@module": "numpy", "@class": "array", "dtype": "float64", "data": [[60.0, 0.72, -0.204434], [61.0, 0.75, -0.177563]]}, {"@module": "numpy", "@class": "array", "dtype": "float64", "data": [[60.0, 0.72, -0.311355], [61.0, 0.74, -0.216425]]}, {"@module": "numpy", "@class": "array", "dtype": "float64", "data": [[60.0, 0.72, -0.190454], [61.0, 0.75, -0.15789]]}, {"@module": "numpy", "@class": "array", "dtype": "float64", "data": [[60.0, 0.72, -0.177803], [61.0, 0.74, -0.138098]]}], "gw_kppa": 1260, "gw_kpt_grid": {"@module": "numpy", "@class": "array", "dtype": "int64", "data": [6, 6, 6]}, "conv_list": [[{"kppa": 0}, {"kpt_grid": "1x1x1"}, {"num_kpts": 1}, {"X_bnds": 500.0}, {"G_bnds": 500.0}, {"X_cutoff": 24.0}, {"gamma_gap": 2.565504}, {"num_gw_calc": 9}, {"wall_time": 559}, {"num_cores": 8}, {"z-factor": "None"}], [{"kppa": 0}, {"kpt_grid": "1x1x1"}, {"num_kpts": 1}, {"X_bnds": 200}, {"G_bnds": 200}, {"X_cutoff": 4}, {"gamma_gap": 8}, {"num_gw_calc": 1}, {"wall_time": 11}, {"num_cores": 8}, {"z-factor": "None"}], [{"kppa": 10}, {"kpt_grid": "2x2x2"}, {"num_kpts": 1}, {"X_bnds": 200}, {"G_bnds": 200}, {"X_cutoff": 4}, {"gamma_gap": 3.026999}, {"num_gw_calc": 2}, {"wall_time": 79}, {"num_cores": 8}, {"z-factor": {"@module": "numpy", "@class": "array", "dtype": "float64", "data": [[60.0, 0.75, -0.164241], [61.0, 0.78, -0.141901]]}}], [{"kppa": 280}, {"kpt_grid": "4x4x4"}, {"num_kpts": 1}, {"X_bnds": 200}, {"G_bnds": 200}, {"X_cutoff": 4}, {"gamma_gap": 3.0756259999999997}, {"num_gw_calc": 3}, {"wall_time": 890}, {"num_cores": 8}, {"z-factor": {"@module": "numpy", "@class": "array", "dtype": "float64", "data": [[60.0, 0.75, -0.17884], [61.0, 0.78, -0.145144]]}}], [{"kppa": 1260}, {"kpt_grid": "6x6x6"}, {"num_kpts": 1}, {"X_bnds": 200}, {"G_bnds": 200}, {"X_cutoff": 4}, {"gamma_gap": 3.071487}, {"num_gw_calc": 4}, {"wall_time": 1948}, {"num_cores": 32}, {"z-factor": {"@module": "numpy", "@class": "array", "dtype": "float64", "data": [[60.0, 0.75, -0.177753], [61.0, 0.78, -0.143013]]}}]], "conv_time": 3474.8630845546722}, "gw_band_range_pbe": [1, 69], "gw_conv_lda": {"gw_conv_thr": 0.025, "gw_bnd_start": 200, "gw_bnd_step": 100, "gw_cut_start": 4, "gw_cut_step": 4, "kpt_bnd_idx": {"@module": "numpy", "@class": "array", "dtype": "int64", "data": [1, 1, 60, 61]}, "gw_bands": 200, "gw_cutoff": 4, "w_conv_grid": [[200, 4, 2.634264], [300, 4, 2.609178], [400, 4, 2.6006340000000003], [400, 8, 2.524356], [400, 8, 2.524356], [400, 12, 2.542963], [400, 12, 2.542963], [500, 12, 2.5449580000000003], [500, 16, 2.5693960000000002], [500, 16, 2.5693960000000002], [600, 16, 2.56619], [600, 20, 2.583035], [600, 20, 2.583035]], "pwcutoff": 96, "w_conv_time": [14.278202772140503, 15.39979863166809, 18.410492658615112, 19.172354459762573, 19.17426609992981, 25.349775314331055, 25.351228713989258, 30.2919659614563, 45.09812116622925, 45.09938645362854, 51.48745131492615, 84.15717053413391, 84.15832448005676], "w_ngw": 9, "w_z_factor": [{"@module": "numpy", "@class": "array", "dtype": "float64", "data": [[60.0, 0.73, -0.209308], [61.0, 0.76, -0.165839]]}, {"@module": "numpy", "@class": "array", "dtype": "float64", "data": [[60.0, 0.73, -0.197754], [61.0, 0.76, -0.167031]]}, {"@module": "numpy", "@class": "array", "dtype": "float64", "data": [[60.0, 0.73, -0.195052], [61.0, 0.76, -0.158414]]}, {"@module": "numpy", "@class": "array", "dtype": "float64", "data": [[60.0, 0.72, -0.185174], [61.0, 0.75, -0.154853]]}, {"@module": "numpy", "@class": "array", "dtype": "float64", "data": [[60.0, 0.72, -0.190782], [61.0, 0.75, -0.158895]]}, {"@module": "numpy", "@class": "array", "dtype": "float64", "data": [[60.0, 0.72, -0.180072], [61.0, 0.75, -0.155891]]}, {"@module": "numpy", "@class": "array", "dtype": "float64", "data": [[60.0, 0.72, -0.180179], [61.0, 0.75, -0.166772]]}, {"@module": "numpy", "@class": "array", "dtype": "float64", "data": [[60.0, 0.72, -0.180483], [61.0, 0.75, -0.156375]]}, {"@module": "numpy", "@class": "array", "dtype": "float64", "data": [[60.0, 0.72, -0.192677], [61.0, 0.75, -0.161767]]}], "gw_kppa": 1260, "gw_kpt_grid": {"@module": "numpy", "@class": "array", "dtype": "int64", "data": [6, 6, 6]},