{"@module": "pymatgen.entries.computed_entries", "@class": "ComputedEntry", "energy": 0.0, "composition": {"Zn": 2.0, "Sn": 2.0, "As": 4.0}, "entry_id": "250389", "correction": 0.0, "energy_adjustments": [], "parameters": {"id": "250389", "name": "ZnSnAs2", "ibrav": {"celldm(1)": 11.028441716448587, "ibrav": 7, "celldm(3)": 2.0023989033584644}, "vol": 1342.9599465912966, "lda_pw_cutoff_Ry": 68, "qe_conv_pbe": {"qe_conv_maxiter": 20, "qe_delta_kppa": 1500, "qe_delta_cutoff": 5, "qe_conv_thresh": 0.00029399460312357707, "qe_conv_steps": [[60, 1500, -546.38652090851], [65, 1500, -546.3892247022105], [70, 1500, -546.3893650743096], [70, 3000, -546.3894411089753]], "qe_conv_time": 174.04961562156677}, "num_elec_pbe": 88.00000000000001, "max_mem": 121494.0, "qe_conv_lda": {"qe_conv_maxiter": 20, "qe_delta_kppa": 1500, "qe_delta_cutoff": 5, "qe_conv_thresh": 0.00029399460312357707, "qe_conv_steps": [[68, 1500, -998.8347097319835], [73, 1500, -998.8656959285056], [78, 1500, -998.8714844854298], [83, 1500, -998.8720932740702], [88, 1500, -998.8721290130256], [88, 3000, -998.8722009567965]], "qe_conv_time": 375.5534157752991}, "num_elec_lda": 128.0, "bg_conv_pbe": {"bg_conv_maxiter": 20, "bg_delta_kppa": 1500, "bg_delta_cutoff": 5, "bg_conv_thresh": 0.025, "bg_conv_steps": [[70, 3000, 0.09436040479835896], [70, 6000, 0.09436901024627527]], "bg_conv_time": 158.62445521354675}, "indirect_gap_pbe": 0.0943474650727982, "bg_conv_lda": {"bg_conv_maxiter": 20, "bg_delta_kppa": 1500, "bg_delta_cutoff": 5, "bg_conv_thresh": 0.025, "bg_conv_steps": [[88, 3000, 0.015212882915741459], [88, 6000, 0.0151809676418525]], "bg_conv_time": 263.59864807128906}, "indirect_gap_lda": 0.015213121675779014, "gw_conv_pbe": {"gw_conv_thr": 0.025, "gw_bnd_start": 200, "gw_bnd_step": 100, "gw_cut_start": 4, "gw_cut_step": 4, "kpt_bnd_idx": {"@module": "numpy", "@class": "array", "dtype": "int64", "data": [1, 1, 44, 45]}, "gw_bands": 200, "gw_cutoff": 4, "w_conv_grid": [[200, 4, 0.091829], [300, 4, 0.070406], [300, 8, 0.104681], [300, 8, 0.104681], [300, 12, 0.10787000000000001], [300, 12, 0.10787000000000001]], "pwcutoff": 70, "w_conv_time": [14.98202395439148, 16.801639795303345, 18.99912166595459, 19.001325130462646, 27.64665961265564, 27.649017810821533], "w_ngw": 4, "w_z_factor": [{"@module": "numpy", "@class": "array", "dtype": "float64", "data": [[44.0, 0.83, -0.961051], [45.0, 0.83, -0.906865]]}, {"@module": "numpy", "@class": "array", "dtype": "float64", "data": [[44.0, 0.83, -0.906365], [45.0, 0.83, -0.88255]]}, {"@module": "numpy", "@class": "array", "dtype": "float64", "data": [[44.0, 0.82, -0.914985], [45.0, 0.83, -0.888775]]}, {"@module": "numpy", "@class": "array", "dtype": "float64", "data": [[44.0, 0.82, -0.916219], [45.0, 0.83, -0.889878]]}], "gw_kppa": 1000, "gw_kpt_grid": {"@module": "numpy", "@class": "array", "dtype": "int64", "data": [6, 6, 6]}, "conv_list": [[{"kppa": 0}, {"kpt_grid": "1x1x1"}, {"num_kpts": 1}, {"X_bnds": 300.0}, {"G_bnds": 300.0}, {"X_cutoff": 12.0}, {"gamma_gap": 0.10787000000000001}, {"num_gw_calc": 4}, {"wall_time": 369}, {"num_cores": 8}, {"z-factor": "None"}], [{"kppa": 0}, {"kpt_grid": "1x1x1"}, {"num_kpts": 1}, {"X_bnds": 200}, {"G_bnds": 200}, {"X_cutoff": 4}, {"gamma_gap": 8}, {"num_gw_calc": 1}, {"wall_time": 15}, {"num_cores": 8}, {"z-factor": "None"}], [{"kppa": 10}, {"kpt_grid": "2x2x2"}, {"num_kpts": 1}, {"X_bnds": 200}, {"G_bnds": 200}, {"X_cutoff": 4}, {"gamma_gap": 0.307885}, {"num_gw_calc": 2}, {"wall_time": 70}, {"num_cores": 8}, {"z-factor": {"@module": "numpy", "@class": "array", "dtype": "float64", "data": [[44.0, 0.8, -0.132573], [45.0, 0.8, -0.130201]]}}], [{"kppa": 220}, {"kpt_grid": "4x4x4"}, {"num_kpts": 1}, {"X_bnds": 200}, {"G_bnds": 200}, {"X_cutoff": 4}, {"gamma_gap": 0.339462}, {"num_gw_calc": 3}, {"wall_time": 1122}, {"num_cores": 8}, {"z-factor": {"@module": "numpy", "@class": "array", "dtype": "float64", "data": [[44.0, 0.79, -0.148941], [45.0, 0.8, -0.143977]]}}], [{"kppa": 1000}, {"kpt_grid": "6x6x6"}, {"num_kpts": 1}, {"X_bnds": 200}, {"G_bnds": 200}, {"X_cutoff": 4}, {"gamma_gap": 0.348692}, {"num_gw_calc": 4}, {"wall_time": 2444}, {"num_cores": 32}, {"z-factor": {"@module": "numpy", "@class": "array", "dtype": "float64", "data": [[44.0, 0.79, -0.149252], [45.0, 0.8, -0.143758]]}}]], "conv_time": 4003.192687034607}, "gw_band_range_pbe": [1, 53], "gw_conv_lda": {"gw_conv_thr": 0.025, "gw_bnd_start": 200, "gw_bnd_step": 100, "gw_cut_start": 4, "gw_cut_step": 4, "kpt_bnd_idx": {"@module": "numpy", "@class": "array", "dtype": "int64", "data": [1, 1, 64, 65]}, "gw_bands": 200, "gw_cutoff": 4, "w_conv_grid": [[200, 4, 0.08034200000000001], [300, 4, 0.07620100000000002], [300, 8, 0.08904900000000002], [300, 8, 0.08904900000000002]], "pwcutoff": 88, "w_conv_time": [14.49092435836792, 15.736069440841675, 18.187411785125732, 18.189422369003296], "w_ngw": 3, "w_z_factor": [{"@module": "numpy", "@class": "array", "dtype": "float64", "data": [[64.0, 0.81, -0.105717], [65.0, 0.8, -0.116471]]}, {"@module": "numpy", "@class": "array", "dtype": "float64", "data": [[64.0, 0.81, -0.109173], [65.0, 0.81, -0.112132]]}, {"@module": "numpy", "@class": "array", "dtype": "float64", "data": [[64.0, 0.8, -0.110643], [65.0, 0.8, -0.119727]]}], "gw_kppa": 220, "gw_kpt_grid": {"@module": "numpy", "@class": "array", "dtype": "int64", "data": [4, 4, 4]}, "conv_list": [[{"kppa": 0}, {"kpt_grid": "1x1x1"}, {"num_kpts": 1}, {"X_bnds": 300.0}, {"G_bnds": 300.0}, {"X_cutoff": 8.0}, {"gamma_gap": 0.08904900000000002}, {"num_gw_calc": 3}, {"wall_time": 577}, {"num_cores": 8}, {"z-factor": "None"}], [{"kppa": 0}, {"kpt_grid": "1x1x1"}, {"num_kpts": 1}, {"X_bnds": 200}, {"G_bnds": 200}, {"X_cutoff": 4}, {"gamma_gap": 8}, {"num_gw_calc": 1}, {"wall_time": 15}, {"num_cores": 8}, {"z-factor": "None"}], [{"kppa": 10}, {"kpt_grid": "2x2x2"}, {"num_kpts": 1}, {"X_bnds": 200}, {"G_bnds": 200}, {"X_cutoff": 4}, {"gamma_gap": 0.012068999999999996}, {"num_gw_calc": 2}, {"wall_time": 85}, {"num_cores": 8}, {"z-factor": {"@module": "numpy", "@class": "array", "dtype": "float64", "data": [[64.0, 0.79, -0.145192], [65.0, 0.79, -0.146496]]}}], [{"kppa": 220}, {"kpt_grid": "4x4x4"}, {"num_kpts": 1}, {"X_bnds": 200}, {"G_bnds": 200}, {"X_cutoff": 4}, {"gamma_gap": 0.008065999999999962}, {"num_gw_calc": 3}, {"wall_time": 1260}, {"num_cores": 8}, {"z-factor": {"@module": "numpy", "@class": "array", "dtype": "float64", "data": [[64.0, 0.79, -0.151863], [65.0, 0.79, -0.15256]]}}]], "conv_time": 1920.7611713409424}, "gw_band_range_lda": [1, 73], "g0w0_ppa_pbe": {"gw_direct_gap": 0.36605600000000005, "kppa": 2750, "kpt_grid": "8x8x8", "num_kpt": 78, "bands_in X": 400, "bands_in_G": 400, "cutoff": 16, "z_factor": [[44.0, 0.79, -0.00144421], [45.0, 0.8, -0.00138298]], "scissor": 0.271696, "ncpu": 16, "calc_time": 163259.6660144329}, "g0w0_ppa_lda": {"gw_direct_gap": 0.014706999999999915, "kppa": 1000, "kpt_grid": "6x6x6", "num_kpt": 36, "bands_in X": 400, "bands_in_G": 400, "cutoff": 12, "z_factor": [[64.0, 0.79, -0.00143684], [65.0, 0.79, -0.00143942]], "scissor": -0.0005910000000000082, "ncpu": 16, "calc_time": 24377.32661628723}}, "data": {}}