{"@module": "pymatgen.entries.computed_entries", "@class": "ComputedEntry", "energy": 0.0, "composition": {"Bi": 2.0, "C": 1.0, "O": 5.0}, "entry_id": "252588", "correction": 0.0, "energy_adjustments": [], "parameters": {"id": "252588", "name": "Bi2CO5", "ibrav": {"celldm(1)": 7.303413561639906, "ibrav": 11, "celldm(2)": 1.0002587456013248, "celldm(3)": 3.5385272200372597}, "vol": 689.4179443883155, "lda_pw_cutoff_Ry": 74, "qe_conv_pbe": {"qe_conv_maxiter": 20, "qe_delta_kppa": 1500, "qe_delta_cutoff": 5, "qe_conv_thresh": 0.00029399460312357707, "qe_conv_steps": [[60, 1500, -221.2699236124373], [65, 1500, -221.2983717972449], [70, 1500, -221.3115678590029], [75, 1500, -221.3169011872737], [80, 1500, -221.3187701711281], [85, 1500, -221.319279544828], [90, 1500, -221.3193384266302], [90, 3000, -221.3194019223889]], "qe_conv_time": 361.65224170684814}, "num_elec_pbe": 64.0, "max_mem": 6548.0, "qe_conv_lda": {"qe_conv_maxiter": 20, "qe_delta_kppa": 1500, "qe_delta_cutoff": 5, "qe_conv_thresh": 0.00029399460312357707, "qe_conv_steps": [[74, 1500, -252.2104427051773], [79, 1500, -252.2113375098694], [84, 1500, -252.2115665746198], [84, 3000, -252.211778640913]], "qe_conv_time": 176.7986147403717}, "num_elec_lda": 64.0, "bg_conv_pbe": {"bg_conv_maxiter": 20, "bg_delta_kppa": 1500, "bg_delta_cutoff": 5, "bg_conv_thresh": 0.025, "bg_conv_steps": [[90, 3000, -0.07716777475045684], [90, 6000, -0.18869336354019248], [90, 12000, -0.19622101686762108]], "bg_conv_time": 305.2537531852722}, "indirect_gap_pbe": -0.19072652180892596, "bg_conv_lda": {"bg_conv_maxiter": 20, "bg_delta_kppa": 1500, "bg_delta_cutoff": 5, "bg_conv_thresh": 0.025, "bg_conv_steps": [[84, 3000, -0.1748644802352257], [84, 6000, -0.26538540152907386], [84, 12000, -0.2176829437910398], [84, 18000, -0.17805617574312801], [84, 27000, -0.20000804061707952]], "bg_conv_time": 503.0821726322174}, "indirect_gap_lda": -0.18008600773209557}, "data": {}}