{"@module": "pymatgen.entries.computed_entries", "@class": "ComputedEntry", "energy": 0.0, "composition": {"In": 2.0, "Cu": 2.0, "Se": 4.0}, "entry_id": "252780", "correction": 0.0, "energy_adjustments": [], "parameters": {"id": "252780", "name": "InCuSe2", "ibrav": {"celldm(1)": 10.927851594350138, "ibrav": 7, "celldm(3)": 2.0096078522922403}, "vol": 1311.250566036424, "lda_pw_cutoff_Ry": 78, "qe_conv_pbe": {"qe_conv_maxiter": 20, "qe_delta_kppa": 1500, "qe_delta_cutoff": 5, "qe_conv_thresh": 0.00029399460312357707, "qe_conv_steps": [[60, 1500, -507.6541909166522], [65, 1500, -507.7141447480624], [70, 1500, -507.7328596460241], [75, 1500, -507.7372979021388], [80, 1500, -507.7379545101711], [85, 1500, -507.7380001971378], [85, 3000, -507.7380209375885]], "qe_conv_time": 297.4290463924408}, "num_elec_pbe": 88.00000000000001, "max_mem": 171662.0, "qe_conv_lda": {"qe_conv_maxiter": 20, "qe_delta_kppa": 1500, "qe_delta_cutoff": 5, "qe_conv_thresh": 0.00029399460312357707, "qe_conv_steps": [[78, 1500, -996.1929592005006], [83, 1500, -996.1963964791531], [88, 1500, -996.1970431568652], [93, 1500, -996.1971337629269], [93, 3000, -996.1971399714407]], "qe_conv_time": 398.2969853878021}, "num_elec_lda": 128.0, "bg_conv_pbe": {"bg_conv_maxiter": 20, "bg_delta_kppa": 1500, "bg_delta_cutoff": 5, "bg_conv_thresh": 0.025, "bg_conv_steps": [[85, 3000, 0.03240433758493612], [85, 6000, 0.03248890544126765]], "bg_conv_time": 181.42166018486023}, "indirect_gap_pbe": 0.032405132865449965, "bg_conv_lda": {"bg_conv_maxiter": 20, "bg_delta_kppa": 1500, "bg_delta_cutoff": 5, "bg_conv_thresh": 0.025, "bg_conv_steps": [[93, 3000, 0.032224580764716515], [93, 6000, 0.032285834838528926]], "bg_conv_time": 294.67147397994995}, "indirect_gap_lda": 0.032224544310827455, "gw_conv_pbe": {"gw_conv_thr": 0.025, "gw_bnd_start": 200, "gw_bnd_step": 100, "gw_cut_start": 4, "gw_cut_step": 4, "kpt_bnd_idx": {"@module": "numpy", "@class": "array", "dtype": "int64", "data": [1, 1, 44, 45]}, "gw_bands": 200, "gw_cutoff": 4, "w_conv_grid": [[200, 4, 0.161556], [300, 4, 0.16366600000000003], [300, 8, 0.13958], [300, 8, 0.13958]], "pwcutoff": 85, "w_conv_time": [13.670376062393188, 13.547270774841309, 16.484983921051025, 16.486230611801147], "w_ngw": 3, "w_z_factor": [{"@module": "numpy", "@class": "array", "dtype": "float64", "data": [[44.0, 0.75, -0.154436], [45.0, 0.75, -0.153051]]}, {"@module": "numpy", "@class": "array", "dtype": "float64", "data": [[44.0, 0.75, -0.149715], [45.0, 0.75, -0.150713]]}, {"@module": "numpy", "@class": "array", "dtype": "float64", "data": [[44.0, 0.74, -0.143239], [45.0, 0.74, -0.136138]]}], "gw_kppa": 220, "gw_kpt_grid": {"@module": "numpy", "@class": "array", "dtype": "int64", "data": [4, 4, 4]}, "conv_list": [[{"kppa": 0}, {"kpt_grid": "1x1x1"}, {"num_kpts": 1}, {"X_bnds": 300.0}, {"G_bnds": 300.0}, {"X_cutoff": 8.0}, {"gamma_gap": 0.13958}, {"num_gw_calc": 3}, {"wall_time": 306}, {"num_cores": 8}, {"z-factor": "None"}], [{"kppa": 0}, {"kpt_grid": "1x1x1"}, {"num_kpts": 1}, {"X_bnds": 200}, {"G_bnds": 200}, {"X_cutoff": 4}, {"gamma_gap": 8}, {"num_gw_calc": 1}, {"wall_time": 14}, {"num_cores": 8}, {"z-factor": "None"}], [{"kppa": 10}, {"kpt_grid": "2x2x2"}, {"num_kpts": 1}, {"X_bnds": 200}, {"G_bnds": 200}, {"X_cutoff": 4}, {"gamma_gap": 0.039185999999999985}, {"num_gw_calc": 2}, {"wall_time": 60}, {"num_cores": 8}, {"z-factor": {"@module": "numpy", "@class": "array", "dtype": "float64", "data": [[44.0, 0.75, -0.171493], [45.0, 0.75, -0.172937]]}}], [{"kppa": 220}, {"kpt_grid": "4x4x4"}, {"num_kpts": 1}, {"X_bnds": 200}, {"G_bnds": 200}, {"X_cutoff": 4}, {"gamma_gap": 0.01888799999999996}, {"num_gw_calc": 3}, {"wall_time": 857}, {"num_cores": 8}, {"z-factor": {"@module": "numpy", "@class": "array", "dtype": "float64", "data": [[44.0, 0.76, -0.168031], [45.0, 0.76, -0.169857]]}}]], "conv_time": 1221.1985521316528}, "gw_band_range_pbe": [1, 51], "gw_conv_lda": {"gw_conv_thr": 0.025, "gw_bnd_start": 200, "gw_bnd_step": 100, "gw_cut_start": 4, "gw_cut_step": 4, "kpt_bnd_idx": {"@module": "numpy", "@class": "array", "dtype": "int64", "data": [1, 1, 64, 65]}, "gw_bands": 200, "gw_cutoff": 4, "w_conv_grid": [[200, 4, 0.17628100000000002], [300, 4, 0.177034], [300, 8, 0.153085], [300, 8, 0.153085]], "pwcutoff": 93, "w_conv_time": [13.27446174621582, 14.595841646194458, 16.901251554489136, 16.903104066848755], "w_ngw": 3, "w_z_factor": [{"@module": "numpy", "@class": "array", "dtype": "float64", "data": [[64.0, 0.74, -0.175943], [65.0, 0.73, -0.178059]]}, {"@module": "numpy", "@class": "array", "dtype": "float64", "data": [[64.0, 0.74, -0.172048], [65.0, 0.74, -0.172897]]}, {"@module": "numpy", "@class": "array", "dtype": "float64", "data": [[64.0, 0.73, -0.175918], [65.0, 0.73, -0.176885]]}], "gw_kppa": 220, "gw_kpt_grid": {"@module": "numpy", "@class": "array", "dtype": "int64", "data": [4, 4, 4]}, "conv_list": [[{"kppa": 0}, {"kpt_grid": "1x1x1"}, {"num_kpts": 1}, {"X_bnds": 300.0}, {"G_bnds": 300.0}, {"X_cutoff": 8.0}, {"gamma_gap": 0.153085}, {"num_gw_calc": 3}, {"wall_time": 513}, {"num_cores": 8}, {"z-factor": "None"}], [{"kppa": 0}, {"kpt_grid": "1x1x1"}, {"num_kpts": 1}, {"X_bnds": 200}, {"G_bnds": 200}, {"X_cutoff": 4}, {"gamma_gap": 8}, {"num_gw_calc": 1}, {"wall_time": 14}, {"num_cores": 8}, {"z-factor": "None"}], [{"kppa": 10}, {"kpt_grid": "2x2x2"}, {"num_kpts": 1}, {"X_bnds": 200}, {"G_bnds": 200}, {"X_cutoff": 4}, {"gamma_gap": 0.04732200000000003}, {"num_gw_calc": 2}, {"wall_time": 71}, {"num_cores": 8}, {"z-factor": {"@module": "numpy", "@class": "array", "dtype": "float64", "data": [[64.0, 0.75, -0.173299], [65.0, 0.75, -0.175214]]}}], [{"kppa": 220}, {"kpt_grid": "4x4x4"}, {"num_kpts": 1}, {"X_bnds": 200}, {"G_bnds": 200}, {"X_cutoff": 4}, {"gamma_gap": 0.033957000000000015}, {"num_gw_calc": 3}, {"wall_time": 1035}, {"num_cores": 8}, {"z-factor": {"@module": "numpy", "@class": "array", "dtype": "float64", "data": [[64.0, 0.76, -0.165674], [65.0, 0.76, -0.167358]]}}]], "conv_time": 1616.2679958343506}, "gw_band_range_lda": [1, 71], "g0w0_ppa_pbe": {"gw_direct_gap": 0.023971999999999938, "kppa": 1000, "kpt_grid": "6x6x6", "num_kpt": 36, "bands_in X": 400, "bands_in_G": 400, "cutoff": 12, "z_factor": [[44.0, 0.75, -0.00157545], [45.0, 0.75, -0.00158448]], "scissor": -0.008292000000000022, "ncpu": 32, "calc_time": 10385.851318120956}, "g0w0_ppa_lda": {"gw_direct_gap": 0.03205599999999986, "kppa": 1000, "kpt_grid": "6x6x6", "num_kpt": 36, "bands_in X": 400, "bands_in_G": 400, "cutoff": 12, "z_factor": [[64.0, 0.76, -0.00156606], [65.0, 0.75, -0.00157585]], "scissor": -9.100000000006325e-05, "ncpu": 32, "calc_time": 17798.894431829453}}, "data": {}}