{"@module": "pymatgen.entries.computed_entries", "@class": "ComputedEntry", "energy": 0.0, "composition": {"Cd": 2.0, "P": 8.0}, "entry_id": "25605", "correction": 0.0, "energy_adjustments": [], "parameters": {"id": "25605", "name": "CdP4", "ibrav": 0, "vol": 1394.581934377325, "lda_pw_cutoff_Ry": 94, "qe_conv_pbe": {"qe_conv_maxiter": 20, "qe_delta_kppa": 1500, "qe_delta_cutoff": 5, "qe_conv_thresh": 0.00036749325390447133, "qe_conv_steps": [[60, 1500, -363.6741068498199], [65, 1500, -363.6743617271717], [65, 3000, -363.6743699900646]], "qe_conv_time": 187.25813508033752}, "num_elec_pbe": 80.0, "max_mem": 183148.0, "qe_conv_lda": {"qe_conv_maxiter": 20, "qe_delta_kppa": 1500, "qe_delta_cutoff": 5, "qe_conv_thresh": 0.00036749325390447133, "qe_conv_steps": [[94, 1500, -406.2217894224655], [99, 1500, -406.2221829194594], [104, 1500, -406.2222960442779], [104, 3000, -406.222306551213]], "qe_conv_time": 322.09889960289}, "num_elec_lda": 80.0, "bg_conv_pbe": {"bg_conv_maxiter": 20, "bg_delta_kppa": 1500, "bg_delta_cutoff": 5, "bg_conv_thresh": 0.025, "bg_conv_steps": [[65, 3000, 0.3268162196824343], [65, 6000, 0.3154669166462813]], "bg_conv_time": 236.6838035583496}, "indirect_gap_pbe": 0.32681574538211944, "bg_conv_lda": {"bg_conv_maxiter": 20, "bg_delta_kppa": 1500, "bg_delta_cutoff": 5, "bg_conv_thresh": 0.025, "bg_conv_steps": [[104, 3000, 0.2247307238395092], [104, 6000, 0.21429946288785898]], "bg_conv_time": 299.46767354011536}, "indirect_gap_lda": 0.2247282165787399, "gw_conv_pbe": {"gw_conv_thr": 0.025, "gw_bnd_start": 200, "gw_bnd_step": 100, "gw_cut_start": 4, "gw_cut_step": 4, "kpt_bnd_idx": {"@module": "numpy", "@class": "array", "dtype": "int64", "data": [1, 1, 40, 41]}, "gw_bands": 200, "gw_cutoff": 4, "w_conv_grid": [[200, 4, 0.528897], [300, 4, 0.5092030000000001], [300, 8, 0.6497060000000001], [300, 8, 0.6497060000000001], [300, 12, 0.6743250000000001], [300, 12, 0.6743250000000001], [400, 12, 0.675131], [400, 16, 0.682692], [400, 16, 0.682692]], "pwcutoff": 65, "w_conv_time": [12.453192234039307, 12.805704355239868, 16.74829363822937, 16.74901247024536, 28.52246856689453, 28.523725509643555, 30.27386999130249, 53.20233654975891, 53.20366144180298], "w_ngw": 6, "w_z_factor": [{"@module": "numpy", "@class": "array", "dtype": "float64", "data": [[40.0, 0.77, -0.158996], [41.0, 0.78, -0.153435]]}, {"@module": "numpy", "@class": "array", "dtype": "float64", "data": [[40.0, 0.77, -0.154215], [41.0, 0.78, -0.149448]]}, {"@module": "numpy", "@class": "array", "dtype": "float64", "data": [[40.0, 0.77, -0.150966], [41.0, 0.78, -0.147313]]}, {"@module": "numpy", "@class": "array", "dtype": "float64", "data": [[40.0, 0.77, -0.152207], [41.0, 0.78, -0.151385]]}, {"@module": "numpy", "@class": "array", "dtype": "float64", "data": [[40.0, 0.77, -0.153163], [41.0, 0.78, -0.145842]]}, {"@module": "numpy", "@class": "array", "dtype": "float64", "data": [[40.0, 0.77, -0.153166], [41.0, 0.78, -0.146559]]}], "gw_kppa": 580, "gw_kpt_grid": {"@module": "numpy", "@class": "array", "dtype": "int64", "data": [4, 4, 4]}, "conv_list": [[{"kppa": 0}, {"kpt_grid": "1x1x1"}, {"num_kpts": 1}, {"X_bnds": 400.0}, {"G_bnds": 400.0}, {"X_cutoff": 16.0}, {"gamma_gap": 0.682692}, {"num_gw_calc": 6}, {"wall_time": 775}, {"num_cores": 8}, {"z-factor": "None"}], [{"kppa": 0}, {"kpt_grid": "1x1x1"}, {"num_kpts": 1}, {"X_bnds": 200}, {"G_bnds": 200}, {"X_cutoff": 4}, {"gamma_gap": 8}, {"num_gw_calc": 1}, {"wall_time": 13}, {"num_cores": 8}, {"z-factor": "None"}], [{"kppa": 10}, {"kpt_grid": "2x2x2"}, {"num_kpts": 1}, {"X_bnds": 200}, {"G_bnds": 200}, {"X_cutoff": 4}, {"gamma_gap": 0.738394}, {"num_gw_calc": 2}, {"wall_time": 104}, {"num_cores": 8}, {"z-factor": {"@module": "numpy", "@class": "array", "dtype": "float64", "data": [[40.0, 0.78, -0.153665], [41.0, 0.79, -0.149333]]}}], [{"kppa": 190}, {"kpt_grid": "4x4x2"}, {"num_kpts": 1}, {"X_bnds": 200}, {"G_bnds": 200}, {"X_cutoff": 4}, {"gamma_gap": 0.80274}, {"num_gw_calc": 3}, {"wall_time": 502}, {"num_cores": 8}, {"z-factor": {"@module": "numpy", "@class": "array", "dtype": "float64", "data": [[40.0, 0.78, -0.151321], [41.0, 0.79, -0.147303]]}}], [{"kppa": 580}, {"kpt_grid": "4x4x4"}, {"num_kpts": 1}, {"X_bnds": 200}, {"G_bnds": 200}, {"X_cutoff": 4}, {"gamma_gap": 0.809746}, {"num_gw_calc": 4}, {"wall_time": 500}, {"num_cores": 32}, {"z-factor": {"@module": "numpy", "@class": "array", "dtype": "float64", "data": [[40.0, 0.78, -0.150493], [41.0, 0.79, -0.147287]]}}]], "conv_time": 1879.2814025878906}, "gw_band_range_pbe": [1, 51], "gw_conv_lda": {"gw_conv_thr": 0.025, "gw_bnd_start": 200, "gw_bnd_step": 100, "gw_cut_start": 4, "gw_cut_step": 4, "kpt_bnd_idx": {"@module": "numpy", "@class": "array", "dtype": "int64", "data": [1, 1, 40, 41]}, "gw_bands": 200, "gw_cutoff": 4, "w_conv_grid": [[200, 4, 0.633785], [300, 4, 0.610371], [300, 8, 0.721515], [300, 8, 0.721515], [300, 12, 0.741498], [300, 12, 0.741498], [400, 12, 0.739039], [400, 16, 0.746427], [400, 16, 0.746427]], "pwcutoff": 104, "w_conv_time": [13.568360090255737, 14.298637866973877, 20.74161410331726, 20.74232268333435, 37.599910736083984, 37.60130476951599, 40.34628701210022, 73.60549998283386, 73.60670757293701], "w_ngw": 6, "w_z_factor": [{"@module": "numpy", "@class": "array", "dtype": "float64", "data": [[40.0, 0.77, -0.160731], [41.0, 0.78, -0.131959]]}, {"@module": "numpy", "@class": "array", "dtype": "float64", "data": [[40.0, 0.77, -0.158006], [41.0, 0.78, -0.151355]]}, {"@module": "numpy", "@class": "array", "dtype": "float64", "data": [[40.0, 0.76, -0.16018], [41.0, 0.78, -0.153877]]}, {"@module": "numpy", "@class": "array", "dtype": "float64", "data": [[40.0, 0.76, -0.150928], [41.0, 0.78, -0.150075]]}, {"@module": "numpy", "@class": "array", "dtype": "float64", "data": [[40.0, 0.76, -0.156732], [41.0, 0.78, -0.156603]]}, {"@module": "numpy", "@class": "array", "dtype": "float64", "data": [[40.0, 0.76, -0.157092], [41.0, 0.78, -0.156203]]}], "gw_kppa": 580, "gw_kpt_grid": {"@module": "numpy", "@class": "array", "dtype": "int64", "data": [4, 4, 4]}, "conv_list": [[{"kppa": 0}, {"kpt_grid": "1x1x1"}, {"num_kpts": 1}, {"X_bnds": 400.0}, {"G_bnds": 400.0}, {"X_cutoff": 16.0}, {"gamma_gap": 0.746427}, {"num_gw_calc": 6}, {"wall_time": 1278}, {"num_cores": 8}, {"z-factor": "None"}], [{"kppa": 0}, {"kpt_grid": "1x1x1"}, {"num_kpts": 1}, {"X_bnds": 200}, {"G_bnds": 200}, {"X_cutoff": 4}, {"gamma_gap": 8}, {"num_gw_calc": 1}, {"wall_time": 14}, {"num_cores": 8}, {"z-factor": "None"}], [{"kppa": 10}, {"kpt_grid": "2x2x2"}, {"num_kpts": 1}, {"X_bnds": 200}, {"G_bnds": 200}, {"X_cutoff": 4}, {"gamma_gap": 0.7986850000000001}, {"num_gw_calc": 2}, {"wall_time": 179}, {"num_cores": 8}, {"z-factor": {"@module": "numpy", "@class": "array", "dtype": "float64", "data": [[40.0, 0.78, -0.156095], [41.0, 0.79, -0.154537]]}}], [{"kppa": 190}, {"kpt_grid": "4x4x2"}, {"num_kpts": 1}, {"X_bnds": 200}, {"G_bnds": 200}, {"X_cutoff": 4}, {"gamma_gap": 0.86182}, {"num_gw_calc": 3}, {"wall_time": 857}, {"num_cores": 8}, {"z-factor": {"@module": "numpy", "@class": "array", "dtype": "float64", "data": [[40.0, 0.78, -0.154298], [41.0, 0.79, -0.150405]]}}], [{"kppa": 580}, {"kpt_grid": "4x4x4"}, {"num_kpts": 1}, {"X_bnds": 200}, {"G_bnds": 200}, {"X_cutoff": 4}, {"gamma_gap": 0.876081}, {"num_gw_calc": 4}, {"wall_time": 821}, {"num_cores": 32}, {"z-factor": {"@module": "numpy", "@class": "array", "dtype": "float64", "data": [[40.0, 0.78, -0.153197], [41.0, 0.79, -0.149848]]}}]], "conv_time": 3133.2489783763885}, "gw_band_range_lda": [1, 52], "g0w0_ppa_pbe": {"gw_direct_gap": 0.948156, "kppa": 840, "kpt_grid": "4x6x4", "num_kpt": 52, "bands_in X": 500, "bands_in_G": 500, "cutoff": 20, "z_factor": [[40.0, 0.78, -0.0014684], [41.0, 0.79, -0.00140902]], "scissor": 0.415949, "ncpu": 32, "calc_time": 24566.159780740738}, "g0w0_ppa_lda": {"gw_direct_gap": 0.978059, "kppa": 840, "kpt_grid": "4x6x4", "num_kpt": 52, "bands_in X": 500, "bands_in_G": 500, "cutoff": 20,