{"@module": "pymatgen.entries.computed_entries", "@class": "ComputedEntry", "energy": 0.0, "composition": {"Cd": 1.0, "Ga": 2.0, "Te": 4.0}, "entry_id": "25646", "correction": 0.0, "energy_adjustments": [], "parameters": {"id": "25646", "name": "Cd(GaTe2)2", "ibrav": {"celldm(1)": 11.514101332817209, "ibrav": 7, "celldm(3)": 1.9382898408009193}, "vol": 1479.3770108642905, "lda_pw_cutoff_Ry": 94, "qe_conv_pbe": {"qe_conv_maxiter": 20, "qe_delta_kppa": 1500, "qe_delta_cutoff": 5, "qe_conv_thresh": 0.0002572452777331299, "qe_conv_steps": [[60, 1500, -636.3727142676269], [65, 1500, -636.3735075347676], [70, 1500, -636.3748260308125], [75, 1500, -636.3768410481808], [80, 1500, -636.3780623061747], [85, 1500, -636.3783713390543], [90, 1500, -636.3784024904372], [90, 3000, -636.3784096496715]], "qe_conv_time": 571.4852170944214}, "num_elec_pbe": 110.0, "max_mem": 651867.0, "qe_conv_lda": {"qe_conv_maxiter": 20, "qe_delta_kppa": 1500, "qe_delta_cutoff": 5, "qe_conv_thresh": 0.0002572452777331299, "qe_conv_steps": [[94, 1500, -746.5615296609807], [99, 1500, -746.5617619447191], [99, 3000, -746.5617721373324]], "qe_conv_time": 275.5393843650818}, "num_elec_lda": 110.0, "bg_conv_pbe": {"bg_conv_maxiter": 20, "bg_delta_kppa": 1500, "bg_delta_cutoff": 5, "bg_conv_thresh": 0.025, "bg_conv_steps": [[90, 3000, 1.34701330807212], [90, 6000, 1.3470147917385773]], "bg_conv_time": 353.6690459251404}, "indirect_gap_pbe": 1.3470117053706925, "bg_conv_lda": {"bg_conv_maxiter": 20, "bg_delta_kppa": 1500, "bg_delta_cutoff": 5, "bg_conv_thresh": 0.025, "bg_conv_steps": [[99, 3000, 1.1510327187193317], [99, 6000, 1.151040177440491]], "bg_conv_time": 328.76576685905457}, "indirect_gap_lda": 1.1510322315231334, "gw_conv_pbe": {"gw_conv_thr": 0.025, "gw_bnd_start": 200, "gw_bnd_step": 100, "gw_cut_start": 4, "gw_cut_step": 4, "kpt_bnd_idx": {"@module": "numpy", "@class": "array", "dtype": "int64", "data": [1, 1, 55, 56]}, "gw_bands": 200, "gw_cutoff": 4, "w_conv_grid": [[200, 4, 1.899081], [300, 4, 1.8597890000000001], [400, 4, 1.839772], [400, 8, 1.909818], [400, 8, 1.909818], [400, 12, 1.924663], [400, 12, 1.924663], [500, 12, 1.9130699999999998], [500, 16, 1.9164240000000001], [500, 16, 1.9164240000000001]], "pwcutoff": 90, "w_conv_time": [13.39092469215393, 14.215004682540894, 14.972659587860107, 19.453123331069946, 19.455037832260132, 34.22131848335266, 34.22354984283447, 38.41495132446289, 67.91545009613037, 67.91664505004883], "w_ngw": 7, "w_z_factor": [{"@module": "numpy", "@class": "array", "dtype": "float64", "data": [[55.0, 0.79, -0.149447], [56.0, 0.79, -0.149331]]}, {"@module": "numpy", "@class": "array", "dtype": "float64", "data": [[55.0, 0.79, -0.145267], [56.0, 0.79, -0.145196]]}, {"@module": "numpy", "@class": "array", "dtype": "float64", "data": [[55.0, 0.79, -0.142684], [56.0, 0.8, -0.142811]]}, {"@module": "numpy", "@class": "array", "dtype": "float64", "data": [[55.0, 0.79, -0.142815], [56.0, 0.79, -0.142917]]}, {"@module": "numpy", "@class": "array", "dtype": "float64", "data": [[55.0, 0.79, -0.142788], [56.0, 0.79, -0.142912]]}, {"@module": "numpy", "@class": "array", "dtype": "float64", "data": [[55.0, 0.79, -0.14151], [56.0, 0.79, -0.14187]]}, {"@module": "numpy", "@class": "array", "dtype": "float64", "data": [[55.0, 0.79, -0.141497], [56.0, 0.79, -0.141868]]}], "gw_kppa": 880, "gw_kpt_grid": {"@module": "numpy", "@class": "array", "dtype": "int64", "data": [6, 6, 6]}, "conv_list": [[{"kppa": 0}, {"kpt_grid": "1x1x1"}, {"num_kpts": 1}, {"X_bnds": 500.0}, {"G_bnds": 500.0}, {"X_cutoff": 16.0}, {"gamma_gap": 1.9164240000000001}, {"num_gw_calc": 7}, {"wall_time": 694}, {"num_cores": 8}, {"z-factor": "None"}], [{"kppa": 0}, {"kpt_grid": "1x1x1"}, {"num_kpts": 1}, {"X_bnds": 200}, {"G_bnds": 200}, {"X_cutoff": 4}, {"gamma_gap": 4}, {"num_gw_calc": 1}, {"wall_time": 14}, {"num_cores": 8}, {"z-factor": "None"}], [{"kppa": 10}, {"kpt_grid": "2x2x2"}, {"num_kpts": 1}, {"X_bnds": 200}, {"G_bnds": 200}, {"X_cutoff": 4}, {"gamma_gap": 2.238888}, {"num_gw_calc": 2}, {"wall_time": 70}, {"num_cores": 8}, {"z-factor": {"@module": "numpy", "@class": "array", "dtype": "float64", "data": [[55.0, 0.8, -0.148392], [56.0, 0.8, -0.145499]]}}], [{"kppa": 190}, {"kpt_grid": "4x4x4"}, {"num_kpts": 1}, {"X_bnds": 200}, {"G_bnds": 200}, {"X_cutoff": 4}, {"gamma_gap": 2.311581}, {"num_gw_calc": 3}, {"wall_time": 1782}, {"num_cores": 8}, {"z-factor": {"@module": "numpy", "@class": "array", "dtype": "float64", "data": [[55.0, 0.8, -0.145376], [56.0, 0.81, -0.13978]]}}], [{"kppa": 880}, {"kpt_grid": "6x6x6"}, {"num_kpts": 1}, {"X_bnds": 200}, {"G_bnds": 200}, {"X_cutoff": 4}, {"gamma_gap": 2.307041}, {"num_gw_calc": 4}, {"wall_time": 4392}, {"num_cores": 32}, {"z-factor": {"@module": "numpy", "@class": "array", "dtype": "float64", "data": [[55.0, 0.8, -0.145218], [56.0, 0.81, -0.139478]]}}]], "conv_time": 6935.573115110397}, "gw_band_range_pbe": [1, 63], "gw_conv_lda": {"gw_conv_thr": 0.025, "gw_bnd_start": 200, "gw_bnd_step": 100, "gw_cut_start": 4, "gw_cut_step": 4, "kpt_bnd_idx": {"@module": "numpy", "@class": "array", "dtype": "int64", "data": [1, 1, 55, 56]}, "gw_bands": 200, "gw_cutoff": 4, "w_conv_grid": [[200, 4, 1.8428380000000002], [300, 4, 1.807952], [400, 4, 1.789892], [400, 8, 1.8604619999999998], [400, 8, 1.8604619999999998], [400, 12, 1.873341], [400, 12, 1.873341], [500, 12, 1.8651], [500, 16, 1.869099], [500, 16, 1.869099]], "pwcutoff": 99, "w_conv_time": [13.079968929290771, 14.173295736312866, 15.168080568313599, 20.23594641685486, 20.237903356552124, 32.97793769836426, 32.97935080528259, 38.720223903656006, 68.2779130935669, 68.27932071685791], "w_ngw": 7, "w_z_factor": [{"@module": "numpy", "@class": "array", "dtype": "float64", "data": [[55.0, 0.79, -0.149165], [56.0, 0.79, -0.149506]]}, {"@module": "numpy", "@class": "array", "dtype": "float64", "data": [[55.0, 0.79, -0.145137], [56.0, 0.79, -0.145419]]}, {"@module": "numpy", "@class": "array", "dtype": "float64", "data": [[55.0, 0.79, -0.143229], [56.0, 0.79, -0.14358]]}, {"@module": "numpy", "@class": "array", "dtype": "float64", "data": [[55.0, 0.79, -0.14493], [56.0, 0.79, -0.144082]]}, {"@module": "numpy", "@class": "array", "dtype": "float64", "data": [[55.0, 0.79, -0.144758], [56.0, 0.79, -0.143908]]}, {"@module": "numpy", "@class": "array", "dtype": "float64", "data": [[55.0, 0.79, -0.143857], [56.0, 0.79, -0.142998]]}, {"@module": "numpy", "@class": "array", "dtype": "float64", "data": [[55.0, 0.79, -0.14384], [56.0, 0.79, -0.142978]]}], "gw_kppa": 880, "gw_kpt_grid": {"@module": "numpy", "@class": "array", "dtype": "int64", "data": [6, 6, 6]}, "conv_list": [[{"kppa": 0}, {"kpt_grid": "1x1x1"}, {"num_kpts": 1}, {"X_bnds": 500.0}, {"G_bnds": 500.0}, {"X_cutoff": 16.0}, {"gamma_gap": 1.869099}, {"num_gw_calc": 7}, {"wall_time": 684}, {"num_cores": 8}, {"z-factor": "None"}], [{"kppa": 0}, {"kpt_grid": "1x1x1"}, {"num_kpts": 1}, {"X_bnds": 200}, {"G_bnds": 200}, {"X_cutoff": 4}, {"gamma_gap": 4}, {"num_gw_calc": 1}, {"wall_time": 14}, {"num_cores": 8}, {"z-factor": "None"}], [{"kppa": 10}, {"kpt_grid": "2x2x2"}, {"num_kpts": 1}, {"X_bnds": 200}, {"G_bnds": 200}, {"X_cutoff": 4}, {"gamma_gap": 2.14738}, {"num_gw_calc": 2}, {"wall_time": 99}, {"num_cores": 8}, {"z-factor": {"@module": "numpy", "@class": "array", "dtype": "float64", "data": [[55.0, 0.8, -0.152253], [56.0, 0.8, -0.149382]]}}], [{"kppa": 190}, {"kpt_grid": "4x4x4"}, {"num_kpts": 1}, {"X_bnds": 200}, {"G_bnds": 200}, {"X_cutoff": 4}, {"gamma_gap": 2.226749}, {"num_gw_calc": 3}, {"wall_time": 1273}, {"num_cores": 8}, {"z-factor": {"@module": "numpy", "@class": "array", "dtype": "float64", "data": [[55.0, 0.8, -0.149333], [56.0, 0.81, -0.143564]]}}], [{"kppa": 880}, {"kpt_grid": "6x6x6"}, {"num_kpts": 1}, {"X_bnds": 200}, {"G_bnds": 200}, {"X_cutoff": 4}, {"gamma_gap": 2.225538}, {"num_gw_calc": 4}, {"wall_time": 3194}, {"num_cores": 32}, {"z-factor": {"@module": "numpy", "@class": "array", "dtype": "float64",