{"@module": "pymatgen.entries.computed_entries", "@class": "ComputedEntry", "energy": 0.0, "composition": {"Zn": 1.0, "In": 2.0, "Te": 4.0}, "entry_id": "25650", "correction": 0.0, "energy_adjustments": [], "parameters": {"id": "25650", "name": "Zn(InTe2)2", "ibrav": {"celldm(1)": 11.56890339069538, "ibrav": 7, "celldm(3)": 1.999346618752042}, "vol": 1547.8707021558105, "lda_pw_cutoff_Ry": 68, "qe_conv_pbe": {"qe_conv_maxiter": 20, "qe_delta_kppa": 1500, "qe_delta_cutoff": 5, "qe_conv_thresh": 0.0002572452777331299, "qe_conv_steps": [[60, 1500, -654.3640230666863], [65, 1500, -654.3660639480155], [70, 1500, -654.3663751866426], [75, 1500, -654.3665008147769], [75, 3000, -654.3665072058811]], "qe_conv_time": 373.82744789123535}, "num_elec_pbe": 110.0, "max_mem": 541479.0, "qe_conv_lda": {"qe_conv_maxiter": 20, "qe_delta_kppa": 1500, "qe_delta_cutoff": 5, "qe_conv_thresh": 0.0002572452777331299, "qe_conv_steps": [[68, 1500, -759.9362772140925], [73, 1500, -759.9399282872414], [78, 1500, -759.9404945396907], [83, 1500, -759.9406137523864], [83, 3000, -759.9406231145038]], "qe_conv_time": 383.220636844635}, "num_elec_lda": 110.0, "bg_conv_pbe": {"bg_conv_maxiter": 20, "bg_delta_kppa": 1500, "bg_delta_cutoff": 5, "bg_conv_thresh": 0.025, "bg_conv_steps": [[75, 3000, 1.2401918306928745], [75, 6000, 1.2401923880645662]], "bg_conv_time": 317.1395192146301}, "indirect_gap_pbe": 1.2401893986472274, "bg_conv_lda": {"bg_conv_maxiter": 20, "bg_delta_kppa": 1500, "bg_delta_cutoff": 5, "bg_conv_thresh": 0.025, "bg_conv_steps": [[83, 3000, 1.0376921898636253], [83, 6000, 1.037700722703384]], "bg_conv_time": 316.0911326408386}, "indirect_gap_lda": 1.0376922146946328, "gw_conv_pbe": {"gw_conv_thr": 0.025, "gw_bnd_start": 200, "gw_bnd_step": 100, "gw_cut_start": 4, "gw_cut_step": 4, "kpt_bnd_idx": {"@module": "numpy", "@class": "array", "dtype": "int64", "data": [1, 1, 55, 56]}, "gw_bands": 200, "gw_cutoff": 4, "w_conv_grid": [[200, 4, 1.849345], [300, 4, 1.801949], [400, 4, 1.778226], [400, 8, 1.864187], [400, 8, 1.864187], [400, 12, 1.8752369999999998], [400, 12, 1.8752369999999998], [500, 12, 1.863272], [500, 16, 1.8608289999999998], [500, 16, 1.8608289999999998]], "pwcutoff": 75, "w_conv_time": [13.883071899414062, 15.479650735855103, 16.463662147521973, 24.017045259475708, 24.019055604934692, 42.00782585144043, 42.009177446365356, 48.723979234695435, 100.58561515808105, 100.58779311180115], "w_ngw": 7, "w_z_factor": [{"@module": "numpy", "@class": "array", "dtype": "float64", "data": [[55.0, 0.79, -0.152815], [56.0, 0.79, -0.150309]]}, {"@module": "numpy", "@class": "array", "dtype": "float64", "data": [[55.0, 0.79, -0.146367], [56.0, 0.8, -0.145114]]}, {"@module": "numpy", "@class": "array", "dtype": "float64", "data": [[55.0, 0.79, -0.143871], [56.0, 0.8, -0.142705]]}, {"@module": "numpy", "@class": "array", "dtype": "float64", "data": [[55.0, 0.79, -0.144022], [56.0, 0.79, -0.142839]]}, {"@module": "numpy", "@class": "array", "dtype": "float64", "data": [[55.0, 0.79, -0.143907], [56.0, 0.79, -0.14269]]}, {"@module": "numpy", "@class": "array", "dtype": "float64", "data": [[55.0, 0.79, -0.142882], [56.0, 0.79, -0.141508]]}, {"@module": "numpy", "@class": "array", "dtype": "float64", "data": [[55.0, 0.79, -0.14287], [56.0, 0.79, -0.141669]]}], "gw_kppa": 880, "gw_kpt_grid": {"@module": "numpy", "@class": "array", "dtype": "int64", "data": [6, 6, 6]}, "conv_list": [[{"kppa": 0}, {"kpt_grid": "1x1x1"}, {"num_kpts": 1}, {"X_bnds": 500.0}, {"G_bnds": 500.0}, {"X_cutoff": 16.0}, {"gamma_gap": 1.8608289999999998}, {"num_gw_calc": 7}, {"wall_time": 707}, {"num_cores": 8}, {"z-factor": "None"}], [{"kppa": 0}, {"kpt_grid": "1x1x1"}, {"num_kpts": 1}, {"X_bnds": 200}, {"G_bnds": 200}, {"X_cutoff": 4}, {"gamma_gap": 4}, {"num_gw_calc": 1}, {"wall_time": 14}, {"num_cores": 8}, {"z-factor": "None"}], [{"kppa": 10}, {"kpt_grid": "2x2x2"}, {"num_kpts": 1}, {"X_bnds": 200}, {"G_bnds": 200}, {"X_cutoff": 4}, {"gamma_gap": 2.23616}, {"num_gw_calc": 2}, {"wall_time": 72}, {"num_cores": 8}, {"z-factor": {"@module": "numpy", "@class": "array", "dtype": "float64", "data": [[55.0, 0.8, -0.148886], [56.0, 0.81, -0.144323]]}}], [{"kppa": 190}, {"kpt_grid": "4x4x4"}, {"num_kpts": 1}, {"X_bnds": 200}, {"G_bnds": 200}, {"X_cutoff": 4}, {"gamma_gap": 2.331181}, {"num_gw_calc": 3}, {"wall_time": 1074}, {"num_cores": 8}, {"z-factor": {"@module": "numpy", "@class": "array", "dtype": "float64", "data": [[55.0, 0.8, -0.144605], [56.0, 0.81, -0.137467]]}}], [{"kppa": 880}, {"kpt_grid": "6x6x6"}, {"num_kpts": 1}, {"X_bnds": 200}, {"G_bnds": 200}, {"X_cutoff": 4}, {"gamma_gap": 2.330456}, {"num_gw_calc": 4}, {"wall_time": 3002}, {"num_cores": 32}, {"z-factor": {"@module": "numpy", "@class": "array", "dtype": "float64", "data": [[55.0, 0.8, -0.144232], [56.0, 0.81, -0.136946]]}}]], "conv_time": 4853.632452964783}, "gw_band_range_pbe": [1, 63], "gw_conv_lda": {"gw_conv_thr": 0.025, "gw_bnd_start": 200, "gw_bnd_step": 100, "gw_cut_start": 4, "gw_cut_step": 4, "kpt_bnd_idx": {"@module": "numpy", "@class": "array", "dtype": "int64", "data": [1, 1, 55, 56]}, "gw_bands": 200, "gw_cutoff": 4, "w_conv_grid": [[200, 4, 1.7166890000000001], [300, 4, 1.680552], [400, 4, 1.6615550000000001], [400, 8, 1.743898], [400, 8, 1.743898], [400, 12, 1.753724], [400, 12, 1.753724], [500, 12, 1.747284], [500, 16, 1.74648], [500, 16, 1.74648]], "pwcutoff": 83, "w_conv_time": [13.722516775131226, 14.125677108764648, 16.241138219833374, 24.46414613723755, 24.465835332870483, 43.4506413936615, 43.451563358306885, 50.54938340187073, 110.57176995277405, 110.57346677780151], "w_ngw": 7, "w_z_factor": [{"@module": "numpy", "@class": "array", "dtype": "float64", "data": [[55.0, 0.79, -0.152245], [56.0, 0.79, -0.15047]]}, {"@module": "numpy", "@class": "array", "dtype": "float64", "data": [[55.0, 0.79, -0.147883], [56.0, 0.8, -0.145903]]}, {"@module": "numpy", "@class": "array", "dtype": "float64", "data": [[55.0, 0.79, -0.145639], [56.0, 0.8, -0.143578]]}, {"@module": "numpy", "@class": "array", "dtype": "float64", "data": [[55.0, 0.79, -0.145409], [56.0, 0.79, -0.143541]]}, {"@module": "numpy", "@class": "array", "dtype": "float64", "data": [[55.0, 0.79, -0.14536], [56.0, 0.79, -0.143538]]}, {"@module": "numpy", "@class": "array", "dtype": "float64", "data": [[55.0, 0.79, -0.144398], [56.0, 0.79, -0.142599]]}, {"@module": "numpy", "@class": "array", "dtype": "float64", "data": [[55.0, 0.79, -0.1444], [56.0, 0.79, -0.142583]]}], "gw_kppa": 880, "gw_kpt_grid": {"@module": "numpy", "@class": "array", "dtype": "int64", "data": [6, 6, 6]}, "conv_list": [[{"kppa": 0}, {"kpt_grid": "1x1x1"}, {"num_kpts": 1}, {"X_bnds": 500.0}, {"G_bnds": 500.0}, {"X_cutoff": 16.0}, {"gamma_gap": 1.74648}, {"num_gw_calc": 7}, {"wall_time": 808}, {"num_cores": 8}, {"z-factor": "None"}], [{"kppa": 0}, {"kpt_grid": "1x1x1"}, {"num_kpts": 1}, {"X_bnds": 200}, {"G_bnds": 200}, {"X_cutoff": 4}, {"gamma_gap": 4}, {"num_gw_calc": 1}, {"wall_time": 14}, {"num_cores": 8}, {"z-factor": "None"}], [{"kppa": 10}, {"kpt_grid": "2x2x2"}, {"num_kpts": 1}, {"X_bnds": 200}, {"G_bnds": 200}, {"X_cutoff": 4}, {"gamma_gap": 2.0557819999999998}, {"num_gw_calc": 2}, {"wall_time": 80}, {"num_cores": 8}, {"z-factor": {"@module": "numpy", "@class": "array", "dtype": "float64", "data": [[55.0, 0.8, -0.154], [56.0, 0.8, -0.14919]]}}], [{"kppa": 190}, {"kpt_grid": "4x4x4"}, {"num_kpts": 1}, {"X_bnds": 200}, {"G_bnds": 200}, {"X_cutoff": 4}, {"gamma_gap": 2.159945}, {"num_gw_calc": 3}, {"wall_time": 1163}, {"num_cores": 8}, {"z-factor": {"@module": "numpy", "@class": "array", "dtype": "float64", "data": [[55.0, 0.8, -0.149399], [56.0, 0.81, -0.141846]]}}], [{"kppa": 880}, {"kpt_grid": "6x6x6"}, {"num_kpts": 1}, {"X_bnds": 200}, {"G_bnds": 200}, {"X_cutoff": 4}, {"gamma_gap": 2.1630719999999997}, {"num_gw_calc": 4}, {"wall_time": 5071}, {"num_cores": 32}, {"z-factor": {"@module": "numpy", "@class": "array", "dtype": "float64",