{"@module": "pymatgen.entries.computed_entries", "@class": "ComputedEntry", "energy": 0.0, "composition": {"Tl": 2.0, "I": 2.0}, "entry_id": "258845", "correction": 0.0, "energy_adjustments": [], "parameters": {"id": "258845", "name": "TlI", "ibrav": {"celldm(1)": 8.630379252745149, "ibrav": 9, "celldm(2)": 2.8033720166411205, "celldm(3)": 1.1390409459163562}, "vol": 1026.312732185524, "lda_pw_cutoff_Ry": 62, "qe_conv_pbe": {"qe_conv_maxiter": 20, "qe_delta_kppa": 1500, "qe_delta_cutoff": 5, "qe_conv_thresh": 0.00014699730156178854, "qe_conv_steps": [[60, 1500, -294.6978818500817], [65, 1500, -294.698023145519], [65, 3000, -294.6980224204164]], "qe_conv_time": 91.57857966423035}, "num_elec_pbe": 60.0, "max_mem": 191545.0, "qe_conv_lda": {"qe_conv_maxiter": 20, "qe_delta_kppa": 1500, "qe_delta_cutoff": 5, "qe_conv_thresh": 0.00014699730156178854, "qe_conv_steps": [[62, 1500, -147.4445453659758], [67, 1500, -147.4447363947294], [72, 1500, -147.4447711297151], [72, 3000, -147.4447702690726]], "qe_conv_time": 72.37728095054626}, "num_elec_lda": 40.0, "bg_conv_pbe": {"bg_conv_maxiter": 20, "bg_delta_kppa": 1500, "bg_delta_cutoff": 5, "bg_conv_thresh": 0.025, "bg_conv_steps": [[65, 3000, 1.9950668030802028], [65, 4500, 2.008174095183002]], "bg_conv_time": 105.67531538009644}, "indirect_gap_pbe": 2.00817516144916, "bg_conv_lda": {"bg_conv_maxiter": 20, "bg_delta_kppa": 1500, "bg_delta_cutoff": 5, "bg_conv_thresh": 0.025, "bg_conv_steps": [[72, 3000, 1.8417415941188169], [72, 4500, 1.8581712604262566]], "bg_conv_time": 62.25699806213379}, "indirect_gap_lda": 1.8581710834455933, "gw_conv_pbe": {"gw_conv_thr": 0.025, "gw_bnd_start": 200, "gw_bnd_step": 100, "gw_cut_start": 4, "gw_cut_step": 4, "kpt_bnd_idx": {"@module": "numpy", "@class": "array", "dtype": "int64", "data": [1, 1, 30, 31]}, "gw_bands": 200, "gw_cutoff": 4, "w_conv_grid": [[200, 4, 7.8101519999999995], [300, 4, 7.790383], [300, 8, 7.866453], [300, 8, 7.866453], [300, 12, 7.890128000000001], [300, 12, 7.890128000000001], [400, 12, 7.8861930000000005], [400, 16, 7.896110999999999], [400, 16, 7.896110999999999]], "pwcutoff": 65, "w_conv_time": [12.779853105545044, 13.30890154838562, 14.851848125457764, 14.85422396659851, 19.841018199920654, 19.842429876327515, 21.104737281799316, 33.70426630973816, 33.70515322685242], "w_ngw": 6, "w_z_factor": [{"@module": "numpy", "@class": "array", "dtype": "float64", "data": [[30.0, 0.83, -0.118578], [31.0, 0.84, -0.113836]]}, {"@module": "numpy", "@class": "array", "dtype": "float64", "data": [[30.0, 0.83, -0.117051], [31.0, 0.84, -0.112195]]}, {"@module": "numpy", "@class": "array", "dtype": "float64", "data": [[30.0, 0.83, -0.120036], [31.0, 0.84, -0.112083]]}, {"@module": "numpy", "@class": "array", "dtype": "float64", "data": [[30.0, 0.83, -0.122897], [31.0, 0.84, -0.113192]]}, {"@module": "numpy", "@class": "array", "dtype": "float64", "data": [[30.0, 0.83, -0.117823], [31.0, 0.84, -0.111851]]}, {"@module": "numpy", "@class": "array", "dtype": "float64", "data": [[30.0, 0.83, -0.114338], [31.0, 0.84, -0.111087]]}], "gw_kppa": 300, "gw_kpt_grid": {"@module": "numpy", "@class": "array", "dtype": "int64", "data": [4, 4, 6]}, "conv_list": [[{"kppa": 0}, {"kpt_grid": "1x1x1"}, {"num_kpts": 1}, {"X_bnds": 400.0}, {"G_bnds": 400.0}, {"X_cutoff": 16.0}, {"gamma_gap": 7.896110999999999}, {"num_gw_calc": 6}, {"wall_time": 362}, {"num_cores": 8}, {"z-factor": "None"}], [{"kppa": 0}, {"kpt_grid": "1x1x1"}, {"num_kpts": 1}, {"X_bnds": 200}, {"G_bnds": 200}, {"X_cutoff": 4}, {"gamma_gap": 8}, {"num_gw_calc": 1}, {"wall_time": 13}, {"num_cores": 8}, {"z-factor": "None"}], [{"kppa": 10}, {"kpt_grid": "2x2x2"}, {"num_kpts": 1}, {"X_bnds": 200}, {"G_bnds": 200}, {"X_cutoff": 4}, {"gamma_gap": 6.825025}, {"num_gw_calc": 2}, {"wall_time": 50}, {"num_cores": 8}, {"z-factor": {"@module": "numpy", "@class": "array", "dtype": "float64", "data": [[30.0, 0.81, -0.161779], [31.0, 0.82, -0.707021]]}}], [{"kppa": 70}, {"kpt_grid": "2x2x4"}, {"num_kpts": 1}, {"X_bnds": 200}, {"G_bnds": 200}, {"X_cutoff": 4}, {"gamma_gap": 6.877306}, {"num_gw_calc": 3}, {"wall_time": 96}, {"num_cores": 8}, {"z-factor": {"@module": "numpy", "@class": "array", "dtype": "float64", "data": [[30.0, 0.81, -0.144448], [31.0, 0.82, -0.208417]]}}], [{"kppa": 150}, {"kpt_grid": "4x4x4"}, {"num_kpts": 1}, {"X_bnds": 200}, {"G_bnds": 200}, {"X_cutoff": 4}, {"gamma_gap": 6.959554000000001}, {"num_gw_calc": 4}, {"wall_time": 200}, {"num_cores": 32}, {"z-factor": {"@module": "numpy", "@class": "array", "dtype": "float64", "data": [[30.0, 0.81, -0.137682], [31.0, 0.82, -0.339585]]}}], [{"kppa": 300}, {"kpt_grid": "4x4x6"}, {"num_kpts": 1}, {"X_bnds": 200}, {"G_bnds": 200}, {"X_cutoff": 4}, {"gamma_gap": 6.957707}, {"num_gw_calc": 5}, {"wall_time": 382}, {"num_cores": 32}, {"z-factor": {"@module": "numpy", "@class": "array", "dtype": "float64", "data": [[30.0, 0.81, -0.139962], [31.0, 0.82, -0.323162]]}}]], "conv_time": 1086.4399671554565}, "gw_band_range_pbe": [1, 37], "gw_conv_lda": {"gw_conv_thr": 0.025, "gw_bnd_start": 200, "gw_bnd_step": 100, "gw_cut_start": 4, "gw_cut_step": 4, "kpt_bnd_idx": {"@module": "numpy", "@class": "array", "dtype": "int64", "data": [1, 1, 20, 21]}, "gw_bands": 200, "gw_cutoff": 4, "w_conv_grid": [[200, 4, 7.173793], [300, 4, 7.177424], [300, 8, 7.292137], [300, 8, 7.292137], [300, 12, 7.317549], [300, 12, 7.317549], [300, 16, 7.323986], [300, 16, 7.323986], [400, 16, 7.3347750000000005], [400, 20, 7.3368269999999995], [400, 20, 7.3368269999999995]], "pwcutoff": 72, "w_conv_time": [12.635796070098877, 13.032777786254883, 14.444774389266968, 14.446252346038818, 19.81417155265808, 19.815465211868286, 30.568992137908936, 30.570536375045776, 33.77043557167053, 53.47921943664551, 53.48134112358093], "w_ngw": 7, "w_z_factor": [{"@module": "numpy", "@class": "array", "dtype": "float64", "data": [[20.0, 0.82, -0.133623], [21.0, 0.83, -0.127308]]}, {"@module": "numpy", "@class": "array", "dtype": "float64", "data": [[20.0, 0.82, -0.132786], [21.0, 0.83, -0.126883]]}, {"@module": "numpy", "@class": "array", "dtype": "float64", "data": [[20.0, 0.82, -0.134331], [21.0, 0.83, -0.127003]]}, {"@module": "numpy", "@class": "array", "dtype": "float64", "data": [[20.0, 0.81, -0.134332], [21.0, 0.83, -0.127017]]}, {"@module": "numpy", "@class": "array", "dtype": "float64", "data": [[20.0, 0.81, -0.133832], [21.0, 0.83, -0.126843]]}, {"@module": "numpy", "@class": "array", "dtype": "float64", "data": [[20.0, 0.81, -0.134433], [21.0, 0.83, -0.127629]]}, {"@module": "numpy", "@class": "array", "dtype": "float64", "data": [[20.0, 0.81, -0.134281], [21.0, 0.83, -0.127245]]}], "gw_kppa": 300, "gw_kpt_grid": {"@module": "numpy", "@class": "array", "dtype": "int64", "data": [4, 4, 6]}, "conv_list": [[{"kppa": 0}, {"kpt_grid": "1x1x1"}, {"num_kpts": 1}, {"X_bnds": 400.0}, {"G_bnds": 400.0}, {"X_cutoff": 20.0}, {"gamma_gap": 7.3368269999999995}, {"num_gw_calc": 7}, {"wall_time": 358}, {"num_cores": 8}, {"z-factor": "None"}], [{"kppa": 0}, {"kpt_grid": "1x1x1"}, {"num_kpts": 1}, {"X_bnds": 200}, {"G_bnds": 200}, {"X_cutoff": 4}, {"gamma_gap": 8}, {"num_gw_calc": 1}, {"wall_time": 13}, {"num_cores": 8}, {"z-factor": "None"}], [{"kppa": 10}, {"kpt_grid": "2x2x2"}, {"num_kpts": 1}, {"X_bnds": 200}, {"G_bnds": 200}, {"X_cutoff": 4}, {"gamma_gap": 6.192373}, {"num_gw_calc": 2}, {"wall_time": 61}, {"num_cores": 8}, {"z-factor": {"@module": "numpy", "@class": "array", "dtype": "float64", "data": [[20.0, 0.8, -0.144442], [21.0, 0.81, -0.357936]]}}], [{"kppa": 70}, {"kpt_grid": "2x2x4"}, {"num_kpts": 1}, {"X_bnds": 200}, {"G_bnds": 200}, {"X_cutoff": 4}, {"gamma_gap": 6.239794999999999}, {"num_gw_calc": 3}, {"wall_time": 130}, {"num_cores": 8}, {"z-factor": {"@module": "numpy", "@class": "array", "dtype": "float64",