{"@module": "pymatgen.entries.computed_entries", "@class": "ComputedEntry", "energy": 0.0, "composition": {"Sn": 2.0, "Hg": 2.0, "O": 6.0}, "entry_id": "260029", "correction": 0.0, "energy_adjustments": [], "parameters": {"id": "260029", "name": "SnHgO3", "ibrav": {"celldm(1)": 10.680954185875304, "ibrav": 5, "celldm(4)": 0.5177301713800823}, "vol": 838.4005840550402, "lda_pw_cutoff_Ry": 64, "qe_conv_pbe": {"qe_conv_maxiter": 20, "qe_delta_kppa": 1500, "qe_delta_cutoff": 5, "qe_conv_thresh": 0.00036749325390447133, "qe_conv_steps": [[60, 1500, -526.6549751363581], [65, 1500, -526.6875090376619], [70, 1500, -526.7032223912604], [75, 1500, -526.7097384024896], [80, 1500, -526.7120537297637], [85, 1500, -526.7126543161424], [90, 1500, -526.7127676078954], [90, 4500, -526.7127676548902]], "qe_conv_time": 256.9315996170044}, "num_elec_pbe": 104.0, "max_mem": 37281.0, "qe_conv_lda": {"qe_conv_maxiter": 20, "qe_delta_kppa": 1500, "qe_delta_cutoff": 5, "qe_conv_thresh": 0.00036749325390447133, "qe_conv_steps": [[64, 1500, -589.5112037190398], [69, 1500, -589.5205883949327], [74, 1500, -589.5238378729355], [79, 1500, -589.5248237077514], [84, 1500, -589.5250810893643], [84, 4500, -589.5250671948709]], "qe_conv_time": 176.60578274726868}, "num_elec_lda": 104.0, "bg_conv_pbe": {"bg_conv_maxiter": 20, "bg_delta_kppa": 1500, "bg_delta_cutoff": 5, "bg_conv_thresh": 0.025, "bg_conv_steps": [[90, 4500, 5.567653733280349e-07], [90, 7500, 3.7310220550837316e-13]], "bg_conv_time": 179.8476104736328}, "indirect_gap_pbe": 2.9153330227982196e-13, "bg_conv_lda": {"bg_conv_maxiter": 20, "bg_delta_kppa": 1500, "bg_delta_cutoff": 5, "bg_conv_thresh": 0.025, "bg_conv_steps": [[84, 4500, 9.348569401930348e-08], [84, 7500, 2.945543727697683e-13]], "bg_conv_time": 141.62446999549866}, "indirect_gap_lda": 1.495429892523439e-13, "gw_conv_pbe": {"gw_conv_thr": 0.025, "gw_bnd_start": 200, "gw_bnd_step": 100, "gw_cut_start": 4, "gw_cut_step": 4, "kpt_bnd_idx": {"@module": "numpy", "@class": "array", "dtype": "int64", "data": [1, 1, 52, 53]}, "gw_bands": 200, "gw_cutoff": 4, "w_conv_grid": [[200, 4, -0.00021400000000004749], [300, 4, -0.00013099999999999223], [300, 8, -0.00011700000000003374], [300, 8, -0.00011700000000003374]], "pwcutoff": 90, "w_conv_time": [10.084630489349365, 10.601644039154053, 11.463561534881592, 11.464298248291016], "w_ngw": 3, "w_z_factor": [{"@module": "numpy", "@class": "array", "dtype": "float64", "data": [[52.0, 0.75, -0.158726], [53.0, 0.75, -0.158555]]}, {"@module": "numpy", "@class": "array", "dtype": "float64", "data": [[52.0, 0.75, -0.171986], [53.0, 0.75, -0.13989]]}, {"@module": "numpy", "@class": "array", "dtype": "float64", "data": [[52.0, 0.74, -0.157737], [53.0, 0.74, -0.15925]]}], "gw_kppa": 10, "gw_kpt_grid": {"@module": "numpy", "@class": "array", "dtype": "int64", "data": [2, 2, 2]}, "conv_list": [[{"kppa": 0}, {"kpt_grid": "1x1x1"}, {"num_kpts": 1}, {"X_bnds": 300.0}, {"G_bnds": 300.0}, {"X_cutoff": 8.0}, {"gamma_gap": -0.00011700000000003374}, {"num_gw_calc": 3}, {"wall_time": 256}, {"num_cores": 8}, {"z-factor": "None"}], [{"kppa": 0}, {"kpt_grid": "1x1x1"}, {"num_kpts": 1}, {"X_bnds": 200}, {"G_bnds": 200}, {"X_cutoff": 4}, {"gamma_gap": 8}, {"num_gw_calc": 1}, {"wall_time": 11}, {"num_cores": 8}, {"z-factor": "None"}], [{"kppa": 10}, {"kpt_grid": "2x2x2"}, {"num_kpts": 1}, {"X_bnds": 200}, {"G_bnds": 200}, {"X_cutoff": 4}, {"gamma_gap": 0.0007699999999999929}, {"num_gw_calc": 2}, {"wall_time": 43}, {"num_cores": 8}, {"z-factor": {"@module": "numpy", "@class": "array", "dtype": "float64", "data": [[52.0, 0.78, -0.131108], [53.0, 0.78, -0.13114]]}}]], "conv_time": 298.1257984638214}, "gw_band_range_pbe": [1, 54], "gw_conv_lda": {"gw_conv_thr": 0.025, "gw_bnd_start": 200, "gw_bnd_step": 100, "gw_cut_start": 4, "gw_cut_step": 4, "kpt_bnd_idx": {"@module": "numpy", "@class": "array", "dtype": "int64", "data": [1, 1, 52, 53]}, "gw_bands": 200, "gw_cutoff": 4, "w_conv_grid": [[200, 4, -0.0002550000000000052], [300, 4, -0.0020240000000000258], [300, 8, 0.0004149999999999987], [300, 8, 0.0004149999999999987]], "pwcutoff": 84, "w_conv_time": [9.962321043014526, 10.172857999801636, 10.791908264160156, 10.79264760017395], "w_ngw": 3, "w_z_factor": [{"@module": "numpy", "@class": "array", "dtype": "float64", "data": [[52.0, 0.75, -0.123932], [53.0, 0.75, -0.151009]]}, {"@module": "numpy", "@class": "array", "dtype": "float64", "data": [[52.0, 0.75, -0.925778], [53.0, 0.75, -0.253951]]}, {"@module": "numpy", "@class": "array", "dtype": "float64", "data": [[52.0, 0.74, -0.187676], [53.0, 0.74, -0.19188]]}], "gw_kppa": 10, "gw_kpt_grid": {"@module": "numpy", "@class": "array", "dtype": "int64", "data": [2, 2, 2]}, "conv_list": [[{"kppa": 0}, {"kpt_grid": "1x1x1"}, {"num_kpts": 1}, {"X_bnds": 300.0}, {"G_bnds": 300.0}, {"X_cutoff": 8.0}, {"gamma_gap": 0.0004149999999999987}, {"num_gw_calc": 3}, {"wall_time": 220}, {"num_cores": 8}, {"z-factor": "None"}], [{"kppa": 0}, {"kpt_grid": "1x1x1"}, {"num_kpts": 1}, {"X_bnds": 200}, {"G_bnds": 200}, {"X_cutoff": 4}, {"gamma_gap": 8}, {"num_gw_calc": 1}, {"wall_time": 10}, {"num_cores": 8}, {"z-factor": "None"}], [{"kppa": 10}, {"kpt_grid": "2x2x2"}, {"num_kpts": 1}, {"X_bnds": 200}, {"G_bnds": 200}, {"X_cutoff": 4}, {"gamma_gap": -0.00037500000000000033}, {"num_gw_calc": 2}, {"wall_time": 42}, {"num_cores": 8}, {"z-factor": {"@module": "numpy", "@class": "array", "dtype": "float64", "data": [[52.0, 0.78, -0.1312], [53.0, 0.78, -0.131128]]}}]], "conv_time": 261.07636737823486}, "gw_band_range_lda": [1, 55], "g0w0_ppa_pbe": {"gw_direct_gap": 0.00018400000000001748, "kppa": 280, "kpt_grid": "4x4x4", "num_kpt": 14, "bands_in X": 400, "bands_in_G": 400, "cutoff": 12, "z_factor": [[52.0, 0.77, -0.00124872], [53.0, 0.77, -0.00126253]], "scissor": 0.00018400000000001748, "ncpu": 32, "calc_time": 521.3276727199554}, "g0w0_ppa_lda": {"gw_direct_gap": 0.00040599999999996195, "kppa": 280, "kpt_grid": "4x4x4", "num_kpt": 14, "bands_in X": 400, "bands_in_G": 400, "cutoff": 12, "z_factor": [[52.0, 0.77, -0.00129887], [53.0, 0.77, -0.00130071]], "scissor": 0.00040599999999996195, "ncpu": 32, "calc_time": 559.73876786232}}, "data": {}}