{"@module": "pymatgen.entries.computed_entries", "@class": "ComputedEntry", "energy": 0.0, "composition": {"Ag": 8.0, "Se": 4.0}, "entry_id": "260148", "correction": 0.0, "energy_adjustments": [], "parameters": {"id": "260148", "name": "Ag2Se", "ibrav": {"celldm(1)": 8.196309159827353, "ibrav": 8, "celldm(2)": 1.6300924538307247, "celldm(3)": 1.7921287436884703}, "vol": 1608.5569317284524, "lda_pw_cutoff_Ry": 78, "qe_conv_pbe": {"qe_conv_maxiter": 20, "qe_delta_kppa": 1500, "qe_delta_cutoff": 5, "qe_conv_thresh": 0.00044099190468536564, "qe_conv_steps": [[60, 1500, -1188.414349965057], [65, 1500, -1188.414362637768], [65, 3000, -1188.414382670793]], "qe_conv_time": 415.9329650402069}, "num_elec_pbe": 176.0, "max_mem": 36405.0, "qe_conv_lda": {"qe_conv_maxiter": 20, "qe_delta_kppa": 1500, "qe_delta_cutoff": 5, "qe_conv_thresh": 0.00044099190468536564, "qe_conv_steps": [[78, 1500, -1724.510920765891], [83, 1500, -1724.512480378147], [88, 1500, -1724.512666804715], [88, 3000, -1724.51266390171]], "qe_conv_time": 808.7017674446106}, "num_elec_lda": 216.0, "bg_conv_pbe": {"bg_conv_maxiter": 20, "bg_delta_kppa": 1500, "bg_delta_cutoff": 5, "bg_conv_thresh": 0.025, "bg_conv_steps": [[65, 3000, -0.07434711850786285], [65, 6000, -0.047274463798342735], [65, 7500, -0.04727505162539157]], "bg_conv_time": 707.1535856723785}, "indirect_gap_pbe": -0.04727539023587064, "bg_conv_lda": {"bg_conv_maxiter": 20, "bg_delta_kppa": 1500, "bg_delta_cutoff": 5, "bg_conv_thresh": 0.025, "bg_conv_steps": [[88, 3000, -0.06982804104305798], [88, 6000, -0.042404499260478914], [88, 7500, -0.04240409528892378]], "bg_conv_time": 1060.5600872039795}, "indirect_gap_lda": -0.04240610443412094, "gw_conv_pbe": {"gw_conv_thr": 0.025, "gw_bnd_start": 200, "gw_bnd_step": 100, "gw_cut_start": 4, "gw_cut_step": 4, "kpt_bnd_idx": {"@module": "numpy", "@class": "array", "dtype": "int64", "data": [1, 1, 88, 89]}, "gw_bands": 200, "gw_cutoff": 4, "w_conv_grid": [[200, 4, -0.0012490000000000556], [300, 4, 0.01367999999999997], [300, 8, 0.007230000000000014], [300, 8, 0.007230000000000014]], "pwcutoff": 65, "w_conv_time": [14.41799783706665, 15.482144117355347, 22.261322259902954, 22.262827157974243], "w_ngw": 3, "w_z_factor": [{"@module": "numpy", "@class": "array", "dtype": "float64", "data": [[88.0, 0.77, -0.161436], [89.0, 0.76, -0.173869]]}, {"@module": "numpy", "@class": "array", "dtype": "float64", "data": [[88.0, 0.78, -0.147705], [89.0, 0.77, -0.159298]]}, {"@module": "numpy", "@class": "array", "dtype": "float64", "data": [[88.0, 0.77, -0.15037], [89.0, 0.76, -0.157626]]}], "gw_kppa": 10, "gw_kpt_grid": {"@module": "numpy", "@class": "array", "dtype": "int64", "data": [2, 2, 2]}, "conv_list": [[{"kppa": 0}, {"kpt_grid": "1x1x1"}, {"num_kpts": 1}, {"X_bnds": 300.0}, {"G_bnds": 300.0}, {"X_cutoff": 8.0}, {"gamma_gap": 0.007230000000000014}, {"num_gw_calc": 3}, {"wall_time": 656}, {"num_cores": 8}, {"z-factor": "None"}], [{"kppa": 0}, {"kpt_grid": "1x1x1"}, {"num_kpts": 1}, {"X_bnds": 200}, {"G_bnds": 200}, {"X_cutoff": 4}, {"gamma_gap": 8}, {"num_gw_calc": 1}, {"wall_time": 15}, {"num_cores": 8}, {"z-factor": "None"}], [{"kppa": 10}, {"kpt_grid": "2x2x2"}, {"num_kpts": 1}, {"X_bnds": 200}, {"G_bnds": 200}, {"X_cutoff": 4}, {"gamma_gap": -0.014478999999999992}, {"num_gw_calc": 2}, {"wall_time": 104}, {"num_cores": 8}, {"z-factor": {"@module": "numpy", "@class": "array", "dtype": "float64", "data": [[88.0, 0.79, -0.146301], [89.0, 0.78, -0.149909]]}}]], "conv_time": 759.2344226837158}, "gw_band_range_pbe": [1, 95], "gw_conv_lda": {"gw_conv_thr": 0.025, "gw_bnd_start": 200, "gw_bnd_step": 100, "gw_cut_start": 4, "gw_cut_step": 4, "kpt_bnd_idx": {"@module": "numpy", "@class": "array", "dtype": "int64", "data": [1, 1, 108, 109]}, "gw_bands": 200, "gw_cutoff": 4, "w_conv_grid": [[200, 4, -0.042309], [300, 4, -0.027523000000000006], [300, 8, -0.02884199999999998], [300, 8, -0.02884199999999998]], "pwcutoff": 88, "w_conv_time": [13.94283390045166, 16.295164585113525, 25.33374810218811, 25.335302352905273], "w_ngw": 3, "w_z_factor": [{"@module": "numpy", "@class": "array", "dtype": "float64", "data": [[108.0, 0.77, -0.166334], [109.0, 0.76, -0.170568]]}, {"@module": "numpy", "@class": "array", "dtype": "float64", "data": [[108.0, 0.78, -0.143686], [109.0, 0.77, -0.164618]]}, {"@module": "numpy", "@class": "array", "dtype": "float64", "data": [[108.0, 0.77, -0.255508], [109.0, 0.76, -0.282951]]}], "gw_kppa": 10, "gw_kpt_grid": {"@module": "numpy", "@class": "array", "dtype": "int64", "data": [2, 2, 2]}, "conv_list": [[{"kppa": 0}, {"kpt_grid": "1x1x1"}, {"num_kpts": 1}, {"X_bnds": 300.0}, {"G_bnds": 300.0}, {"X_cutoff": 8.0}, {"gamma_gap": -0.02884199999999998}, {"num_gw_calc": 3}, {"wall_time": 1026}, {"num_cores": 8}, {"z-factor": "None"}], [{"kppa": 0}, {"kpt_grid": "1x1x1"}, {"num_kpts": 1}, {"X_bnds": 200}, {"G_bnds": 200}, {"X_cutoff": 4}, {"gamma_gap": 8}, {"num_gw_calc": 1}, {"wall_time": 14}, {"num_cores": 8}, {"z-factor": "None"}], [{"kppa": 10}, {"kpt_grid": "2x2x2"}, {"num_kpts": 1}, {"X_bnds": 200}, {"G_bnds": 200}, {"X_cutoff": 4}, {"gamma_gap": -0.06246799999999997}, {"num_gw_calc": 2}, {"wall_time": 104}, {"num_cores": 8}, {"z-factor": {"@module": "numpy", "@class": "array", "dtype": "float64", "data": [[108.0, 0.78, -0.151254], [109.0, 0.78, -0.154607]]}}]], "conv_time": 1129.1218285560608}, "gw_band_range_lda": [1, 115], "g0w0_ppa_pbe": {"gw_direct_gap": -0.026259382999999997, "kppa": 120, "kpt_grid": "4x2x2", "num_kpt": 12, "bands_in X": 400, "bands_in_G": 400, "cutoff": 12, "z_factor": [[88.0, 0.79, -0.0012839], [89.0, 0.79, -0.00126014]], "scissor": -0.026526999999999995, "ncpu": 32, "calc_time": 865.332213640213}, "g0w0_ppa_lda": {"gw_direct_gap": -0.01347799999999999, "kppa": 120, "kpt_grid": "4x2x2", "num_kpt": 12, "bands_in X": 400, "bands_in_G": 400, "cutoff": 12, "z_factor": [[108.0, 0.79, -0.00129628], [109.0, 0.79, -0.00132003]], "scissor": -0.024363000000000024, "ncpu": 32, "calc_time": 962.7563095092773}}, "data": {}}