{"@module": "pymatgen.entries.computed_entries", "@class": "ComputedEntry", "energy": 0.0, "composition": {"Ba": 2.0, "Ta": 1.0, "In": 1.0, "O": 6.0}, "entry_id": "261480", "correction": 0.0, "energy_adjustments": [], "parameters": {"id": "261480", "name": "Ba2TaInO6", "ibrav": {"celldm(1)": 15.63672786616269, "ibrav": 2}, "vol": 955.8233650708894, "lda_pw_cutoff_Ry": 62, "qe_conv_pbe": {"qe_conv_maxiter": 20, "qe_delta_kppa": 1500, "qe_delta_cutoff": 5, "qe_conv_thresh": 0.00036749325390447133, "qe_conv_steps": [[60, 1500, -448.419751879139], [65, 1500, -448.4530296319196], [70, 1500, -448.4686460275362], [75, 1500, -448.4750825976322], [80, 1500, -448.4772958673117], [85, 1500, -448.4778604075466], [90, 1500, -448.4779407977272], [90, 4500, -448.4779410199898]], "qe_conv_time": 155.86641812324524}, "num_elec_pbe": 96.00000000000001, "max_mem": 65400.0, "qe_conv_lda": {"qe_conv_maxiter": 20, "qe_delta_kppa": 1500, "qe_delta_cutoff": 5, "qe_conv_thresh": 0.00036749325390447133, "qe_conv_steps": [[62, 1500, -287.3014065696477], [67, 1500, -287.3140319455596], [72, 1500, -287.3188118166246], [77, 1500, -287.3204286272872], [82, 1500, -287.3208724027879], [87, 1500, -287.3209575998261], [87, 4500, -287.3209578544507]], "qe_conv_time": 100.9128406047821}, "num_elec_lda": 82.00000000000001, "bg_conv_pbe": {"bg_conv_maxiter": 20, "bg_delta_kppa": 1500, "bg_delta_cutoff": 5, "bg_conv_thresh": 0.025, "bg_conv_steps": [[90, 4500, 4.167478864248413], [90, 7500, 4.16706723166491]], "bg_conv_time": 82.516765832901}, "indirect_gap_pbe": 4.167039931759349, "bg_conv_lda": {"bg_conv_maxiter": 20, "bg_delta_kppa": 1500, "bg_delta_cutoff": 5, "bg_conv_thresh": 0.025, "bg_conv_steps": [[87, 4500, 4.076235118710228], [87, 7500, 4.075905696819476]], "bg_conv_time": 55.83837008476257}, "indirect_gap_lda": 4.076232309607356, "gw_conv_pbe": {"gw_conv_thr": 0.025, "gw_bnd_start": 200, "gw_bnd_step": 100, "gw_cut_start": 4, "gw_cut_step": 4, "kpt_bnd_idx": {"@module": "numpy", "@class": "array", "dtype": "int64", "data": [1, 1, 48, 49]}, "gw_bands": 200, "gw_cutoff": 4, "w_conv_grid": [[200, 4, 4.406024], [300, 4, 4.390811], [300, 8, 4.572766], [300, 8, 4.572766], [300, 12, 4.62547], [300, 12, 4.62547], [300, 16, 4.661421], [300, 16, 4.661421], [300, 20, 4.678968], [300, 20, 4.678968], [400, 20, 4.695892000000001], [400, 24, 4.711155], [400, 24, 4.711155], [500, 24, 4.720374], [500, 28, 4.72772], [500, 28, 4.72772]], "pwcutoff": 90, "w_conv_time": [11.861465215682983, 12.138777732849121, 13.187371015548706, 13.188243389129639, 16.18899369239807, 16.190162181854248, 19.287577152252197, 19.288906574249268, 26.109286785125732, 26.110121726989746, 31.341407537460327, 48.20773458480835, 48.208900928497314, 56.468791007995605, 77.2154188156128, 77.21673130989075], "w_ngw": 10, "w_z_factor": [{"@module": "numpy", "@class": "array", "dtype": "float64", "data": [[48.0, 0.78, -0.126019], [49.0, 0.82, -0.118961]]}, {"@module": "numpy", "@class": "array", "dtype": "float64", "data": [[48.0, 0.79, -0.116323], [49.0, 0.82, -0.117275]]}, {"@module": "numpy", "@class": "array", "dtype": "float64", "data": [[48.0, 0.78, -0.124595], [49.0, 0.81, -0.107664]]}, {"@module": "numpy", "@class": "array", "dtype": "float64", "data": [[48.0, 0.78, -0.117135], [49.0, 0.81, -0.106619]]}, {"@module": "numpy", "@class": "array", "dtype": "float64", "data": [[48.0, 0.77, -0.118463], [49.0, 0.81, -0.107986]]}, {"@module": "numpy", "@class": "array", "dtype": "float64", "data": [[48.0, 0.77, -0.118966], [49.0, 0.81, -0.106658]]}, {"@module": "numpy", "@class": "array", "dtype": "float64", "data": [[48.0, 0.77, -0.121389], [49.0, 0.81, -0.104922]]}, {"@module": "numpy", "@class": "array", "dtype": "float64", "data": [[48.0, 0.77, -0.119338], [49.0, 0.81, -0.104979]]}, {"@module": "numpy", "@class": "array", "dtype": "float64", "data": [[48.0, 0.77, -0.11656], [49.0, 0.81, -0.109339]]}, {"@module": "numpy", "@class": "array", "dtype": "float64", "data": [[48.0, 0.77, -0.116523], [49.0, 0.81, -0.109093]]}], "gw_kppa": 270, "gw_kpt_grid": {"@module": "numpy", "@class": "array", "dtype": "int64", "data": [4, 4, 4]}, "conv_list": [[{"kppa": 0}, {"kpt_grid": "1x1x1"}, {"num_kpts": 1}, {"X_bnds": 500.0}, {"G_bnds": 500.0}, {"X_cutoff": 28.0}, {"gamma_gap": 4.72772}, {"num_gw_calc": 10}, {"wall_time": 460}, {"num_cores": 8}, {"z-factor": "None"}], [{"kppa": 0}, {"kpt_grid": "1x1x1"}, {"num_kpts": 1}, {"X_bnds": 200}, {"G_bnds": 200}, {"X_cutoff": 4}, {"gamma_gap": 8}, {"num_gw_calc": 1}, {"wall_time": 12}, {"num_cores": 8}, {"z-factor": "None"}], [{"kppa": 10}, {"kpt_grid": "2x2x2"}, {"num_kpts": 1}, {"X_bnds": 200}, {"G_bnds": 200}, {"X_cutoff": 4}, {"gamma_gap": 4.621093}, {"num_gw_calc": 2}, {"wall_time": 40}, {"num_cores": 8}, {"z-factor": {"@module": "numpy", "@class": "array", "dtype": "float64", "data": [[48.0, 0.79, -0.120234], [49.0, 0.82, -0.100608]]}}], [{"kppa": 270}, {"kpt_grid": "4x4x4"}, {"num_kpts": 1}, {"X_bnds": 200}, {"G_bnds": 200}, {"X_cutoff": 4}, {"gamma_gap": 4.635974}, {"num_gw_calc": 3}, {"wall_time": 291}, {"num_cores": 8}, {"z-factor": {"@module": "numpy", "@class": "array", "dtype": "float64", "data": [[48.0, 0.79, -0.121241], [49.0, 0.82, -0.990777]]}}]], "conv_time": 790.1429214477539}, "gw_band_range_pbe": [1, 58], "gw_conv_lda": {"gw_conv_thr": 0.025, "gw_bnd_start": 200, "gw_bnd_step": 100, "gw_cut_start": 4, "gw_cut_step": 4, "kpt_bnd_idx": {"@module": "numpy", "@class": "array", "dtype": "int64", "data": [1, 1, 41, 42]}, "gw_bands": 200, "gw_cutoff": 4, "w_conv_grid": [[200, 4, 5.803646], [300, 4, 5.770676999999999], [400, 4, 5.754288], [400, 8, 5.752422], [400, 8, 5.752422], [500, 8, 5.742941], [500, 12, 5.763228], [500, 12, 5.763228]], "pwcutoff": 87, "w_conv_time": [12.514715194702148, 13.163537740707397, 14.027041673660278, 14.9098379611969, 14.911891222000122, 16.21256685256958, 19.56359052658081, 19.56444001197815], "w_ngw": 6, "w_z_factor": [{"@module": "numpy", "@class": "array", "dtype": "float64", "data": [[41.0, 0.78, -0.185269], [42.0, 0.81, -0.325417]]}, {"@module": "numpy", "@class": "array", "dtype": "float64", "data": [[41.0, 0.79, -0.125497], [42.0, 0.82, -0.103271]]}, {"@module": "numpy", "@class": "array", "dtype": "float64", "data": [[41.0, 0.79, -0.117846], [42.0, 0.82, -0.976884]]}, {"@module": "numpy", "@class": "array", "dtype": "float64", "data": [[41.0, 0.78, -0.120301], [42.0, 0.82, -0.976414]]}, {"@module": "numpy", "@class": "array", "dtype": "float64", "data": [[41.0, 0.78, -0.116889], [42.0, 0.82, -0.977948]]}, {"@module": "numpy", "@class": "array", "dtype": "float64", "data": [[41.0, 0.78, -0.117211], [42.0, 0.82, -0.976247]]}], "gw_kppa": 270, "gw_kpt_grid": {"@module": "numpy", "@class": "array", "dtype": "int64", "data": [4, 4, 4]}, "conv_list": [[{"kppa": 0}, {"kpt_grid": "1x1x1"}, {"num_kpts": 1}, {"X_bnds": 500.0}, {"G_bnds": 500.0}, {"X_cutoff": 12.0}, {"gamma_gap": 5.763228}, {"num_gw_calc": 6}, {"wall_time": 214}, {"num_cores": 8}, {"z-factor": "None"}], [{"kppa": 0}, {"kpt_grid": "1x1x1"}, {"num_kpts": 1}, {"X_bnds": 200}, {"G_bnds": 200}, {"X_cutoff": 4}, {"gamma_gap": 4}, {"num_gw_calc": 1}, {"wall_time": 13}, {"num_cores": 8}, {"z-factor": "None"}], [{"kppa": 10}, {"kpt_grid": "2x2x2"}, {"num_kpts": 1}, {"X_bnds": 200}, {"G_bnds": 200}, {"X_cutoff": 4}, {"gamma_gap": 5.994192}, {"num_gw_calc": 2}, {"wall_time": 40}, {"num_cores": 8}, {"z-factor": {"@module": "numpy", "@class": "array", "dtype": "float64", "data": [[41.0, 0.79, -0.126439], [42.0, 0.82, -0.107747]]}}], [{"kppa": 270}, {"kpt_grid": "4x4x4"}, {"num_kpts": 1}, {"X_bnds": 200}, {"G_bnds": 200}, {"X_cutoff": 4}, {"gamma_gap": 5.997862}, {"num_gw_calc": 3}, {"wall_time": 258}, {"num_cores": 8}, {"z-factor": {"@module": "numpy", "@class": "array", "dtype": "float64", "data": [[41.0, 0.79, -0.124304], [42.0, 0.82, -0.11226]]}}]], "conv_time": 510.108270406723}, "gw_band_range_lda": [1, 51], "g0w0_ppa_pbe": {"gw_direct_gap": 4.967173000000001, "kppa": 1260, "kpt_grid": "6x6x6",