{"@module": "pymatgen.entries.computed_entries", "@class": "ComputedEntry", "energy": 0.0, "composition": {"Ca": 1.0, "O": 1.0}, "entry_id": "261847", "correction": 0.0, "energy_adjustments": [], "parameters": {"id": "261847", "name": "CaO", "ibrav": {"celldm(1)": 9.102999758791036, "ibrav": 2}, "vol": 188.57911894098547, "lda_pw_cutoff_Ry": 60, "qe_conv_pbe": {"qe_conv_maxiter": 20, "qe_delta_kppa": 1500, "qe_delta_cutoff": 5, "qe_conv_thresh": 7.349865078089427e-05, "qe_conv_steps": [[60, 1500, -52.9839076126061], [65, 1500, -52.98942689538454], [70, 1500, -52.99196805936552], [75, 1500, -52.99301894587055], [80, 1500, -52.9933944776149], [85, 1500, -52.99349074537322], [90, 1500, -52.99350282002125], [90, 3000, -52.99350283068163]], "qe_conv_time": 30.297820806503296}, "num_elec_pbe": 16.0, "max_mem": 25225.0, "qe_conv_lda": {"qe_conv_maxiter": 20, "qe_delta_kppa": 1500, "qe_delta_cutoff": 5, "qe_conv_thresh": 7.349865078089427e-05, "qe_conv_steps": [[60, 1500, -55.32276490752177], [65, 1500, -55.3257936457494], [70, 1500, -55.32698233626083], [75, 1500, -55.32739833035695], [80, 1500, -55.32751981566367], [85, 1500, -55.32754972855355], [85, 3000, -55.32754974779007]], "qe_conv_time": 25.756190299987793}, "num_elec_lda": 16.0, "bg_conv_pbe": {"bg_conv_maxiter": 20, "bg_delta_kppa": 1500, "bg_delta_cutoff": 5, "bg_conv_thresh": 0.025, "bg_conv_steps": [[90, 3000, 3.6466489260932837], [90, 4500, 3.6466616682578508]], "bg_conv_time": 9.215374946594238}, "indirect_gap_pbe": 3.6466488436545084, "bg_conv_lda": {"bg_conv_maxiter": 20, "bg_delta_kppa": 1500, "bg_delta_cutoff": 5, "bg_conv_thresh": 0.025, "bg_conv_steps": [[85, 3000, 3.4916701748874344], [85, 4500, 3.491707514796093]], "bg_conv_time": 8.791308879852295}, "indirect_gap_lda": 3.491669954312999, "gw_conv_pbe": {"gw_conv_thr": 0.025, "gw_bnd_start": 200, "gw_bnd_step": 100, "gw_cut_start": 4, "gw_cut_step": 4, "kpt_bnd_idx": {"@module": "numpy", "@class": "array", "dtype": "int64", "data": [1, 1, 8, 9]}, "gw_bands": 200, "gw_cutoff": 4, "w_conv_grid": [[200, 4, 4.192012], [300, 4, 4.191423], [300, 8, 4.374879], [300, 8, 4.374879], [300, 12, 4.554991], [300, 12, 4.554991], [300, 16, 4.591545], [300, 16, 4.591545], [300, 20, 4.624939], [300, 20, 4.624939], [300, 24, 4.637672], [300, 24, 4.637672], [400, 24, 4.64361], [400, 28, 4.658432], [400, 28, 4.658432]], "pwcutoff": 90, "w_conv_time": [12.26749563217163, 12.108150720596313, 12.32916784286499, 12.330673694610596, 12.115780115127563, 12.117289781570435, 12.37024712562561, 12.371967077255249, 12.654611825942993, 12.656140565872192, 13.22185492515564, 13.223130464553833, 13.294721364974976, 14.286393404006958, 14.287201166152954], "w_ngw": 9, "w_z_factor": [{"@module": "numpy", "@class": "array", "dtype": "float64", "data": [[8.0, 0.79, -0.109064], [9.0, 0.81, -0.110189]]}, {"@module": "numpy", "@class": "array", "dtype": "float64", "data": [[8.0, 0.79, -0.109033], [9.0, 0.81, -0.110182]]}, {"@module": "numpy", "@class": "array", "dtype": "float64", "data": [[8.0, 0.78, -0.107779], [9.0, 0.81, -0.109883]]}, {"@module": "numpy", "@class": "array", "dtype": "float64", "data": [[8.0, 0.78, -0.105094], [9.0, 0.81, -0.109967]]}, {"@module": "numpy", "@class": "array", "dtype": "float64", "data": [[8.0, 0.78, -0.105298], [9.0, 0.81, -0.109803]]}, {"@module": "numpy", "@class": "array", "dtype": "float64", "data": [[8.0, 0.78, -0.103811], [9.0, 0.81, -0.109564]]}, {"@module": "numpy", "@class": "array", "dtype": "float64", "data": [[8.0, 0.78, -0.103442], [9.0, 0.81, -0.109386]]}, {"@module": "numpy", "@class": "array", "dtype": "float64", "data": [[8.0, 0.78, -0.101258], [9.0, 0.81, -0.109338]]}, {"@module": "numpy", "@class": "array", "dtype": "float64", "data": [[8.0, 0.78, -0.810377], [9.0, 0.81, -0.105185]]}], "gw_kppa": 260, "gw_kpt_grid": {"@module": "numpy", "@class": "array", "dtype": "int64", "data": [6, 6, 6]}, "conv_list": [[{"kppa": 0}, {"kpt_grid": "1x1x1"}, {"num_kpts": 1}, {"X_bnds": 400.0}, {"G_bnds": 400.0}, {"X_cutoff": 28.0}, {"gamma_gap": 4.658432}, {"num_gw_calc": 9}, {"wall_time": 168}, {"num_cores": 8}, {"z-factor": "None"}], [{"kppa": 0}, {"kpt_grid": "1x1x1"}, {"num_kpts": 1}, {"X_bnds": 200}, {"G_bnds": 200}, {"X_cutoff": 4}, {"gamma_gap": 8}, {"num_gw_calc": 1}, {"wall_time": 13}, {"num_cores": 8}, {"z-factor": "None"}], [{"kppa": 10}, {"kpt_grid": "2x2x2"}, {"num_kpts": 1}, {"X_bnds": 200}, {"G_bnds": 200}, {"X_cutoff": 4}, {"gamma_gap": 5.666423}, {"num_gw_calc": 2}, {"wall_time": 18}, {"num_cores": 8}, {"z-factor": {"@module": "numpy", "@class": "array", "dtype": "float64", "data": [[8.0, 0.78, -0.132225], [9.0, 0.84, -0.101267]]}}], [{"kppa": 60}, {"kpt_grid": "4x4x4"}, {"num_kpts": 1}, {"X_bnds": 200}, {"G_bnds": 200}, {"X_cutoff": 4}, {"gamma_gap": 5.909333}, {"num_gw_calc": 3}, {"wall_time": 43}, {"num_cores": 8}, {"z-factor": {"@module": "numpy", "@class": "array", "dtype": "float64", "data": [[8.0, 0.79, -0.142901], [9.0, 0.85, -0.889032]]}}], [{"kppa": 260}, {"kpt_grid": "6x6x6"}, {"num_kpts": 1}, {"X_bnds": 200}, {"G_bnds": 200}, {"X_cutoff": 4}, {"gamma_gap": 5.897712}, {"num_gw_calc": 4}, {"wall_time": 60}, {"num_cores": 32}, {"z-factor": {"@module": "numpy", "@class": "array", "dtype": "float64", "data": [[8.0, 0.79, -0.132793], [9.0, 0.85, -0.878869]]}}]], "conv_time": 287.8840079307556}, "gw_band_range_pbe": [1, 13], "gw_conv_lda": {"gw_conv_thr": 0.025, "gw_bnd_start": 200, "gw_bnd_step": 100, "gw_cut_start": 4, "gw_cut_step": 4, "kpt_bnd_idx": {"@module": "numpy", "@class": "array", "dtype": "int64", "data": [1, 1, 8, 9]}, "gw_bands": 200, "gw_cutoff": 4, "w_conv_grid": [[200, 4, 4.7131419999999995], [300, 4, 4.712479], [300, 8, 4.893344], [300, 8, 4.893344], [300, 12, 5.067978999999999], [300, 12, 5.067978999999999], [300, 16, 5.1006789999999995], [300, 16, 5.1006789999999995], [300, 20, 5.128444], [300, 20, 5.128444], [300, 24, 5.138717], [300, 24, 5.138717], [400, 24, 5.142521], [400, 28, 5.154235], [400, 28, 5.154235]], "pwcutoff": 85, "w_conv_time": [11.83474349975586, 12.02642822265625, 11.891611814498901, 11.893382787704468, 12.049997091293335, 12.05323052406311, 12.433040618896484, 12.434701442718506, 12.732325315475464, 12.733855962753296, 13.125091552734375, 13.12622356414795, 13.492182731628418, 14.68276309967041, 14.684026718139648], "w_ngw": 9, "w_z_factor": [{"@module": "numpy", "@class": "array", "dtype": "float64", "data": [[8.0, 0.78, -0.108153], [9.0, 0.81, -0.109771]]}, {"@module": "numpy", "@class": "array", "dtype": "float64", "data": [[8.0, 0.78, -0.108198], [9.0, 0.81, -0.109764]]}, {"@module": "numpy", "@class": "array", "dtype": "float64", "data": [[8.0, 0.78, -0.103882], [9.0, 0.81, -0.108612]]}, {"@module": "numpy", "@class": "array", "dtype": "float64", "data": [[8.0, 0.78, -0.103971], [9.0, 0.81, -0.109361]]}, {"@module": "numpy", "@class": "array", "dtype": "float64", "data": [[8.0, 0.78, -0.104789], [9.0, 0.81, -0.109407]]}, {"@module": "numpy", "@class": "array", "dtype": "float64", "data": [[8.0, 0.78, -0.104698], [9.0, 0.8, -0.109481]]}, {"@module": "numpy", "@class": "array", "dtype": "float64", "data": [[8.0, 0.78, -0.105229], [9.0, 0.8, -0.109465]]}, {"@module": "numpy", "@class": "array", "dtype": "float64", "data": [[8.0, 0.78, -0.105558], [9.0, 0.8, -0.109534]]}, {"@module": "numpy", "@class": "array", "dtype": "float64", "data": [[8.0, 0.78, -0.104948], [9.0, 0.8, -0.109347]]}], "gw_kppa": 260, "gw_kpt_grid": {"@module": "numpy", "@class": "array", "dtype": "int64", "data": [6, 6, 6]},