{"@module": "pymatgen.entries.computed_entries", "@class": "ComputedEntry", "energy": 0.0, "composition": {"Hg": 2.0, "I": 2.0}, "entry_id": "262368", "correction": 0.0, "energy_adjustments": [], "parameters": {"id": "262368", "name": "HgI", "ibrav": {"celldm(1)": 9.254744767329557, "ibrav": 7, "celldm(3)": 2.37860905786744}, "vol": 942.7280098255156, "lda_pw_cutoff_Ry": 62, "qe_conv_pbe": {"qe_conv_maxiter": 20, "qe_delta_kppa": 1500, "qe_delta_cutoff": 5, "qe_conv_thresh": 0.00014699730156178854, "qe_conv_steps": [[60, 1500, -509.0001116307754], [65, 1500, -509.000296700296], [70, 1500, -509.0003361093795], [70, 3000, -509.0003363716435]], "qe_conv_time": 194.7121067047119}, "num_elec_pbe": 74.0, "max_mem": 91648.0, "qe_conv_lda": {"qe_conv_maxiter": 20, "qe_delta_kppa": 1500, "qe_delta_cutoff": 5, "qe_conv_thresh": 0.00014699730156178854, "qe_conv_steps": [[62, 1500, -359.4803446152707], [67, 1500, -359.4805595047275], [72, 1500, -359.4805973661534], [72, 3000, -359.4805977233989]], "qe_conv_time": 128.34451842308044}, "num_elec_lda": 54.0, "bg_conv_pbe": {"bg_conv_maxiter": 20, "bg_delta_kppa": 1500, "bg_delta_cutoff": 5, "bg_conv_thresh": 0.025, "bg_conv_steps": [[70, 3000, 1.578681386824377], [70, 6000, 1.6102374973293359], [70, 9000, 1.6142218256387184]], "bg_conv_time": 247.01756381988525}, "indirect_gap_pbe": 1.614222059898255, "bg_conv_lda": {"bg_conv_maxiter": 20, "bg_delta_kppa": 1500, "bg_delta_cutoff": 5, "bg_conv_thresh": 0.025, "bg_conv_steps": [[72, 3000, 1.4656632483721295], [72, 6000, 1.4968560642550637], [72, 9000, 1.5003436932910224]], "bg_conv_time": 137.31954431533813}, "indirect_gap_lda": 1.5003440818878262, "gw_conv_pbe": {"gw_conv_thr": 0.025, "gw_bnd_start": 200, "gw_bnd_step": 100, "gw_cut_start": 4, "gw_cut_step": 4, "kpt_bnd_idx": {"@module": "numpy", "@class": "array", "dtype": "int64", "data": [1, 1, 37, 38]}, "gw_bands": 200, "gw_cutoff": 4, "w_conv_grid": [[200, 4, 6.856354], [300, 4, 6.847205000000001], [300, 8, 6.851879], [300, 8, 6.851879]], "pwcutoff": 70, "w_conv_time": [12.886933088302612, 13.304038286209106, 14.528129816055298, 14.529257774353027], "w_ngw": 3, "w_z_factor": [{"@module": "numpy", "@class": "array", "dtype": "float64", "data": [[37.0, 0.84, -0.112951], [38.0, 0.84, -0.106135]]}, {"@module": "numpy", "@class": "array", "dtype": "float64", "data": [[37.0, 0.84, -0.111912], [38.0, 0.84, -0.106551]]}, {"@module": "numpy", "@class": "array", "dtype": "float64", "data": [[37.0, 0.83, -0.112332], [38.0, 0.84, -0.106459]]}], "gw_kppa": 510, "gw_kpt_grid": {"@module": "numpy", "@class": "array", "dtype": "int64", "data": [6, 6, 6]}, "conv_list": [[{"kppa": 0}, {"kpt_grid": "1x1x1"}, {"num_kpts": 1}, {"X_bnds": 300.0}, {"G_bnds": 300.0}, {"X_cutoff": 8.0}, {"gamma_gap": 6.851879}, {"num_gw_calc": 3}, {"wall_time": 396}, {"num_cores": 8}, {"z-factor": "None"}], [{"kppa": 0}, {"kpt_grid": "1x1x1"}, {"num_kpts": 1}, {"X_bnds": 200}, {"G_bnds": 200}, {"X_cutoff": 4}, {"gamma_gap": 8}, {"num_gw_calc": 1}, {"wall_time": 13}, {"num_cores": 8}, {"z-factor": "None"}], [{"kppa": 10}, {"kpt_grid": "2x2x2"}, {"num_kpts": 1}, {"X_bnds": 200}, {"G_bnds": 200}, {"X_cutoff": 4}, {"gamma_gap": 5.409745}, {"num_gw_calc": 2}, {"wall_time": 75}, {"num_cores": 8}, {"z-factor": {"@module": "numpy", "@class": "array", "dtype": "float64", "data": [[37.0, 0.8, -0.154106], [38.0, 0.82, -0.127416]]}}], [{"kppa": 110}, {"kpt_grid": "4x4x4"}, {"num_kpts": 1}, {"X_bnds": 200}, {"G_bnds": 200}, {"X_cutoff": 4}, {"gamma_gap": 5.455534}, {"num_gw_calc": 3}, {"wall_time": 1348}, {"num_cores": 8}, {"z-factor": {"@module": "numpy", "@class": "array", "dtype": "float64", "data": [[37.0, 0.8, -0.151462], [38.0, 0.81, -0.143397]]}}], [{"kppa": 510}, {"kpt_grid": "6x6x6"}, {"num_kpts": 1}, {"X_bnds": 200}, {"G_bnds": 200}, {"X_cutoff": 4}, {"gamma_gap": 5.45952}, {"num_gw_calc": 4}, {"wall_time": 2585}, {"num_cores": 32}, {"z-factor": {"@module": "numpy", "@class": "array", "dtype": "float64", "data": [[37.0, 0.8, -0.149095], [38.0, 0.81, -0.12854]]}}]], "conv_time": 4402.717143774033}, "gw_band_range_pbe": [1, 41], "gw_conv_lda": {"gw_conv_thr": 0.025, "gw_bnd_start": 200, "gw_bnd_step": 100, "gw_cut_start": 4, "gw_cut_step": 4, "kpt_bnd_idx": {"@module": "numpy", "@class": "array", "dtype": "int64", "data": [1, 1, 27, 28]}, "gw_bands": 200, "gw_cutoff": 4, "w_conv_grid": [[200, 4, 6.604734], [300, 4, 6.597295], [300, 8, 6.5958309999999996], [300, 8, 6.5958309999999996]], "pwcutoff": 72, "w_conv_time": [12.752322673797607, 13.707589149475098, 14.37201976776123, 14.373506784439087], "w_ngw": 3, "w_z_factor": [{"@module": "numpy", "@class": "array", "dtype": "float64", "data": [[27.0, 0.83, -0.122403], [28.0, 0.83, -0.116371]]}, {"@module": "numpy", "@class": "array", "dtype": "float64", "data": [[27.0, 0.83, -0.127773], [28.0, 0.83, -0.11651]]}, {"@module": "numpy", "@class": "array", "dtype": "float64", "data": [[27.0, 0.82, -0.123003], [28.0, 0.83, -0.116507]]}], "gw_kppa": 510, "gw_kpt_grid": {"@module": "numpy", "@class": "array", "dtype": "int64", "data": [6, 6, 6]}, "conv_list": [[{"kppa": 0}, {"kpt_grid": "1x1x1"}, {"num_kpts": 1}, {"X_bnds": 300.0}, {"G_bnds": 300.0}, {"X_cutoff": 8.0}, {"gamma_gap": 6.5958309999999996}, {"num_gw_calc": 3}, {"wall_time": 309}, {"num_cores": 8}, {"z-factor": "None"}], [{"kppa": 0}, {"kpt_grid": "1x1x1"}, {"num_kpts": 1}, {"X_bnds": 200}, {"G_bnds": 200}, {"X_cutoff": 4}, {"gamma_gap": 8}, {"num_gw_calc": 1}, {"wall_time": 13}, {"num_cores": 8}, {"z-factor": "None"}], [{"kppa": 10}, {"kpt_grid": "2x2x2"}, {"num_kpts": 1}, {"X_bnds": 200}, {"G_bnds": 200}, {"X_cutoff": 4}, {"gamma_gap": 5.172096}, {"num_gw_calc": 2}, {"wall_time": 63}, {"num_cores": 8}, {"z-factor": {"@module": "numpy", "@class": "array", "dtype": "float64", "data": [[27.0, 0.8, -0.152721], [28.0, 0.81, -0.145829]]}}], [{"kppa": 110}, {"kpt_grid": "4x4x4"}, {"num_kpts": 1}, {"X_bnds": 200}, {"G_bnds": 200}, {"X_cutoff": 4}, {"gamma_gap": 5.206201}, {"num_gw_calc": 3}, {"wall_time": 1049}, {"num_cores": 8}, {"z-factor": {"@module": "numpy", "@class": "array", "dtype": "float64", "data": [[27.0, 0.8, -0.200752], [28.0, 0.81, -0.336019]]}}], [{"kppa": 510}, {"kpt_grid": "6x6x6"}, {"num_kpts": 1}, {"X_bnds": 200}, {"G_bnds": 200}, {"X_cutoff": 4}, {"gamma_gap": 5.211113}, {"num_gw_calc": 4}, {"wall_time": 2063}, {"num_cores": 32}, {"z-factor": {"@module": "numpy", "@class": "array", "dtype": "float64", "data": [[27.0, 0.79, -0.124112], [28.0, 0.81, -0.404768]]}}]], "conv_time": 3481.7724623680115}, "gw_band_range_lda": [1, 31], "g0w0_ppa_pbe": {"gw_direct_gap": 5.443874, "kppa": 1380, "kpt_grid": "8x8x8", "num_kpt": 59, "bands_in X": 400, "bands_in_G": 400, "cutoff": 12, "z_factor": [[37.0, 0.8, -0.00149639], [38.0, 0.81, -0.00103944]], "scissor": 1.345664, "ncpu": 16, "calc_time": 48626.22565078735}, "g0w0_ppa_lda": {"gw_direct_gap": 5.179879, "kppa": 1380, "kpt_grid": "8x8x8", "num_kpt": 59, "bands_in X": 400, "bands_in_G": 400, "cutoff": 12, "z_factor": [[27.0, 0.79, -0.00138217], [28.0, 0.8, -0.00154213]], "scissor": 1.172733, "ncpu": 16, "calc_time": 23774.287779331207}}, "data": {}}