{"@module": "pymatgen.entries.computed_entries", "@class": "ComputedEntry", "energy": 0.0, "composition": {"Na": 1.0, "F": 1.0}, "entry_id": "262837", "correction": 0.0, "energy_adjustments": [], "parameters": {"id": "262837", "name": "NaF", "ibrav": {"celldm(1)": 8.759636520292284, "ibrav": 2}, "vol": 168.03442544768583, "lda_pw_cutoff_Ry": 76, "qe_conv_pbe": {"qe_conv_maxiter": 20, "qe_delta_kppa": 1500, "qe_delta_cutoff": 5, "qe_conv_thresh": 7.349865078089427e-05, "qe_conv_steps": [[60, 1500, -66.59783139467862], [65, 1500, -66.60057557810622], [70, 1500, -66.60154842373339], [75, 1500, -66.60186492251364], [80, 1500, -66.60197961795203], [85, 1500, -66.60203480940778], [85, 3000, -66.60203487475874]], "qe_conv_time": 24.73434543609619}, "num_elec_pbe": 16.0, "max_mem": 25180.0, "qe_conv_lda": {"qe_conv_maxiter": 20, "qe_delta_kppa": 1500, "qe_delta_cutoff": 5, "qe_conv_thresh": 7.349865078089427e-05, "qe_conv_steps": [[76, 1500, -70.30173481035175], [81, 1500, -70.30197348135222], [86, 1500, -70.30199620484558], [86, 3000, -70.30199619829862]], "qe_conv_time": 15.816619873046875}, "num_elec_lda": 16.0, "bg_conv_pbe": {"bg_conv_maxiter": 20, "bg_delta_kppa": 1500, "bg_delta_cutoff": 5, "bg_conv_thresh": 0.025, "bg_conv_steps": [[85, 3000, 6.343258497336398], [85, 4500, 6.343339462124098]], "bg_conv_time": 8.511740684509277}, "indirect_gap_pbe": 6.343337569817564, "bg_conv_lda": {"bg_conv_maxiter": 20, "bg_delta_kppa": 1500, "bg_delta_cutoff": 5, "bg_conv_thresh": 0.025, "bg_conv_steps": [[86, 3000, 5.979165843787909], [86, 4500, 5.979183991857832]], "bg_conv_time": 8.093743562698364}, "indirect_gap_lda": 5.979165909194518, "gw_conv_pbe": {"gw_conv_thr": 0.025, "gw_bnd_start": 200, "gw_bnd_step": 100, "gw_cut_start": 4, "gw_cut_step": 4, "kpt_bnd_idx": {"@module": "numpy", "@class": "array", "dtype": "int64", "data": [1, 1, 8, 9]}, "gw_bands": 200, "gw_cutoff": 4, "w_conv_grid": [[200, 4, 8.378806], [300, 4, 8.376074000000001], [300, 8, 8.456001], [300, 8, 8.456001], [300, 12, 8.67006], [300, 12, 8.67006], [300, 16, 8.736322], [300, 16, 8.736322], [300, 20, 8.831646], [300, 20, 8.831646], [300, 24, 8.858906000000001], [300, 24, 8.858906000000001], [300, 28, 8.88953], [300, 28, 8.88953], [300, 32, 8.901093], [300, 32, 8.901093], [400, 32, 8.908064], [400, 36, 8.920489000000002], [400, 36, 8.920489000000002]], "pwcutoff": 85, "w_conv_time": [12.66589069366455, 12.395663976669312, 12.621392488479614, 12.623371839523315, 12.820746898651123, 12.821681261062622, 12.955092668533325, 12.9561927318573, 13.515745878219604, 13.51690149307251, 13.2830228805542, 13.28394365310669, 14.02875542640686, 14.030763864517212, 14.74050521850586, 14.74237322807312, 15.428207159042358, 16.561157941818237, 16.56242537498474], "w_ngw": 11, "w_z_factor": [{"@module": "numpy", "@class": "array", "dtype": "float64", "data": [[8.0, 0.8, -0.135729], [9.0, 0.82, -0.133376]]}, {"@module": "numpy", "@class": "array", "dtype": "float64", "data": [[8.0, 0.8, -0.135749], [9.0, 0.82, -0.133312]]}, {"@module": "numpy", "@class": "array", "dtype": "float64", "data": [[8.0, 0.79, -0.136848], [9.0, 0.82, -0.12949]]}, {"@module": "numpy", "@class": "array", "dtype": "float64", "data": [[8.0, 0.79, -0.129591], [9.0, 0.82, -0.126569]]}, {"@module": "numpy", "@class": "array", "dtype": "float64", "data": [[8.0, 0.78, -0.138497], [9.0, 0.82, -0.12623]]}, {"@module": "numpy", "@class": "array", "dtype": "float64", "data": [[8.0, 0.79, -0.135378], [9.0, 0.82, -0.125547]]}, {"@module": "numpy", "@class": "array", "dtype": "float64", "data": [[8.0, 0.79, -0.134078], [9.0, 0.82, -0.12514]]}, {"@module": "numpy", "@class": "array", "dtype": "float64", "data": [[8.0, 0.78, -0.129223], [9.0, 0.82, -0.12396]]}, {"@module": "numpy", "@class": "array", "dtype": "float64", "data": [[8.0, 0.78, -0.134702], [9.0, 0.82, -0.123692]]}, {"@module": "numpy", "@class": "array", "dtype": "float64", "data": [[8.0, 0.78, -0.150359], [9.0, 0.82, -0.125416]]}, {"@module": "numpy", "@class": "array", "dtype": "float64", "data": [[8.0, 0.78, -0.148973], [9.0, 0.82, -0.125334]]}], "gw_kppa": 260, "gw_kpt_grid": {"@module": "numpy", "@class": "array", "dtype": "int64", "data": [6, 6, 6]}, "conv_list": [[{"kppa": 0}, {"kpt_grid": "1x1x1"}, {"num_kpts": 1}, {"X_bnds": 400.0}, {"G_bnds": 400.0}, {"X_cutoff": 36.0}, {"gamma_gap": 8.920489000000002}, {"num_gw_calc": 11}, {"wall_time": 220}, {"num_cores": 8}, {"z-factor": "None"}], [{"kppa": 0}, {"kpt_grid": "1x1x1"}, {"num_kpts": 1}, {"X_bnds": 200}, {"G_bnds": 200}, {"X_cutoff": 4}, {"gamma_gap": 8}, {"num_gw_calc": 1}, {"wall_time": 13}, {"num_cores": 8}, {"z-factor": "None"}], [{"kppa": 10}, {"kpt_grid": "2x2x2"}, {"num_kpts": 1}, {"X_bnds": 200}, {"G_bnds": 200}, {"X_cutoff": 4}, {"gamma_gap": 10.520835}, {"num_gw_calc": 2}, {"wall_time": 19}, {"num_cores": 8}, {"z-factor": {"@module": "numpy", "@class": "array", "dtype": "float64", "data": [[8.0, 0.85, -0.922467], [9.0, 0.9, -0.598955]]}}], [{"kppa": 60}, {"kpt_grid": "4x4x4"}, {"num_kpts": 1}, {"X_bnds": 200}, {"G_bnds": 200}, {"X_cutoff": 4}, {"gamma_gap": 10.463329}, {"num_gw_calc": 3}, {"wall_time": 40}, {"num_cores": 8}, {"z-factor": {"@module": "numpy", "@class": "array", "dtype": "float64", "data": [[8.0, 0.84, -0.986649], [9.0, 0.91, -0.513651]]}}], [{"kppa": 260}, {"kpt_grid": "6x6x6"}, {"num_kpts": 1}, {"X_bnds": 200}, {"G_bnds": 200}, {"X_cutoff": 4}, {"gamma_gap": 10.445457}, {"num_gw_calc": 4}, {"wall_time": 53}, {"num_cores": 32}, {"z-factor": {"@module": "numpy", "@class": "array", "dtype": "float64", "data": [[8.0, 0.84, -0.101219], [9.0, 0.91, -0.514506]]}}]], "conv_time": 330.9985611438751}, "gw_band_range_pbe": [1, 10], "gw_conv_lda": {"gw_conv_thr": 0.025, "gw_bnd_start": 200, "gw_bnd_step": 100, "gw_cut_start": 4, "gw_cut_step": 4, "kpt_bnd_idx": {"@module": "numpy", "@class": "array", "dtype": "int64", "data": [1, 1, 8, 9]}, "gw_bands": 200, "gw_cutoff": 4, "w_conv_grid": [[200, 4, 8.200303], [300, 4, 8.195594], [300, 8, 8.285224], [300, 8, 8.285224], [300, 12, 8.502968], [300, 12, 8.502968], [300, 16, 8.572478], [300, 16, 8.572478], [300, 20, 8.66254], [300, 20, 8.66254], [300, 24, 8.691413], [300, 24, 8.691413], [300, 28, 8.722554], [300, 28, 8.722554], [300, 32, 8.735462000000002], [300, 32, 8.735462000000002], [400, 32, 8.744893999999999], [400, 36, 8.757246], [400, 36, 8.757246]], "pwcutoff": 86, "w_conv_time": [12.602699995040894, 12.580410718917847, 12.434355735778809, 12.435222864151001, 12.649030208587646, 12.650832176208496, 12.513838291168213, 12.515190601348877, 13.157766819000244, 13.159540891647339, 13.519567966461182, 13.520631313323975, 14.137115955352783, 14.139133930206299, 14.702387571334839, 14.704278707504272, 15.212120056152344, 16.452826976776123, 16.454670667648315], "w_ngw": 11, "w_z_factor": [{"@module": "numpy", "@class": "array", "dtype": "float64", "data": [[8.0, 0.79, -0.145692], [9.0, 0.81, -0.142745]]}, {"@module": "numpy", "@class": "array", "dtype": "float64", "data": [[8.0, 0.78, -0.151965], [9.0, 0.81, -0.142533]]}, {"@module": "numpy", "@class": "array", "dtype": "float64", "data": [[8.0, 0.78, -0.141998], [9.0, 0.81, -0.138254]]}, {"@module": "numpy", "@class": "array", "dtype": "float64", "data": [[8.0, 0.78, -0.156466], [9.0, 0.81, -0.165183]]}, {"@module": "numpy", "@class": "array", "dtype": "float64", "data": [[8.0, 0.78, -0.132127], [9.0, 0.81, -0.134711]]}, {"@module": "numpy", "@class": "array", "dtype": "float64", "data": [[8.0, 0.78, -0.128667], [9.0, 0.81, -0.133555]]}, {"@module": "numpy", "@class": "array", "dtype": "float64", "data": [[8.0, 0.78, -0.131282], [9.0, 0.81, -0.13383]]}, {"@module": "numpy", "@class": "array", "dtype": "float64", "data": [[8.0, 0.78, -0.131239], [9.0, 0.81, -0.133668]]}, {"@module": "numpy", "@class": "array", "dtype": "float64", "data": [[8.0, 0.78, -0.13027], [9.0, 0.81, -0.133578]]}, {"@module": "numpy", "@class": "array", "dtype": "float64",