{"@module": "pymatgen.entries.computed_entries", "@class": "ComputedEntry", "energy": 0.0, "composition": {"Na": 6.0, "Sb": 2.0}, "entry_id": "26882", "correction": 0.0, "energy_adjustments": [], "parameters": {"id": "26882", "name": "Na3Sb", "ibrav": {"celldm(1)": 10.140270433595461, "ibrav": 4, "celldm(3)": 1.7732016399552741}, "vol": 1601.1697196121238, "lda_pw_cutoff_Ry": 76, "qe_conv_pbe": {"qe_conv_maxiter": 20, "qe_delta_kppa": 1500, "qe_delta_cutoff": 5, "qe_conv_thresh": 0.00029399460312357707, "qe_conv_steps": [[60, 1500, -396.7943878042545], [65, 1500, -396.7960750201966], [70, 1500, -396.797348511139], [75, 1500, -396.798251745365], [80, 1500, -396.7988410688717], [85, 1500, -396.7991886426722], [90, 1500, -396.79937953749], [90, 3000, -396.7995200023297]], "qe_conv_time": 172.72869896888733}, "num_elec_pbe": 84.0, "max_mem": 98281.0, "qe_conv_lda": {"qe_conv_maxiter": 20, "qe_delta_kppa": 1500, "qe_delta_cutoff": 5, "qe_conv_thresh": 0.00029399460312357707, "qe_conv_steps": [[76, 1500, -455.2613189844359], [81, 1500, -455.2624392291054], [86, 1500, -455.2625533382158], [86, 3000, -455.2627146555519]], "qe_conv_time": 83.92921543121338}, "num_elec_lda": 84.0, "bg_conv_pbe": {"bg_conv_maxiter": 20, "bg_delta_kppa": 1500, "bg_delta_cutoff": 5, "bg_conv_thresh": 0.025, "bg_conv_steps": [[90, 3000, 0.4078429193200251], [90, 4500, 0.40807901749327175]], "bg_conv_time": 77.52359557151794}, "indirect_gap_pbe": 0.4078344518195286, "bg_conv_lda": {"bg_conv_maxiter": 20, "bg_delta_kppa": 1500, "bg_delta_cutoff": 5, "bg_conv_thresh": 0.025, "bg_conv_steps": [[86, 3000, 0.3039531302904063], [86, 4500, 0.30433251685869145]], "bg_conv_time": 62.597553968429565}, "indirect_gap_lda": 0.30395911781934015, "gw_conv_pbe": {"gw_conv_thr": 0.025, "gw_bnd_start": 200, "gw_bnd_step": 100, "gw_cut_start": 4, "gw_cut_step": 4, "kpt_bnd_idx": {"@module": "numpy", "@class": "array", "dtype": "int64", "data": [1, 1, 42, 43]}, "gw_bands": 200, "gw_cutoff": 4, "w_conv_grid": [[200, 4, 1.1736280000000001], [300, 4, 1.158649], [300, 8, 1.2497], [300, 8, 1.2497], [300, 12, 1.2557280000000002], [300, 12, 1.2557280000000002], [400, 12, 1.260821], [400, 16, 1.258734], [400, 16, 1.258734]], "pwcutoff": 90, "w_conv_time": [15.769604921340942, 16.063578605651855, 20.009686708450317, 20.010971069335938, 32.99457120895386, 32.99703764915466, 34.78153443336487, 60.628005027770996, 60.6300630569458], "w_ngw": 6, "w_z_factor": [{"@module": "numpy", "@class": "array", "dtype": "float64", "data": [[42.0, 0.77, -0.298639], [43.0, 0.81, -0.153263]]}, {"@module": "numpy", "@class": "array", "dtype": "float64", "data": [[42.0, 0.77, -0.27881], [43.0, 0.81, -0.147425]]}, {"@module": "numpy", "@class": "array", "dtype": "float64", "data": [[42.0, 0.77, -0.266577], [43.0, 0.81, -0.147552]]}, {"@module": "numpy", "@class": "array", "dtype": "float64", "data": [[42.0, 0.77, -0.297737], [43.0, 0.81, -0.140749]]}, {"@module": "numpy", "@class": "array", "dtype": "float64", "data": [[42.0, 0.77, -0.26526], [43.0, 0.81, -0.141437]]}, {"@module": "numpy", "@class": "array", "dtype": "float64", "data": [[42.0, 0.77, -0.264822], [43.0, 0.81, -0.146165]]}], "gw_kppa": 570, "gw_kpt_grid": {"@module": "numpy", "@class": "array", "dtype": "int64", "data": [6, 6, 2]}, "conv_list": [[{"kppa": 0}, {"kpt_grid": "1x1x1"}, {"num_kpts": 1}, {"X_bnds": 400.0}, {"G_bnds": 400.0}, {"X_cutoff": 16.0}, {"gamma_gap": 1.258734}, {"num_gw_calc": 6}, {"wall_time": 368}, {"num_cores": 8}, {"z-factor": "None"}], [{"kppa": 0}, {"kpt_grid": "1x1x1"}, {"num_kpts": 1}, {"X_bnds": 200}, {"G_bnds": 200}, {"X_cutoff": 4}, {"gamma_gap": 8}, {"num_gw_calc": 1}, {"wall_time": 16}, {"num_cores": 8}, {"z-factor": "None"}], [{"kppa": 10}, {"kpt_grid": "2x2x2"}, {"num_kpts": 1}, {"X_bnds": 200}, {"G_bnds": 200}, {"X_cutoff": 4}, {"gamma_gap": 1.3929040000000001}, {"num_gw_calc": 2}, {"wall_time": 74}, {"num_cores": 8}, {"z-factor": {"@module": "numpy", "@class": "array", "dtype": "float64", "data": [[42.0, 0.76, -0.236842], [43.0, 0.79, -0.209702]]}}], [{"kppa": 130}, {"kpt_grid": "4x4x2"}, {"num_kpts": 1}, {"X_bnds": 200}, {"G_bnds": 200}, {"X_cutoff": 4}, {"gamma_gap": 1.3256700000000001}, {"num_gw_calc": 3}, {"wall_time": 306}, {"num_cores": 8}, {"z-factor": {"@module": "numpy", "@class": "array", "dtype": "float64", "data": [[42.0, 0.76, -0.237418], [43.0, 0.78, -0.216679]]}}], [{"kppa": 570}, {"kpt_grid": "6x6x2"}, {"num_kpts": 1}, {"X_bnds": 200}, {"G_bnds": 200}, {"X_cutoff": 4}, {"gamma_gap": 1.331535}, {"num_gw_calc": 4}, {"wall_time": 301}, {"num_cores": 32}, {"z-factor": {"@module": "numpy", "@class": "array", "dtype": "float64", "data": [[42.0, 0.76, -0.229563], [43.0, 0.79, -0.216059]]}}]], "conv_time": 1046.7446110248566}, "gw_band_range_pbe": [1, 47], "gw_conv_lda": {"gw_conv_thr": 0.025, "gw_bnd_start": 200, "gw_bnd_step": 100, "gw_cut_start": 4, "gw_cut_step": 4, "kpt_bnd_idx": {"@module": "numpy", "@class": "array", "dtype": "int64", "data": [1, 1, 42, 43]}, "gw_bands": 200, "gw_cutoff": 4, "w_conv_grid": [[200, 4, 1.0416189999999999], [300, 4, 1.0283660000000001], [300, 8, 1.1230499999999999], [300, 8, 1.1230499999999999], [300, 12, 1.133717], [300, 12, 1.133717], [400, 12, 1.141817], [400, 16, 1.1456499999999998], [400, 16, 1.1456499999999998]], "pwcutoff": 86, "w_conv_time": [15.03176999092102, 15.504183530807495, 19.474105834960938, 19.476265907287598, 30.67401432991028, 30.676085472106934, 34.18014597892761, 58.989625215530396, 58.99125075340271], "w_ngw": 6, "w_z_factor": [{"@module": "numpy", "@class": "array", "dtype": "float64", "data": [[43.0, 0.81, -0.153127]]}, {"@module": "numpy", "@class": "array", "dtype": "float64", "data": [[42.0, 0.76, -0.752749], [43.0, 0.81, -0.138916]]}, {"@module": "numpy", "@class": "array", "dtype": "float64", "data": [[42.0, 0.77, -0.35873], [43.0, 0.81, -0.141291]]}, {"@module": "numpy", "@class": "array", "dtype": "float64", "data": [[42.0, 0.77, -0.329334], [43.0, 0.81, -0.134931]]}, {"@module": "numpy", "@class": "array", "dtype": "float64", "data": [[42.0, 0.77, -0.331274], [43.0, 0.81, -0.140326]]}, {"@module": "numpy", "@class": "array", "dtype": "float64", "data": [[42.0, 0.77, -0.317859], [43.0, 0.81, -0.140272]]}], "gw_kppa": 570, "gw_kpt_grid": {"@module": "numpy", "@class": "array", "dtype": "int64", "data": [6, 6, 2]}, "conv_list": [[{"kppa": 0}, {"kpt_grid": "1x1x1"}, {"num_kpts": 1}, {"X_bnds": 400.0}, {"G_bnds": 400.0}, {"X_cutoff": 16.0}, {"gamma_gap": 1.1456499999999998}, {"num_gw_calc": 6}, {"wall_time": 331}, {"num_cores": 8}, {"z-factor": "None"}], [{"kppa": 0}, {"kpt_grid": "1x1x1"}, {"num_kpts": 1}, {"X_bnds": 200}, {"G_bnds": 200}, {"X_cutoff": 4}, {"gamma_gap": 8}, {"num_gw_calc": 1}, {"wall_time": 16}, {"num_cores": 8}, {"z-factor": "None"}], [{"kppa": 10}, {"kpt_grid": "2x2x2"}, {"num_kpts": 1}, {"X_bnds": 200}, {"G_bnds": 200}, {"X_cutoff": 4}, {"gamma_gap": 1.1665429999999999}, {"num_gw_calc": 2}, {"wall_time": 60}, {"num_cores": 8}, {"z-factor": {"@module": "numpy", "@class": "array", "dtype": "float64", "data": [[42.0, 0.76, -0.255198], [43.0, 0.78, -0.213981]]}}], [{"kppa": 130}, {"kpt_grid": "4x4x2"}, {"num_kpts": 1}, {"X_bnds": 200}, {"G_bnds": 200}, {"X_cutoff": 4}, {"gamma_gap": 1.069724}, {"num_gw_calc": 3}, {"wall_time": 208}, {"num_cores": 8}, {"z-factor": {"@module": "numpy", "@class": "array", "dtype": "float64", "data": [[42.0, 0.76, -0.247512], [43.0, 0.78, -0.229216]]}}], [{"kppa": 570}, {"kpt_grid": "6x6x2"}, {"num_kpts": 1}, {"X_bnds": 200}, {"G_bnds": 200}, {"X_cutoff": 4}, {"gamma_gap": 1.064841}, {"num_gw_calc": 4}, {"wall_time": 212}, {"num_cores": 32}, {"z-factor": {"@module": "numpy", "@class": "array", "dtype": "float64", "data": [[42.0, 0.76, -0.245216], [43.0, 0.78, -0.228292]]}}]], "conv_time": 807.8477392196655}, "gw_band_range_lda": [1, 47], "g0w0_ppa_pbe": {"gw_direct_gap": 1.4164750000000002, "kppa": 680, "kpt_grid": "6x6x4", "num_kpt": 24, "bands_in X": 500, "bands_in_G": 500, "cutoff": 20,