{"@module": "pymatgen.entries.computed_entries", "@class": "ComputedEntry", "energy": 0.0, "composition": {"Li": 1.0, "Cl": 1.0}, "entry_id": "26909", "correction": 0.0, "energy_adjustments": [], "parameters": {"id": "26909", "name": "LiCl", "ibrav": {"celldm(1)": 9.693387997490978, "ibrav": 2}, "vol": 227.70197549332678, "lda_pw_cutoff_Ry": 66, "qe_conv_pbe": {"qe_conv_maxiter": 20, "qe_delta_kppa": 1500, "qe_delta_cutoff": 5, "qe_conv_thresh": 7.349865078089427e-05, "qe_conv_steps": [[60, 1500, -22.35204589787677], [65, 1500, -22.35207995319928], [65, 3000, -22.35208002146356]], "qe_conv_time": 7.257344007492065}, "num_elec_pbe": 10.0, "max_mem": 24676.0, "qe_conv_lda": {"qe_conv_maxiter": 20, "qe_delta_kppa": 1500, "qe_delta_cutoff": 5, "qe_conv_thresh": 7.349865078089427e-05, "qe_conv_steps": [[66, 1500, -23.65218212382021], [71, 1500, -23.65225872462108], [76, 1500, -23.65227246231997], [76, 3000, -23.65227246375246]], "qe_conv_time": 10.631978034973145}, "num_elec_lda": 10.0, "bg_conv_pbe": {"bg_conv_maxiter": 20, "bg_delta_kppa": 1500, "bg_delta_cutoff": 5, "bg_conv_thresh": 0.025, "bg_conv_steps": [[65, 3000, 6.33766801888768], [65, 4500, 6.337200220362491]], "bg_conv_time": 5.424933910369873}, "indirect_gap_pbe": 6.33765831808457, "bg_conv_lda": {"bg_conv_maxiter": 20, "bg_delta_kppa": 1500, "bg_delta_cutoff": 5, "bg_conv_thresh": 0.025, "bg_conv_steps": [[76, 3000, 5.980436169020825], [76, 4500, 5.980371446262202]], "bg_conv_time": 5.685292959213257}, "indirect_gap_lda": 5.980445321649313, "gw_conv_pbe": {"gw_conv_thr": 0.025, "gw_bnd_start": 200, "gw_bnd_step": 100, "gw_cut_start": 4, "gw_cut_step": 4, "kpt_bnd_idx": {"@module": "numpy", "@class": "array", "dtype": "int64", "data": [1, 1, 5, 6]}, "gw_bands": 200, "gw_cutoff": 4, "w_conv_grid": [[200, 4, 6.930971], [300, 4, 6.9307099999999995], [300, 8, 7.182977999999999], [300, 8, 7.182977999999999], [300, 12, 7.254789000000001], [300, 12, 7.254789000000001], [300, 16, 7.2939430000000005], [300, 16, 7.2939430000000005], [300, 20, 7.305088], [300, 20, 7.305088], [400, 20, 7.3097449999999995], [400, 24, 7.325311], [400, 24, 7.325311]], "pwcutoff": 65, "w_conv_time": [25.605655670166016, 30.268081188201904, 26.029613971710205, 26.031458139419556, 32.268898248672485, 32.27254343032837, 26.153606414794922, 26.15562081336975, 33.035314321517944, 33.03831100463867, 20.424610376358032, 21.06772494316101, 21.070286512374878], "w_ngw": 8, "w_z_factor": [{"@module": "numpy", "@class": "array", "dtype": "float64", "data": [[5.0, 0.79, -0.116443], [6.0, 0.81, -0.124947]]}, {"@module": "numpy", "@class": "array", "dtype": "float64", "data": [[5.0, 0.79, -0.116866], [6.0, 0.81, -0.125341]]}, {"@module": "numpy", "@class": "array", "dtype": "float64", "data": [[5.0, 0.79, -0.129259], [6.0, 0.81, -0.125849]]}, {"@module": "numpy", "@class": "array", "dtype": "float64", "data": [[5.0, 0.78, -0.101268], [6.0, 0.81, -0.12395]]}, {"@module": "numpy", "@class": "array", "dtype": "float64", "data": [[5.0, 0.78, -0.136253], [6.0, 0.81, -0.124639]]}, {"@module": "numpy", "@class": "array", "dtype": "float64", "data": [[5.0, 0.78, -0.136296], [6.0, 0.81, -0.124859]]}, {"@module": "numpy", "@class": "array", "dtype": "float64", "data": [[5.0, 0.78, -0.126013], [6.0, 0.81, -0.126266]]}, {"@module": "numpy", "@class": "array", "dtype": "float64", "data": [[5.0, 0.78, -0.11913], [6.0, 0.81, -0.124533]]}], "gw_kppa": 260, "gw_kpt_grid": {"@module": "numpy", "@class": "array", "dtype": "int64", "data": [6, 6, 6]}, "conv_list": [[{"kppa": 0}, {"kpt_grid": "1x1x1"}, {"num_kpts": 1}, {"X_bnds": 400.0}, {"G_bnds": 400.0}, {"X_cutoff": 24.0}, {"gamma_gap": 7.325311}, {"num_gw_calc": 8}, {"wall_time": 293}, {"num_cores": 8}, {"z-factor": "None"}], [{"kppa": 0}, {"kpt_grid": "1x1x1"}, {"num_kpts": 1}, {"X_bnds": 200}, {"G_bnds": 200}, {"X_cutoff": 4}, {"gamma_gap": 8}, {"num_gw_calc": 1}, {"wall_time": 26}, {"num_cores": 8}, {"z-factor": "None"}], [{"kppa": 10}, {"kpt_grid": "2x2x2"}, {"num_kpts": 1}, {"X_bnds": 200}, {"G_bnds": 200}, {"X_cutoff": 4}, {"gamma_gap": 8.533795}, {"num_gw_calc": 2}, {"wall_time": 18}, {"num_cores": 8}, {"z-factor": {"@module": "numpy", "@class": "array", "dtype": "float64", "data": [[5.0, 0.82, -0.112957], [6.0, 0.85, -0.105746]]}}], [{"kppa": 60}, {"kpt_grid": "4x4x4"}, {"num_kpts": 1}, {"X_bnds": 200}, {"G_bnds": 200}, {"X_cutoff": 4}, {"gamma_gap": 8.671800000000001}, {"num_gw_calc": 3}, {"wall_time": 32}, {"num_cores": 8}, {"z-factor": {"@module": "numpy", "@class": "array", "dtype": "float64", "data": [[5.0, 0.82, -0.112005], [6.0, 0.85, -0.972713]]}}], [{"kppa": 260}, {"kpt_grid": "6x6x6"}, {"num_kpts": 1}, {"X_bnds": 200}, {"G_bnds": 200}, {"X_cutoff": 4}, {"gamma_gap": 8.672260000000001}, {"num_gw_calc": 4}, {"wall_time": 97}, {"num_cores": 32}, {"z-factor": {"@module": "numpy", "@class": "array", "dtype": "float64", "data": [[5.0, 0.82, -0.113001], [6.0, 0.86, -0.966301]]}}]], "conv_time": 438.43409180641174}, "gw_band_range_pbe": [1, 8], "gw_conv_lda": {"gw_conv_thr": 0.025, "gw_bnd_start": 200, "gw_bnd_step": 100, "gw_cut_start": 4, "gw_cut_step": 4, "kpt_bnd_idx": {"@module": "numpy", "@class": "array", "dtype": "int64", "data": [1, 1, 5, 6]}, "gw_bands": 200, "gw_cutoff": 4, "w_conv_grid": [[200, 4, 7.008330999999999], [300, 4, 7.008293999999999], [300, 8, 7.263346], [300, 8, 7.263346], [300, 12, 7.329961999999999], [300, 12, 7.329961999999999], [300, 16, 7.367369999999999], [300, 16, 7.367369999999999], [300, 20, 7.378239], [300, 20, 7.378239], [400, 20, 7.382384999999999], [400, 24, 7.398269], [400, 24, 7.398269]], "pwcutoff": 76, "w_conv_time": [10.592569828033447, 10.238698720932007, 10.035301923751831, 10.037193059921265, 10.083276510238647, 10.085264682769775, 10.696743488311768, 10.699225187301636, 11.274831295013428, 11.276477813720703, 11.183250665664673, 13.3302001953125, 13.333734035491943], "w_ngw": 8, "w_z_factor": [{"@module": "numpy", "@class": "array", "dtype": "float64", "data": [[5.0, 0.78, -0.116681], [6.0, 0.81, -0.130803]]}, {"@module": "numpy", "@class": "array", "dtype": "float64", "data": [[5.0, 0.78, -0.116379], [6.0, 0.81, -0.130784]]}, {"@module": "numpy", "@class": "array", "dtype": "float64", "data": [[5.0, 0.78, -0.104724], [6.0, 0.81, -0.129026]]}, {"@module": "numpy", "@class": "array", "dtype": "float64", "data": [[5.0, 0.78, -0.118006], [6.0, 0.81, -0.129952]]}, {"@module": "numpy", "@class": "array", "dtype": "float64", "data": [[5.0, 0.78, -0.120543], [6.0, 0.81, -0.129996]]}, {"@module": "numpy", "@class": "array", "dtype": "float64", "data": [[5.0, 0.78, -0.120608], [6.0, 0.81, -0.129982]]}, {"@module": "numpy", "@class": "array", "dtype": "float64", "data": [[5.0, 0.78, -0.130995], [6.0, 0.81, -0.13081]]}, {"@module": "numpy", "@class": "array", "dtype": "float64", "data": [[5.0, 0.78, -0.146436], [6.0, 0.81, -0.131846]]}], "gw_kppa": 260, "gw_kpt_grid": {"@module": "numpy", "@class": "array", "dtype": "int64", "data": [6, 6, 6]}, "conv_list": [[{"kppa": 0}, {"kpt_grid": "1x1x1"}, {"num_kpts": 1}, {"X_bnds": 400.0}, {"G_bnds": 400.0}, {"X_cutoff": 24.0}, {"gamma_gap": 7.398269}, {"num_gw_calc": 8}, {"wall_time": 166}, {"num_cores": 8}, {"z-factor": "None"}], [{"kppa": 0}, {"kpt_grid": "1x1x1"}, {"num_kpts": 1}, {"X_bnds": 200}, {"G_bnds": 200}, {"X_cutoff": 4}, {"gamma_gap": 8}, {"num_gw_calc": 1}, {"wall_time": 11}, {"num_cores": 8}, {"z-factor": "None"}], [{"kppa": 10}, {"kpt_grid": "2x2x2"}, {"num_kpts": 1}, {"X_bnds": 200}, {"G_bnds": 200}, {"X_cutoff": 4}, {"gamma_gap": 8.684287000000001}, {"num_gw_calc": 2}, {"wall_time": 18}, {"num_cores": 8}, {"z-factor": {"@module": "numpy", "@class": "array", "dtype": "float64", "data": [[5.0, 0.81, -0.115139], [6.0, 0.84, -0.111931]]}}], [{"kppa": 60}, {"kpt_grid": "4x4x4"}, {"num_kpts": 1}, {"X_bnds": 200}, {"G_bnds": 200}, {"X_cutoff": 4}, {"gamma_gap": 8.774243}, {"num_gw_calc": 3}, {"wall_time": 37}, {"num_cores": 8}, {"z-factor": {"@module": "numpy", "@class": "array", "dtype": "float64",