{"@module": "pymatgen.entries.computed_entries", "@class": "ComputedEntry", "energy": 0.0, "composition": {"Bi": 4.0, "Se": 4.0, "I": 4.0}, "entry_id": "280311", "correction": 0.0, "energy_adjustments": [], "parameters": {"id": "280311", "name": "BiSeI", "ibrav": {"celldm(1)": 7.975589147407686, "ibrav": 8, "celldm(2)": 2.0605852387157917, "celldm(3)": 2.5053903565928195}, "vol": 2619.113427307445, "lda_pw_cutoff_Ry": 78, "qe_conv_pbe": {"qe_conv_maxiter": 20, "qe_delta_kppa": 1500, "qe_delta_cutoff": 5, "qe_conv_thresh": 0.00044099190468536564, "qe_conv_steps": [[60, 1500, -707.1710613712556], [65, 1500, -707.1712882293856], [65, 3000, -707.1712957031552]], "qe_conv_time": 416.00037813186646}, "num_elec_pbe": 152.0, "max_mem": 73271.0, "qe_conv_lda": {"qe_conv_maxiter": 20, "qe_delta_kppa": 1500, "qe_delta_cutoff": 5, "qe_conv_thresh": 0.00044099190468536564, "qe_conv_steps": [[78, 1500, -864.5786114587713], [83, 1500, -864.5791609516051], [88, 1500, -864.5792329939269], [88, 3000, -864.5792413560384]], "qe_conv_time": 564.8236963748932}, "num_elec_lda": 152.0, "bg_conv_pbe": {"bg_conv_maxiter": 20, "bg_delta_kppa": 1500, "bg_delta_cutoff": 5, "bg_conv_thresh": 0.025, "bg_conv_steps": [[65, 3000, 1.5311030027453274], [65, 4500, 1.5311123260775448]], "bg_conv_time": 393.25384855270386}, "indirect_gap_pbe": 1.5311030158278616, "bg_conv_lda": {"bg_conv_maxiter": 20, "bg_delta_kppa": 1500, "bg_delta_cutoff": 5, "bg_conv_thresh": 0.025, "bg_conv_steps": [[88, 3000, 1.4001365030069395], [88, 4500, 1.4001504409136685]], "bg_conv_time": 388.09886860847473}, "indirect_gap_lda": 1.4001367852226803, "gw_conv_pbe": {"gw_conv_thr": 0.025, "gw_bnd_start": 200, "gw_bnd_step": 100, "gw_cut_start": 4, "gw_cut_step": 4, "kpt_bnd_idx": {"@module": "numpy", "@class": "array", "dtype": "int64", "data": [1, 1, 76, 77]}, "gw_bands": 200, "gw_cutoff": 4, "w_conv_grid": [[200, 4, 2.223535], [300, 4, 2.22308], [300, 8, 2.288922], [300, 8, 2.288922], [300, 12, 2.298059], [300, 12, 2.298059], [400, 12, 2.3217369999999997], [400, 16, 2.324483], [400, 16, 2.324483], [500, 16, 2.344477], [500, 20, 2.345062], [500, 20, 2.345062]], "pwcutoff": 65, "w_conv_time": [16.320655822753906, 18.912652730941772, 35.25159955024719, 35.253684282302856, 85.30014300346375, 85.30211138725281, 95.94647455215454, 207.7072114944458, 207.70805954933167, 235.29921650886536, 447.81978392601013, 447.8213257789612], "w_ngw": 8, "w_z_factor": [{"@module": "numpy", "@class": "array", "dtype": "float64", "data": [[76.0, 0.78, -0.178754], [77.0, 0.8, -0.16662]]}, {"@module": "numpy", "@class": "array", "dtype": "float64", "data": [[76.0, 0.78, -0.174552], [77.0, 0.8, -0.162106]]}, {"@module": "numpy", "@class": "array", "dtype": "float64", "data": [[76.0, 0.78, -0.169587], [77.0, 0.79, -0.15284]]}, {"@module": "numpy", "@class": "array", "dtype": "float64", "data": [[76.0, 0.78, -0.169839], [77.0, 0.79, -0.150978]]}, {"@module": "numpy", "@class": "array", "dtype": "float64", "data": [[76.0, 0.78, -0.166231], [77.0, 0.79, -0.153422]]}, {"@module": "numpy", "@class": "array", "dtype": "float64", "data": [[76.0, 0.78, -0.166441], [77.0, 0.79, -0.157276]]}, {"@module": "numpy", "@class": "array", "dtype": "float64", "data": [[76.0, 0.78, -0.164085], [77.0, 0.79, -0.147363]]}, {"@module": "numpy", "@class": "array", "dtype": "float64", "data": [[76.0, 0.78, -0.163008], [77.0, 0.79, -0.146962]]}], "gw_kppa": 70, "gw_kpt_grid": {"@module": "numpy", "@class": "array", "dtype": "int64", "data": [4, 2, 2]}, "conv_list": [[{"kppa": 0}, {"kpt_grid": "1x1x1"}, {"num_kpts": 1}, {"X_bnds": 500.0}, {"G_bnds": 500.0}, {"X_cutoff": 20.0}, {"gamma_gap": 2.345062}, {"num_gw_calc": 8}, {"wall_time": 1762}, {"num_cores": 8}, {"z-factor": "None"}], [{"kppa": 0}, {"kpt_grid": "1x1x1"}, {"num_kpts": 1}, {"X_bnds": 200}, {"G_bnds": 200}, {"X_cutoff": 4}, {"gamma_gap": 8}, {"num_gw_calc": 1}, {"wall_time": 17}, {"num_cores": 8}, {"z-factor": "None"}], [{"kppa": 10}, {"kpt_grid": "2x2x2"}, {"num_kpts": 1}, {"X_bnds": 200}, {"G_bnds": 200}, {"X_cutoff": 4}, {"gamma_gap": 2.271989}, {"num_gw_calc": 2}, {"wall_time": 152}, {"num_cores": 8}, {"z-factor": {"@module": "numpy", "@class": "array", "dtype": "float64", "data": [[76.0, 0.79, -0.165088], [77.0, 0.81, -0.153104]]}}], [{"kppa": 70}, {"kpt_grid": "4x2x2"}, {"num_kpts": 1}, {"X_bnds": 200}, {"G_bnds": 200}, {"X_cutoff": 4}, {"gamma_gap": 2.2720010000000004}, {"num_gw_calc": 3}, {"wall_time": 322}, {"num_cores": 8}, {"z-factor": {"@module": "numpy", "@class": "array", "dtype": "float64", "data": [[76.0, 0.79, -0.165123], [77.0, 0.81, -0.149881]]}}]], "conv_time": 2235.0564363002777}, "gw_band_range_pbe": [1, 89], "gw_conv_lda": {"gw_conv_thr": 0.025, "gw_bnd_start": 200, "gw_bnd_step": 100, "gw_cut_start": 4, "gw_cut_step": 4, "kpt_bnd_idx": {"@module": "numpy", "@class": "array", "dtype": "int64", "data": [1, 1, 76, 77]}, "gw_bands": 200, "gw_cutoff": 4, "w_conv_grid": [[200, 4, 2.718025], [300, 4, 2.6776050000000002], [400, 4, 2.6699599999999997], [400, 8, 2.709646], [400, 8, 2.709646], [400, 12, 2.719749], [400, 12, 2.719749]], "pwcutoff": 88, "w_conv_time": [18.14263343811035, 21.177005767822266, 22.484501361846924, 48.91070008277893, 48.912273645401, 115.09701013565063, 115.09846472740173], "w_ngw": 5, "w_z_factor": [{"@module": "numpy", "@class": "array", "dtype": "float64", "data": [[76.0, 0.78, -0.172729], [77.0, 0.79, -0.160886]]}, {"@module": "numpy", "@class": "array", "dtype": "float64", "data": [[76.0, 0.78, -0.177579], [77.0, 0.79, -0.157526]]}, {"@module": "numpy", "@class": "array", "dtype": "float64", "data": [[76.0, 0.78, -0.169317], [77.0, 0.79, -0.157506]]}, {"@module": "numpy", "@class": "array", "dtype": "float64", "data": [[76.0, 0.78, -0.170721], [77.0, 0.79, -0.157823]]}, {"@module": "numpy", "@class": "array", "dtype": "float64", "data": [[76.0, 0.78, -0.17043], [77.0, 0.79, -0.154578]]}], "gw_kppa": 10, "gw_kpt_grid": {"@module": "numpy", "@class": "array", "dtype": "int64", "data": [2, 2, 2]}, "conv_list": [[{"kppa": 0}, {"kpt_grid": "1x1x1"}, {"num_kpts": 1}, {"X_bnds": 400.0}, {"G_bnds": 400.0}, {"X_cutoff": 12.0}, {"gamma_gap": 2.719749}, {"num_gw_calc": 5}, {"wall_time": 953}, {"num_cores": 8}, {"z-factor": "None"}], [{"kppa": 0}, {"kpt_grid": "1x1x1"}, {"num_kpts": 1}, {"X_bnds": 200}, {"G_bnds": 200}, {"X_cutoff": 4}, {"gamma_gap": 4}, {"num_gw_calc": 1}, {"wall_time": 19}, {"num_cores": 8}, {"z-factor": "None"}], [{"kppa": 10}, {"kpt_grid": "2x2x2"}, {"num_kpts": 1}, {"X_bnds": 200}, {"G_bnds": 200}, {"X_cutoff": 4}, {"gamma_gap": 2.739231}, {"num_gw_calc": 2}, {"wall_time": 225}, {"num_cores": 8}, {"z-factor": {"@module": "numpy", "@class": "array", "dtype": "float64", "data": [[76.0, 0.79, -0.168874], [77.0, 0.8, -0.153505]]}}]], "conv_time": 1177.5149412155151}, "gw_band_range_lda": [1, 89], "g0w0_ppa_pbe": {"gw_direct_gap": 2.414713, "kppa": 300, "kpt_grid": "6x2x2", "num_kpt": 16, "bands_in X": 600, "bands_in_G": 600, "cutoff": 24, "z_factor": [[76.0, 0.79, -0.00152534], [77.0, 0.81, -0.00132763]], "scissor": 0.310465, "ncpu": 32, "calc_time": 26866.39497733116}, "g0w0_ppa_lda": {"gw_direct_gap": 2.7611529999999997, "kppa": 70, "kpt_grid": "4x2x2", "num_kpt": 12, "bands_in X": 500, "bands_in_G": 500, "cutoff": 16, "z_factor": [[76.0, 0.78, -0.00157841], [77.0, 0.8, -0.00139974]], "scissor": 0.731012, "ncpu": 32, "calc_time": 4012.976012468338}}, "data": {}}