{"@module": "pymatgen.entries.computed_entries", "@class": "ComputedEntry", "energy": 0.0, "composition": {"K": 1.0, "Ta": 1.0, "O": 3.0}, "entry_id": "280424", "correction": 0.0, "energy_adjustments": [], "parameters": {"id": "280424", "name": "KTaO3", "ibrav": {"celldm(1)": 7.536794739155568, "ibrav": 1}, "vol": 428.1146237358282, "lda_pw_cutoff_Ry": 64, "qe_conv_pbe": {"qe_conv_maxiter": 20, "qe_delta_kppa": 1500, "qe_delta_cutoff": 5, "qe_conv_thresh": 0.00018374662695223566, "qe_conv_steps": [[60, 1500, -324.9119582612085], [65, 1500, -324.928341931491], [70, 1500, -324.9361230574134], [75, 1500, -324.9393635116272], [80, 1500, -324.940476534978], [85, 1500, -324.9407591254158], [90, 1500, -324.9407960873537], [90, 3000, -324.9408310712604]], "qe_conv_time": 48.39063286781311}, "num_elec_pbe": 54.0, "max_mem": 33422.0, "qe_conv_lda": {"qe_conv_maxiter": 20, "qe_delta_kppa": 1500, "qe_delta_cutoff": 5, "qe_conv_thresh": 0.00018374662695223566, "qe_conv_steps": [[64, 1500, -144.8674000914757], [69, 1500, -144.8716666912726], [74, 1500, -144.8732639811452], [79, 1500, -144.8737660519999], [84, 1500, -144.8738876140231], [84, 3000, -144.8739242849105]], "qe_conv_time": 31.195051670074463}, "num_elec_lda": 40.0, "bg_conv_pbe": {"bg_conv_maxiter": 20, "bg_delta_kppa": 1500, "bg_delta_cutoff": 5, "bg_conv_thresh": 0.025, "bg_conv_steps": [[90, 3000, 2.200073997201271], [90, 4500, 2.2000637708579784]], "bg_conv_time": 17.819063425064087}, "indirect_gap_pbe": 2.2000738921987395, "bg_conv_lda": {"bg_conv_maxiter": 20, "bg_delta_kppa": 1500, "bg_delta_cutoff": 5, "bg_conv_thresh": 0.025, "bg_conv_steps": [[84, 3000, 2.0870628608446524], [84, 4500, 2.0871973065515896]], "bg_conv_time": 13.636899709701538}, "indirect_gap_lda": 2.087062962942967, "gw_conv_pbe": {"gw_conv_thr": 0.025, "gw_bnd_start": 200, "gw_bnd_step": 100, "gw_cut_start": 4, "gw_cut_step": 4, "kpt_bnd_idx": {"@module": "numpy", "@class": "array", "dtype": "int64", "data": [1, 1, 27, 28]}, "gw_bands": 200, "gw_cutoff": 4, "w_conv_grid": [[200, 4, 3.224001], [300, 4, 3.218713], [300, 8, 3.509924], [300, 8, 3.509924], [300, 12, 3.6424059999999994], [300, 12, 3.6424059999999994], [300, 16, 3.710037], [300, 16, 3.710037], [300, 20, 3.7723899999999997], [300, 20, 3.7723899999999997], [300, 24, 3.798129], [300, 24, 3.798129], [300, 28, 3.816792], [300, 28, 3.816792], [400, 28, 3.7893269999999997], [500, 28, 3.783778], [500, 32, 3.794485], [500, 32, 3.794485]], "pwcutoff": 90, "w_conv_time": [12.614436626434326, 11.962086915969849, 12.304743766784668, 12.305831670761108, 12.576436996459961, 12.578338861465454, 13.249380826950073, 13.251827001571655, 16.5306613445282, 16.532671451568604, 17.284974098205566, 17.286468744277954, 19.830674648284912, 19.83283758163452, 23.444289207458496, 26.50618839263916, 32.42801523208618, 32.4295380115509], "w_ngw": 11, "w_z_factor": [{"@module": "numpy", "@class": "array", "dtype": "float64", "data": [[27.0, 0.81, -0.902894], [28.0, 0.83, -0.796759]]}, {"@module": "numpy", "@class": "array", "dtype": "float64", "data": [[27.0, 0.81, -0.901147], [28.0, 0.83, -0.791016]]}, {"@module": "numpy", "@class": "array", "dtype": "float64", "data": [[27.0, 0.8, -0.914284], [28.0, 0.83, -0.794485]]}, {"@module": "numpy", "@class": "array", "dtype": "float64", "data": [[27.0, 0.8, -0.904731], [28.0, 0.83, -0.81522]]}, {"@module": "numpy", "@class": "array", "dtype": "float64", "data": [[27.0, 0.8, -0.910478], [28.0, 0.83, -0.790498]]}, {"@module": "numpy", "@class": "array", "dtype": "float64", "data": [[27.0, 0.8, -0.903783], [28.0, 0.83, -0.797041]]}, {"@module": "numpy", "@class": "array", "dtype": "float64", "data": [[27.0, 0.8, -0.908037], [28.0, 0.83, -0.799056]]}, {"@module": "numpy", "@class": "array", "dtype": "float64", "data": [[27.0, 0.8, -0.897059], [28.0, 0.83, -0.802036]]}, {"@module": "numpy", "@class": "array", "dtype": "float64", "data": [[27.0, 0.8, -0.915673], [28.0, 0.83, -0.800084]]}, {"@module": "numpy", "@class": "array", "dtype": "float64", "data": [[27.0, 0.8, -0.908905], [28.0, 0.83, -0.796254]]}, {"@module": "numpy", "@class": "array", "dtype": "float64", "data": [[27.0, 0.8, -0.908357], [28.0, 0.83, -0.796517]]}], "gw_kppa": 140, "gw_kpt_grid": {"@module": "numpy", "@class": "array", "dtype": "int64", "data": [4, 4, 4]}, "conv_list": [[{"kppa": 0}, {"kpt_grid": "1x1x1"}, {"num_kpts": 1}, {"X_bnds": 500.0}, {"G_bnds": 500.0}, {"X_cutoff": 32.0}, {"gamma_gap": 3.794485}, {"num_gw_calc": 11}, {"wall_time": 294}, {"num_cores": 8}, {"z-factor": "None"}], [{"kppa": 0}, {"kpt_grid": "1x1x1"}, {"num_kpts": 1}, {"X_bnds": 200}, {"G_bnds": 200}, {"X_cutoff": 4}, {"gamma_gap": 8}, {"num_gw_calc": 1}, {"wall_time": 13}, {"num_cores": 8}, {"z-factor": "None"}], [{"kppa": 10}, {"kpt_grid": "2x2x2"}, {"num_kpts": 1}, {"X_bnds": 200}, {"G_bnds": 200}, {"X_cutoff": 4}, {"gamma_gap": 2.38768}, {"num_gw_calc": 2}, {"wall_time": 27}, {"num_cores": 8}, {"z-factor": {"@module": "numpy", "@class": "array", "dtype": "float64", "data": [[27.0, 0.79, -0.116918], [28.0, 0.82, -0.952678]]}}], [{"kppa": 140}, {"kpt_grid": "4x4x4"}, {"num_kpts": 1}, {"X_bnds": 200}, {"G_bnds": 200}, {"X_cutoff": 4}, {"gamma_gap": 2.403873}, {"num_gw_calc": 3}, {"wall_time": 106}, {"num_cores": 8}, {"z-factor": {"@module": "numpy", "@class": "array", "dtype": "float64", "data": [[27.0, 0.79, -0.546894], [28.0, 0.83, -0.910877]]}}]], "conv_time": 425.9814386367798}, "gw_band_range_pbe": [1, 31], "gw_conv_lda": {"gw_conv_thr": 0.025, "gw_bnd_start": 200, "gw_bnd_step": 100, "gw_cut_start": 4, "gw_cut_step": 4, "kpt_bnd_idx": {"@module": "numpy", "@class": "array", "dtype": "int64", "data": [1, 1, 20, 21]}, "gw_bands": 200, "gw_cutoff": 4, "w_conv_grid": [[200, 4, 4.87899], [300, 4, 4.8589459999999995], [300, 8, 4.9102809999999995], [300, 8, 4.9102809999999995], [300, 12, 4.977928], [300, 12, 4.977928], [300, 16, 5.0076149999999995], [300, 16, 5.0076149999999995], [300, 20, 5.027405], [300, 20, 5.027405], [400, 20, 5.034447999999999], [400, 24, 5.048596], [400, 24, 5.048596]], "pwcutoff": 84, "w_conv_time": [12.020636320114136, 13.282309532165527, 12.004407405853271, 12.005888938903809, 12.089462280273438, 12.090728044509888, 13.364941358566284, 13.366163492202759, 15.299481868743896, 15.301109790802002, 17.369580030441284, 18.951990842819214, 18.953283071517944], "w_ngw": 8, "w_z_factor": [{"@module": "numpy", "@class": "array", "dtype": "float64", "data": [[20.0, 0.81, -0.986369], [21.0, 0.84, -0.813886]]}, {"@module": "numpy", "@class": "array", "dtype": "float64", "data": [[20.0, 0.81, -0.946402], [21.0, 0.84, -0.806471]]}, {"@module": "numpy", "@class": "array", "dtype": "float64", "data": [[20.0, 0.8, -0.905046], [21.0, 0.84, -0.77577]]}, {"@module": "numpy", "@class": "array", "dtype": "float64", "data": [[20.0, 0.8, -0.905571], [21.0, 0.84, -0.787897]]}, {"@module": "numpy", "@class": "array", "dtype": "float64", "data": [[20.0, 0.79, -0.899869], [21.0, 0.84, -0.779184]]}, {"@module": "numpy", "@class": "array", "dtype": "float64", "data": [[20.0, 0.79, -0.9086], [21.0, 0.84, -0.776343]]}, {"@module": "numpy", "@class": "array", "dtype": "float64", "data": [[20.0, 0.79, -0.901443], [21.0, 0.84, -0.77542]]}, {"@module": "numpy", "@class": "array", "dtype": "float64", "data": [[20.0, 0.79, -0.90767], [21.0, 0.84, -0.707201]]}], "gw_kppa": 140, "gw_kpt_grid": {"@module": "numpy", "@class": "array", "dtype": "int64", "data": [4, 4, 4]},