{"@module": "pymatgen.entries.computed_entries", "@class": "ComputedEntry", "energy": 0.0, "composition": {"Cs": 2.0, "Y": 2.0, "Zn": 2.0, "Se": 6.0}, "entry_id": "280847", "correction": 0.0, "energy_adjustments": [], "parameters": {"id": "280847", "name": "CsYZnSe3", "ibrav": {"celldm(1)": 7.825166947162774, "ibrav": 9, "celldm(2)": 3.819097297688908, "celldm(3)": 2.639136419618923}, "vol": 2414.7568273051425, "lda_pw_cutoff_Ry": 78, "qe_conv_pbe": {"qe_conv_maxiter": 20, "qe_delta_kppa": 1500, "qe_delta_cutoff": 5, "qe_conv_thresh": 0.00044099190468536564, "qe_conv_steps": [[60, 1500, -575.265435446974], [65, 1500, -575.2681967473972], [70, 1500, -575.2683598292735], [70, 3000, -575.2683603946767]], "qe_conv_time": 403.61800503730774}, "num_elec_pbe": 116.0, "max_mem": 227916.0, "qe_conv_lda": {"qe_conv_maxiter": 20, "qe_delta_kppa": 1500, "qe_delta_cutoff": 5, "qe_conv_thresh": 0.00044099190468536564, "qe_conv_steps": [[78, 1500, -1274.084450998907], [83, 1500, -1274.085325012921], [88, 1500, -1274.085400046694], [88, 3000, -1274.085400881257]], "qe_conv_time": 720.0899503231049}, "num_elec_lda": 176.0, "bg_conv_pbe": {"bg_conv_maxiter": 20, "bg_delta_kppa": 1500, "bg_delta_cutoff": 5, "bg_conv_thresh": 0.025, "bg_conv_steps": [[70, 3000, 2.1569265551038237], [70, 4500, 2.157337955302999]], "bg_conv_time": 307.5709025859833}, "indirect_gap_pbe": 2.156927130197267, "bg_conv_lda": {"bg_conv_maxiter": 20, "bg_delta_kppa": 1500, "bg_delta_cutoff": 5, "bg_conv_thresh": 0.025, "bg_conv_steps": [[88, 3000, 1.9584019968593978], [88, 4500, 1.9589707237888736]], "bg_conv_time": 500.4338927268982}, "indirect_gap_lda": 1.9584050071677954, "gw_conv_pbe": {"gw_conv_thr": 0.025, "gw_bnd_start": 200, "gw_bnd_step": 100, "gw_cut_start": 4, "gw_cut_step": 4, "kpt_bnd_idx": {"@module": "numpy", "@class": "array", "dtype": "int64", "data": [1, 1, 58, 59]}, "gw_bands": 200, "gw_cutoff": 4, "w_conv_grid": [[200, 4, 3.015323], [300, 4, 2.976451], [400, 4, 2.960046], [400, 8, 3.109785], [400, 8, 3.109785], [400, 12, 3.130628], [400, 12, 3.130628], [500, 12, 3.139919], [500, 16, 3.143022], [500, 16, 3.143022]], "pwcutoff": 70, "w_conv_time": [15.761415481567383, 17.53727650642395, 19.530383586883545, 36.99574398994446, 36.99727272987366, 80.41175079345703, 80.41367411613464, 90.2532684803009, 178.46340942382812, 178.46671748161316], "w_ngw": 7, "w_z_factor": [{"@module": "numpy", "@class": "array", "dtype": "float64", "data": [[58.0, 0.79, -0.157711], [59.0, 0.81, -0.150568]]}, {"@module": "numpy", "@class": "array", "dtype": "float64", "data": [[58.0, 0.78, -0.159786], [59.0, 0.8, -0.148258]]}, {"@module": "numpy", "@class": "array", "dtype": "float64", "data": [[58.0, 0.78, -0.165506], [59.0, 0.8, -0.143675]]}, {"@module": "numpy", "@class": "array", "dtype": "float64", "data": [[58.0, 0.78, -0.154841], [59.0, 0.8, -0.142906]]}, {"@module": "numpy", "@class": "array", "dtype": "float64", "data": [[58.0, 0.78, -0.157011], [59.0, 0.8, -0.145678]]}, {"@module": "numpy", "@class": "array", "dtype": "float64", "data": [[58.0, 0.78, -0.156331], [59.0, 0.8, -0.145423]]}, {"@module": "numpy", "@class": "array", "dtype": "float64", "data": [[58.0, 0.78, -0.155958], [59.0, 0.8, -0.145346]]}], "gw_kppa": 250, "gw_kpt_grid": {"@module": "numpy", "@class": "array", "dtype": "int64", "data": [4, 4, 2]}, "conv_list": [[{"kppa": 0}, {"kpt_grid": "1x1x1"}, {"num_kpts": 1}, {"X_bnds": 500.0}, {"G_bnds": 500.0}, {"X_cutoff": 16.0}, {"gamma_gap": 3.143022}, {"num_gw_calc": 7}, {"wall_time": 913}, {"num_cores": 8}, {"z-factor": "None"}], [{"kppa": 0}, {"kpt_grid": "1x1x1"}, {"num_kpts": 1}, {"X_bnds": 200}, {"G_bnds": 200}, {"X_cutoff": 4}, {"gamma_gap": 4}, {"num_gw_calc": 1}, {"wall_time": 16}, {"num_cores": 8}, {"z-factor": "None"}], [{"kppa": 10}, {"kpt_grid": "2x2x2"}, {"num_kpts": 1}, {"X_bnds": 200}, {"G_bnds": 200}, {"X_cutoff": 4}, {"gamma_gap": 3.30508}, {"num_gw_calc": 2}, {"wall_time": 164}, {"num_cores": 8}, {"z-factor": {"@module": "numpy", "@class": "array", "dtype": "float64", "data": [[58.0, 0.8, -0.148917], [59.0, 0.82, -0.136202]]}}], [{"kppa": 250}, {"kpt_grid": "4x4x2"}, {"num_kpts": 1}, {"X_bnds": 200}, {"G_bnds": 200}, {"X_cutoff": 4}, {"gamma_gap": 3.2869010000000003}, {"num_gw_calc": 3}, {"wall_time": 1168}, {"num_cores": 8}, {"z-factor": {"@module": "numpy", "@class": "array", "dtype": "float64", "data": [[58.0, 0.8, -0.144359], [59.0, 0.82, -0.133392]]}}]], "conv_time": 2242.9499447345734}, "gw_band_range_pbe": [1, 73], "gw_conv_lda": {"gw_conv_thr": 0.025, "gw_bnd_start": 200, "gw_bnd_step": 100, "gw_cut_start": 4, "gw_cut_step": 4, "kpt_bnd_idx": {"@module": "numpy", "@class": "array", "dtype": "int64", "data": [1, 1, 88, 89]}, "gw_bands": 200, "gw_cutoff": 4, "w_conv_grid": [[200, 4, 3.5797600000000003], [300, 4, 3.482349], [400, 4, 3.451113], [500, 4, 3.435194], [500, 8, 3.5541780000000003], [500, 8, 3.5541780000000003], [500, 12, 3.5768729999999995], [500, 12, 3.5768729999999995]], "pwcutoff": 88, "w_conv_time": [21.64149022102356, 26.18220067024231, 32.09126091003418, 35.07152009010315, 60.54307198524475, 60.544528007507324, 120.83488202095032, 120.83634090423584], "w_ngw": 6, "w_z_factor": [{"@module": "numpy", "@class": "array", "dtype": "float64", "data": [[88.0, 0.79, -0.171957], [89.0, 0.81, -0.154861]]}, {"@module": "numpy", "@class": "array", "dtype": "float64", "data": [[88.0, 0.78, -0.158611], [89.0, 0.8, -0.160931]]}, {"@module": "numpy", "@class": "array", "dtype": "float64", "data": [[88.0, 0.78, -0.160608], [89.0, 0.8, -0.148153]]}, {"@module": "numpy", "@class": "array", "dtype": "float64", "data": [[88.0, 0.78, -0.166696], [89.0, 0.8, -0.151975]]}, {"@module": "numpy", "@class": "array", "dtype": "float64", "data": [[88.0, 0.78, -0.156681], [89.0, 0.8, -0.146639]]}, {"@module": "numpy", "@class": "array", "dtype": "float64", "data": [[88.0, 0.78, -0.156925], [89.0, 0.8, -0.145811]]}], "gw_kppa": 580, "gw_kpt_grid": {"@module": "numpy", "@class": "array", "dtype": "int64", "data": [4, 4, 4]}, "conv_list": [[{"kppa": 0}, {"kpt_grid": "1x1x1"}, {"num_kpts": 1}, {"X_bnds": 500.0}, {"G_bnds": 500.0}, {"X_cutoff": 12.0}, {"gamma_gap": 3.5768729999999995}, {"num_gw_calc": 6}, {"wall_time": 1251}, {"num_cores": 8}, {"z-factor": "None"}], [{"kppa": 0}, {"kpt_grid": "1x1x1"}, {"num_kpts": 1}, {"X_bnds": 200}, {"G_bnds": 200}, {"X_cutoff": 4}, {"gamma_gap": 4}, {"num_gw_calc": 1}, {"wall_time": 22}, {"num_cores": 8}, {"z-factor": "None"}], [{"kppa": 10}, {"kpt_grid": "2x2x2"}, {"num_kpts": 1}, {"X_bnds": 200}, {"G_bnds": 200}, {"X_cutoff": 4}, {"gamma_gap": 3.835978}, {"num_gw_calc": 2}, {"wall_time": 195}, {"num_cores": 8}, {"z-factor": {"@module": "numpy", "@class": "array", "dtype": "float64", "data": [[88.0, 0.8, -0.15281], [89.0, 0.82, -0.141371]]}}], [{"kppa": 250}, {"kpt_grid": "4x4x2"}, {"num_kpts": 1}, {"X_bnds": 200}, {"G_bnds": 200}, {"X_cutoff": 4}, {"gamma_gap": 3.805314}, {"num_gw_calc": 3}, {"wall_time": 1269}, {"num_cores": 8}, {"z-factor": {"@module": "numpy", "@class": "array", "dtype": "float64", "data": [[88.0, 0.8, -0.149628], [89.0, 0.82, -0.136181]]}}], [{"kppa": 580}, {"kpt_grid": "4x4x4"}, {"num_kpts": 1}, {"X_bnds": 200}, {"G_bnds": 200}, {"X_cutoff": 4}, {"gamma_gap": 3.7966290000000003}, {"num_gw_calc": 4}, {"wall_time": 1586}, {"num_cores": 32}, {"z-factor": {"@module": "numpy", "@class": "array", "dtype": "float64", "data": [[88.0, 0.8, -0.1497], [89.0, 0.82, -0.136898]]}}]], "conv_time": 4299.073589324951}, "gw_band_range_lda": [1, 103], "g0w0_ppa_pbe": {"gw_direct_gap": 3.3944900000000002, "kppa": 580, "kpt_grid": "4x4x4", "num_kpt": 24, "bands_in X": 600, "bands_in_G": 600, "cutoff": 20, "z_factor": [[58.0, 0.8, -0.00141817], [59.0, 0.82, -0.00127296]], "scissor": 1.240589, "ncpu": 32, "calc_time": 42938.3924138546}}, "data": {}}