{"@module": "pymatgen.entries.computed_entries", "@class": "ComputedEntry", "energy": 0.0, "composition": {"Na": 2.0, "Cd": 1.0, "Sn": 1.0, "S": 4.0}, "entry_id": "281233", "correction": 0.0, "energy_adjustments": [], "parameters": {"id": "281233", "name": "Na2CdSnS4", "ibrav": 0, "vol": 1379.6153551886111, "lda_pw_cutoff_Ry": 94, "qe_conv_pbe": {"qe_conv_maxiter": 20, "qe_delta_kppa": 1500, "qe_delta_cutoff": 5, "qe_conv_thresh": 0.00029399460312357707, "qe_conv_steps": [[60, 1500, -342.0851218741189], [65, 1500, -342.0858318258503], [70, 1500, -342.0863356447051], [75, 1500, -342.0866684057843], [80, 1500, -342.0868760480325], [80, 3000, -342.0868763716027]], "qe_conv_time": 438.1669228076935}, "num_elec_pbe": 76.00000000000001, "max_mem": 438024.0, "qe_conv_lda": {"qe_conv_maxiter": 20, "qe_delta_kppa": 1500, "qe_delta_cutoff": 5, "qe_conv_thresh": 0.00029399460312357707, "qe_conv_steps": [[94, 1500, -389.5232462870357], [99, 1500, -389.5234487968795], [99, 3000, -389.5234493455291]], "qe_conv_time": 316.52485966682434}, "num_elec_lda": 76.00000000000001, "bg_conv_pbe": {"bg_conv_maxiter": 20, "bg_delta_kppa": 1500, "bg_delta_cutoff": 5, "bg_conv_thresh": 0.025, "bg_conv_steps": [[80, 3000, 2.016067914657773], [80, 6000, 2.0160637006439224]], "bg_conv_time": 331.71531343460083}, "indirect_gap_pbe": 2.016063612484766, "bg_conv_lda": {"bg_conv_maxiter": 20, "bg_delta_kppa": 1500, "bg_delta_cutoff": 5, "bg_conv_thresh": 0.025, "bg_conv_steps": [[99, 3000, 1.7542627198533454], [99, 6000, 1.754265171651286]], "bg_conv_time": 372.89013957977295}, "indirect_gap_lda": 1.754264720316282, "gw_conv_pbe": {"gw_conv_thr": 0.025, "gw_bnd_start": 200, "gw_bnd_step": 100, "gw_cut_start": 4, "gw_cut_step": 4, "kpt_bnd_idx": {"@module": "numpy", "@class": "array", "dtype": "int64", "data": [1, 1, 38, 39]}, "gw_bands": 200, "gw_cutoff": 4, "w_conv_grid": [[200, 4, 2.495329], [300, 4, 2.4650410000000003], [400, 4, 2.447071], [400, 8, 2.621359], [400, 8, 2.621359], [400, 12, 2.647144], [400, 12, 2.647144], [400, 16, 2.654328], [400, 16, 2.654328], [500, 16, 2.655297], [500, 20, 2.658901], [500, 20, 2.658901]], "pwcutoff": 80, "w_conv_time": [12.353526830673218, 12.681630373001099, 13.236441373825073, 20.984305381774902, 20.98616671562195, 39.53256607055664, 39.53398776054382, 76.57780170440674, 76.57982635498047, 85.22806525230408, 153.84031581878662, 153.84256649017334], "w_ngw": 8, "w_z_factor": [{"@module": "numpy", "@class": "array", "dtype": "float64", "data": [[38.0, 0.77, -0.191375], [39.0, 0.79, -0.169426]]}, {"@module": "numpy", "@class": "array", "dtype": "float64", "data": [[38.0, 0.77, -0.189893], [39.0, 0.79, -0.166318]]}, {"@module": "numpy", "@class": "array", "dtype": "float64", "data": [[38.0, 0.77, -0.198761], [39.0, 0.79, -0.167303]]}, {"@module": "numpy", "@class": "array", "dtype": "float64", "data": [[38.0, 0.76, -0.189239], [39.0, 0.79, -0.165987]]}, {"@module": "numpy", "@class": "array", "dtype": "float64", "data": [[38.0, 0.76, -0.188717], [39.0, 0.79, -0.165786]]}, {"@module": "numpy", "@class": "array", "dtype": "float64", "data": [[38.0, 0.76, -0.188605], [39.0, 0.79, -0.165588]]}, {"@module": "numpy", "@class": "array", "dtype": "float64", "data": [[38.0, 0.76, -0.197594], [39.0, 0.79, -0.169448]]}, {"@module": "numpy", "@class": "array", "dtype": "float64", "data": [[38.0, 0.76, -0.195551], [39.0, 0.79, -0.168049]]}], "gw_kppa": 220, "gw_kpt_grid": {"@module": "numpy", "@class": "array", "dtype": "int64", "data": [4, 4, 4]}, "conv_list": [[{"kppa": 0}, {"kpt_grid": "1x1x1"}, {"num_kpts": 1}, {"X_bnds": 500.0}, {"G_bnds": 500.0}, {"X_cutoff": 20.0}, {"gamma_gap": 2.658901}, {"num_gw_calc": 8}, {"wall_time": 815}, {"num_cores": 8}, {"z-factor": "None"}], [{"kppa": 0}, {"kpt_grid": "1x1x1"}, {"num_kpts": 1}, {"X_bnds": 200}, {"G_bnds": 200}, {"X_cutoff": 4}, {"gamma_gap": 4}, {"num_gw_calc": 1}, {"wall_time": 13}, {"num_cores": 8}, {"z-factor": "None"}], [{"kppa": 10}, {"kpt_grid": "2x2x2"}, {"num_kpts": 1}, {"X_bnds": 200}, {"G_bnds": 200}, {"X_cutoff": 4}, {"gamma_gap": 3.008273}, {"num_gw_calc": 2}, {"wall_time": 78}, {"num_cores": 8}, {"z-factor": {"@module": "numpy", "@class": "array", "dtype": "float64", "data": [[38.0, 0.79, -0.161148], [39.0, 0.82, -0.133753]]}}], [{"kppa": 220}, {"kpt_grid": "4x4x4"}, {"num_kpts": 1}, {"X_bnds": 200}, {"G_bnds": 200}, {"X_cutoff": 4}, {"gamma_gap": 3.017801}, {"num_gw_calc": 3}, {"wall_time": 1288}, {"num_cores": 8}, {"z-factor": {"@module": "numpy", "@class": "array", "dtype": "float64", "data": [[38.0, 0.79, -0.157679], [39.0, 0.82, -0.129927]]}}]], "conv_time": 2179.7144560813904}, "gw_band_range_pbe": [1, 44], "gw_conv_lda": {"gw_conv_thr": 0.025, "gw_bnd_start": 200, "gw_bnd_step": 100, "gw_cut_start": 4, "gw_cut_step": 4, "kpt_bnd_idx": {"@module": "numpy", "@class": "array", "dtype": "int64", "data": [1, 1, 38, 39]}, "gw_bands": 200, "gw_cutoff": 4, "w_conv_grid": [[200, 4, 2.533196], [300, 4, 2.497648], [400, 4, 2.4858890000000002], [400, 8, 2.645059], [400, 8, 2.645059], [400, 12, 2.6713449999999996], [400, 12, 2.6713449999999996], [400, 16, 2.6800439999999996], [400, 16, 2.6800439999999996], [500, 16, 2.6829409999999996], [500, 20, 2.6880319999999998], [500, 20, 2.6880319999999998]], "pwcutoff": 99, "w_conv_time": [12.942692756652832, 13.96076226234436, 14.810413599014282, 24.296277046203613, 24.297364950180054, 44.7822847366333, 44.782947301864624, 88.49175906181335, 88.49336099624634, 98.29046106338501, 179.79402017593384, 179.7958550453186], "w_ngw": 8, "w_z_factor": [{"@module": "numpy", "@class": "array", "dtype": "float64", "data": [[38.0, 0.76, -0.203895], [39.0, 0.78, -0.104293]]}, {"@module": "numpy", "@class": "array", "dtype": "float64", "data": [[38.0, 0.76, -0.195249], [39.0, 0.78, -0.175153]]}, {"@module": "numpy", "@class": "array", "dtype": "float64", "data": [[38.0, 0.76, -0.194809], [39.0, 0.78, -0.174184]]}, {"@module": "numpy", "@class": "array", "dtype": "float64", "data": [[38.0, 0.75, -0.191394], [39.0, 0.78, -0.175431]]}, {"@module": "numpy", "@class": "array", "dtype": "float64", "data": [[38.0, 0.75, -0.190641], [39.0, 0.78, -0.175386]]}, {"@module": "numpy", "@class": "array", "dtype": "float64", "data": [[38.0, 0.75, -0.190178], [39.0, 0.78, -0.175308]]}, {"@module": "numpy", "@class": "array", "dtype": "float64", "data": [[38.0, 0.75, -0.189582], [39.0, 0.78, -0.174831]]}, {"@module": "numpy", "@class": "array", "dtype": "float64", "data": [[38.0, 0.75, -0.189521], [39.0, 0.78, -0.174833]]}], "gw_kppa": 220, "gw_kpt_grid": {"@module": "numpy", "@class": "array", "dtype": "int64", "data": [4, 4, 4]}, "conv_list": [[{"kppa": 0}, {"kpt_grid": "1x1x1"}, {"num_kpts": 1}, {"X_bnds": 500.0}, {"G_bnds": 500.0}, {"X_cutoff": 20.0}, {"gamma_gap": 2.6880319999999998}, {"num_gw_calc": 8}, {"wall_time": 969}, {"num_cores": 8}, {"z-factor": "None"}], [{"kppa": 0}, {"kpt_grid": "1x1x1"}, {"num_kpts": 1}, {"X_bnds": 200}, {"G_bnds": 200}, {"X_cutoff": 4}, {"gamma_gap": 4}, {"num_gw_calc": 1}, {"wall_time": 13}, {"num_cores": 8}, {"z-factor": "None"}], [{"kppa": 10}, {"kpt_grid": "2x2x2"}, {"num_kpts": 1}, {"X_bnds": 200}, {"G_bnds": 200}, {"X_cutoff": 4}, {"gamma_gap": 3.075443}, {"num_gw_calc": 2}, {"wall_time": 83}, {"num_cores": 8}, {"z-factor": {"@module": "numpy", "@class": "array", "dtype": "float64", "data": [[38.0, 0.78, -0.16824], [39.0, 0.81, -0.14075]]}}], [{"kppa": 220}, {"kpt_grid": "4x4x4"}, {"num_kpts": 1}, {"X_bnds": 200}, {"G_bnds": 200}, {"X_cutoff": 4}, {"gamma_gap": 3.09673}, {"num_gw_calc": 3}, {"wall_time": 1257}, {"num_cores": 8}, {"z-factor": {"@module": "numpy", "@class": "array", "dtype": "float64", "data": [[38.0, 0.78, -0.162129], [39.0, 0.82, -0.13652]]}}]], "conv_time": 2307.3954577445984}, "gw_band_range_lda": [1, 44], "g0w0_ppa_pbe": {"gw_direct_gap": 3.179265, "kppa": 1000, "kpt_grid": "6x6x6", "num_kpt": 68, "bands_in X": 600, "bands_in_G": 600, "cutoff": 24, "z_factor": [[38.0, 0.78, -0.00177098], [39.0, 0.82, -0.00127056]],