{"@module": "pymatgen.entries.computed_entries", "@class": "ComputedEntry", "energy": 0.0, "composition": {"Al": 2.0, "Cu": 2.0, "Se": 4.0}, "entry_id": "28734", "correction": 0.0, "energy_adjustments": [], "parameters": {"id": "28734", "name": "AlCuSe2", "ibrav": {"celldm(1)": 10.614591693161703, "ibrav": 7, "celldm(3)": 1.9444543350542998}, "vol": 1162.7266632809985, "lda_pw_cutoff_Ry": 78, "qe_conv_pbe": {"qe_conv_maxiter": 20, "qe_delta_kppa": 1500, "qe_delta_cutoff": 5, "qe_conv_thresh": 0.00029399460312357707, "qe_conv_steps": [[60, 1500, -541.5358837005009], [65, 1500, -541.5959996167705], [70, 1500, -541.6147811225251], [75, 1500, -541.6192951240129], [80, 1500, -541.6199888070915], [85, 1500, -541.6200399915994], [85, 3000, -541.6200458217382]], "qe_conv_time": 253.62873768806458}, "num_elec_pbe": 84.0, "max_mem": 505907.0, "qe_conv_lda": {"qe_conv_maxiter": 20, "qe_delta_kppa": 1500, "qe_delta_cutoff": 5, "qe_conv_thresh": 0.00029399460312357707, "qe_conv_steps": [[78, 1500, -868.5018717756964], [83, 1500, -868.5052998187604], [88, 1500, -868.5059548730276], [93, 1500, -868.506047390709], [93, 3000, -868.5060560335522]], "qe_conv_time": 280.48267245292664}, "num_elec_lda": 108.0, "bg_conv_pbe": {"bg_conv_maxiter": 20, "bg_delta_kppa": 1500, "bg_delta_cutoff": 5, "bg_conv_thresh": 0.025, "bg_conv_steps": [[85, 3000, 1.1494758602591744], [85, 6000, 1.1495118279275067]], "bg_conv_time": 158.59145069122314}, "indirect_gap_pbe": 1.149475758683469, "bg_conv_lda": {"bg_conv_maxiter": 20, "bg_delta_kppa": 1500, "bg_delta_cutoff": 5, "bg_conv_thresh": 0.025, "bg_conv_steps": [[93, 3000, 0.935693640108838], [93, 6000, 0.9357019239450806]], "bg_conv_time": 210.5303831100464}, "indirect_gap_lda": 0.9356936381501466, "gw_conv_pbe": {"gw_conv_thr": 0.025, "gw_bnd_start": 200, "gw_bnd_step": 100, "gw_cut_start": 4, "gw_cut_step": 4, "kpt_bnd_idx": {"@module": "numpy", "@class": "array", "dtype": "int64", "data": [1, 1, 42, 43]}, "gw_bands": 200, "gw_cutoff": 4, "w_conv_grid": [[200, 4, 1.517444], [300, 4, 1.473935], [400, 4, 1.459359], [400, 8, 1.3180100000000001], [400, 8, 1.3180100000000001], [400, 12, 1.31243], [400, 12, 1.31243], [500, 12, 1.294907], [500, 16, 1.29758], [500, 16, 1.29758]], "pwcutoff": 85, "w_conv_time": [14.846014022827148, 16.0859112739563, 17.55422019958496, 20.46140718460083, 20.46344518661499, 28.671415328979492, 28.6728937625885, 35.31425976753235, 53.83835434913635, 53.83990502357483], "w_ngw": 7, "w_z_factor": [{"@module": "numpy", "@class": "array", "dtype": "float64", "data": [[42.0, 0.74, -0.186537], [43.0, 0.79, -0.145685]]}, {"@module": "numpy", "@class": "array", "dtype": "float64", "data": [[42.0, 0.75, -0.169695], [43.0, 0.79, -0.147904]]}, {"@module": "numpy", "@class": "array", "dtype": "float64", "data": [[42.0, 0.75, -0.169463], [43.0, 0.79, -0.147014]]}, {"@module": "numpy", "@class": "array", "dtype": "float64", "data": [[42.0, 0.74, -0.171372], [43.0, 0.79, -0.147229]]}, {"@module": "numpy", "@class": "array", "dtype": "float64", "data": [[42.0, 0.74, -0.168914], [43.0, 0.79, -0.147295]]}, {"@module": "numpy", "@class": "array", "dtype": "float64", "data": [[42.0, 0.74, -0.168118], [43.0, 0.79, -0.146723]]}, {"@module": "numpy", "@class": "array", "dtype": "float64", "data": [[42.0, 0.74, -0.168606], [43.0, 0.79, -0.146703]]}], "gw_kppa": 1000, "gw_kpt_grid": {"@module": "numpy", "@class": "array", "dtype": "int64", "data": [6, 6, 6]}, "conv_list": [[{"kppa": 0}, {"kpt_grid": "1x1x1"}, {"num_kpts": 1}, {"X_bnds": 500.0}, {"G_bnds": 500.0}, {"X_cutoff": 16.0}, {"gamma_gap": 1.29758}, {"num_gw_calc": 7}, {"wall_time": 614}, {"num_cores": 8}, {"z-factor": "None"}], [{"kppa": 0}, {"kpt_grid": "1x1x1"}, {"num_kpts": 1}, {"X_bnds": 200}, {"G_bnds": 200}, {"X_cutoff": 4}, {"gamma_gap": 4}, {"num_gw_calc": 1}, {"wall_time": 15}, {"num_cores": 8}, {"z-factor": "None"}], [{"kppa": 10}, {"kpt_grid": "2x2x2"}, {"num_kpts": 1}, {"X_bnds": 200}, {"G_bnds": 200}, {"X_cutoff": 4}, {"gamma_gap": 2.066816}, {"num_gw_calc": 2}, {"wall_time": 65}, {"num_cores": 8}, {"z-factor": {"@module": "numpy", "@class": "array", "dtype": "float64", "data": [[42.0, 0.76, -0.170521], [43.0, 0.81, -0.139905]]}}], [{"kppa": 220}, {"kpt_grid": "4x4x4"}, {"num_kpts": 1}, {"X_bnds": 200}, {"G_bnds": 200}, {"X_cutoff": 4}, {"gamma_gap": 2.16223}, {"num_gw_calc": 3}, {"wall_time": 908}, {"num_cores": 8}, {"z-factor": {"@module": "numpy", "@class": "array", "dtype": "float64", "data": [[42.0, 0.76, -0.165701], [43.0, 0.81, -0.132152]]}}], [{"kppa": 1000}, {"kpt_grid": "6x6x6"}, {"num_kpts": 1}, {"X_bnds": 200}, {"G_bnds": 200}, {"X_cutoff": 4}, {"gamma_gap": 2.157361}, {"num_gw_calc": 4}, {"wall_time": 2049}, {"num_cores": 32}, {"z-factor": {"@module": "numpy", "@class": "array", "dtype": "float64", "data": [[42.0, 0.76, -0.166664], [43.0, 0.81, -0.131556]]}}]], "conv_time": 3634.416249513626}, "gw_band_range_pbe": [1, 51], "gw_conv_lda": {"gw_conv_thr": 0.025, "gw_bnd_start": 200, "gw_bnd_step": 100, "gw_cut_start": 4, "gw_cut_step": 4, "kpt_bnd_idx": {"@module": "numpy", "@class": "array", "dtype": "int64", "data": [1, 1, 54, 55]}, "gw_bands": 200, "gw_cutoff": 4, "w_conv_grid": [[200, 4, 1.583914], [300, 4, 1.542939], [400, 4, 1.5275159999999999], [400, 8, 1.4003670000000001], [400, 8, 1.4003670000000001], [400, 12, 1.400548], [400, 12, 1.400548], [500, 12, 1.3844370000000001], [500, 16, 1.393041], [500, 16, 1.393041]], "pwcutoff": 93, "w_conv_time": [14.719208478927612, 15.678096532821655, 17.237886428833008, 19.882827043533325, 19.884727716445923, 28.489906549453735, 28.491347789764404, 32.57385849952698, 56.0438449382782, 56.04471135139465], "w_ngw": 7, "w_z_factor": [{"@module": "numpy", "@class": "array", "dtype": "float64", "data": [[54.0, 0.75, -0.168063], [55.0, 0.79, -0.148597]]}, {"@module": "numpy", "@class": "array", "dtype": "float64", "data": [[54.0, 0.75, -0.164348], [55.0, 0.79, -0.145788]]}, {"@module": "numpy", "@class": "array", "dtype": "float64", "data": [[54.0, 0.76, -0.161293], [55.0, 0.79, -0.144013]]}, {"@module": "numpy", "@class": "array", "dtype": "float64", "data": [[54.0, 0.74, -0.164167], [55.0, 0.79, -0.144426]]}, {"@module": "numpy", "@class": "array", "dtype": "float64", "data": [[54.0, 0.74, -0.165064], [55.0, 0.79, -0.144406]]}, {"@module": "numpy", "@class": "array", "dtype": "float64", "data": [[54.0, 0.74, -0.162914], [55.0, 0.79, -0.143731]]}, {"@module": "numpy", "@class": "array", "dtype": "float64", "data": [[54.0, 0.74, -0.162863], [55.0, 0.79, -0.143692]]}], "gw_kppa": 1000, "gw_kpt_grid": {"@module": "numpy", "@class": "array", "dtype": "int64", "data": [6, 6, 6]}, "conv_list": [[{"kppa": 0}, {"kpt_grid": "1x1x1"}, {"num_kpts": 1}, {"X_bnds": 500.0}, {"G_bnds": 500.0}, {"X_cutoff": 16.0}, {"gamma_gap": 1.393041}, {"num_gw_calc": 7}, {"wall_time": 745}, {"num_cores": 8}, {"z-factor": "None"}], [{"kppa": 0}, {"kpt_grid": "1x1x1"}, {"num_kpts": 1}, {"X_bnds": 200}, {"G_bnds": 200}, {"X_cutoff": 4}, {"gamma_gap": 4}, {"num_gw_calc": 1}, {"wall_time": 15}, {"num_cores": 8}, {"z-factor": "None"}], [{"kppa": 10}, {"kpt_grid": "2x2x2"}, {"num_kpts": 1}, {"X_bnds": 200}, {"G_bnds": 200}, {"X_cutoff": 4}, {"gamma_gap": 2.111886}, {"num_gw_calc": 2}, {"wall_time": 65}, {"num_cores": 8}, {"z-factor": {"@module": "numpy", "@class": "array", "dtype": "float64", "data": [[54.0, 0.76, -0.168704], [55.0, 0.8, -0.143587]]}}], [{"kppa": 220}, {"kpt_grid": "4x4x4"}, {"num_kpts": 1}, {"X_bnds": 200}, {"G_bnds": 200}, {"X_cutoff": 4}, {"gamma_gap": 2.225716}, {"num_gw_calc": 3}, {"wall_time": 1032}, {"num_cores": 8}, {"z-factor": {"@module": "numpy", "@class": "array", "dtype": "float64", "data": [[54.0, 0.76, -0.165051], [55.0, 0.81, -0.134968]]}}], [{"kppa": 1000}, {"kpt_grid": "6x6x6"}, {"num_kpts": 1}, {"X_bnds": 200}, {"G_bnds": 200}, {"X_cutoff": 4}, {"gamma_gap": 2.224164}, {"num_gw_calc": 4}, {"wall_time": 2536}, {"num_cores": 32}, {"z-factor": {"@module": "numpy", "@class": "array", "dtype": "float64",