{"@module": "pymatgen.entries.computed_entries", "@class": "ComputedEntry", "energy": 0.0, "composition": {"Al": 2.0, "Ag": 2.0, "Te": 4.0}, "entry_id": "28746", "correction": 0.0, "energy_adjustments": [], "parameters": {"id": "28746", "name": "AlAgTe2", "ibrav": {"celldm(1)": 11.897715737964411, "ibrav": 7, "celldm(3)": 1.8789707750952982}, "vol": 1582.2707329216998, "lda_pw_cutoff_Ry": 78, "qe_conv_pbe": {"qe_conv_maxiter": 20, "qe_delta_kppa": 1500, "qe_delta_cutoff": 5, "qe_conv_thresh": 0.00029399460312357707, "qe_conv_steps": [[60, 1500, -775.7098675833056], [65, 1500, -775.7108237587912], [70, 1500, -775.7111964746817], [75, 1500, -775.7113322791607], [75, 3000, -775.7113403998502]], "qe_conv_time": 327.97865867614746}, "num_elec_pbe": 124.0, "max_mem": 539189.0, "qe_conv_lda": {"qe_conv_maxiter": 20, "qe_delta_kppa": 1500, "qe_delta_cutoff": 5, "qe_conv_thresh": 0.00029399460312357707, "qe_conv_steps": [[78, 1500, -733.2636326160301], [83, 1500, -733.2639539452429], [88, 1500, -733.264037026577], [88, 3000, -733.2640487955077]], "qe_conv_time": 258.0759973526001}, "num_elec_lda": 108.0, "bg_conv_pbe": {"bg_conv_maxiter": 20, "bg_delta_kppa": 1500, "bg_delta_cutoff": 5, "bg_conv_thresh": 0.025, "bg_conv_steps": [[75, 3000, 1.157869735870003], [75, 6000, 1.1578761146625092]], "bg_conv_time": 264.4440231323242}, "indirect_gap_pbe": 1.1578718973009663, "bg_conv_lda": {"bg_conv_maxiter": 20, "bg_delta_kppa": 1500, "bg_delta_cutoff": 5, "bg_conv_thresh": 0.025, "bg_conv_steps": [[88, 3000, 0.9442708656338096], [88, 6000, 0.9442857147633875]], "bg_conv_time": 231.54090571403503}, "indirect_gap_lda": 0.9442751542452953, "gw_conv_pbe": {"gw_conv_thr": 0.025, "gw_bnd_start": 200, "gw_bnd_step": 100, "gw_cut_start": 4, "gw_cut_step": 4, "kpt_bnd_idx": {"@module": "numpy", "@class": "array", "dtype": "int64", "data": [1, 1, 62, 63]}, "gw_bands": 200, "gw_cutoff": 4, "w_conv_grid": [[200, 4, 1.711459], [300, 4, 1.663376], [400, 4, 1.639802], [400, 8, 1.7074850000000001], [400, 8, 1.7074850000000001], [400, 12, 1.719077], [400, 12, 1.719077]], "pwcutoff": 75, "w_conv_time": [14.262238502502441, 15.835097312927246, 17.04524517059326, 22.511372804641724, 22.513540029525757, 36.84160232543945, 36.84306240081787], "w_ngw": 5, "w_z_factor": [{"@module": "numpy", "@class": "array", "dtype": "float64", "data": [[62.0, 0.79, -0.149904], [63.0, 0.8, -0.14903]]}, {"@module": "numpy", "@class": "array", "dtype": "float64", "data": [[62.0, 0.79, -0.143429], [63.0, 0.8, -0.143674]]}, {"@module": "numpy", "@class": "array", "dtype": "float64", "data": [[62.0, 0.79, -0.140757], [63.0, 0.8, -0.141208]]}, {"@module": "numpy", "@class": "array", "dtype": "float64", "data": [[62.0, 0.79, -0.141176], [63.0, 0.8, -0.141061]]}, {"@module": "numpy", "@class": "array", "dtype": "float64", "data": [[62.0, 0.79, -0.141152], [63.0, 0.8, -0.141037]]}], "gw_kppa": 1000, "gw_kpt_grid": {"@module": "numpy", "@class": "array", "dtype": "int64", "data": [6, 6, 6]}, "conv_list": [[{"kppa": 0}, {"kpt_grid": "1x1x1"}, {"num_kpts": 1}, {"X_bnds": 400.0}, {"G_bnds": 400.0}, {"X_cutoff": 12.0}, {"gamma_gap": 1.719077}, {"num_gw_calc": 5}, {"wall_time": 519}, {"num_cores": 8}, {"z-factor": "None"}], [{"kppa": 0}, {"kpt_grid": "1x1x1"}, {"num_kpts": 1}, {"X_bnds": 200}, {"G_bnds": 200}, {"X_cutoff": 4}, {"gamma_gap": 4}, {"num_gw_calc": 1}, {"wall_time": 15}, {"num_cores": 8}, {"z-factor": "None"}], [{"kppa": 10}, {"kpt_grid": "2x2x2"}, {"num_kpts": 1}, {"X_bnds": 200}, {"G_bnds": 200}, {"X_cutoff": 4}, {"gamma_gap": 2.081468}, {"num_gw_calc": 2}, {"wall_time": 72}, {"num_cores": 8}, {"z-factor": {"@module": "numpy", "@class": "array", "dtype": "float64", "data": [[62.0, 0.8, -0.149066], [63.0, 0.81, -0.146272]]}}], [{"kppa": 220}, {"kpt_grid": "4x4x4"}, {"num_kpts": 1}, {"X_bnds": 200}, {"G_bnds": 200}, {"X_cutoff": 4}, {"gamma_gap": 2.152221}, {"num_gw_calc": 3}, {"wall_time": 1141}, {"num_cores": 8}, {"z-factor": {"@module": "numpy", "@class": "array", "dtype": "float64", "data": [[62.0, 0.8, -0.145703], [63.0, 0.81, -0.140168]]}}], [{"kppa": 1000}, {"kpt_grid": "6x6x6"}, {"num_kpts": 1}, {"X_bnds": 200}, {"G_bnds": 200}, {"X_cutoff": 4}, {"gamma_gap": 2.149802}, {"num_gw_calc": 4}, {"wall_time": 2568}, {"num_cores": 32}, {"z-factor": {"@module": "numpy", "@class": "array", "dtype": "float64", "data": [[62.0, 0.8, -0.145584], [63.0, 0.81, -0.139541]]}}]], "conv_time": 4298.211016893387}, "gw_band_range_pbe": [1, 71], "gw_conv_lda": {"gw_conv_thr": 0.025, "gw_bnd_start": 200, "gw_bnd_step": 100, "gw_cut_start": 4, "gw_cut_step": 4, "kpt_bnd_idx": {"@module": "numpy", "@class": "array", "dtype": "int64", "data": [1, 1, 54, 55]}, "gw_bands": 200, "gw_cutoff": 4, "w_conv_grid": [[200, 4, 1.567624], [300, 4, 1.53427], [400, 4, 1.5187490000000001], [400, 8, 1.5886010000000002], [400, 8, 1.5886010000000002], [400, 12, 1.601257], [400, 12, 1.601257], [500, 12, 1.597191], [500, 16, 1.604284], [500, 16, 1.604284]], "pwcutoff": 88, "w_conv_time": [14.834882020950317, 15.536518335342407, 16.924095392227173, 22.582436561584473, 22.584444761276245, 35.81711006164551, 35.8188259601593, 42.02879023551941, 79.57200455665588, 79.57387924194336], "w_ngw": 7, "w_z_factor": [{"@module": "numpy", "@class": "array", "dtype": "float64", "data": [[54.0, 0.79, -0.149568], [55.0, 0.79, -0.148157]]}, {"@module": "numpy", "@class": "array", "dtype": "float64", "data": [[54.0, 0.79, -0.144349], [55.0, 0.8, -0.144075]]}, {"@module": "numpy", "@class": "array", "dtype": "float64", "data": [[54.0, 0.79, -0.142611], [55.0, 0.8, -0.142127]]}, {"@module": "numpy", "@class": "array", "dtype": "float64", "data": [[54.0, 0.79, -0.142619], [55.0, 0.79, -0.142162]]}, {"@module": "numpy", "@class": "array", "dtype": "float64", "data": [[54.0, 0.79, -0.142573], [55.0, 0.79, -0.142114]]}, {"@module": "numpy", "@class": "array", "dtype": "float64", "data": [[54.0, 0.79, -0.142046], [55.0, 0.79, -0.141535]]}, {"@module": "numpy", "@class": "array", "dtype": "float64", "data": [[54.0, 0.79, -0.142026], [55.0, 0.79, -0.141543]]}], "gw_kppa": 1000, "gw_kpt_grid": {"@module": "numpy", "@class": "array", "dtype": "int64", "data": [6, 6, 6]}, "conv_list": [[{"kppa": 0}, {"kpt_grid": "1x1x1"}, {"num_kpts": 1}, {"X_bnds": 500.0}, {"G_bnds": 500.0}, {"X_cutoff": 16.0}, {"gamma_gap": 1.604284}, {"num_gw_calc": 7}, {"wall_time": 702}, {"num_cores": 8}, {"z-factor": "None"}], [{"kppa": 0}, {"kpt_grid": "1x1x1"}, {"num_kpts": 1}, {"X_bnds": 200}, {"G_bnds": 200}, {"X_cutoff": 4}, {"gamma_gap": 4}, {"num_gw_calc": 1}, {"wall_time": 15}, {"num_cores": 8}, {"z-factor": "None"}], [{"kppa": 10}, {"kpt_grid": "2x2x2"}, {"num_kpts": 1}, {"X_bnds": 200}, {"G_bnds": 200}, {"X_cutoff": 4}, {"gamma_gap": 1.9104929999999998}, {"num_gw_calc": 2}, {"wall_time": 80}, {"num_cores": 8}, {"z-factor": {"@module": "numpy", "@class": "array", "dtype": "float64", "data": [[54.0, 0.79, -0.153857], [55.0, 0.8, -0.150193]]}}], [{"kppa": 220}, {"kpt_grid": "4x4x4"}, {"num_kpts": 1}, {"X_bnds": 200}, {"G_bnds": 200}, {"X_cutoff": 4}, {"gamma_gap": 1.990641}, {"num_gw_calc": 3}, {"wall_time": 2269}, {"num_cores": 8}, {"z-factor": {"@module": "numpy", "@class": "array", "dtype": "float64", "data": [[54.0, 0.8, -0.150267], [55.0, 0.81, -0.143888]]}}], [{"kppa": 1000}, {"kpt_grid": "6x6x6"}, {"num_kpts": 1}, {"X_bnds": 200}, {"G_bnds": 200}, {"X_cutoff": 4}, {"gamma_gap": 1.9912230000000002}, {"num_gw_calc": 4}, {"wall_time": 5033}, {"num_cores": 32}, {"z-factor": {"@module": "numpy", "@class": "array", "dtype": "float64", "data": [[54.0, 0.8, -0.149852], [55.0, 0.81, -0.142958]]}}]], "conv_time": 8082.260312080383}, "gw_band_range_lda": [1, 63], "g0w0_ppa_pbe": {"gw_direct_gap": 2.1310290000000003, "kppa": 2750, "kpt_grid": "8x8x8", "num_kpt": 78, "bands_in X": 500, "bands_in_G": 500, "cutoff": 16, "z_factor": {"@module": "numpy", "@class": "array", "dtype": "float64", "data": [[62.0, 0.8, -0.00134425], [63.0, 0.81, -0.0012935]]}, "scissor": 0.97316, "ncpu": 32,