{"@module": "pymatgen.entries.computed_entries", "@class": "ComputedEntry", "energy": 0.0, "composition": {"Zn": 1.0, "Ga": 2.0, "Te": 4.0}, "entry_id": "290911", "correction": 0.0, "energy_adjustments": [], "parameters": {"id": "290911", "name": "Zn(GaTe2)2", "ibrav": {"celldm(1)": 11.190958163949368, "ibrav": 7, "celldm(3)": 1.9940898345153668}, "vol": 1397.386490911854, "lda_pw_cutoff_Ry": 72, "qe_conv_pbe": {"qe_conv_maxiter": 20, "qe_delta_kppa": 1500, "qe_delta_cutoff": 5, "qe_conv_thresh": 0.0002572452777331299, "qe_conv_steps": [[60, 1500, -681.1086785498969], [65, 1500, -681.1107986669116], [70, 1500, -681.1121906642724], [75, 1500, -681.1142983934918], [80, 1500, -681.1155978870669], [85, 1500, -681.1159438146785], [90, 1500, -681.115990788453], [90, 3000, -681.1160046215869]], "qe_conv_time": 578.1530349254608}, "num_elec_pbe": 110.0, "max_mem": 506852.0, "qe_conv_lda": {"qe_conv_maxiter": 20, "qe_delta_kppa": 1500, "qe_delta_cutoff": 5, "qe_conv_thresh": 0.0002572452777331299, "qe_conv_steps": [[72, 1500, -780.2004434084774], [77, 1500, -780.202062830998], [82, 1500, -780.202285227078], [82, 3000, -780.2023036958326]], "qe_conv_time": 275.8281614780426}, "num_elec_lda": 110.0, "bg_conv_pbe": {"bg_conv_maxiter": 20, "bg_delta_kppa": 1500, "bg_delta_cutoff": 5, "bg_conv_thresh": 0.025, "bg_conv_steps": [[90, 3000, 1.0287616599086387], [90, 6000, 1.0287624730233216]], "bg_conv_time": 352.2515215873718}, "indirect_gap_pbe": 1.0287597991218191, "bg_conv_lda": {"bg_conv_maxiter": 20, "bg_delta_kppa": 1500, "bg_delta_cutoff": 5, "bg_conv_thresh": 0.025, "bg_conv_steps": [[82, 3000, 0.9367599639255493], [82, 6000, 0.9367664076190604]], "bg_conv_time": 258.784969329834}, "indirect_gap_lda": 0.9367599419314674, "gw_conv_pbe": {"gw_conv_thr": 0.025, "gw_bnd_start": 200, "gw_bnd_step": 100, "gw_cut_start": 4, "gw_cut_step": 4, "kpt_bnd_idx": {"@module": "numpy", "@class": "array", "dtype": "int64", "data": [1, 1, 55, 56]}, "gw_bands": 200, "gw_cutoff": 4, "w_conv_grid": [[200, 4, 1.826133], [300, 4, 1.787059], [400, 4, 1.765534], [400, 8, 1.8321049999999999], [400, 8, 1.8321049999999999], [400, 12, 1.8474119999999998], [400, 12, 1.8474119999999998]], "pwcutoff": 90, "w_conv_time": [13.39695143699646, 14.557863235473633, 15.971972942352295, 20.274469137191772, 20.275794506072998, 33.935139417648315, 33.93746995925903], "w_ngw": 5, "w_z_factor": [{"@module": "numpy", "@class": "array", "dtype": "float64", "data": [[55.0, 0.79, -0.145223], [56.0, 0.79, -0.145331]]}, {"@module": "numpy", "@class": "array", "dtype": "float64", "data": [[55.0, 0.79, -0.140499], [56.0, 0.79, -0.141225]]}, {"@module": "numpy", "@class": "array", "dtype": "float64", "data": [[55.0, 0.79, -0.138489], [56.0, 0.79, -0.139159]]}, {"@module": "numpy", "@class": "array", "dtype": "float64", "data": [[55.0, 0.79, -0.138718], [56.0, 0.79, -0.139416]]}, {"@module": "numpy", "@class": "array", "dtype": "float64", "data": [[55.0, 0.79, -0.138793], [56.0, 0.79, -0.139446]]}], "gw_kppa": 880, "gw_kpt_grid": {"@module": "numpy", "@class": "array", "dtype": "int64", "data": [6, 6, 6]}, "conv_list": [[{"kppa": 0}, {"kpt_grid": "1x1x1"}, {"num_kpts": 1}, {"X_bnds": 400.0}, {"G_bnds": 400.0}, {"X_cutoff": 12.0}, {"gamma_gap": 1.8474119999999998}, {"num_gw_calc": 5}, {"wall_time": 586}, {"num_cores": 8}, {"z-factor": "None"}], [{"kppa": 0}, {"kpt_grid": "1x1x1"}, {"num_kpts": 1}, {"X_bnds": 200}, {"G_bnds": 200}, {"X_cutoff": 4}, {"gamma_gap": 4}, {"num_gw_calc": 1}, {"wall_time": 14}, {"num_cores": 8}, {"z-factor": "None"}], [{"kppa": 10}, {"kpt_grid": "2x2x2"}, {"num_kpts": 1}, {"X_bnds": 200}, {"G_bnds": 200}, {"X_cutoff": 4}, {"gamma_gap": 2.129708}, {"num_gw_calc": 2}, {"wall_time": 70}, {"num_cores": 8}, {"z-factor": {"@module": "numpy", "@class": "array", "dtype": "float64", "data": [[55.0, 0.8, -0.149076], [56.0, 0.8, -0.147254]]}}], [{"kppa": 190}, {"kpt_grid": "4x4x4"}, {"num_kpts": 1}, {"X_bnds": 200}, {"G_bnds": 200}, {"X_cutoff": 4}, {"gamma_gap": 2.20093}, {"num_gw_calc": 3}, {"wall_time": 1834}, {"num_cores": 8}, {"z-factor": {"@module": "numpy", "@class": "array", "dtype": "float64", "data": [[55.0, 0.8, -0.147084], [56.0, 0.8, -0.143019]]}}], [{"kppa": 880}, {"kpt_grid": "6x6x6"}, {"num_kpts": 1}, {"X_bnds": 200}, {"G_bnds": 200}, {"X_cutoff": 4}, {"gamma_gap": 2.1990220000000003}, {"num_gw_calc": 4}, {"wall_time": 4458}, {"num_cores": 32}, {"z-factor": {"@module": "numpy", "@class": "array", "dtype": "float64", "data": [[55.0, 0.8, -0.146868], [56.0, 0.8, -0.142396]]}}]], "conv_time": 6945.978052616119}, "gw_band_range_pbe": [1, 63], "gw_conv_lda": {"gw_conv_thr": 0.025, "gw_bnd_start": 200, "gw_bnd_step": 100, "gw_cut_start": 4, "gw_cut_step": 4, "kpt_bnd_idx": {"@module": "numpy", "@class": "array", "dtype": "int64", "data": [1, 1, 55, 56]}, "gw_bands": 200, "gw_cutoff": 4, "w_conv_grid": [[200, 4, 1.707803], [300, 4, 1.678131], [400, 4, 1.6617229999999998], [400, 8, 1.72749], [400, 8, 1.72749], [400, 12, 1.7398669999999998], [400, 12, 1.7398669999999998], [500, 12, 1.732014], [500, 16, 1.734051], [500, 16, 1.734051]], "pwcutoff": 82, "w_conv_time": [12.952978372573853, 14.478490591049194, 15.293965816497803, 19.784979581832886, 19.786814212799072, 33.2790470123291, 33.28044128417969, 37.64226150512695, 62.187742471694946, 62.188899993896484], "w_ngw": 7, "w_z_factor": [{"@module": "numpy", "@class": "array", "dtype": "float64", "data": [[55.0, 0.79, -0.144701], [56.0, 0.79, -0.144002]]}, {"@module": "numpy", "@class": "array", "dtype": "float64", "data": [[55.0, 0.79, -0.14023], [56.0, 0.79, -0.140622]]}, {"@module": "numpy", "@class": "array", "dtype": "float64", "data": [[55.0, 0.79, -0.138287], [56.0, 0.79, -0.138885]]}, {"@module": "numpy", "@class": "array", "dtype": "float64", "data": [[55.0, 0.79, -0.138522], [56.0, 0.79, -0.138284]]}, {"@module": "numpy", "@class": "array", "dtype": "float64", "data": [[55.0, 0.79, -0.138389], [56.0, 0.79, -0.138649]]}, {"@module": "numpy", "@class": "array", "dtype": "float64", "data": [[55.0, 0.79, -0.137553], [56.0, 0.79, -0.137898]]}, {"@module": "numpy", "@class": "array", "dtype": "float64", "data": [[55.0, 0.79, -0.137527], [56.0, 0.79, -0.137954]]}], "gw_kppa": 880, "gw_kpt_grid": {"@module": "numpy", "@class": "array", "dtype": "int64", "data": [6, 6, 6]}, "conv_list": [[{"kppa": 0}, {"kpt_grid": "1x1x1"}, {"num_kpts": 1}, {"X_bnds": 500.0}, {"G_bnds": 500.0}, {"X_cutoff": 16.0}, {"gamma_gap": 1.734051}, {"num_gw_calc": 7}, {"wall_time": 537}, {"num_cores": 8}, {"z-factor": "None"}], [{"kppa": 0}, {"kpt_grid": "1x1x1"}, {"num_kpts": 1}, {"X_bnds": 200}, {"G_bnds": 200}, {"X_cutoff": 4}, {"gamma_gap": 4}, {"num_gw_calc": 1}, {"wall_time": 13}, {"num_cores": 8}, {"z-factor": "None"}], [{"kppa": 10}, {"kpt_grid": "2x2x2"}, {"num_kpts": 1}, {"X_bnds": 200}, {"G_bnds": 200}, {"X_cutoff": 4}, {"gamma_gap": 1.976325}, {"num_gw_calc": 2}, {"wall_time": 59}, {"num_cores": 8}, {"z-factor": {"@module": "numpy", "@class": "array", "dtype": "float64", "data": [[55.0, 0.79, -0.152165], [56.0, 0.8, -0.150066]]}}], [{"kppa": 190}, {"kpt_grid": "4x4x4"}, {"num_kpts": 1}, {"X_bnds": 200}, {"G_bnds": 200}, {"X_cutoff": 4}, {"gamma_gap": 2.046348}, {"num_gw_calc": 3}, {"wall_time": 937}, {"num_cores": 8}, {"z-factor": {"@module": "numpy", "@class": "array", "dtype": "float64", "data": [[55.0, 0.8, -0.150602], [56.0, 0.8, -0.146037]]}}], [{"kppa": 880}, {"kpt_grid": "6x6x6"}, {"num_kpts": 1}, {"X_bnds": 200}, {"G_bnds": 200}, {"X_cutoff": 4}, {"gamma_gap": 2.04623}, {"num_gw_calc": 4}, {"wall_time": 2419}, {"num_cores": 32}, {"z-factor": {"@module": "numpy", "@class": "array", "dtype": "float64", "data": [[55.0, 0.8, -0.150277], [56.0, 0.8, -0.14528]]}}]], "conv_time": 3950.1554839611053}, "gw_band_range_lda": [1, 63], "g0w0_ppa_pbe": {"gw_direct_gap": 2.193994, "kppa": 2410, "kpt_grid": "8x8x8", "num_kpt": 78, "bands_in X": 500, "bands_in_G": 500, "cutoff": 16, "z_factor": [[55.0, 0.8, -0.00137988], [56.0, 0.8, -0.00134094]],