{"@module": "pymatgen.entries.computed_entries", "@class": "ComputedEntry", "energy": 0.0, "composition": {"Cs": 2.0, "Ag": 1.0, "Bi": 1.0, "Cl": 6.0}, "entry_id": "291598", "correction": 0.0, "energy_adjustments": [], "parameters": {"id": "291598", "name": "Cs2AgBiCl6", "ibrav": {"celldm(1)": 20.36533287881139, "ibrav": 2}, "vol": 2111.614075400954, "lda_pw_cutoff_Ry": 78, "qe_conv_pbe": {"qe_conv_maxiter": 20, "qe_delta_kppa": 1500, "qe_delta_cutoff": 5, "qe_conv_thresh": 0.00036749325390447133, "qe_conv_steps": [[60, 1500, -343.2305820397068], [65, 1500, -343.2306425665528], [65, 4500, -343.2306428471214]], "qe_conv_time": 126.9226176738739}, "num_elec_pbe": 94.0, "max_mem": 81298.0, "qe_conv_lda": {"qe_conv_maxiter": 20, "qe_delta_kppa": 1500, "qe_delta_cutoff": 5, "qe_conv_thresh": 0.00036749325390447133, "qe_conv_steps": [[78, 1500, -382.6428217617563], [83, 1500, -382.6429540114535], [83, 4500, -382.6429542881867]], "qe_conv_time": 272.8423550128937}, "num_elec_lda": 94.0, "bg_conv_pbe": {"bg_conv_maxiter": 20, "bg_delta_kppa": 1500, "bg_delta_cutoff": 5, "bg_conv_thresh": 0.025, "bg_conv_steps": [[65, 4500, 1.8672535792662284], [65, 7500, 1.8672438825780582]], "bg_conv_time": 213.4650421142578}, "indirect_gap_pbe": 1.867244020231907, "bg_conv_lda": {"bg_conv_maxiter": 20, "bg_delta_kppa": 1500, "bg_delta_cutoff": 5, "bg_conv_thresh": 0.025, "bg_conv_steps": [[83, 4500, 1.615277922857014], [83, 7500, 1.6152789405989272]], "bg_conv_time": 264.2251207828522}, "indirect_gap_lda": 1.6152789245511412, "gw_conv_pbe": {"gw_conv_thr": 0.025, "gw_bnd_start": 200, "gw_bnd_step": 100, "gw_cut_start": 4, "gw_cut_step": 4, "kpt_bnd_idx": {"@module": "numpy", "@class": "array", "dtype": "int64", "data": [1, 1, 47, 48]}, "gw_bands": 200, "gw_cutoff": 4, "w_conv_grid": [[200, 4, 4.658384], [300, 4, 4.5981309999999995], [400, 4, 4.576205], [400, 8, 4.675364], [400, 8, 4.675364], [400, 12, 4.713626], [400, 12, 4.713626], [400, 16, 4.740241], [400, 16, 4.740241], [400, 20, 4.7538409999999995], [400, 20, 4.7538409999999995], [500, 20, 4.749745], [500, 24, 4.763514], [500, 24, 4.763514]], "pwcutoff": 65, "w_conv_time": [16.72330904006958, 18.37493872642517, 20.80529499053955, 27.158724784851074, 27.160558462142944, 40.83599257469177, 40.838141202926636, 79.73780608177185, 79.74963116645813, 128.01070976257324, 128.01187872886658, 153.77563643455505, 260.383229970932, 260.38487124443054], "w_ngw": 9, "w_z_factor": [{"@module": "numpy", "@class": "array", "dtype": "float64", "data": [[47.0, 0.8, -0.139847], [48.0, 0.82, -0.130326]]}, {"@module": "numpy", "@class": "array", "dtype": "float64", "data": [[47.0, 0.8, -0.131749], [48.0, 0.82, -0.126201]]}, {"@module": "numpy", "@class": "array", "dtype": "float64", "data": [[47.0, 0.8, -0.126892], [48.0, 0.82, -0.126365]]}, {"@module": "numpy", "@class": "array", "dtype": "float64", "data": [[47.0, 0.8, -0.119265], [48.0, 0.82, -0.113608]]}, {"@module": "numpy", "@class": "array", "dtype": "float64", "data": [[47.0, 0.8, -0.122561], [48.0, 0.82, -0.117105]]}, {"@module": "numpy", "@class": "array", "dtype": "float64", "data": [[47.0, 0.8, -0.117021], [48.0, 0.82, -0.116022]]}, {"@module": "numpy", "@class": "array", "dtype": "float64", "data": [[47.0, 0.8, -0.117261], [48.0, 0.82, -0.11536]]}, {"@module": "numpy", "@class": "array", "dtype": "float64", "data": [[47.0, 0.79, -0.125424], [48.0, 0.82, -0.121405]]}, {"@module": "numpy", "@class": "array", "dtype": "float64", "data": [[47.0, 0.79, -0.125425], [48.0, 0.82, -0.121385]]}], "gw_kppa": 10, "gw_kpt_grid": {"@module": "numpy", "@class": "array", "dtype": "int64", "data": [2, 2, 2]}, "conv_list": [[{"kppa": 0}, {"kpt_grid": "1x1x1"}, {"num_kpts": 1}, {"X_bnds": 500.0}, {"G_bnds": 500.0}, {"X_cutoff": 24.0}, {"gamma_gap": 4.763514}, {"num_gw_calc": 9}, {"wall_time": 980}, {"num_cores": 8}, {"z-factor": "None"}], [{"kppa": 0}, {"kpt_grid": "1x1x1"}, {"num_kpts": 1}, {"X_bnds": 200}, {"G_bnds": 200}, {"X_cutoff": 4}, {"gamma_gap": 4}, {"num_gw_calc": 1}, {"wall_time": 17}, {"num_cores": 8}, {"z-factor": "None"}], [{"kppa": 10}, {"kpt_grid": "2x2x2"}, {"num_kpts": 1}, {"X_bnds": 200}, {"G_bnds": 200}, {"X_cutoff": 4}, {"gamma_gap": 4.6589279999999995}, {"num_gw_calc": 2}, {"wall_time": 69}, {"num_cores": 8}, {"z-factor": {"@module": "numpy", "@class": "array", "dtype": "float64", "data": [[47.0, 0.79, -0.16952], [48.0, 0.83, -0.158257]]}}]], "conv_time": 1047.8614349365234}, "gw_band_range_pbe": [1, 52], "gw_conv_lda": {"gw_conv_thr": 0.025, "gw_bnd_start": 200, "gw_bnd_step": 100, "gw_cut_start": 4, "gw_cut_step": 4, "kpt_bnd_idx": {"@module": "numpy", "@class": "array", "dtype": "int64", "data": [1, 1, 47, 48]}, "gw_bands": 200, "gw_cutoff": 4, "w_conv_grid": [[200, 4, 4.906164], [300, 4, 4.83159], [400, 4, 4.800613], [500, 4, 4.7844359999999995], [500, 8, 4.859619], [500, 8, 4.859619], [500, 12, 4.898038000000001], [500, 12, 4.898038000000001], [500, 16, 4.929508], [500, 16, 4.929508], [500, 20, 4.946092], [500, 20, 4.946092], [600, 20, 4.946174], [600, 24, 4.961463], [600, 24, 4.961463]], "pwcutoff": 83, "w_conv_time": [16.332823514938354, 17.931452751159668, 19.277230501174927, 20.82135558128357, 29.2541766166687, 29.255781888961792, 46.14230537414551, 46.14405536651611, 93.40846848487854, 93.41038393974304, 155.0847680568695, 155.0864953994751, 180.95979237556458, 307.64946150779724, 307.6505477428436], "w_ngw": 10, "w_z_factor": [{"@module": "numpy", "@class": "array", "dtype": "float64", "data": [[47.0, 0.79, -0.144434], [48.0, 0.82, -0.138287]]}, {"@module": "numpy", "@class": "array", "dtype": "float64", "data": [[47.0, 0.79, -0.144713], [48.0, 0.82, -0.133639]]}, {"@module": "numpy", "@class": "array", "dtype": "float64", "data": [[47.0, 0.79, -0.116301], [48.0, 0.82, -0.135042]]}, {"@module": "numpy", "@class": "array", "dtype": "float64", "data": [[47.0, 0.8, -0.619431], [48.0, 0.82, -0.158701]]}, {"@module": "numpy", "@class": "array", "dtype": "float64", "data": [[47.0, 0.79, -0.125635], [48.0, 0.81, -0.124797]]}, {"@module": "numpy", "@class": "array", "dtype": "float64", "data": [[47.0, 0.79, -0.139974], [48.0, 0.81, -0.128395]]}, {"@module": "numpy", "@class": "array", "dtype": "float64", "data": [[47.0, 0.79, -0.14067], [48.0, 0.81, -0.128572]]}, {"@module": "numpy", "@class": "array", "dtype": "float64", "data": [[47.0, 0.79, -0.132746], [48.0, 0.81, -0.129669]]}, {"@module": "numpy", "@class": "array", "dtype": "float64", "data": [[47.0, 0.79, -0.123981], [48.0, 0.81, -0.128005]]}, {"@module": "numpy", "@class": "array", "dtype": "float64", "data": [[47.0, 0.78, -0.124506], [48.0, 0.81, -0.128711]]}], "gw_kppa": 10, "gw_kpt_grid": {"@module": "numpy", "@class": "array", "dtype": "int64", "data": [2, 2, 2]}, "conv_list": [[{"kppa": 0}, {"kpt_grid": "1x1x1"}, {"num_kpts": 1}, {"X_bnds": 600.0}, {"G_bnds": 600.0}, {"X_cutoff": 24.0}, {"gamma_gap": 4.961463}, {"num_gw_calc": 10}, {"wall_time": 1204}, {"num_cores": 8}, {"z-factor": "None"}], [{"kppa": 0}, {"kpt_grid": "1x1x1"}, {"num_kpts": 1}, {"X_bnds": 200}, {"G_bnds": 200}, {"X_cutoff": 4}, {"gamma_gap": 4}, {"num_gw_calc": 1}, {"wall_time": 17}, {"num_cores": 8}, {"z-factor": "None"}], [{"kppa": 10}, {"kpt_grid": "2x2x2"}, {"num_kpts": 1}, {"X_bnds": 200}, {"G_bnds": 200}, {"X_cutoff": 4}, {"gamma_gap": 4.905021}, {"num_gw_calc": 2}, {"wall_time": 83}, {"num_cores": 8}, {"z-factor": {"@module": "numpy", "@class": "array", "dtype": "float64", "data": [[47.0, 0.78, -0.176105], [48.0, 0.82, -0.148148]]}}]], "conv_time": 1285.3597438335419}, "gw_band_range_lda": [1, 54], "g0w0_ppa_pbe": {"gw_direct_gap": 4.6955350000000005, "kppa": 280, "kpt_grid": "4x4x4", "num_kpt": 8, "bands_in X": 600, "bands_in_G": 600, "cutoff": 28, "z_factor": [[47.0, 0.79, -0.00140888], [48.0, 0.83, -0.001166]], "scissor": 1.1647370000000001, "ncpu": 32, "calc_time": 29065.003779649734}, "g0w0_ppa_lda": {"gw_direct_gap": 4.864250999999999, "kppa": 280, "kpt_grid": "4x4x4", "num_kpt": 8, "bands_in X": 700, "bands_in_G": 700,