{"@module": "pymatgen.entries.computed_entries", "@class": "ComputedEntry", "energy": 0.0, "composition": {"Cs": 2.0, "Ag": 1.0, "Bi": 1.0, "Br": 6.0}, "entry_id": "291597", "correction": 0.0, "energy_adjustments": [], "parameters": {"id": "291597", "name": "Cs2AgBiBr6", "ibrav": {"celldm(1)": 21.299537890282174, "ibrav": 2}, "vol": 2415.742012492952, "lda_pw_cutoff_Ry": 78, "qe_conv_pbe": {"qe_conv_maxiter": 20, "qe_delta_kppa": 1500, "qe_delta_cutoff": 5, "qe_conv_thresh": 0.00036749325390447133, "qe_conv_steps": [[60, 1500, -333.5005142559906], [65, 1500, -333.5006281307858], [65, 4500, -333.5006291663463]], "qe_conv_time": 124.81727957725525}, "num_elec_pbe": 94.0, "max_mem": 179018.0, "qe_conv_lda": {"qe_conv_maxiter": 20, "qe_delta_kppa": 1500, "qe_delta_cutoff": 5, "qe_conv_thresh": 0.00036749325390447133, "qe_conv_steps": [[78, 1500, -378.8557700857403], [83, 1500, -378.8559035320649], [83, 4500, -378.8559049930505]], "qe_conv_time": 124.81651043891907}, "num_elec_lda": 94.0, "bg_conv_pbe": {"bg_conv_maxiter": 20, "bg_delta_kppa": 1500, "bg_delta_cutoff": 5, "bg_conv_thresh": 0.025, "bg_conv_steps": [[65, 4500, 1.3015315895068282], [65, 7500, 1.3015314573884302]], "bg_conv_time": 124.27794480323792}, "indirect_gap_pbe": 1.3015319637752765, "bg_conv_lda": {"bg_conv_maxiter": 20, "bg_delta_kppa": 1500, "bg_delta_cutoff": 5, "bg_conv_thresh": 0.025, "bg_conv_steps": [[83, 4500, 1.1257202763076317], [83, 7500, 1.1257200536916534]], "bg_conv_time": 125.51394438743591}, "indirect_gap_lda": 1.125719240773411, "gw_conv_pbe": {"gw_conv_thr": 0.025, "gw_bnd_start": 200, "gw_bnd_step": 100, "gw_cut_start": 4, "gw_cut_step": 4, "kpt_bnd_idx": {"@module": "numpy", "@class": "array", "dtype": "int64", "data": [1, 1, 47, 48]}, "gw_bands": 200, "gw_cutoff": 4, "w_conv_grid": [[200, 4, 3.824468], [300, 4, 3.777724], [400, 4, 3.761953], [400, 8, 3.8496040000000002], [400, 8, 3.8496040000000002], [400, 12, 3.886895], [400, 12, 3.886895], [400, 16, 3.9032620000000002], [400, 16, 3.9032620000000002], [500, 16, 3.905078], [500, 20, 3.9172599999999997], [500, 20, 3.9172599999999997]], "pwcutoff": 65, "w_conv_time": [11.760640621185303, 12.799625158309937, 13.972255229949951, 20.303611278533936, 20.30477023124695, 38.15391683578491, 38.154587507247925, 72.10004925727844, 72.10215306282043, 92.0472662448883, 160.51288318634033, 160.51432585716248], "w_ngw": 8, "w_z_factor": [{"@module": "numpy", "@class": "array", "dtype": "float64", "data": [[47.0, 0.8, -0.149221], [48.0, 0.82, -0.137853]]}, {"@module": "numpy", "@class": "array", "dtype": "float64", "data": [[47.0, 0.8, -0.124882], [48.0, 0.82, -0.130955]]}, {"@module": "numpy", "@class": "array", "dtype": "float64", "data": [[47.0, 0.8, -0.139858], [48.0, 0.82, -0.130804]]}, {"@module": "numpy", "@class": "array", "dtype": "float64", "data": [[47.0, 0.79, -0.144891], [48.0, 0.81, -0.131532]]}, {"@module": "numpy", "@class": "array", "dtype": "float64", "data": [[47.0, 0.79, -0.139473], [48.0, 0.81, -0.131769]]}, {"@module": "numpy", "@class": "array", "dtype": "float64", "data": [[47.0, 0.79, -0.135812], [48.0, 0.81, -0.133415]]}, {"@module": "numpy", "@class": "array", "dtype": "float64", "data": [[47.0, 0.79, -0.142839], [48.0, 0.81, -0.131835]]}, {"@module": "numpy", "@class": "array", "dtype": "float64", "data": [[47.0, 0.79, -0.142885], [48.0, 0.81, -0.125607]]}], "gw_kppa": 1260, "gw_kpt_grid": {"@module": "numpy", "@class": "array", "dtype": "int64", "data": [6, 6, 6]}, "conv_list": [[{"kppa": 0}, {"kpt_grid": "1x1x1"}, {"num_kpts": 1}, {"X_bnds": 500.0}, {"G_bnds": 500.0}, {"X_cutoff": 20.0}, {"gamma_gap": 3.9172599999999997}, {"num_gw_calc": 8}, {"wall_time": 645}, {"num_cores": 8}, {"z-factor": "None"}], [{"kppa": 0}, {"kpt_grid": "1x1x1"}, {"num_kpts": 1}, {"X_bnds": 200}, {"G_bnds": 200}, {"X_cutoff": 4}, {"gamma_gap": 4}, {"num_gw_calc": 1}, {"wall_time": 12}, {"num_cores": 8}, {"z-factor": "None"}], [{"kppa": 10}, {"kpt_grid": "2x2x2"}, {"num_kpts": 1}, {"X_bnds": 200}, {"G_bnds": 200}, {"X_cutoff": 4}, {"gamma_gap": 3.85018}, {"num_gw_calc": 2}, {"wall_time": 66}, {"num_cores": 8}, {"z-factor": {"@module": "numpy", "@class": "array", "dtype": "float64", "data": [[47.0, 0.8, -0.146877], [48.0, 0.82, -0.137548]]}}], [{"kppa": 280}, {"kpt_grid": "4x4x4"}, {"num_kpts": 1}, {"X_bnds": 200}, {"G_bnds": 200}, {"X_cutoff": 4}, {"gamma_gap": 3.782644}, {"num_gw_calc": 3}, {"wall_time": 511}, {"num_cores": 8}, {"z-factor": {"@module": "numpy", "@class": "array", "dtype": "float64", "data": [[47.0, 0.8, -0.158303], [48.0, 0.82, -0.965221]]}}], [{"kppa": 1260}, {"kpt_grid": "6x6x6"}, {"num_kpts": 1}, {"X_bnds": 200}, {"G_bnds": 200}, {"X_cutoff": 4}, {"gamma_gap": 3.777859}, {"num_gw_calc": 4}, {"wall_time": 969}, {"num_cores": 32}, {"z-factor": {"@module": "numpy", "@class": "array", "dtype": "float64", "data": [[47.0, 0.79, -0.158973], [48.0, 0.82, -0.125195]]}}]], "conv_time": 2189.6607837677}, "gw_band_range_pbe": [1, 52], "gw_conv_lda": {"gw_conv_thr": 0.025, "gw_bnd_start": 200, "gw_bnd_step": 100, "gw_cut_start": 4, "gw_cut_step": 4, "kpt_bnd_idx": {"@module": "numpy", "@class": "array", "dtype": "int64", "data": [1, 1, 47, 48]}, "gw_bands": 200, "gw_cutoff": 4, "w_conv_grid": [[200, 4, 4.097611], [300, 4, 4.027319], [400, 4, 4.006522], [400, 8, 4.064482], [400, 8, 4.064482], [400, 12, 4.1030619999999995], [400, 12, 4.1030619999999995], [400, 16, 4.122127], [400, 16, 4.122127]], "pwcutoff": 83, "w_conv_time": [15.918859720230103, 17.32498526573181, 19.011061429977417, 26.22767734527588, 26.228479862213135, 44.250930070877075, 44.25957536697388, 79.10075187683105, 79.10157585144043], "w_ngw": 6, "w_z_factor": [{"@module": "numpy", "@class": "array", "dtype": "float64", "data": [[47.0, 0.79, -0.153118], [48.0, 0.81, -0.143205]]}, {"@module": "numpy", "@class": "array", "dtype": "float64", "data": [[47.0, 0.79, -0.147682], [48.0, 0.81, -0.13027]]}, {"@module": "numpy", "@class": "array", "dtype": "float64", "data": [[47.0, 0.79, -0.991371], [48.0, 0.81, -0.117909]]}, {"@module": "numpy", "@class": "array", "dtype": "float64", "data": [[47.0, 0.79, -0.147718], [48.0, 0.81, -0.131717]]}, {"@module": "numpy", "@class": "array", "dtype": "float64", "data": [[47.0, 0.79, -0.135895], [48.0, 0.81, -0.123572]]}, {"@module": "numpy", "@class": "array", "dtype": "float64", "data": [[47.0, 0.79, -0.108684], [48.0, 0.81, -0.114268]]}], "gw_kppa": 10, "gw_kpt_grid": {"@module": "numpy", "@class": "array", "dtype": "int64", "data": [2, 2, 2]}, "conv_list": [[{"kppa": 0}, {"kpt_grid": "1x1x1"}, {"num_kpts": 1}, {"X_bnds": 400.0}, {"G_bnds": 400.0}, {"X_cutoff": 16.0}, {"gamma_gap": 4.122127}, {"num_gw_calc": 6}, {"wall_time": 466}, {"num_cores": 8}, {"z-factor": "None"}], [{"kppa": 0}, {"kpt_grid": "1x1x1"}, {"num_kpts": 1}, {"X_bnds": 200}, {"G_bnds": 200}, {"X_cutoff": 4}, {"gamma_gap": 4}, {"num_gw_calc": 1}, {"wall_time": 16}, {"num_cores": 8}, {"z-factor": "None"}], [{"kppa": 10}, {"kpt_grid": "2x2x2"}, {"num_kpts": 1}, {"X_bnds": 200}, {"G_bnds": 200}, {"X_cutoff": 4}, {"gamma_gap": 4.076993}, {"num_gw_calc": 2}, {"wall_time": 99}, {"num_cores": 8}, {"z-factor": {"@module": "numpy", "@class": "array", "dtype": "float64", "data": [[47.0, 0.79, -0.206647], [48.0, 0.77, -0.71774]]}}]], "conv_time": 563.6197428703308}, "gw_band_range_lda": [1, 52], "g0w0_ppa_pbe": {"gw_direct_gap": 3.872881, "kppa": 3440, "kpt_grid": "8x8x8", "num_kpt": 29, "bands_in X": 600, "bands_in_G": 600, "cutoff": 24, "z_factor": [[47.0, 0.79, -0.00150583], [48.0, 0.82, -0.0016734]], "scissor": 0.797663, "ncpu": 32, "calc_time": 395531.3163969517}, "g0w0_ppa_lda": {"gw_direct_gap": 4.0463059999999995, "kppa": 280, "kpt_grid": "4x4x4", "num_kpt": 8, "bands_in X": 500, "bands_in_G": 500, "cutoff": 20, "z_factor": [[47.0, 0.78, -0.00149612], [48.0, 0.82, -0.00130951]], "scissor": 1.149475, "ncpu": 32, "calc_time": 11465.703942775726}}, "data": {}}