{"@module": "pymatgen.entries.computed_entries", "@class": "ComputedEntry", "energy": 0.0, "composition": {"Cd": 1.0, "Ga": 2.0, "Se": 4.0}, "entry_id": "30908", "correction": 0.0, "energy_adjustments": [], "parameters": {"id": "30908", "name": "Cd(GaSe2)2", "ibrav": {"celldm(1)": 10.85269718601169, "ibrav": 7, "celldm(3)": 1.8728887341110918}, "vol": 1197.0024459575725, "lda_pw_cutoff_Ry": 94, "qe_conv_pbe": {"qe_conv_maxiter": 20, "qe_delta_kppa": 1500, "qe_delta_cutoff": 5, "qe_conv_thresh": 0.0002572452777331299, "qe_conv_steps": [[60, 1500, -324.699356498316], [65, 1500, -324.7001219143765], [70, 1500, -324.7014784154354], [75, 1500, -324.7035097527926], [80, 1500, -324.7047421257466], [85, 1500, -324.7050402114581], [90, 1500, -324.7050667314389], [90, 3000, -324.705071505964]], "qe_conv_time": 313.18755865097046}, "num_elec_pbe": 70.0, "max_mem": 506115.0, "qe_conv_lda": {"qe_conv_maxiter": 20, "qe_delta_kppa": 1500, "qe_delta_cutoff": 5, "qe_conv_thresh": 0.0002572452777331299, "qe_conv_steps": [[94, 1500, -812.8326921670533], [99, 1500, -812.8328982376113], [99, 3000, -812.8329057338572]], "qe_conv_time": 265.06099486351013}, "num_elec_lda": 110.0, "bg_conv_pbe": {"bg_conv_maxiter": 20, "bg_delta_kppa": 1500, "bg_delta_cutoff": 5, "bg_conv_thresh": 0.025, "bg_conv_steps": [[90, 3000, 1.5069409258730808], [90, 6000, 1.5069371807780523]], "bg_conv_time": 170.0429744720459}, "indirect_gap_pbe": 1.50693921293738, "bg_conv_lda": {"bg_conv_maxiter": 20, "bg_delta_kppa": 1500, "bg_delta_cutoff": 5, "bg_conv_thresh": 0.025, "bg_conv_steps": [[99, 3000, 1.2700573593688156], [99, 6000, 1.2700647057032401]], "bg_conv_time": 314.44216752052307}, "indirect_gap_lda": 1.2700570903046042, "gw_conv_pbe": {"gw_conv_thr": 0.025, "gw_bnd_start": 200, "gw_bnd_step": 100, "gw_cut_start": 4, "gw_cut_step": 4, "kpt_bnd_idx": {"@module": "numpy", "@class": "array", "dtype": "int64", "data": [1, 1, 35, 36]}, "gw_bands": 200, "gw_cutoff": 4, "w_conv_grid": [[200, 4, 1.536694], [300, 4, 1.5213649999999999], [300, 8, 1.637769], [300, 8, 1.637769], [300, 12, 1.662875], [300, 12, 1.662875], [300, 16, 1.6707359999999998], [300, 16, 1.6707359999999998], [400, 16, 1.679526], [400, 20, 1.682731], [400, 20, 1.682731]], "pwcutoff": 90, "w_conv_time": [14.366308450698853, 15.183233261108398, 17.476994037628174, 17.47925567626953, 23.754183530807495, 23.756549835205078, 39.07363319396973, 39.07533359527588, 45.14358448982239, 73.47351551055908, 73.47521424293518], "w_ngw": 7, "w_z_factor": [{"@module": "numpy", "@class": "array", "dtype": "float64", "data": [[35.0, 0.78, -0.153948], [36.0, 0.79, -0.150842]]}, {"@module": "numpy", "@class": "array", "dtype": "float64", "data": [[35.0, 0.78, -0.152222], [36.0, 0.79, -0.148521]]}, {"@module": "numpy", "@class": "array", "dtype": "float64", "data": [[35.0, 0.78, -0.153221], [36.0, 0.79, -0.149041]]}, {"@module": "numpy", "@class": "array", "dtype": "float64", "data": [[35.0, 0.78, -0.152779], [36.0, 0.79, -0.149107]]}, {"@module": "numpy", "@class": "array", "dtype": "float64", "data": [[35.0, 0.78, -0.152753], [36.0, 0.79, -0.149137]]}, {"@module": "numpy", "@class": "array", "dtype": "float64", "data": [[35.0, 0.78, -0.152185], [36.0, 0.79, -0.148137]]}, {"@module": "numpy", "@class": "array", "dtype": "float64", "data": [[35.0, 0.78, -0.152185], [36.0, 0.79, -0.148155]]}], "gw_kppa": 880, "gw_kpt_grid": {"@module": "numpy", "@class": "array", "dtype": "int64", "data": [6, 6, 6]}, "conv_list": [[{"kppa": 0}, {"kpt_grid": "1x1x1"}, {"num_kpts": 1}, {"X_bnds": 400.0}, {"G_bnds": 400.0}, {"X_cutoff": 20.0}, {"gamma_gap": 1.682731}, {"num_gw_calc": 7}, {"wall_time": 535}, {"num_cores": 8}, {"z-factor": "None"}], [{"kppa": 0}, {"kpt_grid": "1x1x1"}, {"num_kpts": 1}, {"X_bnds": 200}, {"G_bnds": 200}, {"X_cutoff": 4}, {"gamma_gap": 8}, {"num_gw_calc": 1}, {"wall_time": 15}, {"num_cores": 8}, {"z-factor": "None"}], [{"kppa": 10}, {"kpt_grid": "2x2x2"}, {"num_kpts": 1}, {"X_bnds": 200}, {"G_bnds": 200}, {"X_cutoff": 4}, {"gamma_gap": 1.9752779999999999}, {"num_gw_calc": 2}, {"wall_time": 61}, {"num_cores": 8}, {"z-factor": {"@module": "numpy", "@class": "array", "dtype": "float64", "data": [[35.0, 0.79, -0.146497], [36.0, 0.81, -0.138444]]}}], [{"kppa": 190}, {"kpt_grid": "4x4x4"}, {"num_kpts": 1}, {"X_bnds": 200}, {"G_bnds": 200}, {"X_cutoff": 4}, {"gamma_gap": 2.069293}, {"num_gw_calc": 3}, {"wall_time": 812}, {"num_cores": 8}, {"z-factor": {"@module": "numpy", "@class": "array", "dtype": "float64", "data": [[35.0, 0.8, -0.14228], [36.0, 0.81, -0.130781]]}}], [{"kppa": 880}, {"kpt_grid": "6x6x6"}, {"num_kpts": 1}, {"X_bnds": 200}, {"G_bnds": 200}, {"X_cutoff": 4}, {"gamma_gap": 2.0665120000000003}, {"num_gw_calc": 4}, {"wall_time": 1798}, {"num_cores": 32}, {"z-factor": {"@module": "numpy", "@class": "array", "dtype": "float64", "data": [[35.0, 0.8, -0.142572], [36.0, 0.81, -0.130284]]}}]], "conv_time": 3203.994219303131}, "gw_band_range_pbe": [1, 42], "gw_conv_lda": {"gw_conv_thr": 0.025, "gw_bnd_start": 200, "gw_bnd_step": 100, "gw_cut_start": 4, "gw_cut_step": 4, "kpt_bnd_idx": {"@module": "numpy", "@class": "array", "dtype": "int64", "data": [1, 1, 55, 56]}, "gw_bands": 200, "gw_cutoff": 4, "w_conv_grid": [[200, 4, 1.930168], [300, 4, 1.902063], [400, 4, 1.8898130000000002], [400, 8, 1.976649], [400, 8, 1.976649], [400, 12, 2.001507], [400, 12, 2.001507], [500, 12, 1.997593], [500, 16, 2.010388], [500, 16, 2.010388]], "pwcutoff": 99, "w_conv_time": [14.937569856643677, 15.807785272598267, 16.662004947662354, 19.745979070663452, 19.747499465942383, 28.16979742050171, 28.170693397521973, 30.995091915130615, 57.355818033218384, 57.35762429237366], "w_ngw": 7, "w_z_factor": [{"@module": "numpy", "@class": "array", "dtype": "float64", "data": [[55.0, 0.78, -0.149625], [56.0, 0.79, -0.147901]]}, {"@module": "numpy", "@class": "array", "dtype": "float64", "data": [[55.0, 0.78, -0.147275], [56.0, 0.79, -0.145048]]}, {"@module": "numpy", "@class": "array", "dtype": "float64", "data": [[55.0, 0.79, -0.145597], [56.0, 0.79, -0.143458]]}, {"@module": "numpy", "@class": "array", "dtype": "float64", "data": [[55.0, 0.78, -0.145578], [56.0, 0.79, -0.143797]]}, {"@module": "numpy", "@class": "array", "dtype": "float64", "data": [[55.0, 0.78, -0.14548], [56.0, 0.79, -0.143784]]}, {"@module": "numpy", "@class": "array", "dtype": "float64", "data": [[55.0, 0.78, -0.146225], [56.0, 0.79, -0.143645]]}, {"@module": "numpy", "@class": "array", "dtype": "float64", "data": [[55.0, 0.78, -0.146863], [56.0, 0.79, -0.144255]]}], "gw_kppa": 880, "gw_kpt_grid": {"@module": "numpy", "@class": "array", "dtype": "int64", "data": [6, 6, 6]}, "conv_list": [[{"kppa": 0}, {"kpt_grid": "1x1x1"}, {"num_kpts": 1}, {"X_bnds": 500.0}, {"G_bnds": 500.0}, {"X_cutoff": 16.0}, {"gamma_gap": 2.010388}, {"num_gw_calc": 7}, {"wall_time": 907}, {"num_cores": 8}, {"z-factor": "None"}], [{"kppa": 0}, {"kpt_grid": "1x1x1"}, {"num_kpts": 1}, {"X_bnds": 200}, {"G_bnds": 200}, {"X_cutoff": 4}, {"gamma_gap": 4}, {"num_gw_calc": 1}, {"wall_time": 15}, {"num_cores": 8}, {"z-factor": "None"}], [{"kppa": 10}, {"kpt_grid": "2x2x2"}, {"num_kpts": 1}, {"X_bnds": 200}, {"G_bnds": 200}, {"X_cutoff": 4}, {"gamma_gap": 2.33607}, {"num_gw_calc": 2}, {"wall_time": 84}, {"num_cores": 8}, {"z-factor": {"@module": "numpy", "@class": "array", "dtype": "float64", "data": [[55.0, 0.79, -0.14669], [56.0, 0.81, -0.140036]]}}], [{"kppa": 190}, {"kpt_grid": "4x4x4"}, {"num_kpts": 1}, {"X_bnds": 200}, {"G_bnds": 200}, {"X_cutoff": 4}, {"gamma_gap": 2.443849}, {"num_gw_calc": 3}, {"wall_time": 1206}, {"num_cores": 8}, {"z-factor": {"@module": "numpy", "@class": "array", "dtype": "float64", "data": [[55.0, 0.8, -0.142531], [56.0, 0.81, -0.131986]]}}], [{"kppa": 880}, {"kpt_grid": "6x6x6"}, {"num_kpts": 1}, {"X_bnds": 200}, {"G_bnds": 200}, {"X_cutoff": 4}, {"gamma_gap": 2.441859}, {"num_gw_calc": 4}, {"wall_time": 2636}, {"num_cores": 32}, {"z-factor": {"@module": "numpy", "@class": "array", "dtype": "float64",