{"@module": "pymatgen.entries.computed_entries", "@class": "ComputedEntry", "energy": 0.0, "composition": {"Al": 4.0, "O": 6.0}, "entry_id": "31545", "correction": 0.0, "energy_adjustments": [], "parameters": {"id": "31545", "name": "Al2O3", "ibrav": {"celldm(1)": 9.703942947193624, "ibrav": 5, "celldm(4)": 0.5696569641910622}, "vol": 575.1706837305987, "lda_pw_cutoff_Ry": 60, "qe_conv_pbe": {"qe_conv_maxiter": 20, "qe_delta_kppa": 1500, "qe_delta_cutoff": 5, "qe_conv_thresh": 0.00036749325390447133, "qe_conv_steps": [[60, 1500, -373.2762172233429], [65, 1500, -373.3110216645098], [70, 1500, -373.3271213109077], [75, 1500, -373.3337214722457], [80, 1500, -373.3359372973416], [85, 1500, -373.3364897707941], [90, 1500, -373.3365602090366], [90, 4500, -373.3365602933156]], "qe_conv_time": 109.18412256240845}, "num_elec_pbe": 80.0, "max_mem": 116616.0, "qe_conv_lda": {"qe_conv_maxiter": 20, "qe_delta_kppa": 1500, "qe_delta_cutoff": 5, "qe_conv_thresh": 0.00036749325390447133, "qe_conv_steps": [[60, 1500, -109.168491052547], [65, 1500, -109.1858535149697], [70, 1500, -109.1929170511158], [75, 1500, -109.1954701546478], [80, 1500, -109.1962574281066], [85, 1500, -109.1964446827881], [85, 4500, -109.1964445149674]], "qe_conv_time": 60.99804353713989}, "num_elec_lda": 48.00000000000001, "bg_conv_pbe": {"bg_conv_maxiter": 20, "bg_delta_kppa": 1500, "bg_delta_cutoff": 5, "bg_conv_thresh": 0.025, "bg_conv_steps": [[90, 4500, 6.227807367947781], [90, 7500, 6.227808876855478]], "bg_conv_time": 57.20417094230652}, "indirect_gap_pbe": 6.22780719195121, "bg_conv_lda": {"bg_conv_maxiter": 20, "bg_delta_kppa": 1500, "bg_delta_cutoff": 5, "bg_conv_thresh": 0.025, "bg_conv_steps": [[85, 4500, 6.177244830636076], [85, 7500, 6.177252594856572]], "bg_conv_time": 32.13214135169983}, "indirect_gap_lda": 6.177244822424925, "gw_conv_pbe": {"gw_conv_thr": 0.025, "gw_bnd_start": 200, "gw_bnd_step": 100, "gw_cut_start": 4, "gw_cut_step": 4, "kpt_bnd_idx": {"@module": "numpy", "@class": "array", "dtype": "int64", "data": [1, 1, 40, 41]}, "gw_bands": 200, "gw_cutoff": 4, "w_conv_grid": [[200, 4, 7.798263], [300, 4, 7.755871999999999], [400, 4, 7.740155], [400, 8, 8.013786], [400, 8, 8.013786], [400, 12, 8.167577], [400, 12, 8.167577], [400, 16, 8.243184], [400, 16, 8.243184], [400, 20, 8.271567], [400, 20, 8.271567], [400, 24, 8.282595], [400, 24, 8.282595], [500, 24, 8.284796], [500, 28, 8.294056999999999], [500, 28, 8.294056999999999]], "pwcutoff": 90, "w_conv_time": [11.069123029708862, 11.21097469329834, 10.823116540908813, 12.238712310791016, 12.240205764770508, 13.331176280975342, 13.332720518112183, 15.907279253005981, 15.909168720245361, 19.852267026901245, 19.85291290283203, 26.065876960754395, 26.066533088684082, 27.75816774368286, 38.229328870773315, 38.22998118400574], "w_ngw": 10, "w_z_factor": [{"@module": "numpy", "@class": "array", "dtype": "float64", "data": [[40.0, 0.82, -0.1005], [41.0, 0.84, -0.861208]]}, {"@module": "numpy", "@class": "array", "dtype": "float64", "data": [[40.0, 0.82, -0.969568], [41.0, 0.84, -0.849972]]}, {"@module": "numpy", "@class": "array", "dtype": "float64", "data": [[40.0, 0.82, -0.979466], [41.0, 0.84, -0.845285]]}, {"@module": "numpy", "@class": "array", "dtype": "float64", "data": [[40.0, 0.81, -0.933786], [41.0, 0.84, -0.839908]]}, {"@module": "numpy", "@class": "array", "dtype": "float64", "data": [[40.0, 0.8, -0.905652], [41.0, 0.83, -0.843425]]}, {"@module": "numpy", "@class": "array", "dtype": "float64", "data": [[40.0, 0.8, -0.955974], [41.0, 0.83, -0.839984]]}, {"@module": "numpy", "@class": "array", "dtype": "float64", "data": [[40.0, 0.8, -0.97085], [41.0, 0.83, -0.850591]]}, {"@module": "numpy", "@class": "array", "dtype": "float64", "data": [[40.0, 0.8, -0.983313], [41.0, 0.83, -0.851575]]}, {"@module": "numpy", "@class": "array", "dtype": "float64", "data": [[40.0, 0.8, -0.980039], [41.0, 0.83, -0.849393]]}, {"@module": "numpy", "@class": "array", "dtype": "float64", "data": [[40.0, 0.8, -0.981014], [41.0, 0.83, -0.84861]]}], "gw_kppa": 1260, "gw_kpt_grid": {"@module": "numpy", "@class": "array", "dtype": "int64", "data": [6, 6, 6]}, "conv_list": [[{"kppa": 0}, {"kpt_grid": "1x1x1"}, {"num_kpts": 1}, {"X_bnds": 500.0}, {"G_bnds": 500.0}, {"X_cutoff": 28.0}, {"gamma_gap": 8.294056999999999}, {"num_gw_calc": 10}, {"wall_time": 317}, {"num_cores": 8}, {"z-factor": "None"}], [{"kppa": 0}, {"kpt_grid": "1x1x1"}, {"num_kpts": 1}, {"X_bnds": 200}, {"G_bnds": 200}, {"X_cutoff": 4}, {"gamma_gap": 4}, {"num_gw_calc": 1}, {"wall_time": 12}, {"num_cores": 8}, {"z-factor": "None"}], [{"kppa": 10}, {"kpt_grid": "2x2x2"}, {"num_kpts": 1}, {"X_bnds": 200}, {"G_bnds": 200}, {"X_cutoff": 4}, {"gamma_gap": 8.250525}, {"num_gw_calc": 2}, {"wall_time": 30}, {"num_cores": 8}, {"z-factor": {"@module": "numpy", "@class": "array", "dtype": "float64", "data": [[40.0, 0.83, -0.857615], [41.0, 0.86, -0.679863]]}}], [{"kppa": 280}, {"kpt_grid": "4x4x4"}, {"num_kpts": 1}, {"X_bnds": 200}, {"G_bnds": 200}, {"X_cutoff": 4}, {"gamma_gap": 8.225396}, {"num_gw_calc": 3}, {"wall_time": 247}, {"num_cores": 8}, {"z-factor": {"@module": "numpy", "@class": "array", "dtype": "float64", "data": [[40.0, 0.83, -0.85288], [41.0, 0.86, -0.667987]]}}], [{"kppa": 1260}, {"kpt_grid": "6x6x6"}, {"num_kpts": 1}, {"X_bnds": 200}, {"G_bnds": 200}, {"X_cutoff": 4}, {"gamma_gap": 8.220683}, {"num_gw_calc": 4}, {"wall_time": 604}, {"num_cores": 32}, {"z-factor": {"@module": "numpy", "@class": "array", "dtype": "float64", "data": [[40.0, 0.83, -0.86468], [41.0, 0.86, -0.669637]]}}]], "conv_time": 1196.0409352779388}, "gw_band_range_pbe": [1, 43], "gw_conv_lda": {"gw_conv_thr": 0.025, "gw_bnd_start": 200, "gw_bnd_step": 100, "gw_cut_start": 4, "gw_cut_step": 4, "kpt_bnd_idx": {"@module": "numpy", "@class": "array", "dtype": "int64", "data": [1, 1, 24, 25]}, "gw_bands": 200, "gw_cutoff": 4, "w_conv_grid": [[200, 4, 8.039814], [300, 4, 8.022763], [300, 8, 8.326783], [300, 8, 8.326783], [300, 12, 8.464162], [300, 12, 8.464162], [300, 16, 8.532623999999998], [300, 16, 8.532623999999998], [300, 20, 8.565278], [300, 20, 8.565278], [300, 24, 8.574943000000001], [300, 24, 8.574943000000001], [400, 24, 8.577072999999999], [400, 28, 8.588386], [400, 28, 8.588386]], "pwcutoff": 85, "w_conv_time": [10.96967363357544, 10.983510494232178, 11.35402250289917, 11.354997396469116, 12.198970556259155, 12.199760437011719, 14.23842191696167, 14.240352153778076, 18.204450130462646, 18.205897331237793, 21.80361008644104, 21.80500292778015, 25.104877471923828, 30.905027866363525, 30.906519889831543], "w_ngw": 9, "w_z_factor": [{"@module": "numpy", "@class": "array", "dtype": "float64", "data": [[24.0, 0.81, -0.10949], [25.0, 0.84, -0.934295]]}, {"@module": "numpy", "@class": "array", "dtype": "float64", "data": [[24.0, 0.81, -0.106764], [25.0, 0.84, -0.9312]]}, {"@module": "numpy", "@class": "array", "dtype": "float64", "data": [[24.0, 0.8, -0.112209], [25.0, 0.83, -0.928794]]}, {"@module": "numpy", "@class": "array", "dtype": "float64", "data": [[24.0, 0.8, -0.100345], [25.0, 0.83, -0.918588]]}, {"@module": "numpy", "@class": "array", "dtype": "float64", "data": [[24.0, 0.8, -0.101953], [25.0, 0.83, -0.92351]]}, {"@module": "numpy", "@class": "array", "dtype": "float64", "data": [[24.0, 0.8, -0.101147], [25.0, 0.83, -0.921559]]}, {"@module": "numpy", "@class": "array", "dtype": "float64", "data": [[24.0, 0.8, -0.103384], [25.0, 0.83, -0.925185]]}, {"@module": "numpy", "@class": "array", "dtype": "float64", "data": [[24.0, 0.79, -0.102769], [25.0, 0.83, -0.923983]]}, {"@module": "numpy", "@class": "array", "dtype": "float64", "data": [[24.0, 0.79, -0.103187], [25.0, 0.83, -0.924683]]}], "gw_kppa": 1260, "gw_kpt_grid": {"@module": "numpy", "@class": "array", "dtype": "int64", "data": [6, 6, 6]},