{"@module": "pymatgen.entries.computed_entries", "@class": "ComputedEntry", "energy": 0.0, "composition": {"Cu": 1.0, "I": 1.0}, "entry_id": "33724", "correction": 0.0, "energy_adjustments": [], "parameters": {"id": "33724", "name": "CuI", "ibrav": {"celldm(1)": 11.402040573087014, "ibrav": 2}, "vol": 370.5849302625899, "lda_pw_cutoff_Ry": 76, "qe_conv_pbe": {"qe_conv_maxiter": 20, "qe_delta_kppa": 1500, "qe_delta_cutoff": 5, "qe_conv_thresh": 7.349865078089427e-05, "qe_conv_steps": [[60, 1500, -281.9155073384298], [65, 1500, -281.9450949413044], [70, 1500, -281.9542831933351], [75, 1500, -281.9564618547355], [80, 1500, -281.9567815111743], [85, 1500, -281.9568032864078], [85, 3000, -281.9568044896204]], "qe_conv_time": 47.8897705078125}, "num_elec_pbe": 36.0, "max_mem": 68329.0, "qe_conv_lda": {"qe_conv_maxiter": 20, "qe_delta_kppa": 1500, "qe_delta_cutoff": 5, "qe_conv_thresh": 7.349865078089427e-05, "qe_conv_steps": [[76, 1500, -202.4714159573072], [81, 1500, -202.4739074687494], [86, 1500, -202.4744998467856], [91, 1500, -202.4745992755456], [96, 1500, -202.4746097323708], [96, 3000, -202.4746117384906]], "qe_conv_time": 36.848031759262085}, "num_elec_lda": 26.0, "bg_conv_pbe": {"bg_conv_maxiter": 20, "bg_delta_kppa": 1500, "bg_delta_cutoff": 5, "bg_conv_thresh": 0.025, "bg_conv_steps": [[85, 3000, 1.2307887146149645], [85, 4500, 1.2308085021396409]], "bg_conv_time": 17.231041431427002}, "indirect_gap_pbe": 1.2307887146149645, "bg_conv_lda": {"bg_conv_maxiter": 20, "bg_delta_kppa": 1500, "bg_delta_cutoff": 5, "bg_conv_thresh": 0.025, "bg_conv_steps": [[96, 3000, 0.9460621368015971], [96, 4500, 0.9460119224839275]], "bg_conv_time": 16.35826563835144}, "indirect_gap_lda": 0.9460621368015971, "gw_conv_pbe": {"gw_conv_thr": 0.025, "gw_bnd_start": 200, "gw_bnd_step": 100, "gw_cut_start": 4, "gw_cut_step": 4, "kpt_bnd_idx": {"@module": "numpy", "@class": "array", "dtype": "int64", "data": [1, 1, 18, 19]}, "gw_bands": 200, "gw_cutoff": 4, "w_conv_grid": [[200, 4, 1.5191279999999998], [300, 4, 1.503329], [300, 8, 1.411247], [300, 8, 1.411247], [300, 12, 1.425055], [300, 12, 1.425055], [400, 12, 1.410022], [400, 16, 1.42734], [400, 16, 1.42734]], "pwcutoff": 85, "w_conv_time": [11.192673206329346, 11.298435688018799, 11.505236387252808, 11.507063388824463, 11.480063676834106, 11.481510639190674, 12.06194257736206, 13.50705599784851, 13.509020805358887], "w_ngw": 6, "w_z_factor": [{"@module": "numpy", "@class": "array", "dtype": "float64", "data": [[18.0, 0.78, -0.124395], [19.0, 0.81, -0.110194]]}, {"@module": "numpy", "@class": "array", "dtype": "float64", "data": [[18.0, 0.78, -0.123219], [19.0, 0.81, -0.109837]]}, {"@module": "numpy", "@class": "array", "dtype": "float64", "data": [[18.0, 0.77, -0.128161], [19.0, 0.81, -0.109775]]}, {"@module": "numpy", "@class": "array", "dtype": "float64", "data": [[18.0, 0.77, -0.144091], [19.0, 0.81, -0.109527]]}, {"@module": "numpy", "@class": "array", "dtype": "float64", "data": [[18.0, 0.77, -0.124581], [19.0, 0.81, -0.109632]]}, {"@module": "numpy", "@class": "array", "dtype": "float64", "data": [[18.0, 0.77, -0.124575], [19.0, 0.81, -0.109471]]}], "gw_kppa": 260, "gw_kpt_grid": {"@module": "numpy", "@class": "array", "dtype": "int64", "data": [6, 6, 6]}, "conv_list": [[{"kppa": 0}, {"kpt_grid": "1x1x1"}, {"num_kpts": 1}, {"X_bnds": 400.0}, {"G_bnds": 400.0}, {"X_cutoff": 16.0}, {"gamma_gap": 1.42734}, {"num_gw_calc": 6}, {"wall_time": 155}, {"num_cores": 8}, {"z-factor": "None"}], [{"kppa": 0}, {"kpt_grid": "1x1x1"}, {"num_kpts": 1}, {"X_bnds": 200}, {"G_bnds": 200}, {"X_cutoff": 4}, {"gamma_gap": 8}, {"num_gw_calc": 1}, {"wall_time": 12}, {"num_cores": 8}, {"z-factor": "None"}], [{"kppa": 10}, {"kpt_grid": "2x2x2"}, {"num_kpts": 1}, {"X_bnds": 200}, {"G_bnds": 200}, {"X_cutoff": 4}, {"gamma_gap": 2.122724}, {"num_gw_calc": 2}, {"wall_time": 21}, {"num_cores": 8}, {"z-factor": {"@module": "numpy", "@class": "array", "dtype": "float64", "data": [[18.0, 0.77, -0.147351], [19.0, 0.81, -0.128876]]}}], [{"kppa": 60}, {"kpt_grid": "4x4x4"}, {"num_kpts": 1}, {"X_bnds": 200}, {"G_bnds": 200}, {"X_cutoff": 4}, {"gamma_gap": 2.433623}, {"num_gw_calc": 3}, {"wall_time": 64}, {"num_cores": 8}, {"z-factor": {"@module": "numpy", "@class": "array", "dtype": "float64", "data": [[18.0, 0.78, -0.142482], [19.0, 0.82, -0.121001]]}}], [{"kppa": 260}, {"kpt_grid": "6x6x6"}, {"num_kpts": 1}, {"X_bnds": 200}, {"G_bnds": 200}, {"X_cutoff": 4}, {"gamma_gap": 2.453556}, {"num_gw_calc": 4}, {"wall_time": 102}, {"num_cores": 32}, {"z-factor": {"@module": "numpy", "@class": "array", "dtype": "float64", "data": [[18.0, 0.78, -0.140792], [19.0, 0.82, -0.117964]]}}]], "conv_time": 340.15741777420044}, "gw_band_range_pbe": [1, 21], "gw_conv_lda": {"gw_conv_thr": 0.025, "gw_bnd_start": 200, "gw_bnd_step": 100, "gw_cut_start": 4, "gw_cut_step": 4, "kpt_bnd_idx": {"@module": "numpy", "@class": "array", "dtype": "int64", "data": [1, 1, 13, 14]}, "gw_bands": 200, "gw_cutoff": 4, "w_conv_grid": [[200, 4, 1.605809], [300, 4, 1.595007], [300, 8, 1.492286], [300, 8, 1.492286], [300, 12, 1.505719], [300, 12, 1.505719], [400, 12, 1.4881790000000001], [400, 16, 1.5094159999999999], [400, 16, 1.5094159999999999]], "pwcutoff": 96, "w_conv_time": [11.139332056045532, 11.510380983352661, 11.648175477981567, 11.64965534210205, 12.374597549438477, 12.37787413597107, 12.370920896530151, 13.261433601379395, 13.262904405593872], "w_ngw": 6, "w_z_factor": [{"@module": "numpy", "@class": "array", "dtype": "float64", "data": [[13.0, 0.77, -0.135361], [14.0, 0.81, -0.107474]]}, {"@module": "numpy", "@class": "array", "dtype": "float64", "data": [[13.0, 0.77, -0.141952], [14.0, 0.81, -0.107704]]}, {"@module": "numpy", "@class": "array", "dtype": "float64", "data": [[13.0, 0.77, -0.143032], [14.0, 0.81, -0.107365]]}, {"@module": "numpy", "@class": "array", "dtype": "float64", "data": [[13.0, 0.77, -0.127187], [14.0, 0.81, -0.106872]]}, {"@module": "numpy", "@class": "array", "dtype": "float64", "data": [[13.0, 0.77, -0.125103], [14.0, 0.81, -0.107425]]}, {"@module": "numpy", "@class": "array", "dtype": "float64", "data": [[13.0, 0.77, -0.125274], [14.0, 0.81, -0.107414]]}], "gw_kppa": 690, "gw_kpt_grid": {"@module": "numpy", "@class": "array", "dtype": "int64", "data": [8, 8, 8]}, "conv_list": [[{"kppa": 0}, {"kpt_grid": "1x1x1"}, {"num_kpts": 1}, {"X_bnds": 400.0}, {"G_bnds": 400.0}, {"X_cutoff": 16.0}, {"gamma_gap": 1.5094159999999999}, {"num_gw_calc": 6}, {"wall_time": 157}, {"num_cores": 8}, {"z-factor": "None"}], [{"kppa": 0}, {"kpt_grid": "1x1x1"}, {"num_kpts": 1}, {"X_bnds": 200}, {"G_bnds": 200}, {"X_cutoff": 4}, {"gamma_gap": 8}, {"num_gw_calc": 1}, {"wall_time": 12}, {"num_cores": 8}, {"z-factor": "None"}], [{"kppa": 10}, {"kpt_grid": "2x2x2"}, {"num_kpts": 1}, {"X_bnds": 200}, {"G_bnds": 200}, {"X_cutoff": 4}, {"gamma_gap": 1.9935459999999998}, {"num_gw_calc": 2}, {"wall_time": 22}, {"num_cores": 8}, {"z-factor": {"@module": "numpy", "@class": "array", "dtype": "float64", "data": [[13.0, 0.76, -0.160965], [14.0, 0.81, -0.136443]]}}], [{"kppa": 60}, {"kpt_grid": "4x4x4"}, {"num_kpts": 1}, {"X_bnds": 200}, {"G_bnds": 200}, {"X_cutoff": 4}, {"gamma_gap": 2.253712}, {"num_gw_calc": 3}, {"wall_time": 80}, {"num_cores": 8}, {"z-factor": {"@module": "numpy", "@class": "array", "dtype": "float64", "data": [[13.0, 0.76, -0.160601], [14.0, 0.81, -0.133071]]}}], [{"kppa": 260}, {"kpt_grid": "6x6x6"}, {"num_kpts": 1}, {"X_bnds": 200}, {"G_bnds": 200}, {"X_cutoff": 4}, {"gamma_gap": 2.283518}, {"num_gw_calc": 4}, {"wall_time": 124}, {"num_cores": 32}, {"z-factor": {"@module": "numpy", "@class": "array", "dtype": "float64", "data": [[13.0, 0.77, -0.157933], [14.0, 0.82, -0.129297]]}}], [{"kppa": 690}, {"kpt_grid": "8x8x8"}, {"num_kpts": 1}, {"X_bnds": 200}, {"G_bnds": 200}, {"X_cutoff": 4}, {"gamma_gap": 2.291436}, {"num_gw_calc": 5}, {"wall_time": 435}, {"num_cores": 32}, {"z-factor": {"@module": "numpy", "@class": "array", "dtype": "float64",