{"@module": "pymatgen.entries.computed_entries", "@class": "ComputedEntry", "energy": 0.0, "composition": {"Li": 2.0, "I": 2.0, "O": 6.0}, "entry_id": "35473", "correction": 0.0, "energy_adjustments": [], "parameters": {"id": "35473", "name": "LiIO3", "ibrav": {"celldm(1)": 10.350030034439497, "ibrav": 4, "celldm(3)": 0.9439474164688697}, "vol": 906.3652869362439, "lda_pw_cutoff_Ry": 66, "qe_conv_pbe": {"qe_conv_maxiter": 20, "qe_delta_kppa": 1500, "qe_delta_cutoff": 5, "qe_conv_thresh": 0.00036749325390447133, "qe_conv_steps": [[60, 1500, -308.3527008389316], [65, 1500, -308.3864275362316], [70, 1500, -308.4019324384625], [75, 1500, -308.4085254809545], [80, 1500, -308.410915590644], [85, 1500, -308.4115015256369], [90, 1500, -308.411604830986], [90, 4500, -308.4116023814067]], "qe_conv_time": 136.4781801700592}, "num_elec_pbe": 76.00000000000001, "max_mem": 42617.0, "qe_conv_lda": {"qe_conv_maxiter": 20, "qe_delta_kppa": 1500, "qe_delta_cutoff": 5, "qe_conv_thresh": 0.00036749325390447133, "qe_conv_steps": [[66, 1500, -138.8826099964639], [71, 1500, -138.8885905582979], [76, 1500, -138.8906929274461], [81, 1500, -138.8913433661162], [86, 1500, -138.891514023688], [86, 4500, -138.8915109523761]], "qe_conv_time": 76.46385955810547}, "num_elec_lda": 56.00000000000001, "bg_conv_pbe": {"bg_conv_maxiter": 20, "bg_delta_kppa": 1500, "bg_delta_cutoff": 5, "bg_conv_thresh": 0.025, "bg_conv_steps": [[90, 4500, 0.5868264330206748], [90, 7500, 0.5868180062020812]], "bg_conv_time": 59.96778964996338}, "indirect_gap_pbe": 0.5868180138778223, "bg_conv_lda": {"bg_conv_maxiter": 20, "bg_delta_kppa": 1500, "bg_delta_cutoff": 5, "bg_conv_thresh": 0.025, "bg_conv_steps": [[86, 4500, 0.5576790428183217], [86, 7500, 0.5576795100819629]], "bg_conv_time": 38.151949882507324}, "indirect_gap_lda": 0.5576794026291055, "gw_conv_pbe": {"gw_conv_thr": 0.025, "gw_bnd_start": 200, "gw_bnd_step": 100, "gw_cut_start": 4, "gw_cut_step": 4, "kpt_bnd_idx": {"@module": "numpy", "@class": "array", "dtype": "int64", "data": [1, 1, 38, 39]}, "gw_bands": 200, "gw_cutoff": 4, "w_conv_grid": [[200, 4, 1.4107440000000002], [300, 4, 1.403946], [300, 8, 1.4382160000000002], [300, 8, 1.4382160000000002], [300, 12, 1.48804], [300, 12, 1.48804], [300, 16, 1.5329700000000002], [300, 16, 1.5329700000000002], [300, 20, 1.561867], [300, 20, 1.561867], [300, 24, 1.579039], [300, 24, 1.579039], [400, 24, 1.571881], [400, 28, 1.5837620000000001], [400, 28, 1.5837620000000001]], "pwcutoff": 90, "w_conv_time": [12.144083499908447, 12.665875434875488, 13.399169921875, 13.400970458984375, 17.697967290878296, 17.699760913848877, 25.52741289138794, 25.528855085372925, 42.96799445152283, 42.96968364715576, 64.8727502822876, 64.87502217292786, 80.9869966506958, 109.50976657867432, 109.51115393638611], "w_ngw": 9, "w_z_factor": [{"@module": "numpy", "@class": "array", "dtype": "float64", "data": [[38.0, 0.72, -0.202794], [39.0, 0.76, -0.174924]]}, {"@module": "numpy", "@class": "array", "dtype": "float64", "data": [[38.0, 0.72, -0.196756], [39.0, 0.76, -0.171822]]}, {"@module": "numpy", "@class": "array", "dtype": "float64", "data": [[38.0, 0.71, -0.190491], [39.0, 0.75, -0.171678]]}, {"@module": "numpy", "@class": "array", "dtype": "float64", "data": [[38.0, 0.71, -0.188876], [39.0, 0.75, -0.171304]]}, {"@module": "numpy", "@class": "array", "dtype": "float64", "data": [[38.0, 0.71, -0.187558], [39.0, 0.74, -0.171664]]}, {"@module": "numpy", "@class": "array", "dtype": "float64", "data": [[38.0, 0.71, -0.187742], [39.0, 0.74, -0.172106]]}, {"@module": "numpy", "@class": "array", "dtype": "float64", "data": [[38.0, 0.71, -0.187922], [39.0, 0.74, -0.172237]]}, {"@module": "numpy", "@class": "array", "dtype": "float64", "data": [[38.0, 0.71, -0.187954], [39.0, 0.74, -0.17111]]}, {"@module": "numpy", "@class": "array", "dtype": "float64", "data": [[38.0, 0.71, -0.187691], [39.0, 0.74, -0.171245]]}], "gw_kppa": 250, "gw_kpt_grid": {"@module": "numpy", "@class": "array", "dtype": "int64", "data": [2, 2, 4]}, "conv_list": [[{"kppa": 0}, {"kpt_grid": "1x1x1"}, {"num_kpts": 1}, {"X_bnds": 400.0}, {"G_bnds": 400.0}, {"X_cutoff": 28.0}, {"gamma_gap": 1.5837620000000001}, {"num_gw_calc": 9}, {"wall_time": 622}, {"num_cores": 8}, {"z-factor": "None"}], [{"kppa": 0}, {"kpt_grid": "1x1x1"}, {"num_kpts": 1}, {"X_bnds": 200}, {"G_bnds": 200}, {"X_cutoff": 4}, {"gamma_gap": 8}, {"num_gw_calc": 1}, {"wall_time": 13}, {"num_cores": 8}, {"z-factor": "None"}], [{"kppa": 10}, {"kpt_grid": "2x2x2"}, {"num_kpts": 1}, {"X_bnds": 200}, {"G_bnds": 200}, {"X_cutoff": 4}, {"gamma_gap": 1.079675}, {"num_gw_calc": 2}, {"wall_time": 45}, {"num_cores": 8}, {"z-factor": {"@module": "numpy", "@class": "array", "dtype": "float64", "data": [[38.0, 0.72, -0.194882], [39.0, 0.76, -0.162061]]}}], [{"kppa": 250}, {"kpt_grid": "2x2x4"}, {"num_kpts": 1}, {"X_bnds": 200}, {"G_bnds": 200}, {"X_cutoff": 4}, {"gamma_gap": 1.0824639999999999}, {"num_gw_calc": 3}, {"wall_time": 82}, {"num_cores": 8}, {"z-factor": {"@module": "numpy", "@class": "array", "dtype": "float64", "data": [[38.0, 0.71, -0.20268], [39.0, 0.76, -0.165358]]}}]], "conv_time": 747.8012294769287}, "gw_band_range_pbe": [1, 45], "gw_conv_lda": {"gw_conv_thr": 0.025, "gw_bnd_start": 200, "gw_bnd_step": 100, "gw_cut_start": 4, "gw_cut_step": 4, "kpt_bnd_idx": {"@module": "numpy", "@class": "array", "dtype": "int64", "data": [1, 1, 28, 29]}, "gw_bands": 200, "gw_cutoff": 4, "w_conv_grid": [[200, 4, 1.943632], [300, 4, 1.933036], [300, 8, 1.922942], [300, 8, 1.922942]], "pwcutoff": 86, "w_conv_time": [11.575427055358887, 11.958675622940063, 12.727116584777832, 12.72838830947876], "w_ngw": 3, "w_z_factor": [{"@module": "numpy", "@class": "array", "dtype": "float64", "data": [[28.0, 0.71, -0.218229], [29.0, 0.75, -0.18566]]}, {"@module": "numpy", "@class": "array", "dtype": "float64", "data": [[28.0, 0.71, -0.210281], [29.0, 0.75, -0.185931]]}, {"@module": "numpy", "@class": "array", "dtype": "float64", "data": [[28.0, 0.71, -0.203429], [29.0, 0.74, -0.18654]]}], "gw_kppa": 250, "gw_kpt_grid": {"@module": "numpy", "@class": "array", "dtype": "int64", "data": [2, 2, 4]}, "conv_list": [[{"kppa": 0}, {"kpt_grid": "1x1x1"}, {"num_kpts": 1}, {"X_bnds": 300.0}, {"G_bnds": 300.0}, {"X_cutoff": 8.0}, {"gamma_gap": 1.922942}, {"num_gw_calc": 3}, {"wall_time": 271}, {"num_cores": 8}, {"z-factor": "None"}], [{"kppa": 0}, {"kpt_grid": "1x1x1"}, {"num_kpts": 1}, {"X_bnds": 200}, {"G_bnds": 200}, {"X_cutoff": 4}, {"gamma_gap": 8}, {"num_gw_calc": 1}, {"wall_time": 12}, {"num_cores": 8}, {"z-factor": "None"}], [{"kppa": 10}, {"kpt_grid": "2x2x2"}, {"num_kpts": 1}, {"X_bnds": 200}, {"G_bnds": 200}, {"X_cutoff": 4}, {"gamma_gap": 1.649297}, {"num_gw_calc": 2}, {"wall_time": 39}, {"num_cores": 8}, {"z-factor": {"@module": "numpy", "@class": "array", "dtype": "float64", "data": [[28.0, 0.71, -0.208825], [29.0, 0.75, -0.173772]]}}], [{"kppa": 250}, {"kpt_grid": "2x2x4"}, {"num_kpts": 1}, {"X_bnds": 200}, {"G_bnds": 200}, {"X_cutoff": 4}, {"gamma_gap": 1.648995}, {"num_gw_calc": 3}, {"wall_time": 68}, {"num_cores": 8}, {"z-factor": {"@module": "numpy", "@class": "array", "dtype": "float64", "data": [[28.0, 0.71, -0.219533], [29.0, 0.75, -0.176756]]}}]], "conv_time": 376.79836106300354}, "gw_band_range_lda": [1, 35], "g0w0_ppa_pbe": {"gw_direct_gap": 1.086874, "kppa": 290, "kpt_grid": "4x4x4", "num_kpt": 14, "bands_in X": 500, "bands_in_G": 500, "cutoff": 32, "z_factor": [[38.0, 0.7, -0.0019704], [39.0, 0.74, -0.00161663]], "scissor": -0.361738, "ncpu": 32, "calc_time": 20397.4669611454}, "g0w0_ppa_lda": {"gw_direct_gap": 1.5286620000000002, "kppa": 290, "kpt_grid": "4x4x4", "num_kpt": 14, "bands_in X": 400, "bands_in_G": 400, "cutoff": 12, "z_factor": [[28.0, 0.69, -0.00206277], [29.0, 0.74, -0.00192688]], "scissor": 0.155107, "ncpu": 32, "calc_time": 949.6463193893433}}, "data": {}}