{"@module": "pymatgen.entries.computed_entries", "@class": "ComputedEntry", "energy": 0.0, "composition": {"Sb": 4.0, "Se": 4.0, "I": 4.0}, "entry_id": "35470", "correction": 0.0, "energy_adjustments": [], "parameters": {"id": "35470", "name": "SbSeI", "ibrav": {"celldm(1)": 7.7988997539039255, "ibrav": 8, "celldm(2)": 2.107584201599225, "celldm(3)": 2.5228979888538894}, "vol": 2522.229721547429, "lda_pw_cutoff_Ry": 78, "qe_conv_pbe": {"qe_conv_maxiter": 20, "qe_delta_kppa": 1500, "qe_delta_cutoff": 5, "qe_conv_thresh": 0.00044099190468536564, "qe_conv_steps": [[60, 1500, -717.4480460599215], [65, 1500, -717.4483309085183], [65, 3000, -717.4483505772287]], "qe_conv_time": 400.7095408439636}, "num_elec_pbe": 152.0, "max_mem": 80256.0, "qe_conv_lda": {"qe_conv_maxiter": 20, "qe_delta_kppa": 1500, "qe_delta_cutoff": 5, "qe_conv_thresh": 0.00044099190468536564, "qe_conv_steps": [[78, 1500, -899.8156691727727], [83, 1500, -899.8164629096044], [88, 1500, -899.8165546394608], [88, 3000, -899.8165768353182]], "qe_conv_time": 578.3069477081299}, "num_elec_lda": 152.0, "bg_conv_pbe": {"bg_conv_maxiter": 20, "bg_delta_kppa": 1500, "bg_delta_cutoff": 5, "bg_conv_thresh": 0.025, "bg_conv_steps": [[65, 3000, 1.3680896874772306], [65, 4500, 1.3681092903160326]], "bg_conv_time": 376.44699692726135}, "indirect_gap_pbe": 1.368091093254148, "bg_conv_lda": {"bg_conv_maxiter": 20, "bg_delta_kppa": 1500, "bg_delta_cutoff": 5, "bg_conv_thresh": 0.025, "bg_conv_steps": [[88, 3000, 1.2670375190336125], [88, 4500, 1.267062630759883]], "bg_conv_time": 398.0091989040375}, "indirect_gap_lda": 1.2670377982777927, "gw_conv_pbe": {"gw_conv_thr": 0.025, "gw_bnd_start": 200, "gw_bnd_step": 100, "gw_cut_start": 4, "gw_cut_step": 4, "kpt_bnd_idx": {"@module": "numpy", "@class": "array", "dtype": "int64", "data": [1, 1, 76, 77]}, "gw_bands": 200, "gw_cutoff": 4, "w_conv_grid": [[200, 4, 2.227749], [300, 4, 2.215367], [300, 8, 2.274211], [300, 8, 2.274211], [300, 12, 2.283163], [300, 12, 2.283163], [400, 12, 2.293891], [400, 16, 2.296637], [400, 16, 2.296637]], "pwcutoff": 65, "w_conv_time": [17.25487232208252, 19.43033790588379, 39.035128116607666, 39.037269830703735, 88.11431789398193, 88.11578392982483, 100.08885097503662, 212.0117428302765, 212.01381993293762], "w_ngw": 6, "w_z_factor": [{"@module": "numpy", "@class": "array", "dtype": "float64", "data": [[76.0, 0.78, -0.175547], [77.0, 0.79, -0.171658]]}, {"@module": "numpy", "@class": "array", "dtype": "float64", "data": [[76.0, 0.78, -0.160631], [77.0, 0.79, -0.150339]]}, {"@module": "numpy", "@class": "array", "dtype": "float64", "data": [[76.0, 0.78, -0.167595], [77.0, 0.79, -0.163709]]}, {"@module": "numpy", "@class": "array", "dtype": "float64", "data": [[76.0, 0.78, -0.168684], [77.0, 0.79, -0.164579]]}, {"@module": "numpy", "@class": "array", "dtype": "float64", "data": [[76.0, 0.78, -0.163668], [77.0, 0.79, -0.154163]]}, {"@module": "numpy", "@class": "array", "dtype": "float64", "data": [[76.0, 0.78, -0.163627], [77.0, 0.79, -0.153876]]}], "gw_kppa": 70, "gw_kpt_grid": {"@module": "numpy", "@class": "array", "dtype": "int64", "data": [4, 2, 2]}, "conv_list": [[{"kppa": 0}, {"kpt_grid": "1x1x1"}, {"num_kpts": 1}, {"X_bnds": 400.0}, {"G_bnds": 400.0}, {"X_cutoff": 16.0}, {"gamma_gap": 2.296637}, {"num_gw_calc": 6}, {"wall_time": 1185}, {"num_cores": 8}, {"z-factor": "None"}], [{"kppa": 0}, {"kpt_grid": "1x1x1"}, {"num_kpts": 1}, {"X_bnds": 200}, {"G_bnds": 200}, {"X_cutoff": 4}, {"gamma_gap": 8}, {"num_gw_calc": 1}, {"wall_time": 18}, {"num_cores": 8}, {"z-factor": "None"}], [{"kppa": 10}, {"kpt_grid": "2x2x2"}, {"num_kpts": 1}, {"X_bnds": 200}, {"G_bnds": 200}, {"X_cutoff": 4}, {"gamma_gap": 2.2886059999999997}, {"num_gw_calc": 2}, {"wall_time": 166}, {"num_cores": 8}, {"z-factor": {"@module": "numpy", "@class": "array", "dtype": "float64", "data": [[76.0, 0.79, -0.166777], [77.0, 0.8, -0.157593]]}}], [{"kppa": 70}, {"kpt_grid": "4x2x2"}, {"num_kpts": 1}, {"X_bnds": 200}, {"G_bnds": 200}, {"X_cutoff": 4}, {"gamma_gap": 2.277778}, {"num_gw_calc": 3}, {"wall_time": 367}, {"num_cores": 8}, {"z-factor": {"@module": "numpy", "@class": "array", "dtype": "float64", "data": [[76.0, 0.79, -0.1621], [77.0, 0.8, -0.150296]]}}]], "conv_time": 1715.7559900283813}, "gw_band_range_pbe": [1, 89], "gw_conv_lda": {"gw_conv_thr": 0.025, "gw_bnd_start": 200, "gw_bnd_step": 100, "gw_cut_start": 4, "gw_cut_step": 4, "kpt_bnd_idx": {"@module": "numpy", "@class": "array", "dtype": "int64", "data": [1, 1, 76, 77]}, "gw_bands": 200, "gw_cutoff": 4, "w_conv_grid": [[200, 4, 2.573951], [300, 4, 2.532234], [400, 4, 2.521676], [400, 8, 2.563517], [400, 8, 2.563517], [400, 12, 2.573203], [400, 12, 2.573203]], "pwcutoff": 88, "w_conv_time": [18.623643159866333, 20.46309232711792, 22.886648416519165, 50.78032970428467, 50.78249907493591, 122.41284728050232, 122.41443419456482], "w_ngw": 5, "w_z_factor": [{"@module": "numpy", "@class": "array", "dtype": "float64", "data": [[76.0, 0.78, -0.181582], [77.0, 0.78, -0.169161]]}, {"@module": "numpy", "@class": "array", "dtype": "float64", "data": [[76.0, 0.78, -0.169855], [77.0, 0.78, -0.169461]]}, {"@module": "numpy", "@class": "array", "dtype": "float64", "data": [[76.0, 0.78, -0.174875], [77.0, 0.78, -0.163454]]}, {"@module": "numpy", "@class": "array", "dtype": "float64", "data": [[76.0, 0.77, -0.207693], [77.0, 0.78, -0.195308]]}, {"@module": "numpy", "@class": "array", "dtype": "float64", "data": [[76.0, 0.77, -0.175864], [77.0, 0.78, -0.166937]]}], "gw_kppa": 70, "gw_kpt_grid": {"@module": "numpy", "@class": "array", "dtype": "int64", "data": [4, 2, 2]}, "conv_list": [[{"kppa": 0}, {"kpt_grid": "1x1x1"}, {"num_kpts": 1}, {"X_bnds": 400.0}, {"G_bnds": 400.0}, {"X_cutoff": 12.0}, {"gamma_gap": 2.573203}, {"num_gw_calc": 5}, {"wall_time": 1120}, {"num_cores": 8}, {"z-factor": "None"}], [{"kppa": 0}, {"kpt_grid": "1x1x1"}, {"num_kpts": 1}, {"X_bnds": 200}, {"G_bnds": 200}, {"X_cutoff": 4}, {"gamma_gap": 4}, {"num_gw_calc": 1}, {"wall_time": 19}, {"num_cores": 8}, {"z-factor": "None"}], [{"kppa": 10}, {"kpt_grid": "2x2x2"}, {"num_kpts": 1}, {"X_bnds": 200}, {"G_bnds": 200}, {"X_cutoff": 4}, {"gamma_gap": 2.607559}, {"num_gw_calc": 2}, {"wall_time": 350}, {"num_cores": 8}, {"z-factor": {"@module": "numpy", "@class": "array", "dtype": "float64", "data": [[76.0, 0.79, -0.204126], [77.0, 0.8, -0.346113]]}}], [{"kppa": 70}, {"kpt_grid": "4x2x2"}, {"num_kpts": 1}, {"X_bnds": 200}, {"G_bnds": 200}, {"X_cutoff": 4}, {"gamma_gap": 2.596978}, {"num_gw_calc": 3}, {"wall_time": 863}, {"num_cores": 8}, {"z-factor": {"@module": "numpy", "@class": "array", "dtype": "float64", "data": [[76.0, 0.79, -0.166672], [77.0, 0.8, -0.158305]]}}]], "conv_time": 2330.811585187912}, "gw_band_range_lda": [1, 89], "g0w0_ppa_pbe": {"gw_direct_gap": 2.3595879999999996, "kppa": 290, "kpt_grid": "6x2x2", "num_kpt": 16, "bands_in X": 500, "bands_in_G": 500, "cutoff": 20, "z_factor": [[76.0, 0.79, -0.00149146], [77.0, 0.8, -0.00138499]], "scissor": 0.401544, "ncpu": 32, "calc_time": 10744.684774160385}, "g0w0_ppa_lda": {"gw_direct_gap": 2.607845, "kppa": 290, "kpt_grid": "6x2x2", "num_kpt": 16, "bands_in X": 500, "bands_in_G": 500, "cutoff": 16, "z_factor": [[76.0, 0.78, -0.00158089], [77.0, 0.79, -0.00147682]], "scissor": 0.706636, "ncpu": 32, "calc_time": 6272.1493055820465}}, "data": {}}