{"@module": "pymatgen.entries.computed_entries", "@class": "ComputedEntry", "energy": 0.0, "composition": {"Pb": 4.0, "Br": 8.0}, "entry_id": "36170", "correction": 0.0, "energy_adjustments": [], "parameters": {"id": "36170", "name": "PbBr2", "ibrav": {"celldm(1)": 8.919507351205846, "ibrav": 8, "celldm(2)": 1.7033898305084745, "celldm(3)": 2.01271186440678}, "vol": 2432.866397815596, "lda_pw_cutoff_Ry": 48, "qe_conv_pbe": {"qe_conv_maxiter": 20, "qe_delta_kppa": 1500, "qe_delta_cutoff": 5, "qe_conv_thresh": 0.00044099190468536564, "qe_conv_steps": [[60, 1500, -334.0693155293345], [65, 1500, -334.0694519954436], [65, 3000, -334.06945199471]], "qe_conv_time": 395.5568995475769}, "num_elec_pbe": 112.0, "max_mem": 83374.0, "qe_conv_lda": {"qe_conv_maxiter": 20, "qe_delta_kppa": 1500, "qe_delta_cutoff": 5, "qe_conv_thresh": 0.00044099190468536564, "qe_conv_steps": [[48, 1500, -407.6419366197093], [53, 1500, -407.6429758750392], [58, 1500, -407.6430077403422], [58, 3000, -407.6430077977352]], "qe_conv_time": 296.72236919403076}, "num_elec_lda": 112.0, "bg_conv_pbe": {"bg_conv_maxiter": 20, "bg_delta_kppa": 1500, "bg_delta_cutoff": 5, "bg_conv_thresh": 0.025, "bg_conv_steps": [[65, 3000, 3.0852046327363616], [65, 4500, 3.085198107013689]], "bg_conv_time": 414.09149193763733}, "indirect_gap_pbe": 3.0852061229143994, "bg_conv_lda": {"bg_conv_maxiter": 20, "bg_delta_kppa": 1500, "bg_delta_cutoff": 5, "bg_conv_thresh": 0.025, "bg_conv_steps": [[58, 3000, 2.891964772461938], [58, 4500, 2.8919647505166304]], "bg_conv_time": 220.69186639785767}, "indirect_gap_lda": 2.891964742932063, "gw_conv_pbe": {"gw_conv_thr": 0.025, "gw_bnd_start": 200, "gw_bnd_step": 100, "gw_cut_start": 4, "gw_cut_step": 4, "kpt_bnd_idx": {"@module": "numpy", "@class": "array", "dtype": "int64", "data": [1, 1, 56, 57]}, "gw_bands": 200, "gw_cutoff": 4, "w_conv_grid": [[200, 4, 4.389822000000001], [300, 4, 4.397531000000001], [300, 8, 4.505696], [300, 8, 4.505696], [300, 12, 4.536832], [300, 12, 4.536832], [300, 16, 4.54696], [300, 16, 4.54696], [400, 16, 4.5831040000000005], [500, 16, 4.607865], [500, 20, 4.612265], [500, 20, 4.612265], [600, 20, 4.622137], [600, 24, 4.623602], [600, 24, 4.623602]], "pwcutoff": 65, "w_conv_time": [15.047188520431519, 15.710915565490723, 29.679484367370605, 29.68128800392151, 63.09548044204712, 63.09742879867554, 136.71967911720276, 136.72162055969238, 154.50382137298584, 174.73818683624268, 327.7909562587738, 327.7926878929138, 366.02421283721924, 611.983558177948, 611.9851965904236], "w_ngw": 10, "w_z_factor": [{"@module": "numpy", "@class": "array", "dtype": "float64", "data": [[56.0, 0.8, -0.148072], [57.0, 0.82, -0.133612]]}, {"@module": "numpy", "@class": "array", "dtype": "float64", "data": [[56.0, 0.8, -0.14181], [57.0, 0.82, -0.126012]]}, {"@module": "numpy", "@class": "array", "dtype": "float64", "data": [[56.0, 0.8, -0.143623], [57.0, 0.82, -0.126263]]}, {"@module": "numpy", "@class": "array", "dtype": "float64", "data": [[56.0, 0.8, -0.142362], [57.0, 0.82, -0.127402]]}, {"@module": "numpy", "@class": "array", "dtype": "float64", "data": [[56.0, 0.8, -0.142197], [57.0, 0.82, -0.126789]]}, {"@module": "numpy", "@class": "array", "dtype": "float64", "data": [[56.0, 0.8, -0.141809], [57.0, 0.82, -0.124993]]}, {"@module": "numpy", "@class": "array", "dtype": "float64", "data": [[56.0, 0.8, -0.139457], [57.0, 0.82, -0.124722]]}, {"@module": "numpy", "@class": "array", "dtype": "float64", "data": [[56.0, 0.8, -0.139377], [57.0, 0.82, -0.12441]]}, {"@module": "numpy", "@class": "array", "dtype": "float64", "data": [[56.0, 0.8, -0.138927], [57.0, 0.82, -0.12499]]}, {"@module": "numpy", "@class": "array", "dtype": "float64", "data": [[56.0, 0.8, -0.139189], [57.0, 0.82, -0.12508]]}], "gw_kppa": 100, "gw_kpt_grid": {"@module": "numpy", "@class": "array", "dtype": "int64", "data": [4, 2, 2]}, "conv_list": [[{"kppa": 0}, {"kpt_grid": "1x1x1"}, {"num_kpts": 1}, {"X_bnds": 600.0}, {"G_bnds": 600.0}, {"X_cutoff": 24.0}, {"gamma_gap": 4.623602}, {"num_gw_calc": 10}, {"wall_time": 2394}, {"num_cores": 8}, {"z-factor": "None"}], [{"kppa": 0}, {"kpt_grid": "1x1x1"}, {"num_kpts": 1}, {"X_bnds": 200}, {"G_bnds": 200}, {"X_cutoff": 4}, {"gamma_gap": 8}, {"num_gw_calc": 1}, {"wall_time": 16}, {"num_cores": 8}, {"z-factor": "None"}], [{"kppa": 10}, {"kpt_grid": "2x2x2"}, {"num_kpts": 1}, {"X_bnds": 200}, {"G_bnds": 200}, {"X_cutoff": 4}, {"gamma_gap": 4.364744}, {"num_gw_calc": 2}, {"wall_time": 122}, {"num_cores": 8}, {"z-factor": {"@module": "numpy", "@class": "array", "dtype": "float64", "data": [[56.0, 0.8, -0.149027], [57.0, 0.83, -0.128647]]}}], [{"kppa": 100}, {"kpt_grid": "4x2x2"}, {"num_kpts": 1}, {"X_bnds": 200}, {"G_bnds": 200}, {"X_cutoff": 4}, {"gamma_gap": 4.371416}, {"num_gw_calc": 3}, {"wall_time": 235}, {"num_cores": 8}, {"z-factor": {"@module": "numpy", "@class": "array", "dtype": "float64", "data": [[56.0, 0.8, -0.150027], [57.0, 0.83, -0.12725]]}}]], "conv_time": 2749.68217754364}, "gw_band_range_pbe": [1, 69], "gw_conv_lda": {"gw_conv_thr": 0.025, "gw_bnd_start": 200, "gw_bnd_step": 100, "gw_cut_start": 4, "gw_cut_step": 4, "kpt_bnd_idx": {"@module": "numpy", "@class": "array", "dtype": "int64", "data": [1, 1, 56, 57]}, "gw_bands": 200, "gw_cutoff": 4, "w_conv_grid": [[200, 4, 4.524775], [300, 4, 4.5103740000000005], [300, 8, 4.599956], [300, 8, 4.599956], [300, 12, 4.626487], [300, 12, 4.626487], [300, 16, 4.6343], [300, 16, 4.6343], [400, 16, 4.660553999999999], [500, 16, 4.6861809999999995], [600, 16, 4.697213], [600, 20, 4.701924999999999], [600, 20, 4.701924999999999], [700, 20, 4.713442], [700, 24, 4.715323], [700, 24, 4.715323]], "pwcutoff": 58, "w_conv_time": [13.817763566970825, 15.469555377960205, 28.221364974975586, 28.222744941711426, 58.93966245651245, 58.9414587020874, 126.14566254615784, 126.1475281715393, 145.0463616847992, 164.40461468696594, 182.9709985256195, 348.6905846595764, 348.69200801849365, 387.4555549621582, 643.1392979621887, 643.1406862735748], "w_ngw": 11, "w_z_factor": [{"@module": "numpy", "@class": "array", "dtype": "float64", "data": [[56.0, 0.8, -0.171269], [57.0, 0.82, -0.156677]]}, {"@module": "numpy", "@class": "array", "dtype": "float64", "data": [[56.0, 0.8, -0.162569], [57.0, 0.82, -0.132373]]}, {"@module": "numpy", "@class": "array", "dtype": "float64", "data": [[56.0, 0.79, -0.150392], [57.0, 0.82, -0.132845]]}, {"@module": "numpy", "@class": "array", "dtype": "float64", "data": [[56.0, 0.79, -0.149857], [57.0, 0.82, -0.131867]]}, {"@module": "numpy", "@class": "array", "dtype": "float64", "data": [[56.0, 0.79, -0.150229], [57.0, 0.82, -0.131586]]}, {"@module": "numpy", "@class": "array", "dtype": "float64", "data": [[56.0, 0.79, -0.148121], [57.0, 0.82, -0.130189]]}, {"@module": "numpy", "@class": "array", "dtype": "float64", "data": [[56.0, 0.79, -0.146335], [57.0, 0.82, -0.129011]]}, {"@module": "numpy", "@class": "array", "dtype": "float64", "data": [[56.0, 0.79, -0.14783], [57.0, 0.82, -0.130897]]}, {"@module": "numpy", "@class": "array", "dtype": "float64", "data": [[56.0, 0.79, -0.148441], [57.0, 0.82, -0.130459]]}, {"@module": "numpy", "@class": "array", "dtype": "float64", "data": [[56.0, 0.79, -0.145002], [57.0, 0.81, -0.129731]]}, {"@module": "numpy", "@class": "array", "dtype": "float64", "data": [[56.0, 0.79, -0.1451], [57.0, 0.81, -0.130185]]}], "gw_kppa": 100, "gw_kpt_grid": {"@module": "numpy", "@class": "array", "dtype": "int64", "data": [4, 2, 2]},