{"@module": "pymatgen.entries.computed_entries", "@class": "ComputedEntry", "energy": 0.0, "composition": {"Cs": 2.0, "Te": 1.0, "I": 6.0}, "entry_id": "38105", "correction": 0.0, "energy_adjustments": [], "parameters": {"id": "38105", "name": "Cs2TeI6", "ibrav": {"celldm(1)": 22.109795764641607, "ibrav": 2}, "vol": 2702.055102778805, "lda_pw_cutoff_Ry": 68, "qe_conv_pbe": {"qe_conv_maxiter": 20, "qe_delta_kppa": 1500, "qe_delta_cutoff": 5, "qe_conv_thresh": 0.00033074392851402423, "qe_conv_steps": [[60, 1500, -724.0954013877176], [65, 1500, -724.0958209169212], [70, 1500, -724.09590914446], [70, 4500, -724.0959106158662]], "qe_conv_time": 223.33988976478577}, "num_elec_pbe": 136.0, "max_mem": 100695.0, "qe_conv_lda": {"qe_conv_maxiter": 20, "qe_delta_kppa": 1500, "qe_delta_cutoff": 5, "qe_conv_thresh": 0.00033074392851402423, "qe_conv_steps": [[68, 1500, -229.8612672257992], [73, 1500, -229.8615034172963], [73, 4500, -229.8615055000281]], "qe_conv_time": 95.72152137756348}, "num_elec_lda": 76.00000000000001, "bg_conv_pbe": {"bg_conv_maxiter": 20, "bg_delta_kppa": 1500, "bg_delta_cutoff": 5, "bg_conv_thresh": 0.025, "bg_conv_steps": [[70, 4500, 1.3114766192171423], [70, 7500, 1.3114843252918933]], "bg_conv_time": 183.75313115119934}, "indirect_gap_pbe": 1.3114831239720293, "bg_conv_lda": {"bg_conv_maxiter": 20, "bg_delta_kppa": 1500, "bg_delta_cutoff": 5, "bg_conv_thresh": 0.025, "bg_conv_steps": [[73, 4500, 1.187788286976353], [73, 7500, 1.1877901589833157]], "bg_conv_time": 88.84437537193298}, "indirect_gap_lda": 1.1877874351549778, "gw_conv_pbe": {"gw_conv_thr": 0.025, "gw_bnd_start": 200, "gw_bnd_step": 100, "gw_cut_start": 4, "gw_cut_step": 4, "kpt_bnd_idx": {"@module": "numpy", "@class": "array", "dtype": "int64", "data": [1, 1, 68, 69]}, "gw_bands": 200, "gw_cutoff": 4, "w_conv_grid": [[200, 4, 3.5005699999999997], [300, 4, 3.445588], [400, 4, 3.4319830000000002], [400, 8, 3.4770709999999996], [400, 8, 3.4770709999999996], [400, 12, 3.485482], [400, 12, 3.485482]], "pwcutoff": 70, "w_conv_time": [22.149621963500977, 26.261805057525635, 27.630727529525757, 43.70779800415039, 43.70895528793335, 80.19873666763306, 80.1996123790741], "w_ngw": 5, "w_z_factor": [{"@module": "numpy", "@class": "array", "dtype": "float64", "data": [[68.0, 0.8, -0.174801], [69.0, 0.8, -0.16808]]}, {"@module": "numpy", "@class": "array", "dtype": "float64", "data": [[68.0, 0.8, -0.167687], [69.0, 0.8, -0.158913]]}, {"@module": "numpy", "@class": "array", "dtype": "float64", "data": [[68.0, 0.8, -0.158563], [69.0, 0.8, -0.151974]]}, {"@module": "numpy", "@class": "array", "dtype": "float64", "data": [[68.0, 0.79, -0.160769], [69.0, 0.8, -0.145099]]}, {"@module": "numpy", "@class": "array", "dtype": "float64", "data": [[68.0, 0.79, -0.163863], [69.0, 0.8, -0.150621]]}], "gw_kppa": 250, "gw_kpt_grid": {"@module": "numpy", "@class": "array", "dtype": "int64", "data": [4, 4, 4]}, "conv_list": [[{"kppa": 0}, {"kpt_grid": "1x1x1"}, {"num_kpts": 1}, {"X_bnds": 400.0}, {"G_bnds": 400.0}, {"X_cutoff": 12.0}, {"gamma_gap": 3.485482}, {"num_gw_calc": 5}, {"wall_time": 776}, {"num_cores": 8}, {"z-factor": "None"}], [{"kppa": 0}, {"kpt_grid": "1x1x1"}, {"num_kpts": 1}, {"X_bnds": 200}, {"G_bnds": 200}, {"X_cutoff": 4}, {"gamma_gap": 4}, {"num_gw_calc": 1}, {"wall_time": 23}, {"num_cores": 8}, {"z-factor": "None"}], [{"kppa": 10}, {"kpt_grid": "2x2x2"}, {"num_kpts": 1}, {"X_bnds": 200}, {"G_bnds": 200}, {"X_cutoff": 4}, {"gamma_gap": 3.601902}, {"num_gw_calc": 2}, {"wall_time": 128}, {"num_cores": 8}, {"z-factor": {"@module": "numpy", "@class": "array", "dtype": "float64", "data": [[68.0, 0.8, -0.176579], [69.0, 0.8, -0.198968]]}}], [{"kppa": 250}, {"kpt_grid": "4x4x4"}, {"num_kpts": 1}, {"X_bnds": 200}, {"G_bnds": 200}, {"X_cutoff": 4}, {"gamma_gap": 3.62551}, {"num_gw_calc": 3}, {"wall_time": 880}, {"num_cores": 8}, {"z-factor": {"@module": "numpy", "@class": "array", "dtype": "float64", "data": [[68.0, 0.8, -0.170402], [69.0, 0.8, -0.191239]]}}]], "conv_time": 1783.2499568462372}, "gw_band_range_pbe": [1, 73], "gw_conv_lda": {"gw_conv_thr": 0.025, "gw_bnd_start": 200, "gw_bnd_step": 100, "gw_cut_start": 4, "gw_cut_step": 4, "kpt_bnd_idx": {"@module": "numpy", "@class": "array", "dtype": "int64", "data": [1, 1, 38, 39]}, "gw_bands": 200, "gw_cutoff": 4, "w_conv_grid": [[200, 4, 2.959187], [300, 4, 2.9390270000000003], [300, 8, 2.9868249999999996], [300, 8, 2.9868249999999996], [300, 12, 2.9892469999999998], [300, 12, 2.9892469999999998], [400, 12, 2.9972519999999996], [400, 16, 2.996511], [400, 16, 2.996511]], "pwcutoff": 73, "w_conv_time": [16.563788175582886, 17.760461568832397, 25.309769868850708, 25.31116485595703, 47.72748374938965, 47.728596687316895, 58.005736112594604, 108.56948494911194, 108.57040572166443], "w_ngw": 6, "w_z_factor": [{"@module": "numpy", "@class": "array", "dtype": "float64", "data": [[38.0, 0.79, -0.181597], [39.0, 0.8, -0.170298]]}, {"@module": "numpy", "@class": "array", "dtype": "float64", "data": [[38.0, 0.79, -0.19984], [39.0, 0.79, -0.160611]]}, {"@module": "numpy", "@class": "array", "dtype": "float64", "data": [[38.0, 0.79, -0.181393], [39.0, 0.79, -0.182727]]}, {"@module": "numpy", "@class": "array", "dtype": "float64", "data": [[38.0, 0.79, -0.158991], [39.0, 0.79, -0.218536]]}, {"@module": "numpy", "@class": "array", "dtype": "float64", "data": [[38.0, 0.79, -0.161112], [39.0, 0.79, -0.169694]]}, {"@module": "numpy", "@class": "array", "dtype": "float64", "data": [[38.0, 0.79, -0.161625], [39.0, 0.79, -0.166988]]}], "gw_kppa": 1130, "gw_kpt_grid": {"@module": "numpy", "@class": "array", "dtype": "int64", "data": [6, 6, 6]}, "conv_list": [[{"kppa": 0}, {"kpt_grid": "1x1x1"}, {"num_kpts": 1}, {"X_bnds": 400.0}, {"G_bnds": 400.0}, {"X_cutoff": 16.0}, {"gamma_gap": 2.996511}, {"num_gw_calc": 6}, {"wall_time": 555}, {"num_cores": 8}, {"z-factor": "None"}], [{"kppa": 0}, {"kpt_grid": "1x1x1"}, {"num_kpts": 1}, {"X_bnds": 200}, {"G_bnds": 200}, {"X_cutoff": 4}, {"gamma_gap": 8}, {"num_gw_calc": 1}, {"wall_time": 17}, {"num_cores": 8}, {"z-factor": "None"}], [{"kppa": 10}, {"kpt_grid": "2x2x2"}, {"num_kpts": 1}, {"X_bnds": 200}, {"G_bnds": 200}, {"X_cutoff": 4}, {"gamma_gap": 3.043305}, {"num_gw_calc": 2}, {"wall_time": 88}, {"num_cores": 8}, {"z-factor": {"@module": "numpy", "@class": "array", "dtype": "float64", "data": [[38.0, 0.79, -0.169954], [39.0, 0.8, -0.160283]]}}], [{"kppa": 250}, {"kpt_grid": "4x4x4"}, {"num_kpts": 1}, {"X_bnds": 200}, {"G_bnds": 200}, {"X_cutoff": 4}, {"gamma_gap": 3.0755730000000003}, {"num_gw_calc": 3}, {"wall_time": 1121}, {"num_cores": 8}, {"z-factor": {"@module": "numpy", "@class": "array", "dtype": "float64", "data": [[38.0, 0.79, -0.17068], [39.0, 0.8, -0.223086]]}}], [{"kppa": 1130}, {"kpt_grid": "6x6x6"}, {"num_kpts": 1}, {"X_bnds": 200}, {"G_bnds": 200}, {"X_cutoff": 4}, {"gamma_gap": 3.075392}, {"num_gw_calc": 4}, {"wall_time": 1892}, {"num_cores": 32}, {"z-factor": {"@module": "numpy", "@class": "array", "dtype": "float64", "data": [[38.0, 0.79, -0.172647], [39.0, 0.8, -0.174344]]}}]], "conv_time": 3653.5765221118927}, "gw_band_range_lda": [1, 43], "g0w0_ppa_pbe": {"gw_direct_gap": 3.617066, "kppa": 1130, "kpt_grid": "6x6x6", "num_kpt": 16, "bands_in X": 500, "bands_in_G": 500, "cutoff": 16, "z_factor": [[68.0, 0.8, -0.00152673], [69.0, 0.8, -0.00163329]], "scissor": 1.590947, "ncpu": 32, "calc_time": 48578.34053230286}, "g0w0_ppa_lda": {"gw_direct_gap": 3.126262, "kppa": 3090, "kpt_grid": "8x8x8", "num_kpt": 29, "bands_in X": 500, "bands_in_G": 500, "cutoff": 20, "z_factor": [[38.0, 0.79, -0.00165813], [39.0, 0.79, -0.00175788]], "scissor": 1.195115, "ncpu": 16, "calc_time": 335748.8227403164}}, "data": {}}