{"@module": "pymatgen.entries.computed_entries", "@class": "ComputedEntry", "energy": 0.0, "composition": {"Bi": 2.0, "I": 2.0, "O": 2.0}, "entry_id": "391354", "correction": 0.0, "energy_adjustments": [], "parameters": {"id": "391354", "name": "BiIO", "ibrav": {"celldm(1)": 7.549455904251559, "ibrav": 6, "celldm(3)": 2.290613266583229}, "vol": 985.5955410983722, "lda_pw_cutoff_Ry": 62, "qe_conv_pbe": {"qe_conv_maxiter": 20, "qe_delta_kppa": 1500, "qe_delta_cutoff": 5, "qe_conv_thresh": 0.00022049595234268282, "qe_conv_steps": [[60, 1500, -366.5802164783892], [65, 1500, -366.591266635306], [70, 1500, -366.5964482128139], [75, 1500, -366.5986017668845], [80, 1500, -366.5993591167184], [85, 1500, -366.5995667737425], [85, 3000, -366.5995775899171]], "qe_conv_time": 263.41650390625}, "num_elec_pbe": 76.00000000000001, "max_mem": 80350.0, "qe_conv_lda": {"qe_conv_maxiter": 20, "qe_delta_kppa": 1500, "qe_delta_cutoff": 5, "qe_conv_thresh": 0.00022049595234268282, "qe_conv_steps": [[62, 1500, -222.9187516638956], [67, 1500, -222.923141578137], [72, 1500, -222.9247704534721], [77, 1500, -222.9253170124108], [82, 1500, -222.9254744888556], [82, 3000, -222.9254878382563]], "qe_conv_time": 139.70850944519043}, "num_elec_lda": 56.00000000000001, "bg_conv_pbe": {"bg_conv_maxiter": 20, "bg_delta_kppa": 1500, "bg_delta_cutoff": 5, "bg_conv_thresh": 0.025, "bg_conv_steps": [[85, 3000, 1.5821196183323998], [85, 4500, 1.5803311492981613]], "bg_conv_time": 120.57666254043579}, "indirect_gap_pbe": 1.5820792353894626, "bg_conv_lda": {"bg_conv_maxiter": 20, "bg_delta_kppa": 1500, "bg_delta_cutoff": 5, "bg_conv_thresh": 0.025, "bg_conv_steps": [[82, 3000, 1.4347837293569279], [82, 4500, 1.4359575223239858]], "bg_conv_time": 67.49176406860352}, "indirect_gap_lda": 1.4347525700063832, "gw_conv_pbe": {"gw_conv_thr": 0.025, "gw_bnd_start": 200, "gw_bnd_step": 100, "gw_cut_start": 4, "gw_cut_step": 4, "kpt_bnd_idx": {"@module": "numpy", "@class": "array", "dtype": "int64", "data": [1, 1, 38, 39]}, "gw_bands": 200, "gw_cutoff": 4, "w_conv_grid": [[200, 4, 2.913515], [300, 4, 2.880902], [400, 4, 2.870554], [400, 8, 2.981023], [400, 8, 2.981023], [400, 12, 3.0286869999999997], [400, 12, 3.0286869999999997], [400, 16, 3.045179], [400, 16, 3.045179], [500, 16, 3.0416730000000003], [500, 20, 3.0449050000000004], [500, 20, 3.0449050000000004]], "pwcutoff": 85, "w_conv_time": [11.930569410324097, 12.414758920669556, 13.063710927963257, 14.53328275680542, 14.534791469573975, 19.159443616867065, 19.161241054534912, 27.79422926902771, 27.798335313796997, 32.8684401512146, 47.054977893829346, 47.05672025680542], "w_ngw": 8, "w_z_factor": [{"@module": "numpy", "@class": "array", "dtype": "float64", "data": [[38.0, 0.79, -0.144196], [39.0, 0.8, -0.136667]]}, {"@module": "numpy", "@class": "array", "dtype": "float64", "data": [[38.0, 0.79, -0.140482], [39.0, 0.8, -0.142697]]}, {"@module": "numpy", "@class": "array", "dtype": "float64", "data": [[38.0, 0.79, -0.140583], [39.0, 0.8, -0.136475]]}, {"@module": "numpy", "@class": "array", "dtype": "float64", "data": [[38.0, 0.78, -0.142294], [39.0, 0.8, -0.13561]]}, {"@module": "numpy", "@class": "array", "dtype": "float64", "data": [[38.0, 0.78, -0.142552], [39.0, 0.79, -0.136813]]}, {"@module": "numpy", "@class": "array", "dtype": "float64", "data": [[38.0, 0.78, -0.141702], [39.0, 0.79, -0.135657]]}, {"@module": "numpy", "@class": "array", "dtype": "float64", "data": [[38.0, 0.78, -0.140848], [39.0, 0.79, -0.135844]]}, {"@module": "numpy", "@class": "array", "dtype": "float64", "data": [[38.0, 0.78, -0.141219], [39.0, 0.79, -0.1356]]}], "gw_kppa": 330, "gw_kpt_grid": {"@module": "numpy", "@class": "array", "dtype": "int64", "data": [6, 6, 2]}, "conv_list": [[{"kppa": 0}, {"kpt_grid": "1x1x1"}, {"num_kpts": 1}, {"X_bnds": 500.0}, {"G_bnds": 500.0}, {"X_cutoff": 20.0}, {"gamma_gap": 3.0449050000000004}, {"num_gw_calc": 8}, {"wall_time": 347}, {"num_cores": 8}, {"z-factor": "None"}], [{"kppa": 0}, {"kpt_grid": "1x1x1"}, {"num_kpts": 1}, {"X_bnds": 200}, {"G_bnds": 200}, {"X_cutoff": 4}, {"gamma_gap": 4}, {"num_gw_calc": 1}, {"wall_time": 12}, {"num_cores": 8}, {"z-factor": "None"}], [{"kppa": 10}, {"kpt_grid": "2x2x2"}, {"num_kpts": 1}, {"X_bnds": 200}, {"G_bnds": 200}, {"X_cutoff": 4}, {"gamma_gap": 3.406602}, {"num_gw_calc": 2}, {"wall_time": 48}, {"num_cores": 8}, {"z-factor": {"@module": "numpy", "@class": "array", "dtype": "float64", "data": [[38.0, 0.81, -0.129913], [39.0, 0.82, -0.114261]]}}], [{"kppa": 80}, {"kpt_grid": "4x4x2"}, {"num_kpts": 1}, {"X_bnds": 200}, {"G_bnds": 200}, {"X_cutoff": 4}, {"gamma_gap": 3.3785279999999998}, {"num_gw_calc": 3}, {"wall_time": 158}, {"num_cores": 8}, {"z-factor": {"@module": "numpy", "@class": "array", "dtype": "float64", "data": [[38.0, 0.81, -0.135704], [39.0, 0.83, -0.108746]]}}], [{"kppa": 330}, {"kpt_grid": "6x6x2"}, {"num_kpts": 1}, {"X_bnds": 200}, {"G_bnds": 200}, {"X_cutoff": 4}, {"gamma_gap": 3.355867}, {"num_gw_calc": 4}, {"wall_time": 169}, {"num_cores": 32}, {"z-factor": {"@module": "numpy", "@class": "array", "dtype": "float64", "data": [[38.0, 0.81, -0.136966], [39.0, 0.83, -0.108986]]}}]], "conv_time": 719.7070398330688}, "gw_band_range_pbe": [1, 45], "gw_conv_lda": {"gw_conv_thr": 0.025, "gw_bnd_start": 200, "gw_bnd_step": 100, "gw_cut_start": 4, "gw_cut_step": 4, "kpt_bnd_idx": {"@module": "numpy", "@class": "array", "dtype": "int64", "data": [1, 1, 28, 29]}, "gw_bands": 200, "gw_cutoff": 4, "w_conv_grid": [[200, 4, 2.2848490000000004], [300, 4, 2.291509], [300, 8, 2.419834], [300, 8, 2.419834], [300, 12, 2.4626770000000002], [300, 12, 2.4626770000000002], [300, 16, 2.472502], [300, 16, 2.472502], [400, 16, 2.4831580000000004], [400, 20, 2.484957], [400, 20, 2.484957]], "pwcutoff": 82, "w_conv_time": [11.424590349197388, 11.940279960632324, 14.131808280944824, 14.132605791091919, 17.550689697265625, 17.55139398574829, 24.730677843093872, 24.732529163360596, 28.01904058456421, 39.56891202926636, 39.5707061290741], "w_ngw": 7, "w_z_factor": [{"@module": "numpy", "@class": "array", "dtype": "float64", "data": [[28.0, 0.78, -0.162935], [29.0, 0.79, -0.144932]]}, {"@module": "numpy", "@class": "array", "dtype": "float64", "data": [[28.0, 0.78, -0.167206], [29.0, 0.79, -0.144605]]}, {"@module": "numpy", "@class": "array", "dtype": "float64", "data": [[28.0, 0.77, -0.154125], [29.0, 0.79, -0.14388]]}, {"@module": "numpy", "@class": "array", "dtype": "float64", "data": [[28.0, 0.77, -0.154337], [29.0, 0.79, -0.144424]]}, {"@module": "numpy", "@class": "array", "dtype": "float64", "data": [[28.0, 0.77, -0.137312], [29.0, 0.79, -0.143212]]}, {"@module": "numpy", "@class": "array", "dtype": "float64", "data": [[28.0, 0.77, -0.157656], [29.0, 0.79, -0.143614]]}, {"@module": "numpy", "@class": "array", "dtype": "float64", "data": [[28.0, 0.77, -0.155978], [29.0, 0.79, -0.143532]]}], "gw_kppa": 80, "gw_kpt_grid": {"@module": "numpy", "@class": "array", "dtype": "int64", "data": [4, 4, 2]}, "conv_list": [[{"kppa": 0}, {"kpt_grid": "1x1x1"}, {"num_kpts": 1}, {"X_bnds": 400.0}, {"G_bnds": 400.0}, {"X_cutoff": 20.0}, {"gamma_gap": 2.484957}, {"num_gw_calc": 7}, {"wall_time": 272}, {"num_cores": 8}, {"z-factor": "None"}], [{"kppa": 0}, {"kpt_grid": "1x1x1"}, {"num_kpts": 1}, {"X_bnds": 200}, {"G_bnds": 200}, {"X_cutoff": 4}, {"gamma_gap": 8}, {"num_gw_calc": 1}, {"wall_time": 12}, {"num_cores": 8}, {"z-factor": "None"}], [{"kppa": 10}, {"kpt_grid": "2x2x2"}, {"num_kpts": 1}, {"X_bnds": 200}, {"G_bnds": 200}, {"X_cutoff": 4}, {"gamma_gap": 2.732894}, {"num_gw_calc": 2}, {"wall_time": 44}, {"num_cores": 8}, {"z-factor": {"@module": "numpy", "@class": "array", "dtype": "float64", "data": [[28.0, 0.8, -0.201866], [29.0, 0.82, -0.127318]]}}], [{"kppa": 80}, {"kpt_grid": "4x4x2"}, {"num_kpts": 1}, {"X_bnds": 200}, {"G_bnds": 200}, {"X_cutoff": 4}, {"gamma_gap": 2.718766}, {"num_gw_calc": 3}, {"wall_time": 130}, {"num_cores": 8}, {"z-factor": {"@module": "numpy", "@class": "array", "dtype": "float64",