{"@module": "pymatgen.entries.computed_entries", "@class": "ComputedEntry", "energy": 0.0, "composition": {"Sn": 2.0}, "entry_id": "40039", "correction": 0.0, "energy_adjustments": [], "parameters": {"id": "40039", "name": "Sn", "ibrav": {"celldm(1)": 12.262810827001054, "ibrav": 2}, "vol": 461.0097331483415, "lda_pw_cutoff_Ry": 64, "qe_conv_pbe": {"qe_conv_maxiter": 20, "qe_delta_kppa": 1500, "qe_delta_cutoff": 5, "qe_conv_thresh": 7.349865078089427e-05, "qe_conv_steps": [[60, 1500, -120.6474975510345], [65, 1500, -120.6474991825702], [65, 3000, -120.6475707882763]], "qe_conv_time": 13.117120265960693}, "num_elec_pbe": 28.0, "max_mem": 20841.0, "qe_conv_lda": {"qe_conv_maxiter": 20, "qe_delta_kppa": 1500, "qe_delta_cutoff": 5, "qe_conv_thresh": 7.349865078089427e-05, "qe_conv_steps": [[64, 1500, -157.140316354896], [69, 1500, -157.1411670420278], [74, 1500, -157.1412278467793], [74, 3000, -157.1413054236879], [74, 4500, -157.1413282956827]], "qe_conv_time": 23.153889417648315}, "num_elec_lda": 28.0, "bg_conv_pbe": {"bg_conv_maxiter": 20, "bg_delta_kppa": 1500, "bg_delta_cutoff": 5, "bg_conv_thresh": 0.025, "bg_conv_steps": [[65, 3000, -0.0852977926423298], [65, 4500, -0.08530437501239903]], "bg_conv_time": 10.994045734405518}, "indirect_gap_pbe": -0.08531955280920524, "bg_conv_lda": {"bg_conv_maxiter": 20, "bg_delta_kppa": 1500, "bg_delta_cutoff": 5, "bg_conv_thresh": 0.025, "bg_conv_steps": [[74, 4500, -0.2049529979761422], [74, 7500, -0.20504384814911344]], "bg_conv_time": 12.413940668106079}, "indirect_gap_lda": -0.204901015392822, "gw_conv_pbe": {"gw_conv_thr": 0.025, "gw_bnd_start": 200, "gw_bnd_step": 100, "gw_cut_start": 4, "gw_cut_step": 4, "kpt_bnd_idx": {"@module": "numpy", "@class": "array", "dtype": "int64", "data": [1, 1, 14, 15]}, "gw_bands": 200, "gw_cutoff": 4, "w_conv_grid": [[200, 4, -0.014286000000000021], [300, 4, -0.014253000000000071], [300, 8, -0.014538999999999969], [300, 8, -0.014538999999999969]], "pwcutoff": 65, "w_conv_time": [11.464982032775879, 11.265559673309326, 12.64513111114502, 12.64652681350708], "w_ngw": 3, "w_z_factor": [{"@module": "numpy", "@class": "array", "dtype": "float64", "data": [[14.0, 0.81, -0.828166], [15.0, 0.81, -0.782757]]}, {"@module": "numpy", "@class": "array", "dtype": "float64", "data": [[14.0, 0.81, -0.820904], [15.0, 0.81, -0.838213]]}, {"@module": "numpy", "@class": "array", "dtype": "float64", "data": [[14.0, 0.81, -0.865151], [15.0, 0.81, -0.855226]]}], "gw_kppa": 10, "gw_kpt_grid": {"@module": "numpy", "@class": "array", "dtype": "int64", "data": [2, 2, 2]}, "conv_list": [[{"kppa": 0}, {"kpt_grid": "1x1x1"}, {"num_kpts": 1}, {"X_bnds": 300.0}, {"G_bnds": 300.0}, {"X_cutoff": 8.0}, {"gamma_gap": -0.014538999999999969}, {"num_gw_calc": 3}, {"wall_time": 105}, {"num_cores": 8}, {"z-factor": "None"}], [{"kppa": 0}, {"kpt_grid": "1x1x1"}, {"num_kpts": 1}, {"X_bnds": 200}, {"G_bnds": 200}, {"X_cutoff": 4}, {"gamma_gap": 8}, {"num_gw_calc": 1}, {"wall_time": 12}, {"num_cores": 8}, {"z-factor": "None"}], [{"kppa": 10}, {"kpt_grid": "2x2x2"}, {"num_kpts": 1}, {"X_bnds": 200}, {"G_bnds": 200}, {"X_cutoff": 4}, {"gamma_gap": -0.0019100000000000783}, {"num_gw_calc": 2}, {"wall_time": 20}, {"num_cores": 8}, {"z-factor": {"@module": "numpy", "@class": "array", "dtype": "float64", "data": [[14.0, 0.79, -0.149734], [15.0, 0.79, -0.147799]]}}]], "conv_time": 123.98822069168091}, "gw_band_range_pbe": [1, 19], "gw_conv_lda": {"gw_conv_thr": 0.025, "gw_bnd_start": 200, "gw_bnd_step": 100, "gw_cut_start": 4, "gw_cut_step": 4, "kpt_bnd_idx": {"@module": "numpy", "@class": "array", "dtype": "int64", "data": [1, 1, 14, 15]}, "gw_bands": 200, "gw_cutoff": 4, "w_conv_grid": [[200, 4, -0.03494999999999998], [300, 4, -0.03552700000000003], [300, 8, -0.034246], [300, 8, -0.034246]], "pwcutoff": 74, "w_conv_time": [12.592105388641357, 11.419658184051514, 11.2947998046875, 11.296703815460205], "w_ngw": 3, "w_z_factor": [{"@module": "numpy", "@class": "array", "dtype": "float64", "data": [[14.0, 0.8, -0.904859], [15.0, 0.8, -0.961584]]}, {"@module": "numpy", "@class": "array", "dtype": "float64", "data": [[14.0, 0.8, -0.836711], [15.0, 0.8, -0.979781]]}, {"@module": "numpy", "@class": "array", "dtype": "float64", "data": [[14.0, 0.8, -0.922019], [15.0, 0.8, -0.963354]]}], "gw_kppa": 60, "gw_kpt_grid": {"@module": "numpy", "@class": "array", "dtype": "int64", "data": [4, 4, 4]}, "conv_list": [[{"kppa": 0}, {"kpt_grid": "1x1x1"}, {"num_kpts": 1}, {"X_bnds": 300.0}, {"G_bnds": 300.0}, {"X_cutoff": 8.0}, {"gamma_gap": -0.034246}, {"num_gw_calc": 3}, {"wall_time": 98}, {"num_cores": 8}, {"z-factor": "None"}], [{"kppa": 0}, {"kpt_grid": "1x1x1"}, {"num_kpts": 1}, {"X_bnds": 200}, {"G_bnds": 200}, {"X_cutoff": 4}, {"gamma_gap": 8}, {"num_gw_calc": 1}, {"wall_time": 13}, {"num_cores": 8}, {"z-factor": "None"}], [{"kppa": 10}, {"kpt_grid": "2x2x2"}, {"num_kpts": 1}, {"X_bnds": 200}, {"G_bnds": 200}, {"X_cutoff": 4}, {"gamma_gap": 0.0021689999999999765}, {"num_gw_calc": 2}, {"wall_time": 20}, {"num_cores": 8}, {"z-factor": {"@module": "numpy", "@class": "array", "dtype": "float64", "data": [[14.0, 0.79, -0.140131], [15.0, 0.79, -0.13988]]}}], [{"kppa": 60}, {"kpt_grid": "4x4x4"}, {"num_kpts": 1}, {"X_bnds": 200}, {"G_bnds": 200}, {"X_cutoff": 4}, {"gamma_gap": 0.003681999999999963}, {"num_gw_calc": 3}, {"wall_time": 61}, {"num_cores": 8}, {"z-factor": {"@module": "numpy", "@class": "array", "dtype": "float64", "data": [[14.0, 0.8, -0.143104], [15.0, 0.8, -0.143101]]}}]], "conv_time": 177.6290464401245}, "gw_band_range_lda": [1, 19], "g0w0_ppa_pbe": {"gw_direct_gap": 0.00022100000000002673, "kppa": 60, "kpt_grid": "4x4x4", "num_kpt": 8, "bands_in X": 400, "bands_in_G": 400, "cutoff": 12, "z_factor": [[14.0, 0.8, -0.00134252], [15.0, 0.8, -0.00134253]], "scissor": 0.00022100000000002673, "ncpu": 32, "calc_time": 71.84345316886902}, "g0w0_ppa_lda": {"gw_direct_gap": 0.0008509999999999351, "kppa": 260, "kpt_grid": "6x6x6", "num_kpt": 16, "bands_in X": 400, "bands_in_G": 400, "cutoff": 12, "z_factor": [[14.0, 0.79, -0.00145076], [15.0, 0.79, -0.00145004]], "scissor": 0.0008509999999999351, "ncpu": 32, "calc_time": 248.84348940849304}}, "data": {}}