{"@module": "pymatgen.entries.computed_entries", "@class": "ComputedEntry", "energy": 0.0, "composition": {"Sc": 1.0, "Ni": 1.0, "Sb": 1.0}, "entry_id": "40296", "correction": 0.0, "energy_adjustments": [], "parameters": {"id": "40296", "name": "ScNiSb", "ibrav": {"celldm(1)": 11.442291739735467, "ibrav": 2}, "vol": 374.52348723786105, "lda_pw_cutoff_Ry": 72, "qe_conv_pbe": {"qe_conv_maxiter": 20, "qe_delta_kppa": 1500, "qe_delta_cutoff": 5, "qe_conv_thresh": 0.00011024797617134141, "qe_conv_steps": [[60, 1500, -270.733133295335], [65, 1500, -270.7333528878589], [70, 1500, -270.733372734284], [70, 3000, -270.7333841027712]], "qe_conv_time": 32.362945318222046}, "num_elec_pbe": 44.0, "max_mem": 23194.0, "qe_conv_lda": {"qe_conv_maxiter": 20, "qe_delta_kppa": 1500, "qe_delta_cutoff": 5, "qe_conv_thresh": 0.00011024797617134141, "qe_conv_steps": [[72, 1500, -306.8377330678246], [77, 1500, -306.8525294630585], [82, 1500, -306.857700616939], [87, 1500, -306.8592405844846], [92, 1500, -306.8596114243928], [97, 1500, -306.8596713340592], [97, 3000, -306.859683337682]], "qe_conv_time": 61.96860861778259}, "num_elec_lda": 44.0, "bg_conv_pbe": {"bg_conv_maxiter": 20, "bg_delta_kppa": 1500, "bg_delta_cutoff": 5, "bg_conv_thresh": 0.025, "bg_conv_steps": [[70, 3000, 0.2607750690926657], [70, 4500, 0.26079877565163456]], "bg_conv_time": 17.356784343719482}, "indirect_gap_pbe": 0.26079323642898716, "bg_conv_lda": {"bg_conv_maxiter": 20, "bg_delta_kppa": 1500, "bg_delta_cutoff": 5, "bg_conv_thresh": 0.025, "bg_conv_steps": [[97, 3000, 0.2720574687036903], [97, 4500, 0.2720146487433954]], "bg_conv_time": 21.767432689666748}, "indirect_gap_lda": 0.2720575291024421, "gw_conv_pbe": {"gw_conv_thr": 0.025, "gw_bnd_start": 200, "gw_bnd_step": 100, "gw_cut_start": 4, "gw_cut_step": 4, "kpt_bnd_idx": {"@module": "numpy", "@class": "array", "dtype": "int64", "data": [1, 1, 22, 23]}, "gw_bands": 200, "gw_cutoff": 4, "w_conv_grid": [[200, 4, 1.3679540000000001], [300, 4, 1.380744], [300, 8, 1.4433189999999998], [300, 8, 1.4433189999999998], [300, 12, 1.477346], [300, 12, 1.477346], [300, 16, 1.518815], [300, 16, 1.518815], [300, 20, 1.533786], [300, 20, 1.533786], [400, 20, 1.540421], [400, 24, 1.556572], [400, 24, 1.556572]], "pwcutoff": 70, "w_conv_time": [12.963220596313477, 13.052794694900513, 13.27939486503601, 13.280848979949951, 13.58857536315918, 13.590792655944824, 14.484312772750854, 14.486205577850342, 15.370662689208984, 15.371461868286133, 16.046704530715942, 18.467444896697998, 18.46860432624817], "w_ngw": 8, "w_z_factor": [{"@module": "numpy", "@class": "array", "dtype": "float64", "data": [[22.0, 0.8, -0.10605], [23.0, 0.78, -0.113137]]}, {"@module": "numpy", "@class": "array", "dtype": "float64", "data": [[22.0, 0.8, -0.105242], [23.0, 0.79, -0.111318]]}, {"@module": "numpy", "@class": "array", "dtype": "float64", "data": [[22.0, 0.79, -0.106717], [23.0, 0.78, -0.117199]]}, {"@module": "numpy", "@class": "array", "dtype": "float64", "data": [[22.0, 0.79, -0.107481], [23.0, 0.78, -0.115845]]}, {"@module": "numpy", "@class": "array", "dtype": "float64", "data": [[22.0, 0.79, -0.108086], [23.0, 0.78, -0.11614]]}, {"@module": "numpy", "@class": "array", "dtype": "float64", "data": [[22.0, 0.79, -0.108267], [23.0, 0.78, -0.116455]]}, {"@module": "numpy", "@class": "array", "dtype": "float64", "data": [[22.0, 0.79, -0.10749], [23.0, 0.78, -0.115526]]}, {"@module": "numpy", "@class": "array", "dtype": "float64", "data": [[22.0, 0.79, -0.107694], [23.0, 0.78, -0.117076]]}], "gw_kppa": 90, "gw_kpt_grid": {"@module": "numpy", "@class": "array", "dtype": "int64", "data": [4, 4, 4]}, "conv_list": [[{"kppa": 0}, {"kpt_grid": "1x1x1"}, {"num_kpts": 1}, {"X_bnds": 400.0}, {"G_bnds": 400.0}, {"X_cutoff": 24.0}, {"gamma_gap": 1.556572}, {"num_gw_calc": 8}, {"wall_time": 209}, {"num_cores": 8}, {"z-factor": "None"}], [{"kppa": 0}, {"kpt_grid": "1x1x1"}, {"num_kpts": 1}, {"X_bnds": 200}, {"G_bnds": 200}, {"X_cutoff": 4}, {"gamma_gap": 8}, {"num_gw_calc": 1}, {"wall_time": 13}, {"num_cores": 8}, {"z-factor": "None"}], [{"kppa": 10}, {"kpt_grid": "2x2x2"}, {"num_kpts": 1}, {"X_bnds": 200}, {"G_bnds": 200}, {"X_cutoff": 4}, {"gamma_gap": 1.4527059999999998}, {"num_gw_calc": 2}, {"wall_time": 23}, {"num_cores": 8}, {"z-factor": {"@module": "numpy", "@class": "array", "dtype": "float64", "data": [[22.0, 0.79, -0.130165], [23.0, 0.78, -0.127502]]}}], [{"kppa": 90}, {"kpt_grid": "4x4x4"}, {"num_kpts": 1}, {"X_bnds": 200}, {"G_bnds": 200}, {"X_cutoff": 4}, {"gamma_gap": 1.4552910000000001}, {"num_gw_calc": 3}, {"wall_time": 67}, {"num_cores": 8}, {"z-factor": {"@module": "numpy", "@class": "array", "dtype": "float64", "data": [[22.0, 0.79, -0.128516], [23.0, 0.79, -0.12707]]}}]], "conv_time": 297.72975873947144}, "gw_band_range_pbe": [1, 29], "gw_conv_lda": {"gw_conv_thr": 0.025, "gw_bnd_start": 200, "gw_bnd_step": 100, "gw_cut_start": 4, "gw_cut_step": 4, "kpt_bnd_idx": {"@module": "numpy", "@class": "array", "dtype": "int64", "data": [1, 1, 22, 23]}, "gw_bands": 200, "gw_cutoff": 4, "w_conv_grid": [[200, 4, 1.48052], [300, 4, 1.4901659999999999], [300, 8, 1.5491199999999998], [300, 8, 1.5491199999999998], [300, 12, 1.5822159999999998], [300, 12, 1.5822159999999998], [300, 16, 1.622317], [300, 16, 1.622317], [300, 20, 1.637114], [300, 20, 1.637114], [400, 20, 1.645314], [400, 24, 1.66354], [400, 24, 1.66354], [500, 24, 1.668393], [500, 28, 1.683922], [500, 28, 1.683922]], "pwcutoff": 97, "w_conv_time": [12.846152782440186, 13.38890290260315, 13.40173077583313, 13.402526140213013, 13.70730471611023, 13.708523035049438, 14.747816562652588, 14.749359846115112, 15.452744722366333, 15.45453667640686, 16.402916193008423, 18.79098868370056, 18.79498791694641, 20.207589149475098, 25.01990294456482, 25.020889043807983], "w_ngw": 10, "w_z_factor": [{"@module": "numpy", "@class": "array", "dtype": "float64", "data": [[22.0, 0.79, -0.110531], [23.0, 0.78, -0.121106]]}, {"@module": "numpy", "@class": "array", "dtype": "float64", "data": [[22.0, 0.79, -0.109822], [23.0, 0.78, -0.119089]]}, {"@module": "numpy", "@class": "array", "dtype": "float64", "data": [[22.0, 0.79, -0.108911], [23.0, 0.77, -0.129836]]}, {"@module": "numpy", "@class": "array", "dtype": "float64", "data": [[22.0, 0.79, -0.108876], [23.0, 0.77, -0.132172]]}, {"@module": "numpy", "@class": "array", "dtype": "float64", "data": [[22.0, 0.79, -0.10908], [23.0, 0.77, -0.132894]]}, {"@module": "numpy", "@class": "array", "dtype": "float64", "data": [[22.0, 0.78, -0.109501], [23.0, 0.77, -0.131865]]}, {"@module": "numpy", "@class": "array", "dtype": "float64", "data": [[22.0, 0.78, -0.109776], [23.0, 0.77, -0.128964]]}, {"@module": "numpy", "@class": "array", "dtype": "float64", "data": [[22.0, 0.78, -0.11002], [23.0, 0.77, -0.128575]]}, {"@module": "numpy", "@class": "array", "dtype": "float64", "data": [[22.0, 0.78, -0.109853], [23.0, 0.77, -0.128388]]}, {"@module": "numpy", "@class": "array", "dtype": "float64", "data": [[22.0, 0.78, -0.110181], [23.0, 0.77, -0.127703]]}], "gw_kppa": 10, "gw_kpt_grid": {"@module": "numpy", "@class": "array", "dtype": "int64", "data": [2, 2, 2]}, "conv_list": [[{"kppa": 0}, {"kpt_grid": "1x1x1"}, {"num_kpts": 1}, {"X_bnds": 500.0}, {"G_bnds": 500.0}, {"X_cutoff": 28.0}, {"gamma_gap": 1.683922}, {"num_gw_calc": 10}, {"wall_time": 275}, {"num_cores": 8}, {"z-factor": "None"}], [{"kppa": 0}, {"kpt_grid": "1x1x1"}, {"num_kpts": 1}, {"X_bnds": 200}, {"G_bnds": 200}, {"X_cutoff": 4}, {"gamma_gap": 8}, {"num_gw_calc": 1}, {"wall_time": 13}, {"num_cores": 8}, {"z-factor": "None"}], [{"kppa": 10}, {"kpt_grid": "2x2x2"}, {"num_kpts": 1}, {"X_bnds": 200}, {"G_bnds": 200}, {"X_cutoff": 4}, {"gamma_gap": 1.497341}, {"num_gw_calc": 2}, {"wall_time": 28}, {"num_cores": 8}, {"z-factor": {"@module": "numpy", "@class": "array", "dtype": "float64", "data": [[22.0, 0.78, -0.134913], [23.0, 0.78, -0.133493]]}}]], "conv_time": 301.9393274784088}, "gw_band_range_lda": [1, 29],