{"@module": "pymatgen.entries.computed_entries", "@class": "ComputedEntry", "energy": 0.0, "composition": {"Sr": 1.0, "F": 2.0}, "entry_id": "40414", "correction": 0.0, "energy_adjustments": [], "parameters": {"id": "40414", "name": "SrF2", "ibrav": {"celldm(1)": 10.949073218831924, "ibrav": 2}, "vol": 328.149758269455, "lda_pw_cutoff_Ry": 68, "qe_conv_pbe": {"qe_conv_maxiter": 20, "qe_delta_kppa": 1500, "qe_delta_cutoff": 5, "qe_conv_thresh": 0.00011024797617134141, "qe_conv_steps": [[60, 1500, -79.16837440556183], [65, 1500, -79.17331224298856], [70, 1500, -79.17481871250222], [75, 1500, -79.1751571624875], [80, 1500, -79.17519523972112], [80, 3000, -79.1751952318099]], "qe_conv_time": 29.46462607383728}, "num_elec_pbe": 24.0, "max_mem": 37453.0, "qe_conv_lda": {"qe_conv_maxiter": 20, "qe_delta_kppa": 1500, "qe_delta_cutoff": 5, "qe_conv_thresh": 0.00011024797617134141, "qe_conv_steps": [[68, 1500, -83.68423085351083], [73, 1500, -83.68609968091194], [78, 1500, -83.68659063475205], [83, 1500, -83.68667792131866], [83, 3000, -83.68667803159161]], "qe_conv_time": 29.38896918296814}, "num_elec_lda": 24.0, "bg_conv_pbe": {"bg_conv_maxiter": 20, "bg_delta_kppa": 1500, "bg_delta_cutoff": 5, "bg_conv_thresh": 0.025, "bg_conv_steps": [[80, 3000, 6.9893999168702035], [80, 4500, 6.989373939190104]], "bg_conv_time": 11.881302118301392}, "indirect_gap_pbe": 6.989373797680585, "bg_conv_lda": {"bg_conv_maxiter": 20, "bg_delta_kppa": 1500, "bg_delta_cutoff": 5, "bg_conv_thresh": 0.025, "bg_conv_steps": [[83, 3000, 6.593513261297603], [83, 4500, 6.593521804434493]], "bg_conv_time": 11.910135746002197}, "indirect_gap_lda": 6.593513078451479, "gw_conv_pbe": {"gw_conv_thr": 0.025, "gw_bnd_start": 200, "gw_bnd_step": 100, "gw_cut_start": 4, "gw_cut_step": 4, "kpt_bnd_idx": {"@module": "numpy", "@class": "array", "dtype": "int64", "data": [1, 1, 12, 13]}, "gw_bands": 200, "gw_cutoff": 4, "w_conv_grid": [[200, 4, 9.359269000000001], [300, 4, 9.355494], [300, 8, 9.456444000000001], [300, 8, 9.456444000000001], [300, 12, 9.53933], [300, 12, 9.53933], [300, 16, 9.577936000000001], [300, 16, 9.577936000000001], [300, 20, 9.611725], [300, 20, 9.611725], [300, 24, 9.629409], [300, 24, 9.629409], [400, 24, 9.634817000000002], [400, 28, 9.647473000000002], [400, 28, 9.647473000000002]], "pwcutoff": 80, "w_conv_time": [12.981269598007202, 12.857025623321533, 13.306007623672485, 13.307393789291382, 13.38276219367981, 13.383781909942627, 14.797214031219482, 14.800378799438477, 14.750079154968262, 14.7515709400177, 16.336597681045532, 16.343130588531494, 17.355411052703857, 19.73749566078186, 19.73915386199951], "w_ngw": 9, "w_z_factor": [{"@module": "numpy", "@class": "array", "dtype": "float64", "data": [[12.0, 0.8, -0.120211], [13.0, 0.86, -0.954788]]}, {"@module": "numpy", "@class": "array", "dtype": "float64", "data": [[12.0, 0.8, -0.121089], [13.0, 0.86, -0.954187]]}, {"@module": "numpy", "@class": "array", "dtype": "float64", "data": [[12.0, 0.8, -0.124218], [13.0, 0.86, -0.943765]]}, {"@module": "numpy", "@class": "array", "dtype": "float64", "data": [[12.0, 0.79, -0.125693], [13.0, 0.86, -0.938457]]}, {"@module": "numpy", "@class": "array", "dtype": "float64", "data": [[12.0, 0.79, -0.126141], [13.0, 0.86, -0.936111]]}, {"@module": "numpy", "@class": "array", "dtype": "float64", "data": [[12.0, 0.79, -0.125244], [13.0, 0.86, -0.930045]]}, {"@module": "numpy", "@class": "array", "dtype": "float64", "data": [[12.0, 0.79, -0.127397], [13.0, 0.86, -0.930615]]}, {"@module": "numpy", "@class": "array", "dtype": "float64", "data": [[12.0, 0.79, -0.126233], [13.0, 0.86, -0.934271]]}, {"@module": "numpy", "@class": "array", "dtype": "float64", "data": [[12.0, 0.79, -0.130491], [13.0, 0.86, -0.933207]]}], "gw_kppa": 380, "gw_kpt_grid": {"@module": "numpy", "@class": "array", "dtype": "int64", "data": [6, 6, 6]}, "conv_list": [[{"kppa": 0}, {"kpt_grid": "1x1x1"}, {"num_kpts": 1}, {"X_bnds": 400.0}, {"G_bnds": 400.0}, {"X_cutoff": 28.0}, {"gamma_gap": 9.647473000000002}, {"num_gw_calc": 9}, {"wall_time": 199}, {"num_cores": 8}, {"z-factor": "None"}], [{"kppa": 0}, {"kpt_grid": "1x1x1"}, {"num_kpts": 1}, {"X_bnds": 200}, {"G_bnds": 200}, {"X_cutoff": 4}, {"gamma_gap": 8}, {"num_gw_calc": 1}, {"wall_time": 13}, {"num_cores": 8}, {"z-factor": "None"}], [{"kppa": 10}, {"kpt_grid": "2x2x2"}, {"num_kpts": 1}, {"X_bnds": 200}, {"G_bnds": 200}, {"X_cutoff": 4}, {"gamma_gap": 10.127648}, {"num_gw_calc": 2}, {"wall_time": 22}, {"num_cores": 8}, {"z-factor": {"@module": "numpy", "@class": "array", "dtype": "float64", "data": [[12.0, 0.82, -0.102883], [13.0, 0.9, -0.5898]]}}], [{"kppa": 90}, {"kpt_grid": "4x4x4"}, {"num_kpts": 1}, {"X_bnds": 200}, {"G_bnds": 200}, {"X_cutoff": 4}, {"gamma_gap": 10.093899}, {"num_gw_calc": 3}, {"wall_time": 48}, {"num_cores": 8}, {"z-factor": {"@module": "numpy", "@class": "array", "dtype": "float64", "data": [[12.0, 0.82, -0.108198], [13.0, 0.9, -0.575798]]}}], [{"kppa": 380}, {"kpt_grid": "6x6x6"}, {"num_kpts": 1}, {"X_bnds": 200}, {"G_bnds": 200}, {"X_cutoff": 4}, {"gamma_gap": 10.086849}, {"num_gw_calc": 4}, {"wall_time": 72}, {"num_cores": 32}, {"z-factor": {"@module": "numpy", "@class": "array", "dtype": "float64", "data": [[12.0, 0.82, -0.116423], [13.0, 0.9, -0.579759]]}}]], "conv_time": 339.0784957408905}, "gw_band_range_pbe": [1, 15], "gw_conv_lda": {"gw_conv_thr": 0.025, "gw_bnd_start": 200, "gw_bnd_step": 100, "gw_cut_start": 4, "gw_cut_step": 4, "kpt_bnd_idx": {"@module": "numpy", "@class": "array", "dtype": "int64", "data": [1, 1, 12, 13]}, "gw_bands": 200, "gw_cutoff": 4, "w_conv_grid": [[200, 4, 9.45362], [300, 4, 9.451231], [300, 8, 9.559795], [300, 8, 9.559795], [300, 12, 9.639983], [300, 12, 9.639983], [300, 16, 9.677673], [300, 16, 9.677673], [300, 20, 9.711217], [300, 20, 9.711217], [300, 24, 9.731487], [300, 24, 9.731487], [400, 24, 9.731014000000002], [400, 28, 9.746386000000001], [400, 28, 9.746386000000001]], "pwcutoff": 83, "w_conv_time": [12.988953351974487, 12.577606439590454, 13.147133588790894, 13.149404048919678, 13.326194524765015, 13.328350067138672, 13.65738320350647, 13.65857481956482, 14.608316659927368, 14.609398365020752, 16.219403982162476, 16.220438718795776, 22.57757878303528, 20.743213891983032, 20.744141578674316], "w_ngw": 9, "w_z_factor": [{"@module": "numpy", "@class": "array", "dtype": "float64", "data": [[12.0, 0.8, -0.125917], [13.0, 0.85, -0.102019]]}, {"@module": "numpy", "@class": "array", "dtype": "float64", "data": [[12.0, 0.8, -0.123019], [13.0, 0.85, -0.101903]]}, {"@module": "numpy", "@class": "array", "dtype": "float64", "data": [[12.0, 0.79, -0.12857], [13.0, 0.85, -0.100681]]}, {"@module": "numpy", "@class": "array", "dtype": "float64", "data": [[12.0, 0.79, -0.13153], [13.0, 0.85, -0.100003]]}, {"@module": "numpy", "@class": "array", "dtype": "float64", "data": [[12.0, 0.78, -0.133491], [13.0, 0.85, -0.998819]]}, {"@module": "numpy", "@class": "array", "dtype": "float64", "data": [[12.0, 0.78, -0.130272], [13.0, 0.85, -0.993946]]}, {"@module": "numpy", "@class": "array", "dtype": "float64", "data": [[12.0, 0.78, -0.134237], [13.0, 0.85, -0.99619]]}, {"@module": "numpy", "@class": "array", "dtype": "float64", "data": [[12.0, 0.78, -0.150471], [13.0, 0.85, -0.99565]]}, {"@module": "numpy", "@class": "array", "dtype": "float64", "data": [[12.0, 0.78, -0.151044], [13.0, 0.85, -0.995126]]}], "gw_kppa": 380, "gw_kpt_grid": {"@module": "numpy", "@class": "array", "dtype": "int64", "data": [6, 6, 6]},