{"@module": "pymatgen.entries.computed_entries", "@class": "ComputedEntry", "energy": 0.0, "composition": {"Cs": 1.0, "Sn": 1.0, "Br": 3.0}, "entry_id": "4071", "correction": 0.0, "energy_adjustments": [], "parameters": {"id": "4071", "name": "CsSnBr3", "ibrav": {"celldm(1)": 10.950962944965651, "ibrav": 1}, "vol": 1313.2787839877149, "lda_pw_cutoff_Ry": 64, "qe_conv_pbe": {"qe_conv_maxiter": 20, "qe_delta_kppa": 1500, "qe_delta_cutoff": 5, "qe_conv_thresh": 0.00018374662695223566, "qe_conv_steps": [[60, 1500, -121.2054802053313], [65, 1500, -121.2055327141935], [65, 3000, -121.2058011128087], [65, 4500, -121.2058523405686]], "qe_conv_time": 42.688016414642334}, "num_elec_pbe": 44.0, "max_mem": 265250.0, "qe_conv_lda": {"qe_conv_maxiter": 20, "qe_delta_kppa": 1500, "qe_delta_cutoff": 5, "qe_conv_thresh": 0.00018374662695223566, "qe_conv_steps": [[64, 1500, -149.57043473836], [69, 1500, -149.5708665507135], [74, 1500, -149.5709016706923], [74, 3000, -149.5711851344996], [74, 4500, -149.5712402762029]], "qe_conv_time": 46.718090534210205}, "num_elec_lda": 44.0, "bg_conv_pbe": {"bg_conv_maxiter": 20, "bg_delta_kppa": 1500, "bg_delta_cutoff": 5, "bg_conv_thresh": 0.025, "bg_conv_steps": [[65, 4500, 0.36675275031060145], [65, 7500, 0.36686080508261154]], "bg_conv_time": 33.989410638809204}, "indirect_gap_pbe": 0.36638097883927656, "bg_conv_lda": {"bg_conv_maxiter": 20, "bg_delta_kppa": 1500, "bg_delta_cutoff": 5, "bg_conv_thresh": 0.025, "bg_conv_steps": [[74, 4500, 0.3267647149924047], [74, 7500, 0.3269390727438364]], "bg_conv_time": 30.579761028289795}, "indirect_gap_lda": 0.32620204017756144, "gw_conv_pbe": {"gw_conv_thr": 0.025, "gw_bnd_start": 200, "gw_bnd_step": 100, "gw_cut_start": 4, "gw_cut_step": 4, "kpt_bnd_idx": {"@module": "numpy", "@class": "array", "dtype": "int64", "data": [1, 1, 22, 23]}, "gw_bands": 200, "gw_cutoff": 4, "w_conv_grid": [[200, 4, 6.784999], [300, 4, 6.790234999999999], [300, 8, 6.960224], [300, 8, 6.960224], [300, 12, 7.006691], [300, 12, 7.006691], [300, 16, 7.016672000000001], [300, 16, 7.016672000000001], [400, 16, 7.057161], [500, 16, 7.078595], [500, 20, 7.083088], [500, 20, 7.083088], [600, 20, 7.105468], [600, 24, 7.106938], [600, 24, 7.106938]], "pwcutoff": 65, "w_conv_time": [12.74092149734497, 13.2483229637146, 15.419741153717041, 15.421252012252808, 18.377936601638794, 18.378729104995728, 26.971312522888184, 26.97280216217041, 30.297985553741455, 34.861735820770264, 54.94371771812439, 54.94512724876404, 60.7162811756134, 95.62302541732788, 95.62381887435913], "w_ngw": 10, "w_z_factor": [{"@module": "numpy", "@class": "array", "dtype": "float64", "data": [[22.0, 0.81, -0.164014], [23.0, 0.86, -0.113569]]}, {"@module": "numpy", "@class": "array", "dtype": "float64", "data": [[22.0, 0.81, -0.153094], [23.0, 0.86, -0.112922]]}, {"@module": "numpy", "@class": "array", "dtype": "float64", "data": [[22.0, 0.81, -0.151026], [23.0, 0.86, -0.112879]]}, {"@module": "numpy", "@class": "array", "dtype": "float64", "data": [[22.0, 0.81, -0.15095], [23.0, 0.86, -0.112351]]}, {"@module": "numpy", "@class": "array", "dtype": "float64", "data": [[22.0, 0.81, -0.157547], [23.0, 0.86, -0.112539]]}, {"@module": "numpy", "@class": "array", "dtype": "float64", "data": [[22.0, 0.81, -0.15688], [23.0, 0.86, -0.111768]]}, {"@module": "numpy", "@class": "array", "dtype": "float64", "data": [[22.0, 0.81, -0.15217], [23.0, 0.86, -0.113262]]}, {"@module": "numpy", "@class": "array", "dtype": "float64", "data": [[22.0, 0.81, -0.152006], [23.0, 0.86, -0.113269]]}, {"@module": "numpy", "@class": "array", "dtype": "float64", "data": [[22.0, 0.81, -0.148389], [23.0, 0.86, -0.113416]]}, {"@module": "numpy", "@class": "array", "dtype": "float64", "data": [[22.0, 0.81, -0.148526], [23.0, 0.86, -0.113442]]}], "gw_kppa": 3650, "gw_kpt_grid": {"@module": "numpy", "@class": "array", "dtype": "int64", "data": [10, 10, 10]}, "conv_list": [[{"kppa": 0}, {"kpt_grid": "1x1x1"}, {"num_kpts": 1}, {"X_bnds": 600.0}, {"G_bnds": 600.0}, {"X_cutoff": 24.0}, {"gamma_gap": 7.106938}, {"num_gw_calc": 10}, {"wall_time": 471}, {"num_cores": 8}, {"z-factor": "None"}], [{"kppa": 0}, {"kpt_grid": "1x1x1"}, {"num_kpts": 1}, {"X_bnds": 200}, {"G_bnds": 200}, {"X_cutoff": 4}, {"gamma_gap": 8}, {"num_gw_calc": 1}, {"wall_time": 13}, {"num_cores": 8}, {"z-factor": "None"}], [{"kppa": 10}, {"kpt_grid": "2x2x2"}, {"num_kpts": 1}, {"X_bnds": 200}, {"G_bnds": 200}, {"X_cutoff": 4}, {"gamma_gap": 5.7688950000000006}, {"num_gw_calc": 2}, {"wall_time": 38}, {"num_cores": 8}, {"z-factor": {"@module": "numpy", "@class": "array", "dtype": "float64", "data": [[22.0, 0.79, -0.523898], [23.0, 0.84, -0.136892]]}}], [{"kppa": 140}, {"kpt_grid": "4x4x4"}, {"num_kpts": 1}, {"X_bnds": 200}, {"G_bnds": 200}, {"X_cutoff": 4}, {"gamma_gap": 6.006163000000001}, {"num_gw_calc": 3}, {"wall_time": 183}, {"num_cores": 8}, {"z-factor": {"@module": "numpy", "@class": "array", "dtype": "float64", "data": [[22.0, 0.78, -0.196123], [23.0, 0.84, -0.136256]]}}], [{"kppa": 630}, {"kpt_grid": "6x6x6"}, {"num_kpts": 1}, {"X_bnds": 200}, {"G_bnds": 200}, {"X_cutoff": 4}, {"gamma_gap": 6.065459000000001}, {"num_gw_calc": 4}, {"wall_time": 275}, {"num_cores": 32}, {"z-factor": {"@module": "numpy", "@class": "array", "dtype": "float64", "data": [[22.0, 0.79, -0.18034], [23.0, 0.84, -0.132232]]}}], [{"kppa": 1720}, {"kpt_grid": "8x8x8"}, {"num_kpts": 1}, {"X_bnds": 200}, {"G_bnds": 200}, {"X_cutoff": 4}, {"gamma_gap": 6.0941600000000005}, {"num_gw_calc": 5}, {"wall_time": 961}, {"num_cores": 32}, {"z-factor": {"@module": "numpy", "@class": "array", "dtype": "float64", "data": [[22.0, 0.79, -0.179607], [23.0, 0.84, -0.128201]]}}], [{"kppa": 3650}, {"kpt_grid": "10x10x10"}, {"num_kpts": 1}, {"X_bnds": 200}, {"G_bnds": 200}, {"X_cutoff": 4}, {"gamma_gap": 6.107761}, {"num_gw_calc": 6}, {"wall_time": 2911}, {"num_cores": 32}, {"z-factor": {"@module": "numpy", "@class": "array", "dtype": "float64", "data": [[22.0, 0.79, -0.187767], [23.0, 0.84, -0.127636]]}}]], "conv_time": 4835.791510820389}, "gw_band_range_pbe": [1, 26], "gw_conv_lda": {"gw_conv_thr": 0.025, "gw_bnd_start": 200, "gw_bnd_step": 100, "gw_cut_start": 4, "gw_cut_step": 4, "kpt_bnd_idx": {"@module": "numpy", "@class": "array", "dtype": "int64", "data": [1, 1, 22, 23]}, "gw_bands": 200, "gw_cutoff": 4, "w_conv_grid": [[200, 4, 6.796414], [300, 4, 6.803208], [300, 8, 6.9696750000000005], [300, 8, 6.9696750000000005], [300, 12, 7.0134110000000005], [300, 12, 7.0134110000000005], [300, 16, 7.021388], [300, 16, 7.021388], [400, 16, 7.065868999999999], [500, 16, 7.089808], [500, 20, 7.093249], [500, 20, 7.093249], [600, 20, 7.1154459999999995], [600, 24, 7.1160939999999995], [600, 24, 7.1160939999999995]], "pwcutoff": 74, "w_conv_time": [13.07860779762268, 13.04797649383545, 14.715343236923218, 14.716858625411987, 19.080120086669922, 19.08197546005249, 27.265673637390137, 27.267167806625366, 30.95619511604309, 34.18333435058594, 54.943620920181274, 54.94516730308533, 63.357837200164795, 98.07443046569824, 98.07584261894226], "w_ngw": 10, "w_z_factor": [{"@module": "numpy", "@class": "array", "dtype": "float64", "data": [[22.0, 0.81, -0.159163], [23.0, 0.85, -0.123297]]}, {"@module": "numpy", "@class": "array", "dtype": "float64", "data": [[22.0, 0.81, -0.160069], [23.0, 0.85, -0.123059]]}, {"@module": "numpy", "@class": "array", "dtype": "float64", "data": [[22.0, 0.8, -0.158945], [23.0, 0.85, -0.12269]]}, {"@module": "numpy", "@class": "array", "dtype": "float64", "data": [[22.0, 0.8, -0.155938], [23.0, 0.85, -0.122165]]}, {"@module": "numpy", "@class": "array", "dtype": "float64", "data": [[22.0, 0.8, -0.15272], [23.0, 0.85, -0.122185]]}, {"@module": "numpy", "@class": "array", "dtype": "float64", "data": [[22.0, 0.8, -0.156865], [23.0, 0.85, -0.122279]]}, {"@module": "numpy", "@class": "array", "dtype": "float64", "data": [[22.0, 0.8, -0.156158], [23.0, 0.85, -0.122191]]}, {"@module": "numpy", "@class": "array", "dtype": "float64",