{"@module": "pymatgen.entries.computed_entries", "@class": "ComputedEntry", "energy": 0.0, "composition": {"W": 2.0, "Se": 4.0}, "entry_id": "40752", "correction": 0.0, "energy_adjustments": [], "parameters": {"id": "40752", "name": "WSe2", "ibrav": {"celldm(1)": 6.202081170902032, "ibrav": 4, "celldm(3)": 3.948811700182816}, "vol": 815.8482645651671, "lda_pw_cutoff_Ry": 78, "qe_conv_pbe": {"qe_conv_maxiter": 20, "qe_delta_kppa": 1500, "qe_delta_cutoff": 5, "qe_conv_thresh": 0.00022049595234268282, "qe_conv_steps": [[60, 1500, -581.9011021989483], [65, 1500, -581.9011184568303], [65, 3000, -581.901125270387]], "qe_conv_time": 65.09537529945374}, "num_elec_pbe": 80.0, "max_mem": 63090.0, "qe_conv_lda": {"qe_conv_maxiter": 20, "qe_delta_kppa": 1500, "qe_delta_cutoff": 5, "qe_conv_thresh": 0.00022049595234268282, "qe_conv_steps": [[78, 1500, -636.6622436857712], [83, 1500, -636.662857078721], [88, 1500, -636.6629313438377], [88, 3000, -636.6629402796747]], "qe_conv_time": 113.36266779899597}, "num_elec_lda": 92.00000000000001, "bg_conv_pbe": {"bg_conv_maxiter": 20, "bg_delta_kppa": 1500, "bg_delta_cutoff": 5, "bg_conv_thresh": 0.025, "bg_conv_steps": [[65, 3000, 0.9622408704112876], [65, 4500, 0.9825916362772948]], "bg_conv_time": 63.67404651641846}, "indirect_gap_pbe": 0.9622415371271861, "bg_conv_lda": {"bg_conv_maxiter": 20, "bg_delta_kppa": 1500, "bg_delta_cutoff": 5, "bg_conv_thresh": 0.025, "bg_conv_steps": [[88, 3000, 0.9136224893652017], [88, 4500, 0.9342611423989075]], "bg_conv_time": 83.31202626228333}, "indirect_gap_lda": 0.9342681679417039, "gw_conv_pbe": {"gw_conv_thr": 0.025, "gw_bnd_start": 200, "gw_bnd_step": 100, "gw_cut_start": 4, "gw_cut_step": 4, "kpt_bnd_idx": {"@module": "numpy", "@class": "array", "dtype": "int64", "data": [1, 1, 40, 41]}, "gw_bands": 200, "gw_cutoff": 4, "w_conv_grid": [[200, 4, 4.209345], [300, 4, 4.197639000000001], [300, 8, 4.2266390000000005], [300, 8, 4.2266390000000005], [300, 12, 4.253387], [300, 12, 4.253387], [300, 16, 4.269115], [300, 16, 4.269115], [400, 16, 4.25849], [400, 20, 4.270111], [400, 20, 4.270111]], "pwcutoff": 65, "w_conv_time": [11.4160315990448, 10.84523892402649, 12.401224851608276, 12.40373682975769, 14.34980058670044, 14.351269483566284, 17.767951011657715, 17.76982069015503, 19.548129558563232, 27.712260723114014, 27.713669061660767], "w_ngw": 7, "w_z_factor": [{"@module": "numpy", "@class": "array", "dtype": "float64", "data": [[40.0, 0.79, -0.19373], [41.0, 0.78, -0.176114]]}, {"@module": "numpy", "@class": "array", "dtype": "float64", "data": [[40.0, 0.79, -0.123445], [41.0, 0.78, -0.13031]]}, {"@module": "numpy", "@class": "array", "dtype": "float64", "data": [[40.0, 0.78, -0.131977], [41.0, 0.78, -0.130264]]}, {"@module": "numpy", "@class": "array", "dtype": "float64", "data": [[40.0, 0.78, -0.130364], [41.0, 0.77, -0.129667]]}, {"@module": "numpy", "@class": "array", "dtype": "float64", "data": [[40.0, 0.78, -0.131863], [41.0, 0.77, -0.128288]]}, {"@module": "numpy", "@class": "array", "dtype": "float64", "data": [[40.0, 0.78, -0.13796], [41.0, 0.77, -0.132621]]}, {"@module": "numpy", "@class": "array", "dtype": "float64", "data": [[40.0, 0.78, -0.141039], [41.0, 0.77, -0.133023]]}], "gw_kppa": 530, "gw_kpt_grid": {"@module": "numpy", "@class": "array", "dtype": "int64", "data": [8, 8, 2]}, "conv_list": [[{"kppa": 0}, {"kpt_grid": "1x1x1"}, {"num_kpts": 1}, {"X_bnds": 400.0}, {"G_bnds": 400.0}, {"X_cutoff": 20.0}, {"gamma_gap": 4.270111}, {"num_gw_calc": 7}, {"wall_time": 224}, {"num_cores": 8}, {"z-factor": "None"}], [{"kppa": 0}, {"kpt_grid": "1x1x1"}, {"num_kpts": 1}, {"X_bnds": 200}, {"G_bnds": 200}, {"X_cutoff": 4}, {"gamma_gap": 8}, {"num_gw_calc": 1}, {"wall_time": 12}, {"num_cores": 8}, {"z-factor": "None"}], [{"kppa": 10}, {"kpt_grid": "2x2x2"}, {"num_kpts": 1}, {"X_bnds": 200}, {"G_bnds": 200}, {"X_cutoff": 4}, {"gamma_gap": 3.886762}, {"num_gw_calc": 2}, {"wall_time": 33}, {"num_cores": 8}, {"z-factor": {"@module": "numpy", "@class": "array", "dtype": "float64", "data": [[40.0, 0.8, -0.117323], [41.0, 0.81, -0.119949]]}}], [{"kppa": 50}, {"kpt_grid": "4x4x2"}, {"num_kpts": 1}, {"X_bnds": 200}, {"G_bnds": 200}, {"X_cutoff": 4}, {"gamma_gap": 3.58175}, {"num_gw_calc": 3}, {"wall_time": 125}, {"num_cores": 8}, {"z-factor": {"@module": "numpy", "@class": "array", "dtype": "float64", "data": [[40.0, 0.8, -0.119618], [41.0, 0.81, -0.108436]]}}], [{"kppa": 190}, {"kpt_grid": "6x6x2"}, {"num_kpts": 1}, {"X_bnds": 200}, {"G_bnds": 200}, {"X_cutoff": 4}, {"gamma_gap": 3.5123119999999997}, {"num_gw_calc": 4}, {"wall_time": 138}, {"num_cores": 32}, {"z-factor": {"@module": "numpy", "@class": "array", "dtype": "float64", "data": [[40.0, 0.8, -0.119969], [41.0, 0.8, -0.117149]]}}], [{"kppa": 530}, {"kpt_grid": "8x8x2"}, {"num_kpts": 1}, {"X_bnds": 200}, {"G_bnds": 200}, {"X_cutoff": 4}, {"gamma_gap": 3.504162}, {"num_gw_calc": 5}, {"wall_time": 302}, {"num_cores": 32}, {"z-factor": {"@module": "numpy", "@class": "array", "dtype": "float64", "data": [[40.0, 0.8, -0.121073], [41.0, 0.8, -0.116152]]}}]], "conv_time": 820.1470663547516}, "gw_band_range_pbe": [1, 49], "gw_conv_lda": {"gw_conv_thr": 0.025, "gw_bnd_start": 200, "gw_bnd_step": 100, "gw_cut_start": 4, "gw_cut_step": 4, "kpt_bnd_idx": {"@module": "numpy", "@class": "array", "dtype": "int64", "data": [1, 1, 46, 47]}, "gw_bands": 200, "gw_cutoff": 4, "w_conv_grid": [[200, 4, 3.468274], [300, 4, 3.451087], [300, 8, 3.565239], [300, 8, 3.565239], [300, 12, 3.604417], [300, 12, 3.604417], [300, 16, 3.618911], [300, 16, 3.618911], [400, 16, 3.628606], [400, 20, 3.641306], [400, 20, 3.641306]], "pwcutoff": 88, "w_conv_time": [11.882453441619873, 12.562005281448364, 13.457067728042603, 13.45892071723938, 16.63184952735901, 16.633406162261963, 18.913281679153442, 18.915174961090088, 21.683738946914673, 30.419376134872437, 30.421200275421143], "w_ngw": 7, "w_z_factor": [{"@module": "numpy", "@class": "array", "dtype": "float64", "data": [[46.0, 0.79, -0.124824], [47.0, 0.78, -0.130954]]}, {"@module": "numpy", "@class": "array", "dtype": "float64", "data": [[46.0, 0.79, -0.130211], [47.0, 0.78, -0.10882]]}, {"@module": "numpy", "@class": "array", "dtype": "float64", "data": [[46.0, 0.78, -0.118559], [47.0, 0.78, -0.135157]]}, {"@module": "numpy", "@class": "array", "dtype": "float64", "data": [[46.0, 0.78, -0.129842], [47.0, 0.78, -0.142737]]}, {"@module": "numpy", "@class": "array", "dtype": "float64", "data": [[46.0, 0.78, -0.133044], [47.0, 0.78, -0.134334]]}, {"@module": "numpy", "@class": "array", "dtype": "float64", "data": [[46.0, 0.78, -0.167851], [47.0, 0.78, -0.118623]]}, {"@module": "numpy", "@class": "array", "dtype": "float64", "data": [[46.0, 0.78, -0.134044], [47.0, 0.78, -0.136481]]}], "gw_kppa": 530, "gw_kpt_grid": {"@module": "numpy", "@class": "array", "dtype": "int64", "data": [8, 8, 2]}, "conv_list": [[{"kppa": 0}, {"kpt_grid": "1x1x1"}, {"num_kpts": 1}, {"X_bnds": 400.0}, {"G_bnds": 400.0}, {"X_cutoff": 20.0}, {"gamma_gap": 3.641306}, {"num_gw_calc": 7}, {"wall_time": 278}, {"num_cores": 8}, {"z-factor": "None"}], [{"kppa": 0}, {"kpt_grid": "1x1x1"}, {"num_kpts": 1}, {"X_bnds": 200}, {"G_bnds": 200}, {"X_cutoff": 4}, {"gamma_gap": 8}, {"num_gw_calc": 1}, {"wall_time": 12}, {"num_cores": 8}, {"z-factor": "None"}], [{"kppa": 10}, {"kpt_grid": "2x2x2"}, {"num_kpts": 1}, {"X_bnds": 200}, {"G_bnds": 200}, {"X_cutoff": 4}, {"gamma_gap": 3.097608}, {"num_gw_calc": 2}, {"wall_time": 41}, {"num_cores": 8}, {"z-factor": {"@module": "numpy", "@class": "array", "dtype": "float64", "data": [[46.0, 0.8, -0.124205], [47.0, 0.81, -0.121802]]}}], [{"kppa": 50}, {"kpt_grid": "4x4x2"}, {"num_kpts": 1}, {"X_bnds": 200}, {"G_bnds": 200}, {"X_cutoff": 4}, {"gamma_gap": 2.814295}, {"num_gw_calc": 3}, {"wall_time": 146}, {"num_cores": 8}, {"z-factor": {"@module": "numpy", "@class": "array", "dtype": "float64",