{"@module": "pymatgen.entries.computed_entries", "@class": "ComputedEntry", "energy": 0.0, "composition": {"Ga": 4.0, "S": 6.0}, "entry_id": "409550", "correction": 0.0, "energy_adjustments": [], "parameters": {"id": "409550", "name": "Ga2S3", "ibrav": 0, "vol": 1439.7650937458573, "lda_pw_cutoff_Ry": 72, "qe_conv_pbe": {"qe_conv_maxiter": 20, "qe_delta_kppa": 1500, "qe_delta_cutoff": 5, "qe_conv_thresh": 0.00036749325390447133, "qe_conv_steps": [[60, 1500, -324.172434509594], [65, 1500, -324.1744395565492], [70, 1500, -324.1773897743692], [75, 1500, -324.1815413412144], [80, 1500, -324.1840256527292], [85, 1500, -324.1846439839703], [90, 1500, -324.1847402926507], [90, 3000, -324.1847426667871]], "qe_conv_time": 525.2104938030243}, "num_elec_pbe": 88.00000000000001, "max_mem": 95636.0, "qe_conv_lda": {"qe_conv_maxiter": 20, "qe_delta_kppa": 1500, "qe_delta_cutoff": 5, "qe_conv_thresh": 0.00036749325390447133, "qe_conv_steps": [[72, 1500, -372.0236421948572], [77, 1500, -372.0252762368929], [82, 1500, -372.0254459707572], [82, 3000, -372.025449397017]], "qe_conv_time": 242.03843212127686}, "num_elec_lda": 88.00000000000001, "bg_conv_pbe": {"bg_conv_maxiter": 20, "bg_delta_kppa": 1500, "bg_delta_cutoff": 5, "bg_conv_thresh": 0.025, "bg_conv_steps": [[90, 3000, 1.903948122159102], [90, 4500, 1.9039523276340737]], "bg_conv_time": 309.09528613090515}, "indirect_gap_pbe": 1.9039445718464514, "bg_conv_lda": {"bg_conv_maxiter": 20, "bg_delta_kppa": 1500, "bg_delta_cutoff": 5, "bg_conv_thresh": 0.025, "bg_conv_steps": [[82, 3000, 1.6714647900495243], [82, 4500, 1.671487360588727]], "bg_conv_time": 230.47337412834167}, "indirect_gap_lda": 1.6714719584724689, "gw_conv_pbe": {"gw_conv_thr": 0.025, "gw_bnd_start": 200, "gw_bnd_step": 100, "gw_cut_start": 4, "gw_cut_step": 4, "kpt_bnd_idx": {"@module": "numpy", "@class": "array", "dtype": "int64", "data": [1, 1, 44, 45]}, "gw_bands": 200, "gw_cutoff": 4, "w_conv_grid": [[200, 4, 2.5630809999999995], [300, 4, 2.535959], [400, 4, 2.523071], [400, 8, 2.634655], [400, 8, 2.634655], [400, 12, 2.658229], [400, 12, 2.658229], [500, 12, 2.6555609999999996], [500, 16, 2.6653219999999997], [500, 16, 2.6653219999999997]], "pwcutoff": 90, "w_conv_time": [14.317034006118774, 15.039911985397339, 16.953531742095947, 24.5032696723938, 24.50452733039856, 49.85407018661499, 49.855114459991455, 54.64797878265381, 115.74360537528992, 115.74488973617554], "w_ngw": 7, "w_z_factor": [{"@module": "numpy", "@class": "array", "dtype": "float64", "data": [[44.0, 0.78, -0.159794], [45.0, 0.79, -0.145417]]}, {"@module": "numpy", "@class": "array", "dtype": "float64", "data": [[44.0, 0.78, -0.157584], [45.0, 0.79, -0.142865]]}, {"@module": "numpy", "@class": "array", "dtype": "float64", "data": [[44.0, 0.78, -0.156629], [45.0, 0.79, -0.141703]]}, {"@module": "numpy", "@class": "array", "dtype": "float64", "data": [[44.0, 0.77, -0.156849], [45.0, 0.79, -0.142399]]}, {"@module": "numpy", "@class": "array", "dtype": "float64", "data": [[44.0, 0.77, -0.156928], [45.0, 0.79, -0.142412]]}, {"@module": "numpy", "@class": "array", "dtype": "float64", "data": [[44.0, 0.77, -0.156768], [45.0, 0.79, -0.141711]]}, {"@module": "numpy", "@class": "array", "dtype": "float64", "data": [[44.0, 0.77, -0.156779], [45.0, 0.79, -0.141702]]}], "gw_kppa": 250, "gw_kpt_grid": {"@module": "numpy", "@class": "array", "dtype": "int64", "data": [4, 4, 2]}, "conv_list": [[{"kppa": 0}, {"kpt_grid": "1x1x1"}, {"num_kpts": 1}, {"X_bnds": 500.0}, {"G_bnds": 500.0}, {"X_cutoff": 16.0}, {"gamma_gap": 2.6653219999999997}, {"num_gw_calc": 7}, {"wall_time": 651}, {"num_cores": 8}, {"z-factor": "None"}], [{"kppa": 0}, {"kpt_grid": "1x1x1"}, {"num_kpts": 1}, {"X_bnds": 200}, {"G_bnds": 200}, {"X_cutoff": 4}, {"gamma_gap": 4}, {"num_gw_calc": 1}, {"wall_time": 15}, {"num_cores": 8}, {"z-factor": "None"}], [{"kppa": 10}, {"kpt_grid": "2x2x2"}, {"num_kpts": 1}, {"X_bnds": 200}, {"G_bnds": 200}, {"X_cutoff": 4}, {"gamma_gap": 2.893332}, {"num_gw_calc": 2}, {"wall_time": 122}, {"num_cores": 8}, {"z-factor": {"@module": "numpy", "@class": "array", "dtype": "float64", "data": [[44.0, 0.79, -0.149348], [45.0, 0.81, -0.13218]]}}], [{"kppa": 250}, {"kpt_grid": "4x4x2"}, {"num_kpts": 1}, {"X_bnds": 200}, {"G_bnds": 200}, {"X_cutoff": 4}, {"gamma_gap": 2.915274}, {"num_gw_calc": 3}, {"wall_time": 718}, {"num_cores": 8}, {"z-factor": {"@module": "numpy", "@class": "array", "dtype": "float64", "data": [[44.0, 0.79, -0.14756], [45.0, 0.81, -0.129542]]}}]], "conv_time": 1489.5911984443665}, "gw_band_range_pbe": [1, 53], "gw_conv_lda": {"gw_conv_thr": 0.025, "gw_bnd_start": 200, "gw_bnd_step": 100, "gw_cut_start": 4, "gw_cut_step": 4, "kpt_bnd_idx": {"@module": "numpy", "@class": "array", "dtype": "int64", "data": [1, 1, 44, 45]}, "gw_bands": 200, "gw_cutoff": 4, "w_conv_grid": [[200, 4, 2.545395], [300, 4, 2.518097], [400, 4, 2.5062119999999997], [400, 8, 2.612362], [400, 8, 2.612362], [400, 12, 2.6318349999999997], [400, 12, 2.6318349999999997], [500, 12, 2.629387], [500, 16, 2.637594], [500, 16, 2.637594]], "pwcutoff": 82, "w_conv_time": [12.72714114189148, 13.306774139404297, 14.29206919670105, 23.4420006275177, 23.443444967269897, 45.90762162208557, 45.90825867652893, 50.05755805969238, 106.83808016777039, 106.84009408950806], "w_ngw": 7, "w_z_factor": [{"@module": "numpy", "@class": "array", "dtype": "float64", "data": [[44.0, 0.77, -0.161293], [45.0, 0.79, -0.147581]]}, {"@module": "numpy", "@class": "array", "dtype": "float64", "data": [[44.0, 0.77, -0.159751], [45.0, 0.79, -0.144703]]}, {"@module": "numpy", "@class": "array", "dtype": "float64", "data": [[44.0, 0.77, -0.158091], [45.0, 0.79, -0.143693]]}, {"@module": "numpy", "@class": "array", "dtype": "float64", "data": [[44.0, 0.77, -0.158396], [45.0, 0.78, -0.144485]]}, {"@module": "numpy", "@class": "array", "dtype": "float64", "data": [[44.0, 0.77, -0.158574], [45.0, 0.78, -0.144496]]}, {"@module": "numpy", "@class": "array", "dtype": "float64", "data": [[44.0, 0.77, -0.158206], [45.0, 0.78, -0.143849]]}, {"@module": "numpy", "@class": "array", "dtype": "float64", "data": [[44.0, 0.77, -0.158074], [45.0, 0.78, -0.143826]]}], "gw_kppa": 330, "gw_kpt_grid": {"@module": "numpy", "@class": "array", "dtype": "int64", "data": [4, 4, 4]}, "conv_list": [[{"kppa": 0}, {"kpt_grid": "1x1x1"}, {"num_kpts": 1}, {"X_bnds": 500.0}, {"G_bnds": 500.0}, {"X_cutoff": 16.0}, {"gamma_gap": 2.637594}, {"num_gw_calc": 7}, {"wall_time": 531}, {"num_cores": 8}, {"z-factor": "None"}], [{"kppa": 0}, {"kpt_grid": "1x1x1"}, {"num_kpts": 1}, {"X_bnds": 200}, {"G_bnds": 200}, {"X_cutoff": 4}, {"gamma_gap": 4}, {"num_gw_calc": 1}, {"wall_time": 13}, {"num_cores": 8}, {"z-factor": "None"}], [{"kppa": 10}, {"kpt_grid": "2x2x2"}, {"num_kpts": 1}, {"X_bnds": 200}, {"G_bnds": 200}, {"X_cutoff": 4}, {"gamma_gap": 2.8682799999999995}, {"num_gw_calc": 2}, {"wall_time": 138}, {"num_cores": 8}, {"z-factor": {"@module": "numpy", "@class": "array", "dtype": "float64", "data": [[44.0, 0.78, -0.152539], [45.0, 0.8, -0.135392]]}}], [{"kppa": 250}, {"kpt_grid": "4x4x2"}, {"num_kpts": 1}, {"X_bnds": 200}, {"G_bnds": 200}, {"X_cutoff": 4}, {"gamma_gap": 2.895504}, {"num_gw_calc": 3}, {"wall_time": 937}, {"num_cores": 8}, {"z-factor": {"@module": "numpy", "@class": "array", "dtype": "float64", "data": [[44.0, 0.78, -0.150624], [45.0, 0.81, -0.132345]]}}], [{"kppa": 330}, {"kpt_grid": "4x4x4"}, {"num_kpts": 1}, {"X_bnds": 200}, {"G_bnds": 200}, {"X_cutoff": 4}, {"gamma_gap": 2.883806}, {"num_gw_calc": 4}, {"wall_time": 907}, {"num_cores": 32}, {"z-factor": {"@module": "numpy", "@class": "array", "dtype": "float64", "data": [[44.0, 0.78, -0.150258], [45.0, 0.81, -0.131752]]}}]], "conv_time": 2511.3648715019226}, "gw_band_range_lda": [1, 53], "g0w0_ppa_pbe": {"gw_direct_gap": 2.996264, "kppa": 330, "kpt_grid": "4x4x4", "num_kpt": 36, "bands_in X": 600, "bands_in_G": 600, "cutoff": 20, "z_factor": [[44.0, 0.78, -0.0014352], [45.0, 0.8, -0.00125338]], "scissor": 1.092452, "ncpu": 16,