{"@module": "pymatgen.entries.computed_entries", "@class": "ComputedEntry", "energy": 0.0, "composition": {"Sn": 4.0, "Br": 8.0}, "entry_id": "411177", "correction": 0.0, "energy_adjustments": [], "parameters": {"id": "411177", "name": "SnBr2", "ibrav": {"celldm(1)": 8.00658065600086, "ibrav": 8, "celldm(2)": 1.9810710661096553, "celldm(3)": 2.484151148245179}, "vol": 2525.9184256711824, "lda_pw_cutoff_Ry": 64, "qe_conv_pbe": {"qe_conv_maxiter": 20, "qe_delta_kppa": 1500, "qe_delta_cutoff": 5, "qe_conv_thresh": 0.00044099190468536564, "qe_conv_steps": [[60, 1500, -349.5197062898844], [65, 1500, -349.5198336146413], [65, 3000, -349.5198341374056]], "qe_conv_time": 410.4291944503784}, "num_elec_pbe": 112.0, "max_mem": 93286.0, "qe_conv_lda": {"qe_conv_maxiter": 20, "qe_delta_kppa": 1500, "qe_delta_cutoff": 5, "qe_conv_thresh": 0.00044099190468536564, "qe_conv_steps": [[64, 1500, -440.854096448989], [69, 1500, -440.8558120428598], [74, 1500, -440.8559446143829], [74, 3000, -440.8559454018159]], "qe_conv_time": 379.5075328350067}, "num_elec_lda": 112.0, "bg_conv_pbe": {"bg_conv_maxiter": 20, "bg_delta_kppa": 1500, "bg_delta_cutoff": 5, "bg_conv_thresh": 0.025, "bg_conv_steps": [[65, 3000, 2.3070128374124743], [65, 4500, 2.310955437895974]], "bg_conv_time": 395.63292717933655}, "indirect_gap_pbe": 2.307022610122971, "bg_conv_lda": {"bg_conv_maxiter": 20, "bg_delta_kppa": 1500, "bg_delta_cutoff": 5, "bg_conv_thresh": 0.025, "bg_conv_steps": [[74, 3000, 2.193649045876283], [74, 4500, 2.1953413195499554]], "bg_conv_time": 250.63405919075012}, "indirect_gap_lda": 2.1936467695327115, "gw_conv_pbe": {"gw_conv_thr": 0.025, "gw_bnd_start": 200, "gw_bnd_step": 100, "gw_cut_start": 4, "gw_cut_step": 4, "kpt_bnd_idx": {"@module": "numpy", "@class": "array", "dtype": "int64", "data": [1, 1, 56, 57]}, "gw_bands": 200, "gw_cutoff": 4, "w_conv_grid": [[200, 4, 2.981569], [300, 4, 2.9832549999999998], [300, 8, 3.0807969999999996], [300, 8, 3.0807969999999996], [300, 12, 3.105422], [300, 12, 3.105422], [400, 12, 3.133885], [500, 12, 3.159797], [600, 12, 3.173988], [600, 16, 3.1893149999999997], [600, 16, 3.1893149999999997], [700, 16, 3.202033], [700, 20, 3.2083049999999997], [700, 20, 3.2083049999999997]], "pwcutoff": 65, "w_conv_time": [16.062797784805298, 16.79788827896118, 32.325815200805664, 32.32839608192444, 71.12994718551636, 71.13226437568665, 80.89287972450256, 91.91506886482239, 92.6111900806427, 202.0640754699707, 202.06692481040955, 236.79147577285767, 438.71213579177856, 438.713924407959], "w_ngw": 10, "w_z_factor": [{"@module": "numpy", "@class": "array", "dtype": "float64", "data": [[56.0, 0.79, -0.158123], [57.0, 0.81, -0.153503]]}, {"@module": "numpy", "@class": "array", "dtype": "float64", "data": [[56.0, 0.79, -0.147106], [57.0, 0.81, -0.147829]]}, {"@module": "numpy", "@class": "array", "dtype": "float64", "data": [[56.0, 0.79, -0.152782], [57.0, 0.81, -0.145609]]}, {"@module": "numpy", "@class": "array", "dtype": "float64", "data": [[56.0, 0.79, -0.152761], [57.0, 0.81, -0.145935]]}, {"@module": "numpy", "@class": "array", "dtype": "float64", "data": [[56.0, 0.79, -0.151436], [57.0, 0.81, -0.141637]]}, {"@module": "numpy", "@class": "array", "dtype": "float64", "data": [[56.0, 0.79, -0.149792], [57.0, 0.81, -0.140456]]}, {"@module": "numpy", "@class": "array", "dtype": "float64", "data": [[56.0, 0.79, -0.149691], [57.0, 0.81, -0.144623]]}, {"@module": "numpy", "@class": "array", "dtype": "float64", "data": [[56.0, 0.79, -0.149133], [57.0, 0.81, -0.143278]]}, {"@module": "numpy", "@class": "array", "dtype": "float64", "data": [[56.0, 0.79, -0.147752], [57.0, 0.81, -0.139525]]}, {"@module": "numpy", "@class": "array", "dtype": "float64", "data": [[56.0, 0.79, -0.148541], [57.0, 0.81, -0.140367]]}], "gw_kppa": 70, "gw_kpt_grid": {"@module": "numpy", "@class": "array", "dtype": "int64", "data": [4, 2, 2]}, "conv_list": [[{"kppa": 0}, {"kpt_grid": "1x1x1"}, {"num_kpts": 1}, {"X_bnds": 700.0}, {"G_bnds": 700.0}, {"X_cutoff": 20.0}, {"gamma_gap": 3.2083049999999997}, {"num_gw_calc": 10}, {"wall_time": 1775}, {"num_cores": 8}, {"z-factor": "None"}], [{"kppa": 0}, {"kpt_grid": "1x1x1"}, {"num_kpts": 1}, {"X_bnds": 200}, {"G_bnds": 200}, {"X_cutoff": 4}, {"gamma_gap": 8}, {"num_gw_calc": 1}, {"wall_time": 17}, {"num_cores": 8}, {"z-factor": "None"}], [{"kppa": 10}, {"kpt_grid": "2x2x2"}, {"num_kpts": 1}, {"X_bnds": 200}, {"G_bnds": 200}, {"X_cutoff": 4}, {"gamma_gap": 3.046421}, {"num_gw_calc": 2}, {"wall_time": 132}, {"num_cores": 8}, {"z-factor": {"@module": "numpy", "@class": "array", "dtype": "float64", "data": [[56.0, 0.8, -0.149714], [57.0, 0.82, -0.142954]]}}], [{"kppa": 70}, {"kpt_grid": "4x2x2"}, {"num_kpts": 1}, {"X_bnds": 200}, {"G_bnds": 200}, {"X_cutoff": 4}, {"gamma_gap": 3.043789}, {"num_gw_calc": 3}, {"wall_time": 252}, {"num_cores": 8}, {"z-factor": {"@module": "numpy", "@class": "array", "dtype": "float64", "data": [[56.0, 0.8, -0.147212], [57.0, 0.82, -0.148248]]}}]], "conv_time": 2156.8356029987335}, "gw_band_range_pbe": [1, 69], "gw_conv_lda": {"gw_conv_thr": 0.025, "gw_bnd_start": 200, "gw_bnd_step": 100, "gw_cut_start": 4, "gw_cut_step": 4, "kpt_bnd_idx": {"@module": "numpy", "@class": "array", "dtype": "int64", "data": [1, 1, 56, 57]}, "gw_bands": 200, "gw_cutoff": 4, "w_conv_grid": [[200, 4, 3.0914420000000002], [300, 4, 3.086764], [300, 8, 3.179544], [300, 8, 3.179544], [300, 12, 3.201704], [300, 12, 3.201704], [400, 12, 3.226757], [500, 12, 3.248729], [500, 16, 3.259691], [500, 16, 3.259691], [600, 16, 3.276821], [600, 20, 3.281245], [600, 20, 3.281245]], "pwcutoff": 74, "w_conv_time": [16.679402589797974, 18.844449043273926, 35.900025606155396, 35.90217685699463, 73.83080983161926, 73.83363580703735, 84.26593136787415, 97.21639275550842, 205.2020444869995, 205.20503497123718, 241.13553762435913, 422.1452841758728, 422.1469728946686], "w_ngw": 9, "w_z_factor": [{"@module": "numpy", "@class": "array", "dtype": "float64", "data": [[56.0, 0.79, -0.16311], [57.0, 0.8, -0.159461]]}, {"@module": "numpy", "@class": "array", "dtype": "float64", "data": [[56.0, 0.79, -0.159277], [57.0, 0.8, -0.150271]]}, {"@module": "numpy", "@class": "array", "dtype": "float64", "data": [[56.0, 0.79, -0.160213], [57.0, 0.8, -0.15133]]}, {"@module": "numpy", "@class": "array", "dtype": "float64", "data": [[56.0, 0.78, -0.159529], [57.0, 0.8, -0.151856]]}, {"@module": "numpy", "@class": "array", "dtype": "float64", "data": [[56.0, 0.78, -0.157527], [57.0, 0.8, -0.149075]]}, {"@module": "numpy", "@class": "array", "dtype": "float64", "data": [[56.0, 0.78, -0.159347], [57.0, 0.8, -0.145947]]}, {"@module": "numpy", "@class": "array", "dtype": "float64", "data": [[56.0, 0.78, -0.157364], [57.0, 0.8, -0.147829]]}, {"@module": "numpy", "@class": "array", "dtype": "float64", "data": [[56.0, 0.78, -0.156397], [57.0, 0.8, -0.147313]]}, {"@module": "numpy", "@class": "array", "dtype": "float64", "data": [[56.0, 0.78, -0.1566], [57.0, 0.8, -0.150538]]}], "gw_kppa": 70, "gw_kpt_grid": {"@module": "numpy", "@class": "array", "dtype": "int64", "data": [4, 2, 2]}, "conv_list": [[{"kppa": 0}, {"kpt_grid": "1x1x1"}, {"num_kpts": 1}, {"X_bnds": 600.0}, {"G_bnds": 600.0}, {"X_cutoff": 20.0}, {"gamma_gap": 3.281245}, {"num_gw_calc": 9}, {"wall_time": 1617}, {"num_cores": 8}, {"z-factor": "None"}], [{"kppa": 0}, {"kpt_grid": "1x1x1"}, {"num_kpts": 1}, {"X_bnds": 200}, {"G_bnds": 200}, {"X_cutoff": 4}, {"gamma_gap": 8}, {"num_gw_calc": 1}, {"wall_time": 17}, {"num_cores": 8}, {"z-factor": "None"}], [{"kppa": 10}, {"kpt_grid": "2x2x2"}, {"num_kpts": 1}, {"X_bnds": 200}, {"G_bnds": 200}, {"X_cutoff": 4}, {"gamma_gap": 3.126753}, {"num_gw_calc": 2}, {"wall_time": 153}, {"num_cores": 8}, {"z-factor": {"@module": "numpy", "@class": "array", "dtype": "float64",