{"@module": "pymatgen.entries.computed_entries", "@class": "ComputedEntry", "energy": 0.0, "composition": {"Sr": 2.0, "Ta": 2.0, "N": 2.0, "O": 4.0}, "entry_id": "411137", "correction": 0.0, "energy_adjustments": [], "parameters": {"id": "411137", "name": "SrTaNO2", "ibrav": {"celldm(1)": 10.780698620316576, "ibrav": 7, "celldm(3)": 1.4110501498711632}, "vol": 884.0018409320211, "lda_pw_cutoff_Ry": 72, "qe_conv_pbe": {"qe_conv_maxiter": 20, "qe_delta_kppa": 1500, "qe_delta_cutoff": 5, "qe_conv_thresh": 0.00036749325390447133, "qe_conv_steps": [[60, 1500, -643.2631951681856], [65, 1500, -643.2877431894095], [70, 1500, -643.2992962247564], [75, 1500, -643.3040978781944], [80, 1500, -643.305742039467], [85, 1500, -643.3061516763196], [90, 1500, -643.3062100571632], [90, 4500, -643.3062342832891]], "qe_conv_time": 274.711443901062}, "num_elec_pbe": 108.0, "max_mem": 112769.0, "qe_conv_lda": {"qe_conv_maxiter": 20, "qe_delta_kppa": 1500, "qe_delta_cutoff": 5, "qe_conv_thresh": 0.00036749325390447133, "qe_conv_steps": [[72, 1500, -286.2040119014326], [77, 1500, -286.2053875596302], [82, 1500, -286.2057461981655], [82, 4500, -286.2057753353253]], "qe_conv_time": 101.72433161735535}, "num_elec_lda": 80.0, "bg_conv_pbe": {"bg_conv_maxiter": 20, "bg_delta_kppa": 1500, "bg_delta_cutoff": 5, "bg_conv_thresh": 0.025, "bg_conv_steps": [[90, 4500, 0.34904998443995], [90, 7500, 0.3491662787152205]], "bg_conv_time": 180.70850038528442}, "indirect_gap_pbe": 0.3490499794908535, "bg_conv_lda": {"bg_conv_maxiter": 20, "bg_delta_kppa": 1500, "bg_delta_cutoff": 5, "bg_conv_thresh": 0.025, "bg_conv_steps": [[82, 4500, 0.2678285332695115], [82, 7500, 0.26802269278756286]], "bg_conv_time": 95.94229578971863}, "indirect_gap_lda": 0.2678432583547931, "gw_conv_pbe": {"gw_conv_thr": 0.025, "gw_bnd_start": 200, "gw_bnd_step": 100, "gw_cut_start": 4, "gw_cut_step": 4, "kpt_bnd_idx": {"@module": "numpy", "@class": "array", "dtype": "int64", "data": [1, 1, 54, 55]}, "gw_bands": 200, "gw_cutoff": 4, "w_conv_grid": [[200, 4, -0.799669], [300, 4, -0.81466], [300, 8, -0.31367300000000004], [300, 8, -0.31367300000000004], [300, 12, -0.17906999999999998], [300, 12, -0.17906999999999998], [300, 16, -0.11149199999999995], [300, 16, -0.11149199999999995], [300, 20, -0.07778499999999994], [300, 20, -0.07778499999999994], [300, 24, -0.058735999999999955], [300, 24, -0.058735999999999955], [400, 24, -0.06820000000000004], [400, 28, -0.056810999999999945], [400, 28, -0.056810999999999945]], "pwcutoff": 90, "w_conv_time": [12.575354814529419, 13.059581756591797, 13.381797552108765, 13.383389711380005, 16.25505304336548, 16.256571292877197, 24.359731674194336, 24.364307403564453, 32.97009468078613, 32.97168016433716, 47.20679783821106, 47.20751214027405, 54.76738119125366, 78.09476971626282, 78.0982460975647], "w_ngw": 9, "w_z_factor": [{"@module": "numpy", "@class": "array", "dtype": "float64", "data": [[54.0, 0.79, -0.104877], [55.0, 0.82, -0.928625]]}, {"@module": "numpy", "@class": "array", "dtype": "float64", "data": [[54.0, 0.79, -0.108357], [55.0, 0.82, -0.948549]]}, {"@module": "numpy", "@class": "array", "dtype": "float64", "data": [[54.0, 0.79, -0.10546], [55.0, 0.81, -0.96616]]}, {"@module": "numpy", "@class": "array", "dtype": "float64", "data": [[54.0, 0.78, -0.10666], [55.0, 0.81, -0.962262]]}, {"@module": "numpy", "@class": "array", "dtype": "float64", "data": [[54.0, 0.78, -0.106045], [55.0, 0.81, -0.968569]]}, {"@module": "numpy", "@class": "array", "dtype": "float64", "data": [[54.0, 0.78, -0.105898], [55.0, 0.81, -0.971647]]}, {"@module": "numpy", "@class": "array", "dtype": "float64", "data": [[54.0, 0.78, -0.101279], [55.0, 0.81, -0.964238]]}, {"@module": "numpy", "@class": "array", "dtype": "float64", "data": [[54.0, 0.78, -0.630416], [55.0, 0.81, -0.904017]]}, {"@module": "numpy", "@class": "array", "dtype": "float64", "data": [[54.0, 0.78, -0.86775], [55.0, 0.81, -0.939573]]}], "gw_kppa": 1260, "gw_kpt_grid": {"@module": "numpy", "@class": "array", "dtype": "int64", "data": [6, 6, 6]}, "conv_list": [[{"kppa": 0}, {"kpt_grid": "1x1x1"}, {"num_kpts": 1}, {"X_bnds": 400.0}, {"G_bnds": 400.0}, {"X_cutoff": 28.0}, {"gamma_gap": -0.056810999999999945}, {"num_gw_calc": 9}, {"wall_time": 532}, {"num_cores": 8}, {"z-factor": "None"}], [{"kppa": 0}, {"kpt_grid": "1x1x1"}, {"num_kpts": 1}, {"X_bnds": 200}, {"G_bnds": 200}, {"X_cutoff": 4}, {"gamma_gap": 8}, {"num_gw_calc": 1}, {"wall_time": 13}, {"num_cores": 8}, {"z-factor": "None"}], [{"kppa": 10}, {"kpt_grid": "2x2x2"}, {"num_kpts": 1}, {"X_bnds": 200}, {"G_bnds": 200}, {"X_cutoff": 4}, {"gamma_gap": -0.641744}, {"num_gw_calc": 2}, {"wall_time": 47}, {"num_cores": 8}, {"z-factor": {"@module": "numpy", "@class": "array", "dtype": "float64", "data": [[54.0, 0.79, -0.116723], [55.0, 0.82, -0.108155]]}}], [{"kppa": 280}, {"kpt_grid": "4x4x4"}, {"num_kpts": 1}, {"X_bnds": 200}, {"G_bnds": 200}, {"X_cutoff": 4}, {"gamma_gap": -0.552814}, {"num_gw_calc": 3}, {"wall_time": 513}, {"num_cores": 8}, {"z-factor": {"@module": "numpy", "@class": "array", "dtype": "float64", "data": [[54.0, 0.79, -0.11442], [55.0, 0.82, -0.100996]]}}], [{"kppa": 1260}, {"kpt_grid": "6x6x6"}, {"num_kpts": 1}, {"X_bnds": 200}, {"G_bnds": 200}, {"X_cutoff": 4}, {"gamma_gap": -0.5412859999999999}, {"num_gw_calc": 4}, {"wall_time": 1189}, {"num_cores": 32}, {"z-factor": {"@module": "numpy", "@class": "array", "dtype": "float64", "data": [[54.0, 0.79, -0.113308], [55.0, 0.82, -0.100435]]}}]], "conv_time": 2278.49267077446}, "gw_band_range_pbe": [1, 61], "gw_conv_lda": {"gw_conv_thr": 0.025, "gw_bnd_start": 200, "gw_bnd_step": 100, "gw_cut_start": 4, "gw_cut_step": 4, "kpt_bnd_idx": {"@module": "numpy", "@class": "array", "dtype": "int64", "data": [1, 1, 40, 41]}, "gw_bands": 200, "gw_cutoff": 4, "w_conv_grid": [[200, 4, 1.01675], [300, 4, 0.9780170000000001], [400, 4, 0.96371], [400, 8, 1.14495], [400, 8, 1.14495], [400, 12, 1.214283], [400, 12, 1.214283], [400, 16, 1.250278], [400, 16, 1.250278], [400, 20, 1.269953], [400, 20, 1.269953], [500, 20, 1.272754], [500, 24, 1.281816], [500, 24, 1.281816]], "pwcutoff": 82, "w_conv_time": [11.634452819824219, 11.530182600021362, 12.415595054626465, 13.634087562561035, 13.634974718093872, 16.729537963867188, 16.730988264083862, 23.403180599212646, 23.40461826324463, 34.64373421669006, 34.64554786682129, 38.9469850063324, 57.451570987701416, 57.45338988304138], "w_ngw": 9, "w_z_factor": [{"@module": "numpy", "@class": "array", "dtype": "float64", "data": [[40.0, 0.79, -0.211976], [41.0, 0.81, -0.167144]]}, {"@module": "numpy", "@class": "array", "dtype": "float64", "data": [[40.0, 0.79, -0.115439], [41.0, 0.82, -0.104343]]}, {"@module": "numpy", "@class": "array", "dtype": "float64", "data": [[40.0, 0.79, -0.112138], [41.0, 0.82, -0.107061]]}, {"@module": "numpy", "@class": "array", "dtype": "float64", "data": [[40.0, 0.78, -0.109965], [41.0, 0.81, -0.108005]]}, {"@module": "numpy", "@class": "array", "dtype": "float64", "data": [[40.0, 0.78, -0.204009]]}, {"@module": "numpy", "@class": "array", "dtype": "float64", "data": [[40.0, 0.78, -0.125382], [41.0, 0.81, -0.955036]]}, {"@module": "numpy", "@class": "array", "dtype": "float64", "data": [[40.0, 0.77, -0.115939], [41.0, 0.81, -0.98152]]}, {"@module": "numpy", "@class": "array", "dtype": "float64", "data": [[40.0, 0.77, -0.108721], [41.0, 0.81, -0.107448]]}, {"@module": "numpy", "@class": "array", "dtype": "float64", "data": [[40.0, 0.77, -0.114718], [41.0, 0.81, -0.105639]]}], "gw_kppa": 1260, "gw_kpt_grid": {"@module": "numpy", "@class": "array", "dtype": "int64", "data": [6, 6, 6]},