{"@module": "pymatgen.entries.computed_entries", "@class": "ComputedEntry", "energy": 0.0, "composition": {"In": 1.0, "P": 1.0}, "entry_id": "41443", "correction": 0.0, "energy_adjustments": [], "parameters": {"id": "41443", "name": "InP", "ibrav": {"celldm(1)": 11.090802678861674, "ibrav": 2}, "vol": 341.05855257011996, "lda_pw_cutoff_Ry": 62, "qe_conv_pbe": {"qe_conv_maxiter": 20, "qe_delta_kppa": 1500, "qe_delta_cutoff": 5, "qe_conv_thresh": 7.349865078089427e-05, "qe_conv_steps": [[60, 1500, -58.9065706589474], [65, 1500, -58.9069158873315], [70, 1500, -58.9070469351016], [75, 1500, -58.90707123687516], [75, 3000, -58.90708424952503]], "qe_conv_time": 25.26141357421875}, "num_elec_pbe": 18.0, "max_mem": 33764.0, "qe_conv_lda": {"qe_conv_maxiter": 20, "qe_delta_kppa": 1500, "qe_delta_cutoff": 5, "qe_conv_thresh": 7.349865078089427e-05, "qe_conv_steps": [[62, 1500, -73.21171696823376], [67, 1500, -73.21204215165614], [72, 1500, -73.21206258437623], [72, 3000, -73.21208021820095]], "qe_conv_time": 19.870683193206787}, "num_elec_lda": 18.0, "bg_conv_pbe": {"bg_conv_maxiter": 20, "bg_delta_kppa": 1500, "bg_delta_cutoff": 5, "bg_conv_thresh": 0.025, "bg_conv_steps": [[75, 3000, 0.6917487578011333], [75, 4500, 0.69176766669418]], "bg_conv_time": 11.898971796035767}, "indirect_gap_pbe": 0.6917354396242098, "bg_conv_lda": {"bg_conv_maxiter": 20, "bg_delta_kppa": 1500, "bg_delta_cutoff": 5, "bg_conv_thresh": 0.025, "bg_conv_steps": [[72, 3000, 0.4652992438869895], [72, 4500, 0.4653624468038023]], "bg_conv_time": 11.09148621559143}, "indirect_gap_lda": 0.46529367582930137, "gw_conv_pbe": {"gw_conv_thr": 0.025, "gw_bnd_start": 200, "gw_bnd_step": 100, "gw_cut_start": 4, "gw_cut_step": 4, "kpt_bnd_idx": {"@module": "numpy", "@class": "array", "dtype": "int64", "data": [1, 1, 9, 10]}, "gw_bands": 200, "gw_cutoff": 4, "w_conv_grid": [[200, 4, 0.5018020000000001], [300, 4, 0.502254], [300, 8, 0.639824], [300, 8, 0.639824], [300, 12, 0.653878], [300, 12, 0.653878], [400, 12, 0.6563990000000001], [400, 16, 0.6565800000000002], [400, 16, 0.6565800000000002]], "pwcutoff": 75, "w_conv_time": [11.06133222579956, 10.941115856170654, 11.205631971359253, 11.20663595199585, 11.362310647964478, 11.36348819732666, 11.904364824295044, 12.414173603057861, 12.416286706924438], "w_ngw": 6, "w_z_factor": [{"@module": "numpy", "@class": "array", "dtype": "float64", "data": [[9.0, 0.81, -0.86562], [10.0, 0.82, -0.845074]]}, {"@module": "numpy", "@class": "array", "dtype": "float64", "data": [[9.0, 0.81, -0.867122], [10.0, 0.82, -0.840951]]}, {"@module": "numpy", "@class": "array", "dtype": "float64", "data": [[9.0, 0.81, -0.87218], [10.0, 0.82, -0.849897]]}, {"@module": "numpy", "@class": "array", "dtype": "float64", "data": [[9.0, 0.81, -0.872215], [10.0, 0.82, -0.852171]]}, {"@module": "numpy", "@class": "array", "dtype": "float64", "data": [[9.0, 0.81, -0.86964], [10.0, 0.82, -0.852639]]}, {"@module": "numpy", "@class": "array", "dtype": "float64", "data": [[9.0, 0.81, -0.869276], [10.0, 0.82, -0.851923]]}], "gw_kppa": 260, "gw_kpt_grid": {"@module": "numpy", "@class": "array", "dtype": "int64", "data": [6, 6, 6]}, "conv_list": [[{"kppa": 0}, {"kpt_grid": "1x1x1"}, {"num_kpts": 1}, {"X_bnds": 400.0}, {"G_bnds": 400.0}, {"X_cutoff": 16.0}, {"gamma_gap": 0.6565800000000002}, {"num_gw_calc": 6}, {"wall_time": 126}, {"num_cores": 8}, {"z-factor": "None"}], [{"kppa": 0}, {"kpt_grid": "1x1x1"}, {"num_kpts": 1}, {"X_bnds": 200}, {"G_bnds": 200}, {"X_cutoff": 4}, {"gamma_gap": 8}, {"num_gw_calc": 1}, {"wall_time": 12}, {"num_cores": 8}, {"z-factor": "None"}], [{"kppa": 10}, {"kpt_grid": "2x2x2"}, {"num_kpts": 1}, {"X_bnds": 200}, {"G_bnds": 200}, {"X_cutoff": 4}, {"gamma_gap": 0.9822300000000002}, {"num_gw_calc": 2}, {"wall_time": 21}, {"num_cores": 8}, {"z-factor": {"@module": "numpy", "@class": "array", "dtype": "float64", "data": [[9.0, 0.79, -0.125119], [10.0, 0.8, -0.116664]]}}], [{"kppa": 60}, {"kpt_grid": "4x4x4"}, {"num_kpts": 1}, {"X_bnds": 200}, {"G_bnds": 200}, {"X_cutoff": 4}, {"gamma_gap": 0.940334}, {"num_gw_calc": 3}, {"wall_time": 42}, {"num_cores": 8}, {"z-factor": {"@module": "numpy", "@class": "array", "dtype": "float64", "data": [[9.0, 0.79, -0.139807], [10.0, 0.8, -0.13354]]}}], [{"kppa": 260}, {"kpt_grid": "6x6x6"}, {"num_kpts": 1}, {"X_bnds": 200}, {"G_bnds": 200}, {"X_cutoff": 4}, {"gamma_gap": 0.9500870000000001}, {"num_gw_calc": 4}, {"wall_time": 51}, {"num_cores": 32}, {"z-factor": {"@module": "numpy", "@class": "array", "dtype": "float64", "data": [[9.0, 0.79, -0.140759], [10.0, 0.8, -0.133346]]}}]], "conv_time": 237.67414093017578}, "gw_band_range_pbe": [1, 12], "gw_conv_lda": {"gw_conv_thr": 0.025, "gw_bnd_start": 200, "gw_bnd_step": 100, "gw_cut_start": 4, "gw_cut_step": 4, "kpt_bnd_idx": {"@module": "numpy", "@class": "array", "dtype": "int64", "data": [1, 1, 9, 10]}, "gw_bands": 200, "gw_cutoff": 4, "w_conv_grid": [[200, 4, 0.776988], [300, 4, 0.776384], [300, 8, 0.897673], [300, 8, 0.897673], [300, 12, 0.9150130000000001], [300, 12, 0.9150130000000001], [400, 12, 0.917426], [400, 16, 0.9210290000000001], [400, 16, 0.9210290000000001]], "pwcutoff": 72, "w_conv_time": [10.747676849365234, 11.080389261245728, 10.537444353103638, 10.539498090744019, 11.324631214141846, 11.326037645339966, 11.765785932540894, 11.962249755859375, 11.964112043380737], "w_ngw": 6, "w_z_factor": [{"@module": "numpy", "@class": "array", "dtype": "float64", "data": [[9.0, 0.82, -0.816335], [10.0, 0.83, -0.802599]]}, {"@module": "numpy", "@class": "array", "dtype": "float64", "data": [[9.0, 0.82, -0.814402], [10.0, 0.83, -0.800712]]}, {"@module": "numpy", "@class": "array", "dtype": "float64", "data": [[9.0, 0.81, -0.829717], [10.0, 0.83, -0.808525]]}, {"@module": "numpy", "@class": "array", "dtype": "float64", "data": [[9.0, 0.81, -0.830897], [10.0, 0.83, -0.81113]]}, {"@module": "numpy", "@class": "array", "dtype": "float64", "data": [[9.0, 0.81, -0.832717], [10.0, 0.83, -0.807371]]}, {"@module": "numpy", "@class": "array", "dtype": "float64", "data": [[9.0, 0.81, -0.832349], [10.0, 0.83, -0.807538]]}], "gw_kppa": 260, "gw_kpt_grid": {"@module": "numpy", "@class": "array", "dtype": "int64", "data": [6, 6, 6]}, "conv_list": [[{"kppa": 0}, {"kpt_grid": "1x1x1"}, {"num_kpts": 1}, {"X_bnds": 400.0}, {"G_bnds": 400.0}, {"X_cutoff": 16.0}, {"gamma_gap": 0.9210290000000001}, {"num_gw_calc": 6}, {"wall_time": 135}, {"num_cores": 8}, {"z-factor": "None"}], [{"kppa": 0}, {"kpt_grid": "1x1x1"}, {"num_kpts": 1}, {"X_bnds": 200}, {"G_bnds": 200}, {"X_cutoff": 4}, {"gamma_gap": 8}, {"num_gw_calc": 1}, {"wall_time": 11}, {"num_cores": 8}, {"z-factor": "None"}], [{"kppa": 10}, {"kpt_grid": "2x2x2"}, {"num_kpts": 1}, {"X_bnds": 200}, {"G_bnds": 200}, {"X_cutoff": 4}, {"gamma_gap": 1.0713030000000001}, {"num_gw_calc": 2}, {"wall_time": 19}, {"num_cores": 8}, {"z-factor": {"@module": "numpy", "@class": "array", "dtype": "float64", "data": [[9.0, 0.79, -0.121042], [10.0, 0.8, -0.116603]]}}], [{"kppa": 60}, {"kpt_grid": "4x4x4"}, {"num_kpts": 1}, {"X_bnds": 200}, {"G_bnds": 200}, {"X_cutoff": 4}, {"gamma_gap": 0.954761}, {"num_gw_calc": 3}, {"wall_time": 41}, {"num_cores": 8}, {"z-factor": {"@module": "numpy", "@class": "array", "dtype": "float64", "data": [[9.0, 0.78, -0.142987], [10.0, 0.79, -0.137163]]}}], [{"kppa": 260}, {"kpt_grid": "6x6x6"}, {"num_kpts": 1}, {"X_bnds": 200}, {"G_bnds": 200}, {"X_cutoff": 4}, {"gamma_gap": 0.944303}, {"num_gw_calc": 4}, {"wall_time": 50}, {"num_cores": 32}, {"z-factor": {"@module": "numpy", "@class": "array", "dtype": "float64", "data": [[9.0, 0.78, -0.145883], [10.0, 0.79, -0.138467]]}}]], "conv_time": 243.4565634727478}, "gw_band_range_lda": [1, 12], "g0w0_ppa_pbe": {"gw_direct_gap": 1.0212729999999999, "kppa": 690, "kpt_grid": "8x8x8", "num_kpt": 29, "bands_in X": 500, "bands_in_G": 500, "cutoff": 20, "z_factor": [[9.0, 0.78, -0.00139849], [10.0, 0.79, -0.00132122]], "scissor": 0.330055, "ncpu": 32, "calc_time": 1181.926317691803},