{"@module": "pymatgen.entries.computed_entries", "@class": "ComputedEntry", "energy": 0.0, "composition": {"In": 1.0, "As": 1.0}, "entry_id": "41444", "correction": 0.0, "energy_adjustments": [], "parameters": {"id": "41444", "name": "InAs", "ibrav": {"celldm(1)": 11.447960918136657, "ibrav": 2}, "vol": 375.08044540596717, "lda_pw_cutoff_Ry": 68, "qe_conv_pbe": {"qe_conv_maxiter": 20, "qe_delta_kppa": 1500, "qe_delta_cutoff": 5, "qe_conv_thresh": 7.349865078089427e-05, "qe_conv_steps": [[60, 1500, -58.65042954970496], [65, 1500, -58.6507550579633], [70, 1500, -58.65087587993987], [75, 1500, -58.65089701572454], [75, 3000, -58.65092292980148]], "qe_conv_time": 23.669590711593628}, "num_elec_pbe": 18.0, "max_mem": 19114.0, "qe_conv_lda": {"qe_conv_maxiter": 20, "qe_delta_kppa": 1500, "qe_delta_cutoff": 5, "qe_conv_thresh": 7.349865078089427e-05, "qe_conv_steps": [[68, 1500, -172.2153265950708], [73, 1500, -172.221573575768], [78, 1500, -172.2227678381711], [83, 1500, -172.2228975153076], [88, 1500, -172.2229063586852], [88, 3000, -172.2229345150032]], "qe_conv_time": 37.08848810195923}, "num_elec_lda": 28.0, "bg_conv_pbe": {"bg_conv_maxiter": 20, "bg_delta_kppa": 1500, "bg_delta_cutoff": 5, "bg_conv_thresh": 0.025, "bg_conv_steps": [[75, 3000, 1.1666021547860898e-07], [75, 4500, 6.675055247536441e-12]], "bg_conv_time": 10.814374685287476}, "indirect_gap_pbe": 8.217311732654049e-13, "bg_conv_lda": {"bg_conv_maxiter": 20, "bg_delta_kppa": 1500, "bg_delta_cutoff": 5, "bg_conv_thresh": 0.025, "bg_conv_steps": [[88, 3000, 3.1019203783982855e-08], [88, 4500, 2.193750336274536e-11]], "bg_conv_time": 14.662774801254272}, "indirect_gap_lda": 8.625156248796805e-13, "gw_conv_pbe": {"gw_conv_thr": 0.025, "gw_bnd_start": 200, "gw_bnd_step": 100, "gw_cut_start": 4, "gw_cut_step": 4, "kpt_bnd_idx": {"@module": "numpy", "@class": "array", "dtype": "int64", "data": [1, 1, 9, 10]}, "gw_bands": 200, "gw_cutoff": 4, "w_conv_grid": [[200, 4, -0.04486100000000001], [300, 4, -0.04457699999999998], [300, 8, -0.048655000000000004], [300, 8, -0.048655000000000004]], "pwcutoff": 75, "w_conv_time": [11.067772388458252, 12.0455482006073, 10.712355375289917, 10.713638305664062], "w_ngw": 3, "w_z_factor": [{"@module": "numpy", "@class": "array", "dtype": "float64", "data": [[9.0, 0.82, -0.857682], [10.0, 0.82, -0.839382]]}, {"@module": "numpy", "@class": "array", "dtype": "float64", "data": [[9.0, 0.82, -0.870129], [10.0, 0.82, -0.852128]]}, {"@module": "numpy", "@class": "array", "dtype": "float64", "data": [[9.0, 0.82, -0.883622], [10.0, 0.82, -0.864075]]}], "gw_kppa": 60, "gw_kpt_grid": {"@module": "numpy", "@class": "array", "dtype": "int64", "data": [4, 4, 4]}, "conv_list": [[{"kppa": 0}, {"kpt_grid": "1x1x1"}, {"num_kpts": 1}, {"X_bnds": 300.0}, {"G_bnds": 300.0}, {"X_cutoff": 8.0}, {"gamma_gap": -0.048655000000000004}, {"num_gw_calc": 3}, {"wall_time": 90}, {"num_cores": 8}, {"z-factor": "None"}], [{"kppa": 0}, {"kpt_grid": "1x1x1"}, {"num_kpts": 1}, {"X_bnds": 200}, {"G_bnds": 200}, {"X_cutoff": 4}, {"gamma_gap": 8}, {"num_gw_calc": 1}, {"wall_time": 12}, {"num_cores": 8}, {"z-factor": "None"}], [{"kppa": 10}, {"kpt_grid": "2x2x2"}, {"num_kpts": 1}, {"X_bnds": 200}, {"G_bnds": 200}, {"X_cutoff": 4}, {"gamma_gap": -0.005587000000000002}, {"num_gw_calc": 2}, {"wall_time": 18}, {"num_cores": 8}, {"z-factor": {"@module": "numpy", "@class": "array", "dtype": "float64", "data": [[9.0, 0.79, -0.130875], [10.0, 0.79, -0.130781]]}}], [{"kppa": 60}, {"kpt_grid": "4x4x4"}, {"num_kpts": 1}, {"X_bnds": 200}, {"G_bnds": 200}, {"X_cutoff": 4}, {"gamma_gap": -0.00024199999999999222}, {"num_gw_calc": 3}, {"wall_time": 39}, {"num_cores": 8}, {"z-factor": {"@module": "numpy", "@class": "array", "dtype": "float64", "data": [[9.0, 0.79, -0.143251], [10.0, 0.79, -0.143254]]}}]], "conv_time": 145.24078178405762}, "gw_band_range_pbe": [1, 12], "gw_conv_lda": {"gw_conv_thr": 0.025, "gw_bnd_start": 200, "gw_bnd_step": 100, "gw_cut_start": 4, "gw_cut_step": 4, "kpt_bnd_idx": {"@module": "numpy", "@class": "array", "dtype": "int64", "data": [1, 1, 14, 15]}, "gw_bands": 200, "gw_cutoff": 4, "w_conv_grid": [[200, 4, -0.02391], [300, 4, -0.023425], [300, 8, -0.023248999999999992], [300, 8, -0.023248999999999992]], "pwcutoff": 88, "w_conv_time": [11.698646068572998, 10.985846042633057, 11.089667320251465, 11.090700149536133], "w_ngw": 3, "w_z_factor": [{"@module": "numpy", "@class": "array", "dtype": "float64", "data": [[14.0, 0.8, -0.101961], [15.0, 0.81, -0.101282]]}, {"@module": "numpy", "@class": "array", "dtype": "float64", "data": [[14.0, 0.81, -0.101513], [15.0, 0.81, -0.100805]]}, {"@module": "numpy", "@class": "array", "dtype": "float64", "data": [[14.0, 0.8, -0.102447], [15.0, 0.8, -0.101591]]}], "gw_kppa": 10, "gw_kpt_grid": {"@module": "numpy", "@class": "array", "dtype": "int64", "data": [2, 2, 2]}, "conv_list": [[{"kppa": 0}, {"kpt_grid": "1x1x1"}, {"num_kpts": 1}, {"X_bnds": 300.0}, {"G_bnds": 300.0}, {"X_cutoff": 8.0}, {"gamma_gap": -0.023248999999999992}, {"num_gw_calc": 3}, {"wall_time": 103}, {"num_cores": 8}, {"z-factor": "None"}], [{"kppa": 0}, {"kpt_grid": "1x1x1"}, {"num_kpts": 1}, {"X_bnds": 200}, {"G_bnds": 200}, {"X_cutoff": 4}, {"gamma_gap": 8}, {"num_gw_calc": 1}, {"wall_time": 12}, {"num_cores": 8}, {"z-factor": "None"}], [{"kppa": 10}, {"kpt_grid": "2x2x2"}, {"num_kpts": 1}, {"X_bnds": 200}, {"G_bnds": 200}, {"X_cutoff": 4}, {"gamma_gap": -0.0010120000000000129}, {"num_gw_calc": 2}, {"wall_time": 21}, {"num_cores": 8}, {"z-factor": {"@module": "numpy", "@class": "array", "dtype": "float64", "data": [[14.0, 0.79, -0.133251], [15.0, 0.79, -0.133243]]}}]], "conv_time": 122.46093964576721}, "gw_band_range_lda": [1, 17], "g0w0_ppa_pbe": {"gw_direct_gap": 0.004550999999999972, "kppa": 260, "kpt_grid": "6x6x6", "num_kpt": 16, "bands_in X": 400, "bands_in_G": 400, "cutoff": 12, "z_factor": [[9.0, 0.79, -0.00145224], [10.0, 0.79, -0.00145224]], "scissor": 0.004550999999999972, "ncpu": 32, "calc_time": 143.8270869255066}, "g0w0_ppa_lda": {"gw_direct_gap": 0.0038810000000000233, "kppa": 60, "kpt_grid": "4x4x4", "num_kpt": 8, "bands_in X": 400, "bands_in_G": 400, "cutoff": 12, "z_factor": [[14.0, 0.79, -0.00139403], [15.0, 0.79, -0.00139412]], "scissor": 0.0038810000000000233, "ncpu": 32, "calc_time": 69.43969416618347}}, "data": {}}