{"@module": "pymatgen.entries.computed_entries", "@class": "ComputedEntry", "energy": 0.0, "composition": {"Na": 1.0, "Br": 1.0}, "entry_id": "41440", "correction": 0.0, "energy_adjustments": [], "parameters": {"id": "41440", "name": "NaBr", "ibrav": {"celldm(1)": 11.338356802380314, "ibrav": 2}, "vol": 364.4100679753613, "lda_pw_cutoff_Ry": 76, "qe_conv_pbe": {"qe_conv_maxiter": 20, "qe_delta_kppa": 1500, "qe_delta_cutoff": 5, "qe_conv_thresh": 7.349865078089427e-05, "qe_conv_steps": [[60, 1500, -56.2010793058707], [65, 1500, -56.2013708801878], [70, 1500, -56.20158568501797], [75, 1500, -56.20173657946605], [80, 1500, -56.20183337897476], [85, 1500, -56.20189112849131], [85, 3000, -56.2018911723358]], "qe_conv_time": 41.26441478729248}, "num_elec_pbe": 16.0, "max_mem": 37379.0, "qe_conv_lda": {"qe_conv_maxiter": 20, "qe_delta_kppa": 1500, "qe_delta_cutoff": 5, "qe_conv_thresh": 7.349865078089427e-05, "qe_conv_steps": [[76, 1500, -61.50754521174139], [81, 1500, -61.50768720774263], [86, 1500, -61.50769943268176], [86, 3000, -61.50769942953621]], "qe_conv_time": 23.582611083984375}, "num_elec_lda": 16.0, "bg_conv_pbe": {"bg_conv_maxiter": 20, "bg_delta_kppa": 1500, "bg_delta_cutoff": 5, "bg_conv_thresh": 0.025, "bg_conv_steps": [[85, 3000, 4.093389209863714], [85, 4500, 4.093362157070232]], "bg_conv_time": 13.100393056869507}, "indirect_gap_pbe": 4.093375086160855, "bg_conv_lda": {"bg_conv_maxiter": 20, "bg_delta_kppa": 1500, "bg_delta_cutoff": 5, "bg_conv_thresh": 0.025, "bg_conv_steps": [[86, 3000, 3.747676977107619], [86, 4500, 3.747679490079904]], "bg_conv_time": 11.318827629089355}, "indirect_gap_lda": 3.747678440127055, "gw_conv_pbe": {"gw_conv_thr": 0.025, "gw_bnd_start": 200, "gw_bnd_step": 100, "gw_cut_start": 4, "gw_cut_step": 4, "kpt_bnd_idx": {"@module": "numpy", "@class": "array", "dtype": "int64", "data": [1, 1, 8, 9]}, "gw_bands": 200, "gw_cutoff": 4, "w_conv_grid": [[200, 4, 4.352064], [300, 4, 4.348692], [300, 8, 4.5730260000000005], [300, 8, 4.5730260000000005], [300, 12, 4.635421], [300, 12, 4.635421], [300, 16, 4.667848], [300, 16, 4.667848], [300, 20, 4.675644], [300, 20, 4.675644], [400, 20, 4.685822], [400, 24, 4.693734], [400, 24, 4.693734]], "pwcutoff": 85, "w_conv_time": [10.818063735961914, 10.89661169052124, 11.270756959915161, 11.272269010543823, 11.479223489761353, 11.48039960861206, 12.304893493652344, 12.30590033531189, 12.807455778121948, 12.809359550476074, 13.712361574172974, 15.916030883789062, 15.917368650436401], "w_ngw": 8, "w_z_factor": [{"@module": "numpy", "@class": "array", "dtype": "float64", "data": [[8.0, 0.78, -0.158379], [9.0, 0.8, -0.155263]]}, {"@module": "numpy", "@class": "array", "dtype": "float64", "data": [[8.0, 0.78, -0.147184], [9.0, 0.8, -0.154298]]}, {"@module": "numpy", "@class": "array", "dtype": "float64", "data": [[8.0, 0.78, -0.156878], [9.0, 0.8, -0.15492]]}, {"@module": "numpy", "@class": "array", "dtype": "float64", "data": [[8.0, 0.77, -0.150569], [9.0, 0.8, -0.155582]]}, {"@module": "numpy", "@class": "array", "dtype": "float64", "data": [[8.0, 0.77, -0.155526], [9.0, 0.8, -0.154884]]}, {"@module": "numpy", "@class": "array", "dtype": "float64", "data": [[8.0, 0.77, -0.155334], [9.0, 0.8, -0.154893]]}, {"@module": "numpy", "@class": "array", "dtype": "float64", "data": [[8.0, 0.77, -0.156763], [9.0, 0.8, -0.154721]]}, {"@module": "numpy", "@class": "array", "dtype": "float64", "data": [[8.0, 0.77, -0.154169], [9.0, 0.8, -0.15415]]}], "gw_kppa": 260, "gw_kpt_grid": {"@module": "numpy", "@class": "array", "dtype": "int64", "data": [6, 6, 6]}, "conv_list": [[{"kppa": 0}, {"kpt_grid": "1x1x1"}, {"num_kpts": 1}, {"X_bnds": 400.0}, {"G_bnds": 400.0}, {"X_cutoff": 24.0}, {"gamma_gap": 4.693734}, {"num_gw_calc": 8}, {"wall_time": 163}, {"num_cores": 8}, {"z-factor": "None"}], [{"kppa": 0}, {"kpt_grid": "1x1x1"}, {"num_kpts": 1}, {"X_bnds": 200}, {"G_bnds": 200}, {"X_cutoff": 4}, {"gamma_gap": 8}, {"num_gw_calc": 1}, {"wall_time": 11}, {"num_cores": 8}, {"z-factor": "None"}], [{"kppa": 10}, {"kpt_grid": "2x2x2"}, {"num_kpts": 1}, {"X_bnds": 200}, {"G_bnds": 200}, {"X_cutoff": 4}, {"gamma_gap": 6.137982}, {"num_gw_calc": 2}, {"wall_time": 19}, {"num_cores": 8}, {"z-factor": {"@module": "numpy", "@class": "array", "dtype": "float64", "data": [[8.0, 0.82, -0.134718], [9.0, 0.85, -0.1174]]}}], [{"kppa": 60}, {"kpt_grid": "4x4x4"}, {"num_kpts": 1}, {"X_bnds": 200}, {"G_bnds": 200}, {"X_cutoff": 4}, {"gamma_gap": 6.252865}, {"num_gw_calc": 3}, {"wall_time": 44}, {"num_cores": 8}, {"z-factor": {"@module": "numpy", "@class": "array", "dtype": "float64", "data": [[8.0, 0.82, -0.131071], [9.0, 0.86, -0.102385]]}}], [{"kppa": 260}, {"kpt_grid": "6x6x6"}, {"num_kpts": 1}, {"X_bnds": 200}, {"G_bnds": 200}, {"X_cutoff": 4}, {"gamma_gap": 6.251767}, {"num_gw_calc": 4}, {"wall_time": 58}, {"num_cores": 32}, {"z-factor": {"@module": "numpy", "@class": "array", "dtype": "float64", "data": [[8.0, 0.82, -0.136195], [9.0, 0.86, -0.101372]]}}]], "conv_time": 281.9014904499054}, "gw_band_range_pbe": [1, 11], "gw_conv_lda": {"gw_conv_thr": 0.025, "gw_bnd_start": 200, "gw_bnd_step": 100, "gw_cut_start": 4, "gw_cut_step": 4, "kpt_bnd_idx": {"@module": "numpy", "@class": "array", "dtype": "int64", "data": [1, 1, 8, 9]}, "gw_bands": 200, "gw_cutoff": 4, "w_conv_grid": [[200, 4, 4.208792], [300, 4, 4.198950999999999], [300, 8, 4.425892], [300, 8, 4.425892], [300, 12, 4.4971309999999995], [300, 12, 4.4971309999999995], [300, 16, 4.533174], [300, 16, 4.533174], [300, 20, 4.542365], [300, 20, 4.542365], [400, 20, 4.55554], [400, 24, 4.564086], [400, 24, 4.564086]], "pwcutoff": 86, "w_conv_time": [11.014867067337036, 10.953020811080933, 10.818020343780518, 10.819271564483643, 11.62545132637024, 11.626869201660156, 12.27313494682312, 12.27454423904419, 12.365555763244629, 12.367405414581299, 13.43247389793396, 15.55135440826416, 15.552314043045044], "w_ngw": 8, "w_z_factor": [{"@module": "numpy", "@class": "array", "dtype": "float64", "data": [[8.0, 0.78, -0.786432], [9.0, 0.8, -0.157094]]}, {"@module": "numpy", "@class": "array", "dtype": "float64", "data": [[8.0, 0.78, -0.15487], [9.0, 0.8, -0.157591]]}, {"@module": "numpy", "@class": "array", "dtype": "float64", "data": [[8.0, 0.77, -0.15189], [9.0, 0.8, -0.157739]]}, {"@module": "numpy", "@class": "array", "dtype": "float64", "data": [[8.0, 0.77, -0.1444], [9.0, 0.8, -0.156797]]}, {"@module": "numpy", "@class": "array", "dtype": "float64", "data": [[8.0, 0.77, -0.154425], [9.0, 0.8, -0.157216]]}, {"@module": "numpy", "@class": "array", "dtype": "float64", "data": [[8.0, 0.77, -0.155019], [9.0, 0.8, -0.157294]]}, {"@module": "numpy", "@class": "array", "dtype": "float64", "data": [[8.0, 0.77, -0.153875], [9.0, 0.8, -0.15724]]}, {"@module": "numpy", "@class": "array", "dtype": "float64", "data": [[8.0, 0.77, -0.153244], [9.0, 0.8, -0.157249]]}], "gw_kppa": 260, "gw_kpt_grid": {"@module": "numpy", "@class": "array", "dtype": "int64", "data": [6, 6, 6]}, "conv_list": [[{"kppa": 0}, {"kpt_grid": "1x1x1"}, {"num_kpts": 1}, {"X_bnds": 400.0}, {"G_bnds": 400.0}, {"X_cutoff": 24.0}, {"gamma_gap": 4.564086}, {"num_gw_calc": 8}, {"wall_time": 159}, {"num_cores": 8}, {"z-factor": "None"}], [{"kppa": 0}, {"kpt_grid": "1x1x1"}, {"num_kpts": 1}, {"X_bnds": 200}, {"G_bnds": 200}, {"X_cutoff": 4}, {"gamma_gap": 8}, {"num_gw_calc": 1}, {"wall_time": 12}, {"num_cores": 8}, {"z-factor": "None"}], [{"kppa": 10}, {"kpt_grid": "2x2x2"}, {"num_kpts": 1}, {"X_bnds": 200}, {"G_bnds": 200}, {"X_cutoff": 4}, {"gamma_gap": 6.186027}, {"num_gw_calc": 2}, {"wall_time": 19}, {"num_cores": 8}, {"z-factor": {"@module": "numpy", "@class": "array", "dtype": "float64", "data": [[8.0, 0.82, -0.127047], [9.0, 0.85, -0.123527]]}}], [{"kppa": 60}, {"kpt_grid": "4x4x4"}, {"num_kpts": 1}, {"X_bnds": 200}, {"G_bnds": 200}, {"X_cutoff": 4}, {"gamma_gap": 6.290737}, {"num_gw_calc": 3}, {"wall_time": 41}, {"num_cores": 8}, {"z-factor": {"@module": "numpy", "@class": "array", "dtype": "float64",