{"@module": "pymatgen.entries.computed_entries", "@class": "ComputedEntry", "energy": 0.0, "composition": {"Cd": 2.0, "Se": 2.0}, "entry_id": "415785", "correction": 0.0, "energy_adjustments": [], "parameters": {"id": "415785", "name": "CdSe", "ibrav": {"celldm(1)": 8.044942096515578, "ibrav": 4, "celldm(3)": 1.6315183688809547}, "vol": 735.6840955301672, "lda_pw_cutoff_Ry": 94, "qe_conv_pbe": {"qe_conv_maxiter": 20, "qe_delta_kppa": 1500, "qe_delta_cutoff": 5, "qe_conv_thresh": 0.00014699730156178854, "qe_conv_steps": [[60, 1500, -329.8667592983977], [65, 1500, -329.8667620371802], [65, 3000, -329.8667813794816]], "qe_conv_time": 56.01601791381836}, "num_elec_pbe": 52.0, "max_mem": 81792.0, "qe_conv_lda": {"qe_conv_maxiter": 20, "qe_delta_kppa": 1500, "qe_delta_cutoff": 5, "qe_conv_thresh": 0.00014699730156178854, "qe_conv_steps": [[94, 1500, -592.980399674097], [99, 1500, -592.9807935990945], [104, 1500, -592.9809021266918], [104, 3000, -592.9809290163412]], "qe_conv_time": 109.95878434181213}, "num_elec_lda": 72.0, "bg_conv_pbe": {"bg_conv_maxiter": 20, "bg_delta_kppa": 1500, "bg_delta_cutoff": 5, "bg_conv_thresh": 0.025, "bg_conv_steps": [[65, 3000, 0.7262669404005875], [65, 4500, 0.7263155979641653]], "bg_conv_time": 49.57336068153381}, "indirect_gap_pbe": 0.7262652937290499, "bg_conv_lda": {"bg_conv_maxiter": 20, "bg_delta_kppa": 1500, "bg_delta_cutoff": 5, "bg_conv_thresh": 0.025, "bg_conv_steps": [[104, 3000, 0.45011822865294776], [104, 4500, 0.4502351810863637]], "bg_conv_time": 78.96265244483948}, "indirect_gap_lda": 0.45011724535890496, "gw_conv_pbe": {"gw_conv_thr": 0.025, "gw_bnd_start": 200, "gw_bnd_step": 100, "gw_cut_start": 4, "gw_cut_step": 4, "kpt_bnd_idx": {"@module": "numpy", "@class": "array", "dtype": "int64", "data": [1, 1, 26, 27]}, "gw_bands": 200, "gw_cutoff": 4, "w_conv_grid": [[200, 4, 0.724178], [300, 4, 0.716863], [300, 8, 0.9044350000000001], [300, 8, 0.9044350000000001], [300, 12, 0.9381120000000001], [300, 12, 0.9381120000000001], [300, 16, 0.9534689999999999], [300, 16, 0.9534689999999999], [400, 16, 0.963112], [400, 20, 0.976111], [400, 20, 0.976111]], "pwcutoff": 65, "w_conv_time": [13.199528217315674, 13.307641983032227, 14.08240795135498, 14.085867643356323, 15.716003179550171, 15.71760106086731, 19.0977520942688, 19.099759101867676, 21.299474000930786, 27.86853051185608, 27.869603157043457], "w_ngw": 7, "w_z_factor": [{"@module": "numpy", "@class": "array", "dtype": "float64", "data": [[26.0, 0.8, -0.113047], [27.0, 0.82, -0.102251]]}, {"@module": "numpy", "@class": "array", "dtype": "float64", "data": [[26.0, 0.8, -0.112342], [27.0, 0.82, -0.101687]]}, {"@module": "numpy", "@class": "array", "dtype": "float64", "data": [[26.0, 0.8, -0.111925], [27.0, 0.82, -0.102798]]}, {"@module": "numpy", "@class": "array", "dtype": "float64", "data": [[26.0, 0.8, -0.111238], [27.0, 0.82, -0.102843]]}, {"@module": "numpy", "@class": "array", "dtype": "float64", "data": [[26.0, 0.8, -0.111051], [27.0, 0.82, -0.10282]]}, {"@module": "numpy", "@class": "array", "dtype": "float64", "data": [[26.0, 0.8, -0.110773], [27.0, 0.82, -0.103091]]}, {"@module": "numpy", "@class": "array", "dtype": "float64", "data": [[26.0, 0.8, -0.110695], [27.0, 0.82, -0.103125]]}], "gw_kppa": 70, "gw_kpt_grid": {"@module": "numpy", "@class": "array", "dtype": "int64", "data": [4, 4, 2]}, "conv_list": [[{"kppa": 0}, {"kpt_grid": "1x1x1"}, {"num_kpts": 1}, {"X_bnds": 400.0}, {"G_bnds": 400.0}, {"X_cutoff": 20.0}, {"gamma_gap": 0.976111}, {"num_gw_calc": 7}, {"wall_time": 242}, {"num_cores": 8}, {"z-factor": "None"}], [{"kppa": 0}, {"kpt_grid": "1x1x1"}, {"num_kpts": 1}, {"X_bnds": 200}, {"G_bnds": 200}, {"X_cutoff": 4}, {"gamma_gap": 8}, {"num_gw_calc": 1}, {"wall_time": 14}, {"num_cores": 8}, {"z-factor": "None"}], [{"kppa": 10}, {"kpt_grid": "2x2x2"}, {"num_kpts": 1}, {"X_bnds": 200}, {"G_bnds": 200}, {"X_cutoff": 4}, {"gamma_gap": 1.009051}, {"num_gw_calc": 2}, {"wall_time": 31}, {"num_cores": 8}, {"z-factor": {"@module": "numpy", "@class": "array", "dtype": "float64", "data": [[26.0, 0.8, -0.137739], [27.0, 0.81, -0.127253]]}}], [{"kppa": 70}, {"kpt_grid": "4x4x2"}, {"num_kpts": 1}, {"X_bnds": 200}, {"G_bnds": 200}, {"X_cutoff": 4}, {"gamma_gap": 1.02732}, {"num_gw_calc": 3}, {"wall_time": 84}, {"num_cores": 8}, {"z-factor": {"@module": "numpy", "@class": "array", "dtype": "float64", "data": [[26.0, 0.8, -0.137019], [27.0, 0.82, -0.126674]]}}]], "conv_time": 354.9685847759247}, "gw_band_range_pbe": [1, 29], "gw_conv_lda": {"gw_conv_thr": 0.025, "gw_bnd_start": 200, "gw_bnd_step": 100, "gw_cut_start": 4, "gw_cut_step": 4, "kpt_bnd_idx": {"@module": "numpy", "@class": "array", "dtype": "int64", "data": [1, 1, 36, 37]}, "gw_bands": 200, "gw_cutoff": 4, "w_conv_grid": [[200, 4, 1.607068], [300, 4, 1.591748], [300, 8, 1.716887], [300, 8, 1.716887], [300, 12, 1.7566479999999998], [300, 12, 1.7566479999999998], [300, 16, 1.7790569999999999], [300, 16, 1.7790569999999999], [400, 16, 1.7797669999999999], [400, 20, 1.796425], [400, 20, 1.796425]], "pwcutoff": 104, "w_conv_time": [13.55515193939209, 14.516559839248657, 15.151119232177734, 15.152667999267578, 17.52997922897339, 17.53147315979004, 21.471794366836548, 21.472776174545288, 23.64695382118225, 31.375332593917847, 31.377034902572632], "w_ngw": 7, "w_z_factor": [{"@module": "numpy", "@class": "array", "dtype": "float64", "data": [[36.0, 0.81, -0.98987], [37.0, 0.83, -0.92207]]}, {"@module": "numpy", "@class": "array", "dtype": "float64", "data": [[36.0, 0.82, -0.991614], [37.0, 0.83, -0.906903]]}, {"@module": "numpy", "@class": "array", "dtype": "float64", "data": [[36.0, 0.81, -0.999579], [37.0, 0.83, -0.917228]]}, {"@module": "numpy", "@class": "array", "dtype": "float64", "data": [[36.0, 0.81, -0.998674], [37.0, 0.83, -0.920186]]}, {"@module": "numpy", "@class": "array", "dtype": "float64", "data": [[36.0, 0.81, -0.995395], [37.0, 0.83, -0.920342]]}, {"@module": "numpy", "@class": "array", "dtype": "float64", "data": [[36.0, 0.81, -0.100405], [37.0, 0.83, -0.906968]]}, {"@module": "numpy", "@class": "array", "dtype": "float64", "data": [[36.0, 0.81, -0.100223], [37.0, 0.83, -0.907832]]}], "gw_kppa": 310, "gw_kpt_grid": {"@module": "numpy", "@class": "array", "dtype": "int64", "data": [6, 6, 4]}, "conv_list": [[{"kppa": 0}, {"kpt_grid": "1x1x1"}, {"num_kpts": 1}, {"X_bnds": 400.0}, {"G_bnds": 400.0}, {"X_cutoff": 20.0}, {"gamma_gap": 1.796425}, {"num_gw_calc": 7}, {"wall_time": 300}, {"num_cores": 8}, {"z-factor": "None"}], [{"kppa": 0}, {"kpt_grid": "1x1x1"}, {"num_kpts": 1}, {"X_bnds": 200}, {"G_bnds": 200}, {"X_cutoff": 4}, {"gamma_gap": 8}, {"num_gw_calc": 1}, {"wall_time": 14}, {"num_cores": 8}, {"z-factor": "None"}], [{"kppa": 10}, {"kpt_grid": "2x2x2"}, {"num_kpts": 1}, {"X_bnds": 200}, {"G_bnds": 200}, {"X_cutoff": 4}, {"gamma_gap": 1.765147}, {"num_gw_calc": 2}, {"wall_time": 49}, {"num_cores": 8}, {"z-factor": {"@module": "numpy", "@class": "array", "dtype": "float64", "data": [[36.0, 0.8, -0.135349], [37.0, 0.81, -0.125853]]}}], [{"kppa": 70}, {"kpt_grid": "4x4x2"}, {"num_kpts": 1}, {"X_bnds": 200}, {"G_bnds": 200}, {"X_cutoff": 4}, {"gamma_gap": 1.7094740000000002}, {"num_gw_calc": 3}, {"wall_time": 205}, {"num_cores": 8}, {"z-factor": {"@module": "numpy", "@class": "array", "dtype": "float64", "data": [[36.0, 0.8, -0.139517], [37.0, 0.81, -0.130463]]}}], [{"kppa": 290}, {"kpt_grid": "4x4x4"}, {"num_kpts": 1}, {"X_bnds": 200}, {"G_bnds": 200}, {"X_cutoff": 4}, {"gamma_gap": 1.762004}, {"num_gw_calc": 4}, {"wall_time": 177}, {"num_cores": 32}, {"z-factor": {"@module": "numpy", "@class": "array", "dtype": "float64", "data": [[36.0, 0.8, -0.137878], [37.0, 0.82, -0.127734]]}}], [{"kppa": 310}, {"kpt_grid": "6x6x4"}, {"num_kpts": 1}, {"X_bnds": 200}, {"G_bnds": 200}, {"X_cutoff": 4}, {"gamma_gap": 1.771817}, {"num_gw_calc": 5}, {"wall_time": 593}, {"num_cores": 32}, {"z-factor": {"@module": "numpy", "@class": "array", "dtype": "float64",