{"@module": "pymatgen.entries.computed_entries", "@class": "ComputedEntry", "energy": 0.0, "composition": {"Sc": 1.0, "Sb": 1.0, "Pd": 1.0}, "entry_id": "415944", "correction": 0.0, "energy_adjustments": [], "parameters": {"id": "415944", "name": "ScSbPd", "ibrav": {"celldm(1)": 11.92417190383663, "ibrav": 2}, "vol": 423.86220571487013, "lda_pw_cutoff_Ry": 74, "qe_conv_pbe": {"qe_conv_maxiter": 20, "qe_delta_kppa": 1500, "qe_delta_cutoff": 5, "qe_conv_thresh": 0.00011024797617134141, "qe_conv_steps": [[60, 1500, -243.2875586545923], [65, 1500, -243.2876213029658], [65, 3000, -243.2876371171833]], "qe_conv_time": 19.571038484573364}, "num_elec_pbe": 44.0, "max_mem": 35425.0, "qe_conv_lda": {"qe_conv_maxiter": 20, "qe_delta_kppa": 1500, "qe_delta_cutoff": 5, "qe_conv_thresh": 0.00011024797617134141, "qe_conv_steps": [[74, 1500, -274.1666612872651], [79, 1500, -274.1671427373209], [84, 1500, -274.1672075553753], [84, 3000, -274.1672246091403]], "qe_conv_time": 27.43643093109131}, "num_elec_lda": 44.0, "bg_conv_pbe": {"bg_conv_maxiter": 20, "bg_delta_kppa": 1500, "bg_delta_cutoff": 5, "bg_conv_thresh": 0.025, "bg_conv_steps": [[65, 3000, 0.29205474674762105], [65, 4500, 0.2920753247605959]], "bg_conv_time": 15.915278434753418}, "indirect_gap_pbe": 0.2920622449580778, "bg_conv_lda": {"bg_conv_maxiter": 20, "bg_delta_kppa": 1500, "bg_delta_cutoff": 5, "bg_conv_thresh": 0.025, "bg_conv_steps": [[84, 3000, 0.3064291288796987], [84, 4500, 0.3064458929348439]], "bg_conv_time": 17.84570550918579}, "indirect_gap_lda": 0.3064246949144152, "gw_conv_pbe": {"gw_conv_thr": 0.025, "gw_bnd_start": 200, "gw_bnd_step": 100, "gw_cut_start": 4, "gw_cut_step": 4, "kpt_bnd_idx": {"@module": "numpy", "@class": "array", "dtype": "int64", "data": [1, 1, 22, 23]}, "gw_bands": 200, "gw_cutoff": 4, "w_conv_grid": [[200, 4, 2.169146], [300, 4, 2.170289], [300, 8, 2.2104850000000003], [300, 8, 2.2104850000000003], [300, 12, 2.217603], [300, 12, 2.217603], [400, 12, 2.218044], [400, 16, 2.2278580000000003], [400, 16, 2.2278580000000003]], "pwcutoff": 65, "w_conv_time": [13.289106845855713, 13.16363525390625, 13.457674264907837, 13.45924687385559, 14.136891603469849, 14.138885498046875, 14.10018277168274, 15.795818328857422, 15.796767473220825], "w_ngw": 6, "w_z_factor": [{"@module": "numpy", "@class": "array", "dtype": "float64", "data": [[22.0, 0.79, -0.107031], [23.0, 0.78, -0.115598]]}, {"@module": "numpy", "@class": "array", "dtype": "float64", "data": [[22.0, 0.79, -0.108606], [23.0, 0.78, -0.114133]]}, {"@module": "numpy", "@class": "array", "dtype": "float64", "data": [[22.0, 0.79, -0.110625], [23.0, 0.78, -0.116343]]}, {"@module": "numpy", "@class": "array", "dtype": "float64", "data": [[22.0, 0.79, -0.111656], [23.0, 0.78, -0.11729]]}, {"@module": "numpy", "@class": "array", "dtype": "float64", "data": [[22.0, 0.79, -0.110573], [23.0, 0.77, -0.120427]]}, {"@module": "numpy", "@class": "array", "dtype": "float64", "data": [[22.0, 0.79, -0.110729], [23.0, 0.77, -0.120768]]}], "gw_kppa": 380, "gw_kpt_grid": {"@module": "numpy", "@class": "array", "dtype": "int64", "data": [6, 6, 6]}, "conv_list": [[{"kppa": 0}, {"kpt_grid": "1x1x1"}, {"num_kpts": 1}, {"X_bnds": 400.0}, {"G_bnds": 400.0}, {"X_cutoff": 16.0}, {"gamma_gap": 2.2278580000000003}, {"num_gw_calc": 6}, {"wall_time": 172}, {"num_cores": 8}, {"z-factor": "None"}], [{"kppa": 0}, {"kpt_grid": "1x1x1"}, {"num_kpts": 1}, {"X_bnds": 200}, {"G_bnds": 200}, {"X_cutoff": 4}, {"gamma_gap": 8}, {"num_gw_calc": 1}, {"wall_time": 14}, {"num_cores": 8}, {"z-factor": "None"}], [{"kppa": 10}, {"kpt_grid": "2x2x2"}, {"num_kpts": 1}, {"X_bnds": 200}, {"G_bnds": 200}, {"X_cutoff": 4}, {"gamma_gap": 2.2729660000000003}, {"num_gw_calc": 2}, {"wall_time": 23}, {"num_cores": 8}, {"z-factor": {"@module": "numpy", "@class": "array", "dtype": "float64", "data": [[22.0, 0.79, -0.131413], [23.0, 0.77, -0.150552]]}}], [{"kppa": 90}, {"kpt_grid": "4x4x4"}, {"num_kpts": 1}, {"X_bnds": 200}, {"G_bnds": 200}, {"X_cutoff": 4}, {"gamma_gap": 2.359462}, {"num_gw_calc": 3}, {"wall_time": 70}, {"num_cores": 8}, {"z-factor": {"@module": "numpy", "@class": "array", "dtype": "float64", "data": [[22.0, 0.79, -0.127788], [23.0, 0.77, -0.147237]]}}], [{"kppa": 380}, {"kpt_grid": "6x6x6"}, {"num_kpts": 1}, {"X_bnds": 200}, {"G_bnds": 200}, {"X_cutoff": 4}, {"gamma_gap": 2.374241}, {"num_gw_calc": 4}, {"wall_time": 103}, {"num_cores": 32}, {"z-factor": {"@module": "numpy", "@class": "array", "dtype": "float64", "data": [[22.0, 0.79, -0.127877], [23.0, 0.77, -0.14982]]}}]], "conv_time": 366.3753614425659}, "gw_band_range_pbe": [1, 29], "gw_conv_lda": {"gw_conv_thr": 0.025, "gw_bnd_start": 200, "gw_bnd_step": 100, "gw_cut_start": 4, "gw_cut_step": 4, "kpt_bnd_idx": {"@module": "numpy", "@class": "array", "dtype": "int64", "data": [1, 1, 22, 23]}, "gw_bands": 200, "gw_cutoff": 4, "w_conv_grid": [[200, 4, 1.394829], [300, 4, 1.384636], [300, 8, 1.417345], [300, 8, 1.417345], [300, 12, 1.4759160000000002], [300, 12, 1.4759160000000002], [300, 16, 1.517757], [300, 16, 1.517757], [300, 20, 1.5389620000000002], [300, 20, 1.5389620000000002], [400, 20, 1.5302660000000001], [400, 24, 1.545574], [400, 24, 1.545574]], "pwcutoff": 84, "w_conv_time": [12.951006889343262, 13.531518697738647, 13.743545770645142, 13.744659900665283, 14.101162195205688, 14.102722883224487, 15.268479108810425, 15.27081561088562, 16.71742343902588, 16.719618558883667, 17.65276026725769, 21.171082019805908, 21.172507762908936], "w_ngw": 8, "w_z_factor": [{"@module": "numpy", "@class": "array", "dtype": "float64", "data": [[22.0, 0.79, -0.11496], [23.0, 0.8, -0.108216]]}, {"@module": "numpy", "@class": "array", "dtype": "float64", "data": [[22.0, 0.79, -0.112984], [23.0, 0.8, -0.107522]]}, {"@module": "numpy", "@class": "array", "dtype": "float64", "data": [[22.0, 0.78, -0.11388], [23.0, 0.8, -0.108037]]}, {"@module": "numpy", "@class": "array", "dtype": "float64", "data": [[22.0, 0.78, -0.114545], [23.0, 0.8, -0.108052]]}, {"@module": "numpy", "@class": "array", "dtype": "float64", "data": [[22.0, 0.78, -0.114822], [23.0, 0.8, -0.107966]]}, {"@module": "numpy", "@class": "array", "dtype": "float64", "data": [[22.0, 0.78, -0.11492], [23.0, 0.8, -0.107736]]}, {"@module": "numpy", "@class": "array", "dtype": "float64", "data": [[22.0, 0.78, -0.114042], [23.0, 0.8, -0.107295]]}, {"@module": "numpy", "@class": "array", "dtype": "float64", "data": [[22.0, 0.78, -0.11413], [23.0, 0.8, -0.10739]]}], "gw_kppa": 90, "gw_kpt_grid": {"@module": "numpy", "@class": "array", "dtype": "int64", "data": [4, 4, 4]}, "conv_list": [[{"kppa": 0}, {"kpt_grid": "1x1x1"}, {"num_kpts": 1}, {"X_bnds": 400.0}, {"G_bnds": 400.0}, {"X_cutoff": 24.0}, {"gamma_gap": 1.545574}, {"num_gw_calc": 8}, {"wall_time": 208}, {"num_cores": 8}, {"z-factor": "None"}], [{"kppa": 0}, {"kpt_grid": "1x1x1"}, {"num_kpts": 1}, {"X_bnds": 200}, {"G_bnds": 200}, {"X_cutoff": 4}, {"gamma_gap": 8}, {"num_gw_calc": 1}, {"wall_time": 13}, {"num_cores": 8}, {"z-factor": "None"}], [{"kppa": 10}, {"kpt_grid": "2x2x2"}, {"num_kpts": 1}, {"X_bnds": 200}, {"G_bnds": 200}, {"X_cutoff": 4}, {"gamma_gap": 1.6154380000000002}, {"num_gw_calc": 2}, {"wall_time": 25}, {"num_cores": 8}, {"z-factor": {"@module": "numpy", "@class": "array", "dtype": "float64", "data": [[22.0, 0.78, -0.135554], [23.0, 0.8, -0.118083]]}}], [{"kppa": 90}, {"kpt_grid": "4x4x4"}, {"num_kpts": 1}, {"X_bnds": 200}, {"G_bnds": 200}, {"X_cutoff": 4}, {"gamma_gap": 1.613022}, {"num_gw_calc": 3}, {"wall_time": 136}, {"num_cores": 8}, {"z-factor": {"@module": "numpy", "@class": "array", "dtype": "float64", "data": [[22.0, 0.79, -0.13406], [23.0, 0.81, -0.117717]]}}]], "conv_time": 366.8598048686981}, "gw_band_range_lda": [1, 29], "g0w0_ppa_pbe": {"gw_direct_gap": 2.314728, "kppa": 1030, "kpt_grid": "8x8x8", "num_kpt": 29, "bands_in X": 500, "bands_in_G": 500, "cutoff": 20, "z_factor": [[22.0, 0.78, -0.00129204], [23.0, 0.76, -0.00154625]], "scissor": 0.636587, "ncpu": 32,