{"@module": "pymatgen.entries.computed_entries", "@class": "ComputedEntry", "energy": 0.0, "composition": {"Ba": 1.0, "Zn": 2.0, "As": 2.0}, "entry_id": "417000", "correction": 0.0, "energy_adjustments": [], "parameters": {"id": "417000", "name": "Ba(ZnAs)2", "ibrav": {"celldm(1)": 7.785671670967814, "ibrav": 7, "celldm(3)": 3.2956310679611653}, "vol": 777.6726905274508, "lda_pw_cutoff_Ry": 68, "qe_conv_pbe": {"qe_conv_maxiter": 20, "qe_delta_kppa": 1500, "qe_delta_cutoff": 5, "qe_conv_thresh": 0.00018374662695223566, "qe_conv_steps": [[60, 1500, -438.8650325620888], [65, 1500, -438.8677610008872], [70, 1500, -438.8679014964487], [70, 3000, -438.8684563330159], [70, 4500, -438.8685676666152]], "qe_conv_time": 164.59494066238403}, "num_elec_pbe": 60.0, "max_mem": 712298.0, "qe_conv_lda": {"qe_conv_maxiter": 20, "qe_delta_kppa": 1500, "qe_delta_cutoff": 5, "qe_conv_thresh": 0.00018374662695223566, "qe_conv_steps": [[68, 1500, -658.0242609454727], [73, 1500, -658.0426213777234], [78, 1500, -658.0460539437694], [83, 1500, -658.0464017690166], [88, 1500, -658.0464181387277], [88, 3000, -658.0470225993814], [88, 4500, -658.0471433407496]], "qe_conv_time": 301.6582987308502}, "num_elec_lda": 80.0, "bg_conv_pbe": {"bg_conv_maxiter": 20, "bg_delta_kppa": 1500, "bg_delta_cutoff": 5, "bg_conv_thresh": 0.025, "bg_conv_steps": [[70, 4500, -0.3164769739895186], [70, 7500, -0.3167248398011148]], "bg_conv_time": 139.91438484191895}, "indirect_gap_pbe": -0.3162216722006868, "bg_conv_lda": {"bg_conv_maxiter": 20, "bg_delta_kppa": 1500, "bg_delta_cutoff": 5, "bg_conv_thresh": 0.025, "bg_conv_steps": [[88, 4500, -0.4462481194968276], [88, 7500, -0.44556818387420977]], "bg_conv_time": 192.87239384651184}, "indirect_gap_lda": -0.44589133981740964, "gw_conv_pbe": {"gw_conv_thr": 0.025, "gw_bnd_start": 200, "gw_bnd_step": 100, "gw_cut_start": 4, "gw_cut_step": 4, "kpt_bnd_idx": {"@module": "numpy", "@class": "array", "dtype": "int64", "data": [1, 1, 30, 31]}, "gw_bands": 200, "gw_cutoff": 4, "w_conv_grid": [[200, 4, -0.349968], [300, 4, -0.363131], [300, 8, -0.2585199999999999], [300, 8, -0.2585199999999999], [300, 12, -0.22801099999999994], [300, 12, -0.22801099999999994], [300, 16, -0.22291799999999995], [300, 16, -0.22291799999999995], [400, 16, -0.20345099999999994], [400, 20, -0.2013799999999999], [400, 20, -0.2013799999999999]], "pwcutoff": 70, "w_conv_time": [13.085957288742065, 13.975321769714355, 14.896621704101562, 14.897960662841797, 18.232526779174805, 18.234201669692993, 21.058024883270264, 21.059656143188477, 24.10149908065796, 32.262163400650024, 32.26357555389404], "w_ngw": 7, "w_z_factor": [{"@module": "numpy", "@class": "array", "dtype": "float64", "data": [[30.0, 0.79, -0.141729], [31.0, 0.81, -0.100022]]}, {"@module": "numpy", "@class": "array", "dtype": "float64", "data": [[30.0, 0.79, -0.128849], [31.0, 0.81, -0.122089]]}, {"@module": "numpy", "@class": "array", "dtype": "float64", "data": [[30.0, 0.79, -0.125953], [31.0, 0.81, -0.103553]]}, {"@module": "numpy", "@class": "array", "dtype": "float64", "data": [[30.0, 0.79, -0.103949], [31.0, 0.81, -0.188973]]}, {"@module": "numpy", "@class": "array", "dtype": "float64", "data": [[30.0, 0.79, -0.120633], [31.0, 0.81, -0.109408]]}, {"@module": "numpy", "@class": "array", "dtype": "float64", "data": [[30.0, 0.79, -0.1939], [31.0, 0.81, -0.572472]]}, {"@module": "numpy", "@class": "array", "dtype": "float64", "data": [[30.0, 0.79, -0.205404], [31.0, 0.81, -0.312829]]}], "gw_kppa": 1720, "gw_kpt_grid": {"@module": "numpy", "@class": "array", "dtype": "int64", "data": [8, 8, 8]}, "conv_list": [[{"kppa": 0}, {"kpt_grid": "1x1x1"}, {"num_kpts": 1}, {"X_bnds": 400.0}, {"G_bnds": 400.0}, {"X_cutoff": 20.0}, {"gamma_gap": -0.2013799999999999}, {"num_gw_calc": 7}, {"wall_time": 331}, {"num_cores": 8}, {"z-factor": "None"}], [{"kppa": 0}, {"kpt_grid": "1x1x1"}, {"num_kpts": 1}, {"X_bnds": 200}, {"G_bnds": 200}, {"X_cutoff": 4}, {"gamma_gap": 8}, {"num_gw_calc": 1}, {"wall_time": 14}, {"num_cores": 8}, {"z-factor": "None"}], [{"kppa": 10}, {"kpt_grid": "2x2x2"}, {"num_kpts": 1}, {"X_bnds": 200}, {"G_bnds": 200}, {"X_cutoff": 4}, {"gamma_gap": 0.019076999999999997}, {"num_gw_calc": 2}, {"wall_time": 52}, {"num_cores": 8}, {"z-factor": {"@module": "numpy", "@class": "array", "dtype": "float64", "data": [[30.0, 0.78, -0.154066], [31.0, 0.79, -0.150158]]}}], [{"kppa": 140}, {"kpt_grid": "4x4x4"}, {"num_kpts": 1}, {"X_bnds": 200}, {"G_bnds": 200}, {"X_cutoff": 4}, {"gamma_gap": 0.26545399999999997}, {"num_gw_calc": 3}, {"wall_time": 660}, {"num_cores": 8}, {"z-factor": {"@module": "numpy", "@class": "array", "dtype": "float64", "data": [[30.0, 0.79, -0.153377], [31.0, 0.8, -0.153919]]}}], [{"kppa": 630}, {"kpt_grid": "6x6x6"}, {"num_kpts": 1}, {"X_bnds": 200}, {"G_bnds": 200}, {"X_cutoff": 4}, {"gamma_gap": 0.30449000000000004}, {"num_gw_calc": 4}, {"wall_time": 1572}, {"num_cores": 32}, {"z-factor": {"@module": "numpy", "@class": "array", "dtype": "float64", "data": [[30.0, 0.79, -0.153692], [31.0, 0.8, -0.147211]]}}], [{"kppa": 1720}, {"kpt_grid": "8x8x8"}, {"num_kpts": 1}, {"X_bnds": 200}, {"G_bnds": 200}, {"X_cutoff": 4}, {"gamma_gap": 0.30501100000000003}, {"num_gw_calc": 5}, {"wall_time": 5991}, {"num_cores": 32}, {"z-factor": {"@module": "numpy", "@class": "array", "dtype": "float64", "data": [[30.0, 0.79, -0.154683], [31.0, 0.8, -0.147621]]}}]], "conv_time": 8603.6856944561}, "gw_band_range_pbe": [1, 36], "gw_conv_lda": {"gw_conv_thr": 0.025, "gw_bnd_start": 200, "gw_bnd_step": 100, "gw_cut_start": 4, "gw_cut_step": 4, "kpt_bnd_idx": {"@module": "numpy", "@class": "array", "dtype": "int64", "data": [1, 1, 40, 41]}, "gw_bands": 200, "gw_cutoff": 4, "w_conv_grid": [[200, 4, 0.17452600000000001], [300, 4, 0.17287699999999998], [300, 8, 0.24938499999999997], [300, 8, 0.24938499999999997], [300, 12, 0.276092], [300, 12, 0.276092], [300, 16, 0.283039], [300, 16, 0.283039], [400, 16, 0.29834499999999997], [400, 20, 0.302131], [400, 20, 0.302131]], "pwcutoff": 88, "w_conv_time": [12.993537664413452, 13.93034052848816, 14.80180025100708, 14.809332132339478, 17.456446170806885, 17.45870304107666, 22.81601595878601, 22.817787408828735, 24.884281873703003, 35.488266468048096, 35.49046754837036], "w_ngw": 7, "w_z_factor": [{"@module": "numpy", "@class": "array", "dtype": "float64", "data": [[40.0, 0.8, -0.112912], [41.0, 0.81, -0.106772]]}, {"@module": "numpy", "@class": "array", "dtype": "float64", "data": [[40.0, 0.8, -0.125244], [41.0, 0.81, -0.100556]]}, {"@module": "numpy", "@class": "array", "dtype": "float64", "data": [[40.0, 0.79, -0.141458], [41.0, 0.81, -0.968923]]}, {"@module": "numpy", "@class": "array", "dtype": "float64", "data": [[40.0, 0.79, -0.135788], [41.0, 0.81, -0.104878]]}, {"@module": "numpy", "@class": "array", "dtype": "float64", "data": [[40.0, 0.79, -0.13355], [41.0, 0.81, -0.104812]]}, {"@module": "numpy", "@class": "array", "dtype": "float64", "data": [[40.0, 0.79, -0.116412], [41.0, 0.81, -0.107437]]}, {"@module": "numpy", "@class": "array", "dtype": "float64", "data": [[40.0, 0.79, -0.133832], [41.0, 0.81, -0.887666]]}], "gw_kppa": 1720, "gw_kpt_grid": {"@module": "numpy", "@class": "array", "dtype": "int64", "data": [8, 8, 8]}, "conv_list": [[{"kppa": 0}, {"kpt_grid": "1x1x1"}, {"num_kpts": 1}, {"X_bnds": 400.0}, {"G_bnds": 400.0}, {"X_cutoff": 20.0}, {"gamma_gap": 0.302131}, {"num_gw_calc": 7}, {"wall_time": 475}, {"num_cores": 8}, {"z-factor": "None"}], [{"kppa": 0}, {"kpt_grid": "1x1x1"}, {"num_kpts": 1}, {"X_bnds": 200}, {"G_bnds": 200}, {"X_cutoff": 4}, {"gamma_gap": 8}, {"num_gw_calc": 1}, {"wall_time": 13}, {"num_cores": 8}, {"z-factor": "None"}], [{"kppa": 10}, {"kpt_grid": "2x2x2"}, {"num_kpts": 1}, {"X_bnds": 200}, {"G_bnds": 200}, {"X_cutoff": 4}, {"gamma_gap": 0.45562}, {"num_gw_calc": 2}, {"wall_time": 96}, {"num_cores": 8}, {"z-factor": {"@module": "numpy", "@class": "array", "dtype": "float64",