{"@module": "pymatgen.entries.computed_entries", "@class": "ComputedEntry", "energy": 0.0, "composition": {"P": 4.0}, "entry_id": "417180", "correction": 0.0, "energy_adjustments": [], "parameters": {"id": "417180", "name": "P", "ibrav": {"celldm(1)": 6.267087749902346, "ibrav": 9, "celldm(2)": 3.161259196719334, "celldm(3)": 1.320498130502955}, "vol": 513.7658432496706, "lda_pw_cutoff_Ry": 36, "qe_conv_pbe": {"qe_conv_maxiter": 20, "qe_delta_kppa": 1500, "qe_delta_cutoff": 5, "qe_conv_thresh": 0.00014699730156178854, "qe_conv_steps": [[60, 1500, -26.38257360029804], [65, 1500, -26.38270806454495], [65, 3000, -26.38290050539507], [65, 4500, -26.38293096408714]], "qe_conv_time": 33.18213701248169}, "num_elec_pbe": 20.0, "max_mem": 98982.0, "qe_conv_lda": {"qe_conv_maxiter": 20, "qe_delta_kppa": 1500, "qe_delta_cutoff": 5, "qe_conv_thresh": 0.00014699730156178854, "qe_conv_steps": [[36, 1500, -27.82053864262725], [41, 1500, -27.82064689341072], [41, 3000, -27.82083992480096], [41, 4500, -27.82088100098661]], "qe_conv_time": 26.450918674468994}, "num_elec_lda": 20.0, "bg_conv_pbe": {"bg_conv_maxiter": 20, "bg_delta_kppa": 1500, "bg_delta_cutoff": 5, "bg_conv_thresh": 0.025, "bg_conv_steps": [[65, 4500, 0.026315436686197066], [65, 6000, 0.02628064463892545]], "bg_conv_time": 28.322767734527588}, "indirect_gap_pbe": 0.02600195648007072, "bg_conv_lda": {"bg_conv_maxiter": 20, "bg_delta_kppa": 1500, "bg_delta_cutoff": 5, "bg_conv_thresh": 0.025, "bg_conv_steps": [[41, 4500, -0.08838573101071273], [41, 6000, -0.08850261153553483]], "bg_conv_time": 20.09600305557251}, "indirect_gap_lda": -0.08902451547909274, "gw_conv_pbe": {"gw_conv_thr": 0.025, "gw_bnd_start": 200, "gw_bnd_step": 100, "gw_cut_start": 4, "gw_cut_step": 4, "kpt_bnd_idx": {"@module": "numpy", "@class": "array", "dtype": "int64", "data": [1, 1, 10, 11]}, "gw_bands": 200, "gw_cutoff": 4, "w_conv_grid": [[200, 4, 2.240165], [300, 4, 2.2387170000000003], [300, 8, 2.375652], [300, 8, 2.375652], [300, 12, 2.4047810000000003], [300, 12, 2.4047810000000003], [300, 16, 2.411846], [300, 16, 2.411846], [400, 16, 2.411696], [400, 20, 2.414442], [400, 20, 2.414442]], "pwcutoff": 65, "w_conv_time": [10.472397327423096, 10.363605260848999, 11.054297924041748, 11.055912256240845, 12.017056465148926, 12.018773317337036, 13.943045854568481, 13.94461965560913, 14.213855028152466, 17.672235012054443, 17.67345118522644], "w_ngw": 7, "w_z_factor": [{"@module": "numpy", "@class": "array", "dtype": "float64", "data": [[10.0, 0.77, -0.157714], [11.0, 0.77, -0.155921]]}, {"@module": "numpy", "@class": "array", "dtype": "float64", "data": [[10.0, 0.77, -0.157391], [11.0, 0.77, -0.154103]]}, {"@module": "numpy", "@class": "array", "dtype": "float64", "data": [[10.0, 0.77, -0.157707], [11.0, 0.77, -0.155503]]}, {"@module": "numpy", "@class": "array", "dtype": "float64", "data": [[10.0, 0.76, -0.15759], [11.0, 0.77, -0.154537]]}, {"@module": "numpy", "@class": "array", "dtype": "float64", "data": [[10.0, 0.76, -0.158051], [11.0, 0.77, -0.15637]]}, {"@module": "numpy", "@class": "array", "dtype": "float64", "data": [[10.0, 0.76, -0.157664], [11.0, 0.77, -0.155478]]}, {"@module": "numpy", "@class": "array", "dtype": "float64", "data": [[10.0, 0.76, -0.157716], [11.0, 0.77, -0.155815]]}], "gw_kppa": 320, "gw_kpt_grid": {"@module": "numpy", "@class": "array", "dtype": "int64", "data": [4, 4, 6]}, "conv_list": [[{"kppa": 0}, {"kpt_grid": "1x1x1"}, {"num_kpts": 1}, {"X_bnds": 400.0}, {"G_bnds": 400.0}, {"X_cutoff": 20.0}, {"gamma_gap": 2.414442}, {"num_gw_calc": 7}, {"wall_time": 160}, {"num_cores": 8}, {"z-factor": "None"}], [{"kppa": 0}, {"kpt_grid": "1x1x1"}, {"num_kpts": 1}, {"X_bnds": 200}, {"G_bnds": 200}, {"X_cutoff": 4}, {"gamma_gap": 8}, {"num_gw_calc": 1}, {"wall_time": 11}, {"num_cores": 8}, {"z-factor": "None"}], [{"kppa": 10}, {"kpt_grid": "2x2x2"}, {"num_kpts": 1}, {"X_bnds": 200}, {"G_bnds": 200}, {"X_cutoff": 4}, {"gamma_gap": 2.268098}, {"num_gw_calc": 2}, {"wall_time": 27}, {"num_cores": 8}, {"z-factor": {"@module": "numpy", "@class": "array", "dtype": "float64", "data": [[10.0, 0.77, -0.164618], [11.0, 0.78, -0.158143]]}}], [{"kppa": 70}, {"kpt_grid": "2x2x4"}, {"num_kpts": 1}, {"X_bnds": 200}, {"G_bnds": 200}, {"X_cutoff": 4}, {"gamma_gap": 2.319906}, {"num_gw_calc": 3}, {"wall_time": 43}, {"num_cores": 8}, {"z-factor": {"@module": "numpy", "@class": "array", "dtype": "float64", "data": [[10.0, 0.77, -0.15894], [11.0, 0.78, -0.152618]]}}], [{"kppa": 140}, {"kpt_grid": "4x4x4"}, {"num_kpts": 1}, {"X_bnds": 200}, {"G_bnds": 200}, {"X_cutoff": 4}, {"gamma_gap": 2.516045}, {"num_gw_calc": 4}, {"wall_time": 64}, {"num_cores": 32}, {"z-factor": {"@module": "numpy", "@class": "array", "dtype": "float64", "data": [[10.0, 0.77, -0.163332], [11.0, 0.78, -0.15261]]}}], [{"kppa": 320}, {"kpt_grid": "4x4x6"}, {"num_kpts": 1}, {"X_bnds": 200}, {"G_bnds": 200}, {"X_cutoff": 4}, {"gamma_gap": 2.534767}, {"num_gw_calc": 5}, {"wall_time": 109}, {"num_cores": 32}, {"z-factor": {"@module": "numpy", "@class": "array", "dtype": "float64", "data": [[10.0, 0.77, -0.156182], [11.0, 0.78, -0.15158]]}}]], "conv_time": 401.3570725917816}, "gw_band_range_pbe": [1, 17], "gw_conv_lda": {"gw_conv_thr": 0.025, "gw_bnd_start": 200, "gw_bnd_step": 100, "gw_cut_start": 4, "gw_cut_step": 4, "kpt_bnd_idx": {"@module": "numpy", "@class": "array", "dtype": "int64", "data": [1, 1, 10, 11]}, "gw_bands": 200, "gw_cutoff": 4, "w_conv_grid": [[200, 4, 2.273785], [300, 4, 2.2734680000000003], [300, 8, 2.40731], [300, 8, 2.40731], [300, 12, 2.433529], [300, 12, 2.433529], [300, 16, 2.4403879999999996], [300, 16, 2.4403879999999996], [400, 16, 2.440238], [400, 20, 2.442891], [400, 20, 2.442891]], "pwcutoff": 41, "w_conv_time": [10.359018325805664, 11.048476457595825, 10.915554761886597, 10.917629480361938, 11.542552471160889, 11.544287919998169, 12.799158811569214, 12.800599098205566, 13.685145616531372, 16.78303861618042, 16.785268545150757], "w_ngw": 7, "w_z_factor": [{"@module": "numpy", "@class": "array", "dtype": "float64", "data": [[10.0, 0.77, -0.158042], [11.0, 0.77, -0.155425]]}, {"@module": "numpy", "@class": "array", "dtype": "float64", "data": [[10.0, 0.77, -0.158031], [11.0, 0.77, -0.155347]]}, {"@module": "numpy", "@class": "array", "dtype": "float64", "data": [[10.0, 0.76, -0.158961], [11.0, 0.77, -0.154569]]}, {"@module": "numpy", "@class": "array", "dtype": "float64", "data": [[10.0, 0.76, -0.15821], [11.0, 0.77, -0.154038]]}, {"@module": "numpy", "@class": "array", "dtype": "float64", "data": [[10.0, 0.76, -0.157828], [11.0, 0.77, -0.154024]]}, {"@module": "numpy", "@class": "array", "dtype": "float64", "data": [[10.0, 0.76, -0.157869], [11.0, 0.77, -0.153866]]}, {"@module": "numpy", "@class": "array", "dtype": "float64", "data": [[10.0, 0.76, -0.157654], [11.0, 0.77, -0.154315]]}], "gw_kppa": 10, "gw_kpt_grid": {"@module": "numpy", "@class": "array", "dtype": "int64", "data": [2, 2, 2]}, "conv_list": [[{"kppa": 0}, {"kpt_grid": "1x1x1"}, {"num_kpts": 1}, {"X_bnds": 400.0}, {"G_bnds": 400.0}, {"X_cutoff": 20.0}, {"gamma_gap": 2.442891}, {"num_gw_calc": 7}, {"wall_time": 160}, {"num_cores": 8}, {"z-factor": "None"}], [{"kppa": 0}, {"kpt_grid": "1x1x1"}, {"num_kpts": 1}, {"X_bnds": 200}, {"G_bnds": 200}, {"X_cutoff": 4}, {"gamma_gap": 8}, {"num_gw_calc": 1}, {"wall_time": 11}, {"num_cores": 8}, {"z-factor": "None"}], [{"kppa": 10}, {"kpt_grid": "2x2x2"}, {"num_kpts": 1}, {"X_bnds": 200}, {"G_bnds": 200}, {"X_cutoff": 4}, {"gamma_gap": 2.2923039999999997}, {"num_gw_calc": 2}, {"wall_time": 22}, {"num_cores": 8}, {"z-factor": {"@module": "numpy", "@class": "array", "dtype": "float64", "data": [[10.0, 0.77, -0.160279], [11.0, 0.78, -0.157064]]}}]], "conv_time": 180.45426321029663}, "gw_band_range_lda": [1, 17], "g0w0_ppa_pbe": {"gw_direct_gap": 2.687726, "kppa": 630, "kpt_grid": "6x6x6", "num_kpt": 68, "bands_in X": 500, "bands_in_G": 500, "cutoff": 24, "z_factor": [[10.0, 0.77, -0.0016139], [11.0, 0.78, -0.00153514]],