{"@module": "pymatgen.entries.computed_entries", "@class": "ComputedEntry", "energy": 0.0, "composition": {"Ag": 4.0, "Ge": 2.0, "S": 6.0}, "entry_id": "41711", "correction": 0.0, "energy_adjustments": [], "parameters": {"id": "41711", "name": "Ag2GeS3", "ibrav": {"celldm(1)": 13.377371300675037, "ibrav": 9, "celldm(2)": 1.6656307388049163, "celldm(3)": 0.8961717756745304}, "vol": 1786.7028811837415, "lda_pw_cutoff_Ry": 78, "qe_conv_pbe": {"qe_conv_maxiter": 20, "qe_delta_kppa": 1500, "qe_delta_cutoff": 5, "qe_conv_thresh": 0.00044099190468536564, "qe_conv_steps": [[60, 1500, -778.2236126730448], [65, 1500, -778.2240898789985], [70, 1500, -778.2243755951064], [70, 3000, -778.224438375318]], "qe_conv_time": 276.5941205024719}, "num_elec_pbe": 140.0, "max_mem": 128726.0, "qe_conv_lda": {"qe_conv_maxiter": 20, "qe_delta_kppa": 1500, "qe_delta_cutoff": 5, "qe_conv_thresh": 0.00044099190468536564, "qe_conv_steps": [[78, 1500, -864.7172178539895], [83, 1500, -864.7177467752128], [88, 1500, -864.7178293133484], [88, 3000, -864.7178812321943]], "qe_conv_time": 350.8930642604828}, "num_elec_lda": 140.0, "bg_conv_pbe": {"bg_conv_maxiter": 20, "bg_delta_kppa": 1500, "bg_delta_cutoff": 5, "bg_conv_thresh": 0.025, "bg_conv_steps": [[70, 3000, 0.12502524414342978], [70, 4500, 0.1250088541231368]], "bg_conv_time": 303.13452076911926}, "indirect_gap_pbe": 0.12503334922905368, "bg_conv_lda": {"bg_conv_maxiter": 20, "bg_delta_kppa": 1500, "bg_delta_cutoff": 5, "bg_conv_thresh": 0.025, "bg_conv_steps": [[88, 3000, 0.05935903372296458], [88, 4500, 0.033653541931112106], [88, 7500, 0.021615383462198073]], "bg_conv_time": 543.3448638916016}, "indirect_gap_lda": 0.05935866835519951, "gw_conv_pbe": {"gw_conv_thr": 0.025, "gw_bnd_start": 200, "gw_bnd_step": 100, "gw_cut_start": 4, "gw_cut_step": 4, "kpt_bnd_idx": {"@module": "numpy", "@class": "array", "dtype": "int64", "data": [1, 1, 70, 71]}, "gw_bands": 200, "gw_cutoff": 4, "w_conv_grid": [[200, 4, 0.19562400000000002], [300, 4, 0.145953], [400, 4, 0.11938899999999998], [500, 4, 0.110354], [500, 8, 0.18349899999999997], [500, 8, 0.18349899999999997], [500, 12, 0.203509], [500, 12, 0.203509]], "pwcutoff": 70, "w_conv_time": [14.707451343536377, 15.816190004348755, 16.810889720916748, 18.508265733718872, 30.2862229347229, 30.288028717041016, 77.72287082672119, 77.72517824172974], "w_ngw": 6, "w_z_factor": [{"@module": "numpy", "@class": "array", "dtype": "float64", "data": [[70.0, 0.77, -0.15075], [71.0, 0.79, -0.14271]]}, {"@module": "numpy", "@class": "array", "dtype": "float64", "data": [[70.0, 0.78, -0.143594], [71.0, 0.79, -0.136226]]}, {"@module": "numpy", "@class": "array", "dtype": "float64", "data": [[70.0, 0.78, -0.140461], [71.0, 0.79, -0.134203]]}, {"@module": "numpy", "@class": "array", "dtype": "float64", "data": [[70.0, 0.78, -0.139225], [71.0, 0.79, -0.133256]]}, {"@module": "numpy", "@class": "array", "dtype": "float64", "data": [[70.0, 0.77, -0.140293], [71.0, 0.79, -0.134394]]}, {"@module": "numpy", "@class": "array", "dtype": "float64", "data": [[70.0, 0.77, -0.139824], [71.0, 0.79, -0.134398]]}], "gw_kppa": 1280, "gw_kpt_grid": {"@module": "numpy", "@class": "array", "dtype": "int64", "data": [4, 4, 6]}, "conv_list": [[{"kppa": 0}, {"kpt_grid": "1x1x1"}, {"num_kpts": 1}, {"X_bnds": 500.0}, {"G_bnds": 500.0}, {"X_cutoff": 12.0}, {"gamma_gap": 0.203509}, {"num_gw_calc": 6}, {"wall_time": 596}, {"num_cores": 8}, {"z-factor": "None"}], [{"kppa": 0}, {"kpt_grid": "1x1x1"}, {"num_kpts": 1}, {"X_bnds": 200}, {"G_bnds": 200}, {"X_cutoff": 4}, {"gamma_gap": 4}, {"num_gw_calc": 1}, {"wall_time": 15}, {"num_cores": 8}, {"z-factor": "None"}], [{"kppa": 10}, {"kpt_grid": "2x2x2"}, {"num_kpts": 1}, {"X_bnds": 200}, {"G_bnds": 200}, {"X_cutoff": 4}, {"gamma_gap": 0.398907}, {"num_gw_calc": 2}, {"wall_time": 144}, {"num_cores": 8}, {"z-factor": {"@module": "numpy", "@class": "array", "dtype": "float64", "data": [[70.0, 0.77, -0.158713], [71.0, 0.79, -0.149455]]}}], [{"kppa": 280}, {"kpt_grid": "2x2x4"}, {"num_kpts": 1}, {"X_bnds": 200}, {"G_bnds": 200}, {"X_cutoff": 4}, {"gamma_gap": 0.427357}, {"num_gw_calc": 3}, {"wall_time": 359}, {"num_cores": 8}, {"z-factor": {"@module": "numpy", "@class": "array", "dtype": "float64", "data": [[70.0, 0.78, -0.158394], [71.0, 0.79, -0.147444]]}}], [{"kppa": 360}, {"kpt_grid": "4x4x4"}, {"num_kpts": 1}, {"X_bnds": 200}, {"G_bnds": 200}, {"X_cutoff": 4}, {"gamma_gap": 0.46329600000000004}, {"num_gw_calc": 4}, {"wall_time": 823}, {"num_cores": 32}, {"z-factor": {"@module": "numpy", "@class": "array", "dtype": "float64", "data": [[70.0, 0.78, -0.155618], [71.0, 0.8, -0.144137]]}}], [{"kppa": 1280}, {"kpt_grid": "4x4x6"}, {"num_kpts": 1}, {"X_bnds": 200}, {"G_bnds": 200}, {"X_cutoff": 4}, {"gamma_gap": 0.473875}, {"num_gw_calc": 5}, {"wall_time": 1659}, {"num_cores": 32}, {"z-factor": {"@module": "numpy", "@class": "array", "dtype": "float64", "data": [[70.0, 0.78, -0.155196], [71.0, 0.8, -0.143316]]}}]], "conv_time": 3578.7264025211334}, "gw_band_range_pbe": [1, 77], "gw_conv_lda": {"gw_conv_thr": 0.025, "gw_bnd_start": 200, "gw_bnd_step": 100, "gw_cut_start": 4, "gw_cut_step": 4, "kpt_bnd_idx": {"@module": "numpy", "@class": "array", "dtype": "int64", "data": [1, 1, 70, 71]}, "gw_bands": 200, "gw_cutoff": 4, "w_conv_grid": [[200, 4, -0.20331699999999997], [300, 4, -0.164779], [400, 4, -0.144117], [400, 8, -0.138078], [400, 8, -0.138078], [500, 8, -0.135322], [500, 12, -0.13209400000000002], [500, 12, -0.13209400000000002]], "pwcutoff": 88, "w_conv_time": [15.98510456085205, 17.405579805374146, 19.09597086906433, 30.992828845977783, 30.99480438232422, 33.7435736656189, 86.41132378578186, 86.41287565231323], "w_ngw": 6, "w_z_factor": [{"@module": "numpy", "@class": "array", "dtype": "float64", "data": [[70.0, 0.78, -0.14915], [71.0, 0.76, -0.164594]]}, {"@module": "numpy", "@class": "array", "dtype": "float64", "data": [[70.0, 0.79, -0.145126], [71.0, 0.76, -0.155613]]}, {"@module": "numpy", "@class": "array", "dtype": "float64", "data": [[70.0, 0.79, -0.141297], [71.0, 0.77, -0.1522]]}, {"@module": "numpy", "@class": "array", "dtype": "float64", "data": [[70.0, 0.78, -0.142704], [71.0, 0.76, -0.154288]]}, {"@module": "numpy", "@class": "array", "dtype": "float64", "data": [[70.0, 0.78, -0.141245], [71.0, 0.76, -0.153162]]}, {"@module": "numpy", "@class": "array", "dtype": "float64", "data": [[70.0, 0.78, -0.141573], [71.0, 0.76, -0.15357]]}], "gw_kppa": 1280, "gw_kpt_grid": {"@module": "numpy", "@class": "array", "dtype": "int64", "data": [4, 4, 6]}, "conv_list": [[{"kppa": 0}, {"kpt_grid": "1x1x1"}, {"num_kpts": 1}, {"X_bnds": 500.0}, {"G_bnds": 500.0}, {"X_cutoff": 12.0}, {"gamma_gap": -0.13209400000000002}, {"num_gw_calc": 6}, {"wall_time": 695}, {"num_cores": 8}, {"z-factor": "None"}], [{"kppa": 0}, {"kpt_grid": "1x1x1"}, {"num_kpts": 1}, {"X_bnds": 200}, {"G_bnds": 200}, {"X_cutoff": 4}, {"gamma_gap": 4}, {"num_gw_calc": 1}, {"wall_time": 16}, {"num_cores": 8}, {"z-factor": "None"}], [{"kppa": 10}, {"kpt_grid": "2x2x2"}, {"num_kpts": 1}, {"X_bnds": 200}, {"G_bnds": 200}, {"X_cutoff": 4}, {"gamma_gap": -0.519577}, {"num_gw_calc": 2}, {"wall_time": 142}, {"num_cores": 8}, {"z-factor": {"@module": "numpy", "@class": "array", "dtype": "float64", "data": [[70.0, 0.79, -0.154391], [71.0, 0.77, -0.166033]]}}], [{"kppa": 280}, {"kpt_grid": "2x2x4"}, {"num_kpts": 1}, {"X_bnds": 200}, {"G_bnds": 200}, {"X_cutoff": 4}, {"gamma_gap": -0.557307}, {"num_gw_calc": 3}, {"wall_time": 337}, {"num_cores": 8}, {"z-factor": {"@module": "numpy", "@class": "array", "dtype": "float64", "data": [[70.0, 0.79, -0.152817], [71.0, 0.77, -0.1655]]}}], [{"kppa": 360}, {"kpt_grid": "4x4x4"}, {"num_kpts": 1}, {"X_bnds": 200}, {"G_bnds": 200}, {"X_cutoff": 4}, {"gamma_gap": -0.626491}, {"num_gw_calc": 4}, {"wall_time": 872}, {"num_cores": 32}, {"z-factor": {"@module": "numpy", "@class": "array", "dtype": "float64",