{"@module": "pymatgen.entries.computed_entries", "@class": "ComputedEntry", "energy": 0.0, "composition": {"Ge": 4.0, "Se": 4.0}, "entry_id": "41738", "correction": 0.0, "energy_adjustments": [], "parameters": {"id": "41738", "name": "GeSe", "ibrav": {"celldm(1)": 7.243320270587291, "ibrav": 8, "celldm(2)": 1.1447951995825723, "celldm(3)": 2.8241586224889117}, "vol": 1228.6549949904286, "lda_pw_cutoff_Ry": 78, "qe_conv_pbe": {"qe_conv_maxiter": 20, "qe_delta_kppa": 1500, "qe_delta_cutoff": 5, "qe_conv_thresh": 0.00029399460312357707, "qe_conv_steps": [[60, 1500, -321.0293637513331], [65, 1500, -321.0295585817016], [65, 3000, -321.0308644117762], [65, 4500, -321.030855999493]], "qe_conv_time": 238.89461588859558}, "num_elec_pbe": 80.0, "max_mem": 61928.0, "qe_conv_lda": {"qe_conv_maxiter": 20, "qe_delta_kppa": 1500, "qe_delta_cutoff": 5, "qe_conv_thresh": 0.00029399460312357707, "qe_conv_steps": [[78, 1500, -841.6669474410481], [83, 1500, -841.6674903536615], [88, 1500, -841.6675459877906], [88, 3000, -841.6689061437893], [88, 4500, -841.6688967317461]], "qe_conv_time": 501.0722529888153}, "num_elec_lda": 120.0, "bg_conv_pbe": {"bg_conv_maxiter": 20, "bg_delta_kppa": 1500, "bg_delta_cutoff": 5, "bg_conv_thresh": 0.025, "bg_conv_steps": [[65, 4500, 0.6811912823163854], [65, 6000, 0.6374724257668118], [65, 7500, 0.6374713181608255]], "bg_conv_time": 413.1017994880676}, "indirect_gap_pbe": 0.6812438144715959, "bg_conv_lda": {"bg_conv_maxiter": 20, "bg_delta_kppa": 1500, "bg_delta_cutoff": 5, "bg_conv_thresh": 0.025, "bg_conv_steps": [[88, 4500, 0.6476765544428681], [88, 6000, 0.5962160415430768], [88, 7500, 0.5962173438587979]], "bg_conv_time": 713.1613008975983}, "indirect_gap_lda": 0.6477355815810389, "gw_conv_pbe": {"gw_conv_thr": 0.025, "gw_bnd_start": 200, "gw_bnd_step": 100, "gw_cut_start": 4, "gw_cut_step": 4, "kpt_bnd_idx": {"@module": "numpy", "@class": "array", "dtype": "int64", "data": [1, 1, 40, 41]}, "gw_bands": 200, "gw_cutoff": 4, "w_conv_grid": [[200, 4, 0.6435629999999999], [300, 4, 0.6453479999999999], [300, 8, 0.779102], [300, 8, 0.779102], [300, 12, 0.8111489999999999], [300, 12, 0.8111489999999999], [300, 16, 0.8192329999999999], [300, 16, 0.8192329999999999], [400, 16, 0.8455270000000001], [500, 16, 0.8590439999999999], [500, 20, 0.8653230000000001], [500, 20, 0.8653230000000001], [600, 20, 0.875713], [600, 24, 0.8786129999999999], [600, 24, 0.8786129999999999]], "pwcutoff": 65, "w_conv_time": [11.740382671356201, 12.041725635528564, 14.355573892593384, 14.35728144645691, 21.677462816238403, 21.67930769920349, 34.12816548347473, 34.12955141067505, 38.32656121253967, 42.73985147476196, 70.22789478302002, 70.22973084449768, 76.49322605133057, 125.12796902656555, 125.12976598739624], "w_ngw": 10, "w_z_factor": [{"@module": "numpy", "@class": "array", "dtype": "float64", "data": [[40.0, 0.78, -0.158453], [41.0, 0.79, -0.155087]]}, {"@module": "numpy", "@class": "array", "dtype": "float64", "data": [[40.0, 0.78, -0.157624], [41.0, 0.79, -0.146438]]}, {"@module": "numpy", "@class": "array", "dtype": "float64", "data": [[40.0, 0.77, -0.167489], [41.0, 0.79, -0.144511]]}, {"@module": "numpy", "@class": "array", "dtype": "float64", "data": [[40.0, 0.77, -0.155218], [41.0, 0.79, -0.144594]]}, {"@module": "numpy", "@class": "array", "dtype": "float64", "data": [[40.0, 0.77, -0.161032], [41.0, 0.79, -0.145161]]}, {"@module": "numpy", "@class": "array", "dtype": "float64", "data": [[40.0, 0.77, -0.157859], [41.0, 0.79, -0.144119]]}, {"@module": "numpy", "@class": "array", "dtype": "float64", "data": [[40.0, 0.77, -0.152371], [41.0, 0.79, -0.146238]]}, {"@module": "numpy", "@class": "array", "dtype": "float64", "data": [[40.0, 0.77, -0.152942], [41.0, 0.79, -0.146992]]}, {"@module": "numpy", "@class": "array", "dtype": "float64", "data": [[40.0, 0.77, -0.153217], [41.0, 0.79, -0.145822]]}, {"@module": "numpy", "@class": "array", "dtype": "float64", "data": [[40.0, 0.77, -0.154274], [41.0, 0.79, -0.146213]]}], "gw_kppa": 70, "gw_kpt_grid": {"@module": "numpy", "@class": "array", "dtype": "int64", "data": [4, 2, 2]}, "conv_list": [[{"kppa": 0}, {"kpt_grid": "1x1x1"}, {"num_kpts": 1}, {"X_bnds": 600.0}, {"G_bnds": 600.0}, {"X_cutoff": 24.0}, {"gamma_gap": 0.8786129999999999}, {"num_gw_calc": 10}, {"wall_time": 662}, {"num_cores": 8}, {"z-factor": "None"}], [{"kppa": 0}, {"kpt_grid": "1x1x1"}, {"num_kpts": 1}, {"X_bnds": 200}, {"G_bnds": 200}, {"X_cutoff": 4}, {"gamma_gap": 8}, {"num_gw_calc": 1}, {"wall_time": 12}, {"num_cores": 8}, {"z-factor": "None"}], [{"kppa": 10}, {"kpt_grid": "2x2x2"}, {"num_kpts": 1}, {"X_bnds": 200}, {"G_bnds": 200}, {"X_cutoff": 4}, {"gamma_gap": 0.7726850000000001}, {"num_gw_calc": 2}, {"wall_time": 62}, {"num_cores": 8}, {"z-factor": {"@module": "numpy", "@class": "array", "dtype": "float64", "data": [[40.0, 0.79, -0.146714], [41.0, 0.8, -0.13941]]}}], [{"kppa": 70}, {"kpt_grid": "4x2x2"}, {"num_kpts": 1}, {"X_bnds": 200}, {"G_bnds": 200}, {"X_cutoff": 4}, {"gamma_gap": 0.7749680000000001}, {"num_gw_calc": 3}, {"wall_time": 133}, {"num_cores": 8}, {"z-factor": {"@module": "numpy", "@class": "array", "dtype": "float64", "data": [[40.0, 0.79, -0.146543], [41.0, 0.8, -0.14074]]}}]], "conv_time": 855.6800265312195}, "gw_band_range_pbe": [1, 51], "gw_conv_lda": {"gw_conv_thr": 0.025, "gw_bnd_start": 200, "gw_bnd_step": 100, "gw_cut_start": 4, "gw_cut_step": 4, "kpt_bnd_idx": {"@module": "numpy", "@class": "array", "dtype": "int64", "data": [1, 1, 60, 61]}, "gw_bands": 200, "gw_cutoff": 4, "w_conv_grid": [[200, 4, 1.219252], [300, 4, 1.2030530000000002], [300, 8, 1.29611], [300, 8, 1.29611], [300, 12, 1.322277], [300, 12, 1.322277], [300, 16, 1.330679], [300, 16, 1.330679], [400, 16, 1.343509], [400, 20, 1.347653], [400, 20, 1.347653]], "pwcutoff": 88, "w_conv_time": [12.420190334320068, 13.458394527435303, 16.677778244018555, 16.67965841293335, 26.044176816940308, 26.047895908355713, 41.053938150405884, 41.05529165267944, 46.53600859642029, 77.00013375282288, 77.00206255912781], "w_ngw": 7, "w_z_factor": [{"@module": "numpy", "@class": "array", "dtype": "float64", "data": [[60.0, 0.77, -0.16211], [61.0, 0.79, -0.163615]]}, {"@module": "numpy", "@class": "array", "dtype": "float64", "data": [[60.0, 0.77, -0.159849], [61.0, 0.79, -0.158684]]}, {"@module": "numpy", "@class": "array", "dtype": "float64", "data": [[60.0, 0.77, -0.160047], [61.0, 0.79, -0.155605]]}, {"@module": "numpy", "@class": "array", "dtype": "float64", "data": [[60.0, 0.77, -0.159839], [61.0, 0.78, -0.147606]]}, {"@module": "numpy", "@class": "array", "dtype": "float64", "data": [[60.0, 0.77, -0.161949], [61.0, 0.78, -0.152133]]}, {"@module": "numpy", "@class": "array", "dtype": "float64", "data": [[60.0, 0.77, -0.15957], [61.0, 0.79, -0.151866]]}, {"@module": "numpy", "@class": "array", "dtype": "float64", "data": [[60.0, 0.77, -0.160099], [61.0, 0.79, -0.153218]]}], "gw_kppa": 70, "gw_kpt_grid": {"@module": "numpy", "@class": "array", "dtype": "int64", "data": [4, 2, 2]}, "conv_list": [[{"kppa": 0}, {"kpt_grid": "1x1x1"}, {"num_kpts": 1}, {"X_bnds": 400.0}, {"G_bnds": 400.0}, {"X_cutoff": 20.0}, {"gamma_gap": 1.347653}, {"num_gw_calc": 7}, {"wall_time": 605}, {"num_cores": 8}, {"z-factor": "None"}], [{"kppa": 0}, {"kpt_grid": "1x1x1"}, {"num_kpts": 1}, {"X_bnds": 200}, {"G_bnds": 200}, {"X_cutoff": 4}, {"gamma_gap": 8}, {"num_gw_calc": 1}, {"wall_time": 13}, {"num_cores": 8}, {"z-factor": "None"}], [{"kppa": 10}, {"kpt_grid": "2x2x2"}, {"num_kpts": 1}, {"X_bnds": 200}, {"G_bnds": 200}, {"X_cutoff": 4}, {"gamma_gap": 1.3320560000000001}, {"num_gw_calc": 2}, {"wall_time": 85}, {"num_cores": 8}, {"z-factor": {"@module": "numpy", "@class": "array", "dtype": "float64", "data": [[60.0, 0.79, -0.150153], [61.0, 0.8, -0.14425]]}}], [{"kppa": 70}, {"kpt_grid": "4x2x2"}, {"num_kpts": 1}, {"X_bnds": 200}, {"G_bnds": 200}, {"X_cutoff": 4}, {"gamma_gap": 1.329918}, {"num_gw_calc": 3}, {"wall_time": 186}, {"num_cores": 8}, {"z-factor": {"@module": "numpy",