{"@module": "pymatgen.entries.computed_entries", "@class": "ComputedEntry", "energy": 0.0, "composition": {"Sc": 1.0, "Tl": 1.0, "Te": 2.0}, "entry_id": "418476", "correction": 0.0, "energy_adjustments": [], "parameters": {"id": "418476", "name": "ScTlTe2", "ibrav": {"celldm(1)": 15.860788395839919, "ibrav": 5, "celldm(4)": 0.8740261212479482}, "vol": 833.2346220544808, "lda_pw_cutoff_Ry": 70, "qe_conv_pbe": {"qe_conv_maxiter": 20, "qe_delta_kppa": 1500, "qe_delta_cutoff": 5, "qe_conv_thresh": 0.00014699730156178854, "qe_conv_steps": [[60, 1500, -268.8201482025046], [65, 1500, -268.8201605475942], [65, 3000, -268.8201843843561]], "qe_conv_time": 144.2030472755432}, "num_elec_pbe": 56.00000000000001, "max_mem": 852830.0, "qe_conv_lda": {"qe_conv_maxiter": 20, "qe_delta_kppa": 1500, "qe_delta_cutoff": 5, "qe_conv_thresh": 0.00014699730156178854, "qe_conv_steps": [[70, 1500, -318.4051867900674], [75, 1500, -318.4054063257594], [80, 1500, -318.4054551884772], [80, 3000, -318.4054824859444]], "qe_conv_time": 188.386887550354}, "num_elec_lda": 56.00000000000001, "bg_conv_pbe": {"bg_conv_maxiter": 20, "bg_delta_kppa": 1500, "bg_delta_cutoff": 5, "bg_conv_thresh": 0.025, "bg_conv_steps": [[65, 3000, -0.09005360289687794], [65, 6000, -0.08971970841800886]], "bg_conv_time": 145.46757531166077}, "indirect_gap_pbe": -0.09001060671600973, "bg_conv_lda": {"bg_conv_maxiter": 20, "bg_delta_kppa": 1500, "bg_delta_cutoff": 5, "bg_conv_thresh": 0.025, "bg_conv_steps": [[80, 3000, -0.13169905722902134], [80, 6000, -0.13092712045081611]], "bg_conv_time": 145.08576941490173}, "indirect_gap_lda": -0.1316768859315827, "gw_conv_pbe": {"gw_conv_thr": 0.025, "gw_bnd_start": 200, "gw_bnd_step": 100, "gw_cut_start": 4, "gw_cut_step": 4, "kpt_bnd_idx": {"@module": "numpy", "@class": "array", "dtype": "int64", "data": [1, 1, 28, 29]}, "gw_bands": 200, "gw_cutoff": 4, "w_conv_grid": [[200, 4, 2.9939020000000003], [300, 4, 2.9766779999999997], [300, 8, 3.061808], [300, 8, 3.061808], [300, 12, 3.056908], [300, 12, 3.056908], [400, 12, 3.067769], [400, 16, 3.0539750000000003], [400, 16, 3.0539750000000003]], "pwcutoff": 65, "w_conv_time": [12.25719165802002, 23.348001956939697, 13.198422908782959, 13.199860334396362, 15.665017127990723, 15.666542768478394, 16.82421350479126, 21.382408142089844, 21.383887767791748], "w_ngw": 6, "w_z_factor": [{"@module": "numpy", "@class": "array", "dtype": "float64", "data": [[28.0, 0.77, -0.172451]]}, {"@module": "numpy", "@class": "array", "dtype": "float64", "data": [[28.0, 0.77, -0.159327], [29.0, 0.77, -0.140759]]}, {"@module": "numpy", "@class": "array", "dtype": "float64", "data": [[28.0, 0.77, -0.158268], [29.0, 0.76, -0.159952]]}, {"@module": "numpy", "@class": "array", "dtype": "float64", "data": [[28.0, 0.77, -0.15946], [29.0, 0.76, -0.174567]]}, {"@module": "numpy", "@class": "array", "dtype": "float64", "data": [[28.0, 0.77, -0.157299], [29.0, 0.76, -0.172216]]}, {"@module": "numpy", "@class": "array", "dtype": "float64", "data": [[28.0, 0.77, -0.157999], [29.0, 0.76, -0.174169]]}], "gw_kppa": 10, "gw_kpt_grid": {"@module": "numpy", "@class": "array", "dtype": "int64", "data": [2, 2, 2]}, "conv_list": [[{"kppa": 0}, {"kpt_grid": "1x1x1"}, {"num_kpts": 1}, {"X_bnds": 400.0}, {"G_bnds": 400.0}, {"X_cutoff": 16.0}, {"gamma_gap": 3.0539750000000003}, {"num_gw_calc": 6}, {"wall_time": 447}, {"num_cores": 8}, {"z-factor": "None"}], [{"kppa": 0}, {"kpt_grid": "1x1x1"}, {"num_kpts": 1}, {"X_bnds": 200}, {"G_bnds": 200}, {"X_cutoff": 4}, {"gamma_gap": 8}, {"num_gw_calc": 1}, {"wall_time": 13}, {"num_cores": 8}, {"z-factor": "None"}], [{"kppa": 10}, {"kpt_grid": "2x2x2"}, {"num_kpts": 1}, {"X_bnds": 200}, {"G_bnds": 200}, {"X_cutoff": 4}, {"gamma_gap": 3.0184550000000003}, {"num_gw_calc": 2}, {"wall_time": 49}, {"num_cores": 8}, {"z-factor": {"@module": "numpy", "@class": "array", "dtype": "float64", "data": [[28.0, 0.79, -0.153342], [29.0, 0.75, -0.264964]]}}]], "conv_time": 494.39836287498474}, "gw_band_range_pbe": [1, 37], "gw_conv_lda": {"gw_conv_thr": 0.025, "gw_bnd_start": 200, "gw_bnd_step": 100, "gw_cut_start": 4, "gw_cut_step": 4, "kpt_bnd_idx": {"@module": "numpy", "@class": "array", "dtype": "int64", "data": [1, 1, 28, 29]}, "gw_bands": 200, "gw_cutoff": 4, "w_conv_grid": [[200, 4, 2.736752], [300, 4, 2.730494], [300, 8, 2.790967], [300, 8, 2.790967], [300, 12, 2.786892], [300, 12, 2.786892], [400, 12, 2.80101], [400, 16, 2.784824], [400, 16, 2.784824]], "pwcutoff": 80, "w_conv_time": [14.804112434387207, 15.686901092529297, 16.962491035461426, 16.963646411895752, 19.386000871658325, 19.389227151870728, 22.33739709854126, 27.552281379699707, 27.554580211639404], "w_ngw": 6, "w_z_factor": [{"@module": "numpy", "@class": "array", "dtype": "float64", "data": [[28.0, 0.77, -0.00170822], [29.0, 0.77, 0.00159511]]}, {"@module": "numpy", "@class": "array", "dtype": "float64", "data": [[28.0, 0.77, -0.00164571], [29.0, 0.77, 0.000295401]]}, {"@module": "numpy", "@class": "array", "dtype": "float64", "data": [[28.0, 0.77, -0.00161537], [29.0, 0.75, -0.00162103]]}, {"@module": "numpy", "@class": "array", "dtype": "float64", "data": [[28.0, 0.77, -0.00162145], [29.0, 0.75, -0.0016677]]}, {"@module": "numpy", "@class": "array", "dtype": "float64", "data": [[28.0, 0.77, -0.00161308], [29.0, 0.75, -0.00160407]]}, {"@module": "numpy", "@class": "array", "dtype": "float64", "data": [[28.0, 0.77, -0.00158386], [29.0, 0.75, -0.00160707]]}], "gw_kppa": 1380, "gw_kpt_grid": {"@module": "numpy", "@class": "array", "dtype": "int64", "data": [8, 8, 8]}, "conv_list": [[{"kppa": 0}, {"kpt_grid": "1x1x1"}, {"num_kpts": 1}, {"X_bnds": 400.0}, {"G_bnds": 400.0}, {"X_cutoff": 16.0}, {"gamma_gap": 2.784824}, {"num_gw_calc": 6}, {"wall_time": 574}, {"num_cores": 8}, {"z-factor": "None"}], [{"kppa": 0}, {"kpt_grid": "1x1x1"}, {"num_kpts": 1}, {"X_bnds": 200}, {"G_bnds": 200}, {"X_cutoff": 4}, {"gamma_gap": 8}, {"num_gw_calc": 1}, {"wall_time": 15}, {"num_cores": 8}, {"z-factor": "None"}], [{"kppa": 10}, {"kpt_grid": "2x2x2"}, {"num_kpts": 1}, {"X_bnds": 200}, {"G_bnds": 200}, {"X_cutoff": 4}, {"gamma_gap": 2.655749}, {"num_gw_calc": 2}, {"wall_time": 72}, {"num_cores": 8}, {"z-factor": {"@module": "numpy", "@class": "array", "dtype": "float64", "data": [[28.0, 0.79, -0.00152264], [29.0, 0.74, -0.00194602]]}}], [{"kppa": 110}, {"kpt_grid": "4x4x4"}, {"num_kpts": 1}, {"X_bnds": 200}, {"G_bnds": 200}, {"X_cutoff": 4}, {"gamma_gap": 2.829668}, {"num_gw_calc": 3}, {"wall_time": 1024}, {"num_cores": 8}, {"z-factor": {"@module": "numpy", "@class": "array", "dtype": "float64", "data": [[28.0, 0.79, -0.00138012], [29.0, 0.75, -0.00236147]]}}], [{"kppa": 510}, {"kpt_grid": "6x6x6"}, {"num_kpts": 1}, {"X_bnds": 200}, {"G_bnds": 200}, {"X_cutoff": 4}, {"gamma_gap": 2.858262}, {"num_gw_calc": 4}, {"wall_time": 4178}, {"num_cores": 16}, {"z-factor": {"@module": "numpy", "@class": "array", "dtype": "float64", "data": [[28.0, 0.79, -0.00145474], [29.0, 0.75, -0.00217256]]}}], [{"kppa": 1380}, {"kpt_grid": "8x8x8"}, {"num_kpts": 1}, {"X_bnds": 200}, {"G_bnds": 200}, {"X_cutoff": 4}, {"gamma_gap": 2.8758739999999996}, {"num_gw_calc": 5}, {"wall_time": 20341}, {"num_cores": 16}, {"z-factor": {"@module": "numpy", "@class": "array", "dtype": "float64", "data": [[28.0, 0.79, -0.00144741], [29.0, 0.75, -0.00216387]]}}]], "conv_time": 26184.67726111412}, "gw_band_range_lda": [1, 37], "g0w0_ppa_pbe": {"gw_direct_gap": 3.1472480000000003, "kppa": 110, "kpt_grid": "4x4x4", "num_kpt": 13, "bands_in X": 500, "bands_in_G": 500, "cutoff": 20, "z_factor": [[28.0, 0.79, -0.00139522], [29.0, 0.75, -0.00193278]], "scissor": 1.726486, "ncpu": 16, "calc_time": 3659.346069097519}, "g0w0_ppa_lda": {"gw_direct_gap": 2.826699, "kppa": 2920, "kpt_grid": "10x10x10", "num_kpt": 116, "bands_in X": 500, "bands_in_G": 500, "cutoff": 20, "z_factor": [[28.0, 0.79, -0.00141879], [29.0, 0.74, -0.00211848]], "scissor": 1.475397, "ncpu": 32, "calc_time": 1277398.2463300228}}, "data": {}}