{"@module": "pymatgen.entries.computed_entries", "@class": "ComputedEntry", "energy": 0.0, "composition": {"Sc": 2.0, "Tl": 2.0, "S": 4.0}, "entry_id": "418474", "correction": 0.0, "energy_adjustments": [], "parameters": {"id": "418474", "name": "ScTlS2", "ibrav": {"celldm(1)": 7.107259988958727, "ibrav": 4, "celldm(3)": 3.97287955331029}, "vol": 1235.2152305854424, "lda_pw_cutoff_Ry": 70, "qe_conv_pbe": {"qe_conv_maxiter": 20, "qe_delta_kppa": 1500, "qe_delta_cutoff": 5, "qe_conv_thresh": 0.00029399460312357707, "qe_conv_steps": [[60, 1500, -229.1163633872551], [65, 1500, -229.1165207215862], [65, 3000, -229.1165230342083]], "qe_conv_time": 66.09094619750977}, "num_elec_pbe": 72.0, "max_mem": 54960.0, "qe_conv_lda": {"qe_conv_maxiter": 20, "qe_delta_kppa": 1500, "qe_delta_cutoff": 5, "qe_conv_thresh": 0.00029399460312357707, "qe_conv_steps": [[70, 1500, -262.7004549598527], [75, 1500, -262.7006748221972], [75, 3000, -262.7006778176887]], "qe_conv_time": 63.6587553024292}, "num_elec_lda": 72.0, "bg_conv_pbe": {"bg_conv_maxiter": 20, "bg_delta_kppa": 1500, "bg_delta_cutoff": 5, "bg_conv_thresh": 0.025, "bg_conv_steps": [[65, 3000, 0.9124253627598656], [65, 4500, 0.9057522779375278]], "bg_conv_time": 62.993736743927}, "indirect_gap_pbe": 0.912429294527499, "bg_conv_lda": {"bg_conv_maxiter": 20, "bg_delta_kppa": 1500, "bg_delta_cutoff": 5, "bg_conv_thresh": 0.025, "bg_conv_steps": [[75, 3000, 0.7815481220289422], [75, 4500, 0.7711224541130278]], "bg_conv_time": 58.59280204772949}, "indirect_gap_lda": 0.7815366309688007, "gw_conv_pbe": {"gw_conv_thr": 0.025, "gw_bnd_start": 200, "gw_bnd_step": 100, "gw_cut_start": 4, "gw_cut_step": 4, "kpt_bnd_idx": {"@module": "numpy", "@class": "array", "dtype": "int64", "data": [1, 1, 36, 37]}, "gw_bands": 200, "gw_cutoff": 4, "w_conv_grid": [[200, 4, 2.997336], [300, 4, 3.002409], [300, 8, 3.158321], [300, 8, 3.158321], [300, 12, 3.178955], [300, 12, 3.178955], [400, 12, 3.197977], [400, 16, 3.191243], [400, 16, 3.191243]], "pwcutoff": 65, "w_conv_time": [13.117528915405273, 13.66901969909668, 15.780655860900879, 15.782449960708618, 20.610549211502075, 20.6128191947937, 22.280571222305298, 36.9072790145874, 36.90932488441467], "w_ngw": 6, "w_z_factor": [{"@module": "numpy", "@class": "array", "dtype": "float64", "data": [[36.0, 0.78, -0.146138], [37.0, 0.76, -0.20928]]}, {"@module": "numpy", "@class": "array", "dtype": "float64", "data": [[36.0, 0.78, -0.140064], [37.0, 0.76, -0.177429]]}, {"@module": "numpy", "@class": "array", "dtype": "float64", "data": [[36.0, 0.77, -0.142393], [37.0, 0.76, -0.175576]]}, {"@module": "numpy", "@class": "array", "dtype": "float64", "data": [[36.0, 0.77, -0.142466], [37.0, 0.76, -0.162276]]}, {"@module": "numpy", "@class": "array", "dtype": "float64", "data": [[36.0, 0.77, -0.141012], [37.0, 0.75, -0.17236]]}, {"@module": "numpy", "@class": "array", "dtype": "float64", "data": [[36.0, 0.77, -0.141061], [37.0, 0.75, -0.179784]]}], "gw_kppa": 260, "gw_kpt_grid": {"@module": "numpy", "@class": "array", "dtype": "int64", "data": [6, 6, 2]}, "conv_list": [[{"kppa": 0}, {"kpt_grid": "1x1x1"}, {"num_kpts": 1}, {"X_bnds": 400.0}, {"G_bnds": 400.0}, {"X_cutoff": 16.0}, {"gamma_gap": 3.191243}, {"num_gw_calc": 6}, {"wall_time": 269}, {"num_cores": 8}, {"z-factor": "None"}], [{"kppa": 0}, {"kpt_grid": "1x1x1"}, {"num_kpts": 1}, {"X_bnds": 200}, {"G_bnds": 200}, {"X_cutoff": 4}, {"gamma_gap": 8}, {"num_gw_calc": 1}, {"wall_time": 14}, {"num_cores": 8}, {"z-factor": "None"}], [{"kppa": 10}, {"kpt_grid": "2x2x2"}, {"num_kpts": 1}, {"X_bnds": 200}, {"G_bnds": 200}, {"X_cutoff": 4}, {"gamma_gap": 3.1125559999999997}, {"num_gw_calc": 2}, {"wall_time": 46}, {"num_cores": 8}, {"z-factor": {"@module": "numpy", "@class": "array", "dtype": "float64", "data": [[36.0, 0.79, -0.141528], [37.0, 0.76, -0.29638]]}}], [{"kppa": 60}, {"kpt_grid": "4x4x2"}, {"num_kpts": 1}, {"X_bnds": 200}, {"G_bnds": 200}, {"X_cutoff": 4}, {"gamma_gap": 3.177482}, {"num_gw_calc": 3}, {"wall_time": 164}, {"num_cores": 8}, {"z-factor": {"@module": "numpy", "@class": "array", "dtype": "float64", "data": [[36.0, 0.8, -0.132647], [37.0, 0.77, -0.188472]]}}], [{"kppa": 260}, {"kpt_grid": "6x6x2"}, {"num_kpts": 1}, {"X_bnds": 200}, {"G_bnds": 200}, {"X_cutoff": 4}, {"gamma_gap": 3.17959}, {"num_gw_calc": 4}, {"wall_time": 179}, {"num_cores": 32}, {"z-factor": {"@module": "numpy", "@class": "array", "dtype": "float64", "data": [[36.0, 0.8, -0.132978], [37.0, 0.77, -0.188586]]}}]], "conv_time": 655.5078935623169}, "gw_band_range_pbe": [1, 49], "gw_conv_lda": {"gw_conv_thr": 0.025, "gw_bnd_start": 200, "gw_bnd_step": 100, "gw_cut_start": 4, "gw_cut_step": 4, "kpt_bnd_idx": {"@module": "numpy", "@class": "array", "dtype": "int64", "data": [1, 1, 36, 37]}, "gw_bands": 200, "gw_cutoff": 4, "w_conv_grid": [[200, 4, 3.0228410000000006], [300, 4, 3.026653], [300, 8, 3.147831], [300, 8, 3.147831], [300, 12, 3.1634659999999997], [300, 12, 3.1634659999999997], [400, 12, 3.172759], [400, 16, 3.16425], [400, 16, 3.16425]], "pwcutoff": 75, "w_conv_time": [12.989047050476074, 13.611650466918945, 15.461067914962769, 15.462630033493042, 20.757861375808716, 20.759998559951782, 26.106664896011353, 37.016947984695435, 37.01874041557312], "w_ngw": 6, "w_z_factor": [{"@module": "numpy", "@class": "array", "dtype": "float64", "data": [[36.0, 0.77, -0.143363], [37.0, 0.75, -0.185465]]}, {"@module": "numpy", "@class": "array", "dtype": "float64", "data": [[36.0, 0.78, -0.142476], [37.0, 0.75, -0.191681]]}, {"@module": "numpy", "@class": "array", "dtype": "float64", "data": [[36.0, 0.77, -0.147937], [37.0, 0.75, -0.186453]]}, {"@module": "numpy", "@class": "array", "dtype": "float64", "data": [[36.0, 0.76, -0.149034], [37.0, 0.75, -0.195663]]}, {"@module": "numpy", "@class": "array", "dtype": "float64", "data": [[36.0, 0.76, -0.145526], [37.0, 0.75, -0.16939]]}, {"@module": "numpy", "@class": "array", "dtype": "float64", "data": [[36.0, 0.76, -0.148764], [37.0, 0.75, -0.194009]]}], "gw_kppa": 260, "gw_kpt_grid": {"@module": "numpy", "@class": "array", "dtype": "int64", "data": [6, 6, 2]}, "conv_list": [[{"kppa": 0}, {"kpt_grid": "1x1x1"}, {"num_kpts": 1}, {"X_bnds": 400.0}, {"G_bnds": 400.0}, {"X_cutoff": 16.0}, {"gamma_gap": 3.16425}, {"num_gw_calc": 6}, {"wall_time": 274}, {"num_cores": 8}, {"z-factor": "None"}], [{"kppa": 0}, {"kpt_grid": "1x1x1"}, {"num_kpts": 1}, {"X_bnds": 200}, {"G_bnds": 200}, {"X_cutoff": 4}, {"gamma_gap": 8}, {"num_gw_calc": 1}, {"wall_time": 13}, {"num_cores": 8}, {"z-factor": "None"}], [{"kppa": 10}, {"kpt_grid": "2x2x2"}, {"num_kpts": 1}, {"X_bnds": 200}, {"G_bnds": 200}, {"X_cutoff": 4}, {"gamma_gap": 3.0900160000000003}, {"num_gw_calc": 2}, {"wall_time": 51}, {"num_cores": 8}, {"z-factor": {"@module": "numpy", "@class": "array", "dtype": "float64", "data": [[36.0, 0.78, -0.145626], [37.0, 0.76, -0.282943]]}}], [{"kppa": 60}, {"kpt_grid": "4x4x2"}, {"num_kpts": 1}, {"X_bnds": 200}, {"G_bnds": 200}, {"X_cutoff": 4}, {"gamma_gap": 3.1430770000000003}, {"num_gw_calc": 3}, {"wall_time": 213}, {"num_cores": 8}, {"z-factor": {"@module": "numpy", "@class": "array", "dtype": "float64", "data": [[36.0, 0.79, -0.137581], [37.0, 0.76, -0.209553]]}}], [{"kppa": 260}, {"kpt_grid": "6x6x2"}, {"num_kpts": 1}, {"X_bnds": 200}, {"G_bnds": 200}, {"X_cutoff": 4}, {"gamma_gap": 3.1497209999999995}, {"num_gw_calc": 4}, {"wall_time": 215}, {"num_cores": 32}, {"z-factor": {"@module": "numpy", "@class": "array", "dtype": "float64", "data": [[36.0, 0.79, -0.137554], [37.0, 0.76, -0.205988]]}}]], "conv_time": 751.9171261787415}, "gw_band_range_lda": [1, 49], "g0w0_ppa_pbe": {"gw_direct_gap": 3.344696, "kppa": 700, "kpt_grid": "8x8x2", "num_kpt": 20, "bands_in X": 500, "bands_in_G": 500, "cutoff": 20, "z_factor": [[36.0, 0.78, -0.00135188], [37.0, 0.76, -0.00201785]], "scissor": 1.656522, "ncpu": 32, "calc_time": 9420.998801231384}, "g0w0_ppa_lda": {"gw_direct_gap": 3.250961, "kppa": 700, "kpt_grid": "8x8x2", "num_kpt": 20, "bands_in X": 500,