{"@module": "pymatgen.entries.computed_entries", "@class": "ComputedEntry", "energy": 0.0, "composition": {"Sc": 1.0, "Tl": 1.0, "Se": 2.0}, "entry_id": "418475", "correction": 0.0, "energy_adjustments": [], "parameters": {"id": "418475", "name": "ScTlSe2", "ibrav": {"celldm(1)": 15.228445891825356, "ibrav": 5, "celldm(4)": 0.8806596236563679}, "vol": 700.3457004455186, "lda_pw_cutoff_Ry": 78, "qe_conv_pbe": {"qe_conv_maxiter": 20, "qe_delta_kppa": 1500, "qe_delta_cutoff": 5, "qe_conv_thresh": 0.00014699730156178854, "qe_conv_steps": [[60, 1500, -112.9970355789638], [65, 1500, -112.997035165709], [65, 3000, -112.9970527312936]], "qe_conv_time": 96.99307346343994}, "num_elec_pbe": 36.0, "max_mem": 478582.0, "qe_conv_lda": {"qe_conv_maxiter": 20, "qe_delta_kppa": 1500, "qe_delta_cutoff": 5, "qe_conv_thresh": 0.00014699730156178854, "qe_conv_steps": [[78, 1500, -351.556072319509], [83, 1500, -351.5563404740702], [88, 1500, -351.5563657659605], [88, 3000, -351.5563865092948]], "qe_conv_time": 205.92727041244507}, "num_elec_lda": 56.00000000000001, "bg_conv_pbe": {"bg_conv_maxiter": 20, "bg_delta_kppa": 1500, "bg_delta_cutoff": 5, "bg_conv_thresh": 0.025, "bg_conv_steps": [[65, 3000, 0.5634419637148977], [65, 6000, 0.563534972005197]], "bg_conv_time": 91.8422338962555}, "indirect_gap_pbe": 0.5634399747156759, "bg_conv_lda": {"bg_conv_maxiter": 20, "bg_delta_kppa": 1500, "bg_delta_cutoff": 5, "bg_conv_thresh": 0.025, "bg_conv_steps": [[88, 3000, 0.4852616380473534], [88, 6000, 0.48539555188555733]], "bg_conv_time": 159.4249985218048}, "indirect_gap_lda": 0.48527908083123533, "gw_conv_pbe": {"gw_conv_thr": 0.025, "gw_bnd_start": 200, "gw_bnd_step": 100, "gw_cut_start": 4, "gw_cut_step": 4, "kpt_bnd_idx": {"@module": "numpy", "@class": "array", "dtype": "int64", "data": [1, 1, 18, 19]}, "gw_bands": 200, "gw_cutoff": 4, "w_conv_grid": [[200, 4, 3.210249], [300, 4, 3.214797], [300, 8, 3.379717], [300, 8, 3.379717], [300, 12, 3.400315], [300, 12, 3.400315], [400, 12, 3.4195269999999995], [400, 16, 3.411424], [400, 16, 3.411424]], "pwcutoff": 65, "w_conv_time": [13.145419120788574, 13.732108354568481, 14.087963581085205, 14.088855028152466, 15.28332257270813, 15.284909725189209, 16.463065147399902, 20.182881832122803, 20.185224056243896], "w_ngw": 6, "w_z_factor": [{"@module": "numpy", "@class": "array", "dtype": "float64", "data": [[18.0, 0.77, -0.160753], [19.0, 0.75, -0.18838]]}, {"@module": "numpy", "@class": "array", "dtype": "float64", "data": [[18.0, 0.77, -0.171224], [19.0, 0.75, -0.214853]]}, {"@module": "numpy", "@class": "array", "dtype": "float64", "data": [[18.0, 0.76, -0.164873], [19.0, 0.75, -0.199798]]}, {"@module": "numpy", "@class": "array", "dtype": "float64", "data": [[18.0, 0.76, -0.16093], [19.0, 0.75, -0.188583]]}, {"@module": "numpy", "@class": "array", "dtype": "float64", "data": [[18.0, 0.76, -0.160902], [19.0, 0.75, -0.203053]]}, {"@module": "numpy", "@class": "array", "dtype": "float64", "data": [[18.0, 0.76, -0.160996], [19.0, 0.75, -0.183852]]}], "gw_kppa": 110, "gw_kpt_grid": {"@module": "numpy", "@class": "array", "dtype": "int64", "data": [4, 4, 4]}, "conv_list": [[{"kppa": 0}, {"kpt_grid": "1x1x1"}, {"num_kpts": 1}, {"X_bnds": 400.0}, {"G_bnds": 400.0}, {"X_cutoff": 16.0}, {"gamma_gap": 3.411424}, {"num_gw_calc": 6}, {"wall_time": 279}, {"num_cores": 8}, {"z-factor": "None"}], [{"kppa": 0}, {"kpt_grid": "1x1x1"}, {"num_kpts": 1}, {"X_bnds": 200}, {"G_bnds": 200}, {"X_cutoff": 4}, {"gamma_gap": 8}, {"num_gw_calc": 1}, {"wall_time": 14}, {"num_cores": 8}, {"z-factor": "None"}], [{"kppa": 10}, {"kpt_grid": "2x2x2"}, {"num_kpts": 1}, {"X_bnds": 200}, {"G_bnds": 200}, {"X_cutoff": 4}, {"gamma_gap": 3.4887449999999998}, {"num_gw_calc": 2}, {"wall_time": 41}, {"num_cores": 8}, {"z-factor": {"@module": "numpy", "@class": "array", "dtype": "float64", "data": [[18.0, 0.79, -0.146228], [19.0, 0.76, -0.189998]]}}], [{"kppa": 110}, {"kpt_grid": "4x4x4"}, {"num_kpts": 1}, {"X_bnds": 200}, {"G_bnds": 200}, {"X_cutoff": 4}, {"gamma_gap": 3.474865}, {"num_gw_calc": 3}, {"wall_time": 449}, {"num_cores": 8}, {"z-factor": {"@module": "numpy", "@class": "array", "dtype": "float64", "data": [[18.0, 0.79, -0.143788], [19.0, 0.76, -0.20475]]}}]], "conv_time": 766.5474383831024}, "gw_band_range_pbe": [1, 26], "gw_conv_lda": {"gw_conv_thr": 0.025, "gw_bnd_start": 200, "gw_bnd_step": 100, "gw_cut_start": 4, "gw_cut_step": 4, "kpt_bnd_idx": {"@module": "numpy", "@class": "array", "dtype": "int64", "data": [1, 1, 28, 29]}, "gw_bands": 200, "gw_cutoff": 4, "w_conv_grid": [[200, 4, 3.752434], [300, 4, 3.750908], [300, 8, 3.841526], [300, 8, 3.841526], [300, 12, 3.842098], [300, 12, 3.842098], [400, 12, 3.8386470000000004], [400, 16, 3.8252580000000003], [400, 16, 3.8252580000000003]], "pwcutoff": 88, "w_conv_time": [13.942858457565308, 14.760423183441162, 16.290181398391724, 16.291722536087036, 17.732223749160767, 17.734733819961548, 19.098771810531616, 23.00749897956848, 23.00902247428894], "w_ngw": 6, "w_z_factor": [{"@module": "numpy", "@class": "array", "dtype": "float64", "data": [[28.0, 0.77, -0.161658], [29.0, 0.75, -0.183923]]}, {"@module": "numpy", "@class": "array", "dtype": "float64", "data": [[28.0, 0.77, -0.16231], [29.0, 0.75, -0.192283]]}, {"@module": "numpy", "@class": "array", "dtype": "float64", "data": [[28.0, 0.76, -0.179979]]}, {"@module": "numpy", "@class": "array", "dtype": "float64", "data": [[28.0, 0.76, -0.173826]]}, {"@module": "numpy", "@class": "array", "dtype": "float64", "data": [[28.0, 0.76, -0.171448], [29.0, 0.75, -0.129528]]}, {"@module": "numpy", "@class": "array", "dtype": "float64", "data": [[28.0, 0.76, -0.172314], [29.0, 0.75, -0.133552]]}], "gw_kppa": 510, "gw_kpt_grid": {"@module": "numpy", "@class": "array", "dtype": "int64", "data": [6, 6, 6]}, "conv_list": [[{"kppa": 0}, {"kpt_grid": "1x1x1"}, {"num_kpts": 1}, {"X_bnds": 400.0}, {"G_bnds": 400.0}, {"X_cutoff": 16.0}, {"gamma_gap": 3.8252580000000003}, {"num_gw_calc": 6}, {"wall_time": 539}, {"num_cores": 8}, {"z-factor": "None"}], [{"kppa": 0}, {"kpt_grid": "1x1x1"}, {"num_kpts": 1}, {"X_bnds": 200}, {"G_bnds": 200}, {"X_cutoff": 4}, {"gamma_gap": 8}, {"num_gw_calc": 1}, {"wall_time": 14}, {"num_cores": 8}, {"z-factor": "None"}], [{"kppa": 10}, {"kpt_grid": "2x2x2"}, {"num_kpts": 1}, {"X_bnds": 200}, {"G_bnds": 200}, {"X_cutoff": 4}, {"gamma_gap": 3.9578119999999997}, {"num_gw_calc": 2}, {"wall_time": 65}, {"num_cores": 8}, {"z-factor": {"@module": "numpy", "@class": "array", "dtype": "float64", "data": [[28.0, 0.79, -0.154795], [29.0, 0.75, -0.225899]]}}], [{"kppa": 110}, {"kpt_grid": "4x4x4"}, {"num_kpts": 1}, {"X_bnds": 200}, {"G_bnds": 200}, {"X_cutoff": 4}, {"gamma_gap": 3.9179399999999998}, {"num_gw_calc": 3}, {"wall_time": 969}, {"num_cores": 8}, {"z-factor": {"@module": "numpy", "@class": "array", "dtype": "float64", "data": [[28.0, 0.79, -0.146297], [29.0, 0.75, -0.202002]]}}], [{"kppa": 510}, {"kpt_grid": "6x6x6"}, {"num_kpts": 1}, {"X_bnds": 200}, {"G_bnds": 200}, {"X_cutoff": 4}, {"gamma_gap": 3.9023559999999997}, {"num_gw_calc": 4}, {"wall_time": 2203}, {"num_cores": 32}, {"z-factor": {"@module": "numpy", "@class": "array", "dtype": "float64", "data": [[28.0, 0.79, -0.146204], [29.0, 0.75, -0.226686]]}}]], "conv_time": 3773.4228212833405}, "gw_band_range_lda": [1, 36], "g0w0_ppa_pbe": {"gw_direct_gap": 3.5721819999999997, "kppa": 510, "kpt_grid": "6x6x6", "num_kpt": 32, "bands_in X": 500, "bands_in_G": 500, "cutoff": 20, "z_factor": [[18.0, 0.79, -0.00144455], [19.0, 0.75, -0.00217227]], "scissor": 1.489494, "ncpu": 16, "calc_time": 10198.09564447403}, "g0w0_ppa_lda": {"gw_direct_gap": 3.8735380000000004, "kppa": 1380, "kpt_grid": "8x8x8", "num_kpt": 65, "bands_in X": 500, "bands_in_G": 500, "cutoff": 20, "z_factor": [[28.0, 0.79, -0.00143203], [29.0, 0.75, -0.00173985]], "scissor": 1.886748, "ncpu": 32, "calc_time": 260928.39396238327}}, "data": {}}