{"@module": "pymatgen.entries.computed_entries", "@class": "ComputedEntry", "energy": 0.0, "composition": {"Ba": 1.0, "Ag": 2.0, "Sn": 1.0, "S": 4.0}, "entry_id": "41898", "correction": 0.0, "energy_adjustments": [], "parameters": {"id": "41898", "name": "BaAg2SnS4", "ibrav": {"celldm(1)": 12.952182920585779, "ibrav": 11, "celldm(2)": 1.039830755763058, "celldm(3)": 1.1842719579807413}, "vol": 1337.8672313009668, "lda_pw_cutoff_Ry": 78, "qe_conv_pbe": {"qe_conv_maxiter": 20, "qe_delta_kppa": 1500, "qe_delta_cutoff": 5, "qe_conv_thresh": 0.00029399460312357707, "qe_conv_steps": [[60, 1500, -414.8271344426615], [65, 1500, -414.8273222334818], [65, 3000, -414.8273227839399]], "qe_conv_time": 155.80517053604126}, "num_elec_pbe": 86.0, "max_mem": 200717.0, "qe_conv_lda": {"qe_conv_maxiter": 20, "qe_delta_kppa": 1500, "qe_delta_cutoff": 5, "qe_conv_thresh": 0.00029399460312357707, "qe_conv_steps": [[78, 1500, -461.147627463752], [83, 1500, -461.1478933727364], [83, 3000, -461.147892839669]], "qe_conv_time": 186.91429209709167}, "num_elec_lda": 86.0, "bg_conv_pbe": {"bg_conv_maxiter": 20, "bg_delta_kppa": 1500, "bg_delta_cutoff": 5, "bg_conv_thresh": 0.025, "bg_conv_steps": [[65, 3000, 0.4139956782678936], [65, 6000, 0.41399418176575364]], "bg_conv_time": 204.92627811431885}, "indirect_gap_pbe": 0.41399477740088, "bg_conv_lda": {"bg_conv_maxiter": 20, "bg_delta_kppa": 1500, "bg_delta_cutoff": 5, "bg_conv_thresh": 0.025, "bg_conv_steps": [[83, 3000, 0.19065246624839263], [83, 6000, 0.1905918604682522]], "bg_conv_time": 206.98428082466125}, "indirect_gap_lda": 0.1906338480828804, "gw_conv_pbe": {"gw_conv_thr": 0.025, "gw_bnd_start": 200, "gw_bnd_step": 100, "gw_cut_start": 4, "gw_cut_step": 4, "kpt_bnd_idx": {"@module": "numpy", "@class": "array", "dtype": "int64", "data": [1, 1, 43, 44]}, "gw_bands": 200, "gw_cutoff": 4, "w_conv_grid": [[200, 4, 2.449449], [300, 4, 2.423237], [400, 4, 2.4103120000000002], [400, 8, 2.537966], [400, 8, 2.537966], [400, 12, 2.564293], [400, 12, 2.564293], [400, 16, 2.5751739999999996], [400, 16, 2.5751739999999996], [500, 16, 2.577927], [500, 20, 2.586214], [500, 20, 2.586214]], "pwcutoff": 65, "w_conv_time": [11.32362961769104, 12.071213722229004, 12.502907752990723, 16.083498001098633, 16.08534026145935, 26.520915031433105, 26.522993326187134, 45.27373194694519, 45.27552628517151, 53.39042615890503, 99.56532907485962, 99.56724786758423], "w_ngw": 8, "w_z_factor": [{"@module": "numpy", "@class": "array", "dtype": "float64", "data": [[43.0, 0.78, -0.156377], [44.0, 0.79, -0.147653]]}, {"@module": "numpy", "@class": "array", "dtype": "float64", "data": [[43.0, 0.78, -0.151648], [44.0, 0.8, -0.144072]]}, {"@module": "numpy", "@class": "array", "dtype": "float64", "data": [[43.0, 0.78, -0.151525], [44.0, 0.8, -0.142671]]}, {"@module": "numpy", "@class": "array", "dtype": "float64", "data": [[43.0, 0.77, -0.16728], [44.0, 0.79, -0.143519]]}, {"@module": "numpy", "@class": "array", "dtype": "float64", "data": [[43.0, 0.77, -0.152558], [44.0, 0.79, -0.143219]]}, {"@module": "numpy", "@class": "array", "dtype": "float64", "data": [[43.0, 0.77, -0.15279], [44.0, 0.79, -0.14314]]}, {"@module": "numpy", "@class": "array", "dtype": "float64", "data": [[43.0, 0.77, -0.153896], [44.0, 0.79, -0.14295]]}, {"@module": "numpy", "@class": "array", "dtype": "float64", "data": [[43.0, 0.77, -0.153948], [44.0, 0.79, -0.142986]]}], "gw_kppa": 220, "gw_kpt_grid": {"@module": "numpy", "@class": "array", "dtype": "int64", "data": [4, 4, 4]}, "conv_list": [[{"kppa": 0}, {"kpt_grid": "1x1x1"}, {"num_kpts": 1}, {"X_bnds": 500.0}, {"G_bnds": 500.0}, {"X_cutoff": 20.0}, {"gamma_gap": 2.586214}, {"num_gw_calc": 8}, {"wall_time": 533}, {"num_cores": 8}, {"z-factor": "None"}], [{"kppa": 0}, {"kpt_grid": "1x1x1"}, {"num_kpts": 1}, {"X_bnds": 200}, {"G_bnds": 200}, {"X_cutoff": 4}, {"gamma_gap": 4}, {"num_gw_calc": 1}, {"wall_time": 12}, {"num_cores": 8}, {"z-factor": "None"}], [{"kppa": 10}, {"kpt_grid": "2x2x2"}, {"num_kpts": 1}, {"X_bnds": 200}, {"G_bnds": 200}, {"X_cutoff": 4}, {"gamma_gap": 2.748951}, {"num_gw_calc": 2}, {"wall_time": 53}, {"num_cores": 8}, {"z-factor": {"@module": "numpy", "@class": "array", "dtype": "float64", "data": [[43.0, 0.79, -0.186868], [44.0, 0.81, -0.126486]]}}], [{"kppa": 220}, {"kpt_grid": "4x4x4"}, {"num_kpts": 1}, {"X_bnds": 200}, {"G_bnds": 200}, {"X_cutoff": 4}, {"gamma_gap": 2.748859}, {"num_gw_calc": 3}, {"wall_time": 689}, {"num_cores": 8}, {"z-factor": {"@module": "numpy", "@class": "array", "dtype": "float64", "data": [[43.0, 0.79, -0.141444], [44.0, 0.82, -0.123849]]}}]], "conv_time": 1273.8324012756348}, "gw_band_range_pbe": [1, 50], "gw_conv_lda": {"gw_conv_thr": 0.025, "gw_bnd_start": 200, "gw_bnd_step": 100, "gw_cut_start": 4, "gw_cut_step": 4, "kpt_bnd_idx": {"@module": "numpy", "@class": "array", "dtype": "int64", "data": [1, 1, 43, 44]}, "gw_bands": 200, "gw_cutoff": 4, "w_conv_grid": [[200, 4, 2.496159], [300, 4, 2.470634], [400, 4, 2.4599279999999997], [400, 8, 2.582522], [400, 8, 2.582522], [400, 12, 2.609086], [400, 12, 2.609086], [400, 16, 2.6220549999999996], [400, 16, 2.6220549999999996], [500, 16, 2.62559], [500, 20, 2.6352520000000004], [500, 20, 2.6352520000000004]], "pwcutoff": 83, "w_conv_time": [11.801061630249023, 12.472081899642944, 13.07050609588623, 17.123647451400757, 17.124481678009033, 28.339818477630615, 28.34158229827881, 48.941200256347656, 48.942866802215576, 55.88314962387085, 99.50286388397217, 99.50445318222046], "w_ngw": 8, "w_z_factor": [{"@module": "numpy", "@class": "array", "dtype": "float64", "data": [[43.0, 0.77, -0.159536], [44.0, 0.79, -0.151391]]}, {"@module": "numpy", "@class": "array", "dtype": "float64", "data": [[43.0, 0.77, -0.157048], [44.0, 0.79, -0.148555]]}, {"@module": "numpy", "@class": "array", "dtype": "float64", "data": [[43.0, 0.77, -0.156551], [44.0, 0.79, -0.147694]]}, {"@module": "numpy", "@class": "array", "dtype": "float64", "data": [[43.0, 0.77, -0.157328], [44.0, 0.79, -0.147507]]}, {"@module": "numpy", "@class": "array", "dtype": "float64", "data": [[43.0, 0.76, -0.158041], [44.0, 0.79, -0.148177]]}, {"@module": "numpy", "@class": "array", "dtype": "float64", "data": [[43.0, 0.76, -0.157773], [44.0, 0.79, -0.148355]]}, {"@module": "numpy", "@class": "array", "dtype": "float64", "data": [[43.0, 0.76, -0.157597], [44.0, 0.79, -0.147979]]}, {"@module": "numpy", "@class": "array", "dtype": "float64", "data": [[43.0, 0.76, -0.158012], [44.0, 0.79, -0.147885]]}], "gw_kppa": 220, "gw_kpt_grid": {"@module": "numpy", "@class": "array", "dtype": "int64", "data": [4, 4, 4]}, "conv_list": [[{"kppa": 0}, {"kpt_grid": "1x1x1"}, {"num_kpts": 1}, {"X_bnds": 500.0}, {"G_bnds": 500.0}, {"X_cutoff": 20.0}, {"gamma_gap": 2.6352520000000004}, {"num_gw_calc": 8}, {"wall_time": 555}, {"num_cores": 8}, {"z-factor": "None"}], [{"kppa": 0}, {"kpt_grid": "1x1x1"}, {"num_kpts": 1}, {"X_bnds": 200}, {"G_bnds": 200}, {"X_cutoff": 4}, {"gamma_gap": 4}, {"num_gw_calc": 1}, {"wall_time": 12}, {"num_cores": 8}, {"z-factor": "None"}], [{"kppa": 10}, {"kpt_grid": "2x2x2"}, {"num_kpts": 1}, {"X_bnds": 200}, {"G_bnds": 200}, {"X_cutoff": 4}, {"gamma_gap": 2.7945930000000003}, {"num_gw_calc": 2}, {"wall_time": 90}, {"num_cores": 8}, {"z-factor": {"@module": "numpy", "@class": "array", "dtype": "float64", "data": [[43.0, 0.78, -0.146636], [44.0, 0.81, -0.13074]]}}], [{"kppa": 220}, {"kpt_grid": "4x4x4"}, {"num_kpts": 1}, {"X_bnds": 200}, {"G_bnds": 200}, {"X_cutoff": 4}, {"gamma_gap": 2.805443}, {"num_gw_calc": 3}, {"wall_time": 1667}, {"num_cores": 8}, {"z-factor": {"@module": "numpy", "@class": "array", "dtype": "float64", "data": [[43.0, 0.78, -0.146677], [44.0, 0.81, -0.127403]]}}]], "conv_time": 2310.3742649555206}, "gw_band_range_lda": [1, 50], "g0w0_ppa_pbe": {"gw_direct_gap": 2.874253, "kppa": 1000, "kpt_grid": "6x6x6", "num_kpt": 46, "bands_in X": 600, "bands_in_G": 600, "cutoff": 24, "z_factor": [[43.0, 0.78, -0.00135891], [44.0, 0.81, -0.00119907]], "scissor": 0.907027,