{"@module": "pymatgen.entries.computed_entries", "@class": "ComputedEntry", "energy": 0.0, "composition": {"K": 1.0, "Ag": 2.0, "P": 1.0, "S": 4.0}, "entry_id": "420033", "correction": 0.0, "energy_adjustments": [], "parameters": {"id": "420033", "name": "KAg2PS4", "ibrav": {"celldm(1)": 12.561198583517031, "ibrav": 7, "celldm(3)": 1.2290021212257978}, "vol": 1217.9119211551656, "lda_pw_cutoff_Ry": 78, "qe_conv_pbe": {"qe_conv_maxiter": 20, "qe_delta_kppa": 1500, "qe_delta_cutoff": 5, "qe_conv_thresh": 0.00029399460312357707, "qe_conv_steps": [[60, 1500, -363.6940078375793], [65, 1500, -363.6943097314934], [70, 1500, -363.6944905890905], [70, 3000, -363.6944915726977]], "qe_conv_time": 115.88888931274414}, "num_elec_pbe": 76.00000000000001, "max_mem": 133468.0, "qe_conv_lda": {"qe_conv_maxiter": 20, "qe_delta_kppa": 1500, "qe_delta_cutoff": 5, "qe_conv_thresh": 0.00029399460312357707, "qe_conv_steps": [[78, 1500, -391.2006407226679], [83, 1500, -391.2009034264066], [83, 3000, -391.2009045196572]], "qe_conv_time": 111.64265036582947}, "num_elec_lda": 76.00000000000001, "bg_conv_pbe": {"bg_conv_maxiter": 20, "bg_delta_kppa": 1500, "bg_delta_cutoff": 5, "bg_conv_thresh": 0.025, "bg_conv_steps": [[70, 3000, 1.1346525030708592], [70, 6000, 1.134654467012916]], "bg_conv_time": 107.16271567344666}, "indirect_gap_pbe": 1.134654300720139, "bg_conv_lda": {"bg_conv_maxiter": 20, "bg_delta_kppa": 1500, "bg_delta_cutoff": 5, "bg_conv_thresh": 0.025, "bg_conv_steps": [[83, 3000, 0.8826336872635395], [83, 6000, 0.8826320993710536]], "bg_conv_time": 116.67781043052673}, "indirect_gap_lda": 0.8826316989259382, "gw_conv_pbe": {"gw_conv_thr": 0.025, "gw_bnd_start": 200, "gw_bnd_step": 100, "gw_cut_start": 4, "gw_cut_step": 4, "kpt_bnd_idx": {"@module": "numpy", "@class": "array", "dtype": "int64", "data": [1, 1, 38, 39]}, "gw_bands": 200, "gw_cutoff": 4, "w_conv_grid": [[200, 4, 2.770428], [300, 4, 2.72991], [400, 4, 2.7167689999999998], [400, 8, 2.846481], [400, 8, 2.846481], [400, 12, 2.868843], [400, 12, 2.868843], [500, 12, 2.8674049999999998], [500, 16, 2.885766], [500, 16, 2.885766]], "pwcutoff": 70, "w_conv_time": [25.986276149749756, 37.839417934417725, 37.01140379905701, 46.97476530075073, 46.97793221473694, 70.67003560066223, 70.67312097549438, 80.5765872001648, 157.28291630744934, 157.28614377975464], "w_ngw": 7, "w_z_factor": [{"@module": "numpy", "@class": "array", "dtype": "float64", "data": [[38.0, 0.78, -0.154668], [39.0, 0.8, -0.148518]]}, {"@module": "numpy", "@class": "array", "dtype": "float64", "data": [[38.0, 0.78, -0.153006], [39.0, 0.8, -0.146335]]}, {"@module": "numpy", "@class": "array", "dtype": "float64", "data": [[38.0, 0.78, -0.151538], [39.0, 0.8, -0.145404]]}, {"@module": "numpy", "@class": "array", "dtype": "float64", "data": [[38.0, 0.77, -0.152018], [39.0, 0.79, -0.145863]]}, {"@module": "numpy", "@class": "array", "dtype": "float64", "data": [[38.0, 0.77, -0.151925], [39.0, 0.79, -0.145716]]}, {"@module": "numpy", "@class": "array", "dtype": "float64", "data": [[38.0, 0.77, -0.151291], [39.0, 0.79, -0.145481]]}, {"@module": "numpy", "@class": "array", "dtype": "float64", "data": [[38.0, 0.77, -0.151069], [39.0, 0.79, -0.145351]]}], "gw_kppa": 220, "gw_kpt_grid": {"@module": "numpy", "@class": "array", "dtype": "int64", "data": [4, 4, 4]}, "conv_list": [[{"kppa": 0}, {"kpt_grid": "1x1x1"}, {"num_kpts": 1}, {"X_bnds": 500.0}, {"G_bnds": 500.0}, {"X_cutoff": 16.0}, {"gamma_gap": 2.885766}, {"num_gw_calc": 7}, {"wall_time": 1038}, {"num_cores": 8}, {"z-factor": "None"}], [{"kppa": 0}, {"kpt_grid": "1x1x1"}, {"num_kpts": 1}, {"X_bnds": 200}, {"G_bnds": 200}, {"X_cutoff": 4}, {"gamma_gap": 4}, {"num_gw_calc": 1}, {"wall_time": 26}, {"num_cores": 8}, {"z-factor": "None"}], [{"kppa": 10}, {"kpt_grid": "2x2x2"}, {"num_kpts": 1}, {"X_bnds": 200}, {"G_bnds": 200}, {"X_cutoff": 4}, {"gamma_gap": 3.099175}, {"num_gw_calc": 2}, {"wall_time": 142}, {"num_cores": 8}, {"z-factor": {"@module": "numpy", "@class": "array", "dtype": "float64", "data": [[38.0, 0.79, -0.14284], [39.0, 0.81, -0.127538]]}}], [{"kppa": 220}, {"kpt_grid": "4x4x4"}, {"num_kpts": 1}, {"X_bnds": 200}, {"G_bnds": 200}, {"X_cutoff": 4}, {"gamma_gap": 3.0980030000000003}, {"num_gw_calc": 3}, {"wall_time": 1743}, {"num_cores": 8}, {"z-factor": {"@module": "numpy", "@class": "array", "dtype": "float64", "data": [[38.0, 0.79, -0.140423], [39.0, 0.82, -0.123523]]}}]], "conv_time": 2922.201120853424}, "gw_band_range_pbe": [1, 45], "gw_conv_lda": {"gw_conv_thr": 0.025, "gw_bnd_start": 200, "gw_bnd_step": 100, "gw_cut_start": 4, "gw_cut_step": 4, "kpt_bnd_idx": {"@module": "numpy", "@class": "array", "dtype": "int64", "data": [1, 1, 38, 39]}, "gw_bands": 200, "gw_cutoff": 4, "w_conv_grid": [[200, 4, 2.886946], [300, 4, 2.845248], [400, 4, 2.832287], [400, 8, 2.94515], [400, 8, 2.94515], [400, 12, 2.967811], [400, 12, 2.967811], [500, 12, 2.9645070000000002], [500, 16, 2.9852670000000003], [500, 16, 2.9852670000000003]], "pwcutoff": 83, "w_conv_time": [30.855305194854736, 39.930097341537476, 41.55119180679321, 48.60230350494385, 48.60584282875061, 74.40504002571106, 74.4081130027771, 83.63283252716064, 140.91544556617737, 140.91731309890747], "w_ngw": 7, "w_z_factor": [{"@module": "numpy", "@class": "array", "dtype": "float64", "data": [[38.0, 0.77, -0.157554], [39.0, 0.79, -0.151269]]}, {"@module": "numpy", "@class": "array", "dtype": "float64", "data": [[38.0, 0.77, -0.155137], [39.0, 0.79, -0.148889]]}, {"@module": "numpy", "@class": "array", "dtype": "float64", "data": [[38.0, 0.77, -0.154817], [39.0, 0.79, -0.148347]]}, {"@module": "numpy", "@class": "array", "dtype": "float64", "data": [[38.0, 0.77, -0.155352], [39.0, 0.79, -0.148732]]}, {"@module": "numpy", "@class": "array", "dtype": "float64", "data": [[38.0, 0.77, -0.155148], [39.0, 0.79, -0.148722]]}, {"@module": "numpy", "@class": "array", "dtype": "float64", "data": [[38.0, 0.77, -0.154633], [39.0, 0.79, -0.148697]]}, {"@module": "numpy", "@class": "array", "dtype": "float64", "data": [[38.0, 0.76, -0.154657], [39.0, 0.79, -0.148587]]}], "gw_kppa": 220, "gw_kpt_grid": {"@module": "numpy", "@class": "array", "dtype": "int64", "data": [4, 4, 4]}, "conv_list": [[{"kppa": 0}, {"kpt_grid": "1x1x1"}, {"num_kpts": 1}, {"X_bnds": 500.0}, {"G_bnds": 500.0}, {"X_cutoff": 16.0}, {"gamma_gap": 2.9852670000000003}, {"num_gw_calc": 7}, {"wall_time": 1085}, {"num_cores": 8}, {"z-factor": "None"}], [{"kppa": 0}, {"kpt_grid": "1x1x1"}, {"num_kpts": 1}, {"X_bnds": 200}, {"G_bnds": 200}, {"X_cutoff": 4}, {"gamma_gap": 4}, {"num_gw_calc": 1}, {"wall_time": 31}, {"num_cores": 8}, {"z-factor": "None"}], [{"kppa": 10}, {"kpt_grid": "2x2x2"}, {"num_kpts": 1}, {"X_bnds": 200}, {"G_bnds": 200}, {"X_cutoff": 4}, {"gamma_gap": 3.231141}, {"num_gw_calc": 2}, {"wall_time": 223}, {"num_cores": 8}, {"z-factor": {"@module": "numpy", "@class": "array", "dtype": "float64", "data": [[38.0, 0.78, -0.153169], [39.0, 0.81, -0.13076]]}}], [{"kppa": 220}, {"kpt_grid": "4x4x4"}, {"num_kpts": 1}, {"X_bnds": 200}, {"G_bnds": 200}, {"X_cutoff": 4}, {"gamma_gap": 3.234903}, {"num_gw_calc": 3}, {"wall_time": 4104}, {"num_cores": 8}, {"z-factor": {"@module": "numpy", "@class": "array", "dtype": "float64", "data": [[38.0, 0.79, -0.142658], [39.0, 0.81, -0.126285]]}}]], "conv_time": 5411.210800170898}, "gw_band_range_lda": [1, 45], "g0w0_ppa_pbe": {"gw_direct_gap": 3.195548, "kppa": 1000, "kpt_grid": "6x6x6", "num_kpt": 30, "bands_in X": 600, "bands_in_G": 600, "cutoff": 20, "z_factor": [[38.0, 0.78, -0.00136785], [39.0, 0.81, -0.00121497]], "scissor": 1.040246, "ncpu": 32, "calc_time": 61562.03906726837}, "g0w0_ppa_lda": {"gw_direct_gap": 3.310727, "kppa": 1000, "kpt_grid": "6x6x6", "num_kpt": 30, "bands_in X": 600, "bands_in_G": 600, "cutoff": 20, "z_factor": [[38.0, 0.78, -0.00138788], [39.0, 0.81, -0.00124274]], "scissor": 1.426621, "ncpu": 32, "calc_time": 71549.07627058029}}, "data": {}}