{"@module": "pymatgen.entries.computed_entries", "@class": "ComputedEntry", "energy": 0.0, "composition": {"K": 4.0, "Zn": 2.0, "Te": 4.0}, "entry_id": "420088", "correction": 0.0, "energy_adjustments": [], "parameters": {"id": "420088", "name": "K2ZnTe2", "ibrav": {"celldm(1)": 13.078794571545693, "ibrav": 11, "celldm(2)": 1.0551943360786014, "celldm(3)": 2.026007802340702}, "vol": 2391.3697121265923, "lda_pw_cutoff_Ry": 68, "qe_conv_pbe": {"qe_conv_maxiter": 20, "qe_delta_kppa": 1500, "qe_delta_cutoff": 5, "qe_conv_thresh": 0.00036749325390447133, "qe_conv_steps": [[60, 1500, -863.866956696292], [65, 1500, -863.8697050293038], [70, 1500, -863.8698556071574], [70, 4500, -863.8698558678248]], "qe_conv_time": 663.9398620128632}, "num_elec_pbe": 140.0, "max_mem": 146473.0, "qe_conv_lda": {"qe_conv_maxiter": 20, "qe_delta_kppa": 1500, "qe_delta_cutoff": 5, "qe_conv_thresh": 0.00036749325390447133, "qe_conv_steps": [[68, 1500, -956.2984677885636], [73, 1500, -956.3051015591208], [78, 1500, -956.3061874571082], [83, 1500, -956.3063520181821], [83, 4500, -956.3063524725935]], "qe_conv_time": 773.9598405361176}, "num_elec_lda": 140.0, "bg_conv_pbe": {"bg_conv_maxiter": 20, "bg_delta_kppa": 1500, "bg_delta_cutoff": 5, "bg_conv_thresh": 0.025, "bg_conv_steps": [[70, 4500, 2.112315553744823], [70, 7500, 2.1123115529842393]], "bg_conv_time": 713.7073655128479}, "indirect_gap_pbe": 2.112311523580893, "bg_conv_lda": {"bg_conv_maxiter": 20, "bg_delta_kppa": 1500, "bg_delta_cutoff": 5, "bg_conv_thresh": 0.025, "bg_conv_steps": [[83, 4500, 1.9173710534160087], [83, 7500, 1.9173703096325263]], "bg_conv_time": 688.3506498336792}, "indirect_gap_lda": 1.9173700901578254, "gw_conv_pbe": {"gw_conv_thr": 0.025, "gw_bnd_start": 200, "gw_bnd_step": 100, "gw_cut_start": 4, "gw_cut_step": 4, "kpt_bnd_idx": {"@module": "numpy", "@class": "array", "dtype": "int64", "data": [1, 1, 70, 71]}, "gw_bands": 200, "gw_cutoff": 4, "w_conv_grid": [[200, 4, 4.025753], [300, 4, 3.999742], [400, 4, 3.989827], [400, 8, 4.076196], [400, 8, 4.076196], [400, 12, 4.0852889999999995], [400, 12, 4.0852889999999995], [500, 12, 4.086523], [500, 16, 4.087197], [500, 16, 4.087197]], "pwcutoff": 70, "w_conv_time": [14.261260986328125, 16.10883665084839, 18.39401912689209, 26.962371110916138, 26.96425199508667, 49.26277709007263, 49.26461935043335, 59.58284139633179, 92.1264078617096, 92.12850689888], "w_ngw": 7, "w_z_factor": [{"@module": "numpy", "@class": "array", "dtype": "float64", "data": [[70.0, 0.78, -0.202895], [71.0, 0.81, -0.173632]]}, {"@module": "numpy", "@class": "array", "dtype": "float64", "data": [[70.0, 0.78, -0.188924], [71.0, 0.81, -0.168513]]}, {"@module": "numpy", "@class": "array", "dtype": "float64", "data": [[70.0, 0.79, -0.179726], [71.0, 0.81, -0.164703]]}, {"@module": "numpy", "@class": "array", "dtype": "float64", "data": [[70.0, 0.78, -0.181113], [71.0, 0.81, -0.165985]]}, {"@module": "numpy", "@class": "array", "dtype": "float64", "data": [[70.0, 0.78, -0.180953], [71.0, 0.81, -0.164935]]}, {"@module": "numpy", "@class": "array", "dtype": "float64", "data": [[70.0, 0.78, -0.180797], [71.0, 0.81, -0.163285]]}, {"@module": "numpy", "@class": "array", "dtype": "float64", "data": [[70.0, 0.78, -0.180512], [71.0, 0.81, -0.163459]]}], "gw_kppa": 270, "gw_kpt_grid": {"@module": "numpy", "@class": "array", "dtype": "int64", "data": [4, 4, 4]}, "conv_list": [[{"kppa": 0}, {"kpt_grid": "1x1x1"}, {"num_kpts": 1}, {"X_bnds": 500.0}, {"G_bnds": 500.0}, {"X_cutoff": 16.0}, {"gamma_gap": 4.087197}, {"num_gw_calc": 7}, {"wall_time": 1102}, {"num_cores": 8}, {"z-factor": "None"}], [{"kppa": 0}, {"kpt_grid": "1x1x1"}, {"num_kpts": 1}, {"X_bnds": 200}, {"G_bnds": 200}, {"X_cutoff": 4}, {"gamma_gap": 4}, {"num_gw_calc": 1}, {"wall_time": 15}, {"num_cores": 8}, {"z-factor": "None"}], [{"kppa": 10}, {"kpt_grid": "2x2x2"}, {"num_kpts": 1}, {"X_bnds": 200}, {"G_bnds": 200}, {"X_cutoff": 4}, {"gamma_gap": 4.455947}, {"num_gw_calc": 2}, {"wall_time": 152}, {"num_cores": 8}, {"z-factor": {"@module": "numpy", "@class": "array", "dtype": "float64", "data": [[70.0, 0.8, -0.177043], [71.0, 0.83, -0.147569]]}}], [{"kppa": 270}, {"kpt_grid": "4x4x4"}, {"num_kpts": 1}, {"X_bnds": 200}, {"G_bnds": 200}, {"X_cutoff": 4}, {"gamma_gap": 4.46672}, {"num_gw_calc": 3}, {"wall_time": 3127}, {"num_cores": 8}, {"z-factor": {"@module": "numpy", "@class": "array", "dtype": "float64", "data": [[70.0, 0.8, -0.17757], [71.0, 0.83, -0.1428]]}}]], "conv_time": 4378.660318851471}, "gw_band_range_pbe": [1, 81], "gw_conv_lda": {"gw_conv_thr": 0.025, "gw_bnd_start": 200, "gw_bnd_step": 100, "gw_cut_start": 4, "gw_cut_step": 4, "kpt_bnd_idx": {"@module": "numpy", "@class": "array", "dtype": "int64", "data": [1, 1, 70, 71]}, "gw_bands": 200, "gw_cutoff": 4, "w_conv_grid": [[200, 4, 2.951089], [300, 4, 2.934176], [300, 8, 3.009787], [300, 8, 3.009787], [300, 12, 3.0140450000000003], [300, 12, 3.0140450000000003], [400, 12, 3.027653], [400, 16, 3.027979], [400, 16, 3.027979]], "pwcutoff": 83, "w_conv_time": [14.811542510986328, 16.18475651741028, 23.12617778778076, 23.12804627418518, 41.21247887611389, 41.21413993835449, 50.52537512779236, 75.45663142204285, 75.45769047737122], "w_ngw": 6, "w_z_factor": [{"@module": "numpy", "@class": "array", "dtype": "float64", "data": [[70.0, 0.78, -0.210881], [71.0, 0.8, -0.178572]]}, {"@module": "numpy", "@class": "array", "dtype": "float64", "data": [[70.0, 0.78, -0.194237], [71.0, 0.8, -0.174516]]}, {"@module": "numpy", "@class": "array", "dtype": "float64", "data": [[70.0, 0.78, -0.194047], [71.0, 0.8, -0.17428]]}, {"@module": "numpy", "@class": "array", "dtype": "float64", "data": [[70.0, 0.78, -0.194374], [71.0, 0.8, -0.174255]]}, {"@module": "numpy", "@class": "array", "dtype": "float64", "data": [[70.0, 0.78, -0.186913], [71.0, 0.8, -0.170714]]}, {"@module": "numpy", "@class": "array", "dtype": "float64", "data": [[70.0, 0.78, -0.186615], [71.0, 0.8, -0.171728]]}], "gw_kppa": 270, "gw_kpt_grid": {"@module": "numpy", "@class": "array", "dtype": "int64", "data": [4, 4, 4]}, "conv_list": [[{"kppa": 0}, {"kpt_grid": "1x1x1"}, {"num_kpts": 1}, {"X_bnds": 400.0}, {"G_bnds": 400.0}, {"X_cutoff": 16.0}, {"gamma_gap": 3.027979}, {"num_gw_calc": 6}, {"wall_time": 1175}, {"num_cores": 8}, {"z-factor": "None"}], [{"kppa": 0}, {"kpt_grid": "1x1x1"}, {"num_kpts": 1}, {"X_bnds": 200}, {"G_bnds": 200}, {"X_cutoff": 4}, {"gamma_gap": 8}, {"num_gw_calc": 1}, {"wall_time": 15}, {"num_cores": 8}, {"z-factor": "None"}], [{"kppa": 10}, {"kpt_grid": "2x2x2"}, {"num_kpts": 1}, {"X_bnds": 200}, {"G_bnds": 200}, {"X_cutoff": 4}, {"gamma_gap": 3.383323}, {"num_gw_calc": 2}, {"wall_time": 162}, {"num_cores": 8}, {"z-factor": {"@module": "numpy", "@class": "array", "dtype": "float64", "data": [[70.0, 0.8, -0.184475], [71.0, 0.82, -0.152684]]}}], [{"kppa": 270}, {"kpt_grid": "4x4x4"}, {"num_kpts": 1}, {"X_bnds": 200}, {"G_bnds": 200}, {"X_cutoff": 4}, {"gamma_gap": 3.400419}, {"num_gw_calc": 3}, {"wall_time": 3110}, {"num_cores": 8}, {"z-factor": {"@module": "numpy", "@class": "array", "dtype": "float64", "data": [[70.0, 0.8, -0.182489], [71.0, 0.83, -0.147339]]}}]], "conv_time": 4445.370568990707}, "gw_band_range_lda": [1, 81], "g0w0_ppa_pbe": {"gw_direct_gap": 4.526728, "kppa": 1260, "kpt_grid": "6x6x6", "num_kpt": 68, "bands_in X": 600, "bands_in_G": 600, "cutoff": 20, "z_factor": [[70.0, 0.8, -0.00156282], [71.0, 0.83, -0.00134115]], "scissor": 2.3497839999999997, "ncpu": 16, "calc_time": 456915.7746665478}, "g0w0_ppa_lda": {"gw_direct_gap": 3.479555, "kppa": 1260, "kpt_grid": "6x6x6", "num_kpt": 68, "bands_in X": 500, "bands_in_G": 500, "cutoff": 20, "z_factor": [[70.0, 0.79, -0.00164068], [71.0, 0.82, -0.00139498]], "scissor": 1.562187, "ncpu": 16, "calc_time": 385062.24844527245}}, "data": {}}