{"@module": "pymatgen.entries.computed_entries", "@class": "ComputedEntry", "energy": 0.0, "composition": {"Cd": 2.0, "Ge": 2.0, "As": 4.0}, "entry_id": "42098", "correction": 0.0, "energy_adjustments": [], "parameters": {"id": "42098", "name": "CdGeAs2", "ibrav": {"celldm(1)": 11.231020357984445, "ibrav": 7, "celldm(3)": 1.8872492933100016}, "vol": 1336.7707038935287, "lda_pw_cutoff_Ry": 94, "qe_conv_pbe": {"qe_conv_maxiter": 20, "qe_delta_kppa": 1500, "qe_delta_cutoff": 5, "qe_conv_thresh": 0.00029399460312357707, "qe_conv_steps": [[60, 1500, -477.8332092247101], [65, 1500, -477.8333307204349], [65, 3000, -477.8333953818143]], "qe_conv_time": 121.28856682777405}, "num_elec_pbe": 88.00000000000001, "max_mem": 57044.0, "qe_conv_lda": {"qe_conv_maxiter": 20, "qe_delta_kppa": 1500, "qe_delta_cutoff": 5, "qe_conv_thresh": 0.00029399460312357707, "qe_conv_steps": [[94, 1500, -952.8906448678846], [99, 1500, -952.8910621899939], [104, 1500, -952.8911800384783], [104, 3000, -952.8912331542585]], "qe_conv_time": 325.3264253139496}, "num_elec_lda": 128.0, "bg_conv_pbe": {"bg_conv_maxiter": 20, "bg_delta_kppa": 1500, "bg_delta_cutoff": 5, "bg_conv_thresh": 0.025, "bg_conv_steps": [[65, 3000, 0.13548101650122954], [65, 6000, 0.10459184573791123], [65, 12000, 0.08793328872878484]], "bg_conv_time": 253.43302750587463}, "indirect_gap_pbe": 0.08790883093940405, "bg_conv_lda": {"bg_conv_maxiter": 20, "bg_delta_kppa": 1500, "bg_delta_cutoff": 5, "bg_conv_thresh": 0.025, "bg_conv_steps": [[104, 3000, 0.13930349721602964], [104, 6000, 0.10803942740220744], [104, 12000, 0.09192019773388857]], "bg_conv_time": 533.8515212535858}, "indirect_gap_lda": 0.09189833617631056, "gw_conv_pbe": {"gw_conv_thr": 0.025, "gw_bnd_start": 200, "gw_bnd_step": 100, "gw_cut_start": 4, "gw_cut_step": 4, "kpt_bnd_idx": {"@module": "numpy", "@class": "array", "dtype": "int64", "data": [1, 1, 44, 45]}, "gw_bands": 200, "gw_cutoff": 4, "w_conv_grid": [[200, 4, 0.438118], [300, 4, 0.443425], [300, 8, 0.473142], [300, 8, 0.473142], [300, 12, 0.47764399999999996], [300, 12, 0.47764399999999996], [400, 12, 0.477848], [400, 16, 0.480948], [400, 16, 0.480948]], "pwcutoff": 65, "w_conv_time": [11.911099433898926, 12.359198093414307, 14.382768392562866, 14.383657455444336, 20.011468410491943, 20.013406991958618, 23.001911401748657, 37.41030192375183, 37.41213512420654], "w_ngw": 6, "w_z_factor": [{"@module": "numpy", "@class": "array", "dtype": "float64", "data": [[44.0, 0.8, -0.120798], [45.0, 0.8, -0.130498]]}, {"@module": "numpy", "@class": "array", "dtype": "float64", "data": [[44.0, 0.8, -0.119266], [45.0, 0.8, -0.128147]]}, {"@module": "numpy", "@class": "array", "dtype": "float64", "data": [[44.0, 0.8, -0.120159], [45.0, 0.79, -0.129243]]}, {"@module": "numpy", "@class": "array", "dtype": "float64", "data": [[44.0, 0.8, -0.120323], [45.0, 0.79, -0.129847]]}, {"@module": "numpy", "@class": "array", "dtype": "float64", "data": [[44.0, 0.8, -0.116633], [45.0, 0.79, -0.138347]]}, {"@module": "numpy", "@class": "array", "dtype": "float64", "data": [[44.0, 0.8, -0.116228], [45.0, 0.79, -0.136542]]}], "gw_kppa": 1000, "gw_kpt_grid": {"@module": "numpy", "@class": "array", "dtype": "int64", "data": [6, 6, 6]}, "conv_list": [[{"kppa": 0}, {"kpt_grid": "1x1x1"}, {"num_kpts": 1}, {"X_bnds": 400.0}, {"G_bnds": 400.0}, {"X_cutoff": 16.0}, {"gamma_gap": 0.480948}, {"num_gw_calc": 6}, {"wall_time": 305}, {"num_cores": 8}, {"z-factor": "None"}], [{"kppa": 0}, {"kpt_grid": "1x1x1"}, {"num_kpts": 1}, {"X_bnds": 200}, {"G_bnds": 200}, {"X_cutoff": 4}, {"gamma_gap": 8}, {"num_gw_calc": 1}, {"wall_time": 12}, {"num_cores": 8}, {"z-factor": "None"}], [{"kppa": 10}, {"kpt_grid": "2x2x2"}, {"num_kpts": 1}, {"X_bnds": 200}, {"G_bnds": 200}, {"X_cutoff": 4}, {"gamma_gap": 0.158531755}, {"num_gw_calc": 2}, {"wall_time": 75}, {"num_cores": 8}, {"z-factor": {"@module": "numpy", "@class": "array", "dtype": "float64", "data": [[44.0, 0.79, -0.144191], [45.0, 0.79, -0.148628]]}}], [{"kppa": 220}, {"kpt_grid": "4x4x4"}, {"num_kpts": 1}, {"X_bnds": 200}, {"G_bnds": 200}, {"X_cutoff": 4}, {"gamma_gap": 0.088867}, {"num_gw_calc": 3}, {"wall_time": 1369}, {"num_cores": 8}, {"z-factor": {"@module": "numpy", "@class": "array", "dtype": "float64", "data": [[44.0, 0.79, -0.144681], [45.0, 0.79, -0.150861]]}}], [{"kppa": 1000}, {"kpt_grid": "6x6x6"}, {"num_kpts": 1}, {"X_bnds": 200}, {"G_bnds": 200}, {"X_cutoff": 4}, {"gamma_gap": 0.080501}, {"num_gw_calc": 4}, {"wall_time": 3052}, {"num_cores": 32}, {"z-factor": {"@module": "numpy", "@class": "array", "dtype": "float64", "data": [[44.0, 0.8, -0.142821], [45.0, 0.79, -0.14911]]}}]], "conv_time": 4799.2827932834625}, "gw_band_range_pbe": [1, 52], "gw_conv_lda": {"gw_conv_thr": 0.025, "gw_bnd_start": 200, "gw_bnd_step": 100, "gw_cut_start": 4, "gw_cut_step": 4, "kpt_bnd_idx": {"@module": "numpy", "@class": "array", "dtype": "int64", "data": [1, 1, 64, 65]}, "gw_bands": 200, "gw_cutoff": 4, "w_conv_grid": [[200, 4, 0.38639100000000004], [300, 4, 0.37664], [300, 8, 0.417914], [300, 8, 0.417914], [300, 12, 0.424614], [300, 12, 0.424614], [400, 12, 0.4269739999999999], [400, 16, 0.429108], [400, 16, 0.429108]], "pwcutoff": 104, "w_conv_time": [13.859115600585938, 15.414041996002197, 17.465807914733887, 17.467774391174316, 23.884970903396606, 23.886814832687378, 28.8327739238739, 44.940364837646484, 44.94141960144043], "w_ngw": 6, "w_z_factor": [{"@module": "numpy", "@class": "array", "dtype": "float64", "data": [[64.0, 0.79, -0.142397], [65.0, 0.78, -0.148329]]}, {"@module": "numpy", "@class": "array", "dtype": "float64", "data": [[64.0, 0.79, -0.139737], [65.0, 0.78, -0.144292]]}, {"@module": "numpy", "@class": "array", "dtype": "float64", "data": [[64.0, 0.78, -0.141417], [65.0, 0.78, -0.14489]]}, {"@module": "numpy", "@class": "array", "dtype": "float64", "data": [[64.0, 0.78, -0.140685], [65.0, 0.78, -0.145623]]}, {"@module": "numpy", "@class": "array", "dtype": "float64", "data": [[64.0, 0.78, -0.13774], [65.0, 0.78, -0.144075]]}, {"@module": "numpy", "@class": "array", "dtype": "float64", "data": [[64.0, 0.78, -0.137721], [65.0, 0.78, -0.143929]]}], "gw_kppa": 220, "gw_kpt_grid": {"@module": "numpy", "@class": "array", "dtype": "int64", "data": [4, 4, 4]}, "conv_list": [[{"kppa": 0}, {"kpt_grid": "1x1x1"}, {"num_kpts": 1}, {"X_bnds": 400.0}, {"G_bnds": 400.0}, {"X_cutoff": 16.0}, {"gamma_gap": 0.429108}, {"num_gw_calc": 6}, {"wall_time": 823}, {"num_cores": 8}, {"z-factor": "None"}], [{"kppa": 0}, {"kpt_grid": "1x1x1"}, {"num_kpts": 1}, {"X_bnds": 200}, {"G_bnds": 200}, {"X_cutoff": 4}, {"gamma_gap": 8}, {"num_gw_calc": 1}, {"wall_time": 14}, {"num_cores": 8}, {"z-factor": "None"}], [{"kppa": 10}, {"kpt_grid": "2x2x2"}, {"num_kpts": 1}, {"X_bnds": 200}, {"G_bnds": 200}, {"X_cutoff": 4}, {"gamma_gap": 0.26367000000000007}, {"num_gw_calc": 2}, {"wall_time": 95}, {"num_cores": 8}, {"z-factor": {"@module": "numpy", "@class": "array", "dtype": "float64", "data": [[64.0, 0.79, -0.149542], [65.0, 0.79, -0.151978]]}}], [{"kppa": 220}, {"kpt_grid": "4x4x4"}, {"num_kpts": 1}, {"X_bnds": 200}, {"G_bnds": 200}, {"X_cutoff": 4}, {"gamma_gap": 0.26310200000000006}, {"num_gw_calc": 3}, {"wall_time": 1682}, {"num_cores": 8}, {"z-factor": {"@module": "numpy", "@class": "array", "dtype": "float64", "data": [[64.0, 0.79, -0.148933], [65.0, 0.79, -0.150336]]}}]], "conv_time": 2598.079340696335}, "gw_band_range_lda": [1, 73]}, "data": {}}