{"@module": "pymatgen.entries.computed_entries", "@class": "ComputedEntry", "energy": 0.0, "composition": {"Ga": 2.0, "Cu": 2.0, "Se": 4.0}, "entry_id": "42097", "correction": 0.0, "energy_adjustments": [], "parameters": {"id": "42097", "name": "GaCuSe2", "ibrav": {"celldm(1)": 10.575474362193495, "ibrav": 7, "celldm(3)": 1.9662276861497772}, "vol": 1162.795604932862, "lda_pw_cutoff_Ry": 78, "qe_conv_pbe": {"qe_conv_maxiter": 20, "qe_delta_kppa": 1500, "qe_delta_cutoff": 5, "qe_conv_thresh": 0.00029399460312357707, "qe_conv_steps": [[60, 1500, -534.3721903515664], [65, 1500, -534.4322310524601], [70, 1500, -534.4519785221659], [75, 1500, -534.4584374916159], [80, 1500, -534.4603190500623], [85, 1500, -534.4606572314528], [90, 1500, -534.4607466376312], [90, 3000, -534.4607836505018]], "qe_conv_time": 353.8542408943176}, "num_elec_pbe": 88.00000000000001, "max_mem": 441913.0, "qe_conv_lda": {"qe_conv_maxiter": 20, "qe_delta_kppa": 1500, "qe_delta_cutoff": 5, "qe_conv_thresh": 0.00029399460312357707, "qe_conv_steps": [[78, 1500, -1016.444567628282], [83, 1500, -1016.448030610743], [88, 1500, -1016.448685688687], [93, 1500, -1016.448780786304], [93, 3000, -1016.448824520916]], "qe_conv_time": 383.59711813926697}, "num_elec_lda": 128.0, "bg_conv_pbe": {"bg_conv_maxiter": 20, "bg_delta_kppa": 1500, "bg_delta_cutoff": 5, "bg_conv_thresh": 0.025, "bg_conv_steps": [[90, 3000, 0.207283466076056], [90, 6000, 0.2073505567481439]], "bg_conv_time": 192.5236918926239}, "indirect_gap_pbe": 0.20728345766682924, "bg_conv_lda": {"bg_conv_maxiter": 20, "bg_delta_kppa": 1500, "bg_delta_cutoff": 5, "bg_conv_thresh": 0.025, "bg_conv_steps": [[93, 3000, 0.0030121769929676205], [93, 6000, 0.003244700103199012]], "bg_conv_time": 282.67526483535767}, "indirect_gap_lda": 0.0030121111018507887, "gw_conv_pbe": {"gw_conv_thr": 0.025, "gw_bnd_start": 200, "gw_bnd_step": 100, "gw_cut_start": 4, "gw_cut_step": 4, "kpt_bnd_idx": {"@module": "numpy", "@class": "array", "dtype": "int64", "data": [1, 1, 44, 45]}, "gw_bands": 200, "gw_cutoff": 4, "w_conv_grid": [[200, 4, 0.373701], [300, 4, 0.32394700000000004], [400, 4, 0.307192], [400, 8, 0.201683], [400, 8, 0.201683], [400, 12, 0.20505400000000001], [400, 12, 0.20505400000000001], [500, 12, 0.18579400000000001], [500, 16, 0.19487], [500, 16, 0.19487]], "pwcutoff": 90, "w_conv_time": [13.07062816619873, 14.16986083984375, 14.96916127204895, 17.50437092781067, 17.506322383880615, 24.17126154899597, 24.173436880111694, 28.950111150741577, 47.4928994178772, 47.494972944259644], "w_ngw": 7, "w_z_factor": [{"@module": "numpy", "@class": "array", "dtype": "float64", "data": [[44.0, 0.78, -0.134407], [45.0, 0.81, -0.10989]]}, {"@module": "numpy", "@class": "array", "dtype": "float64", "data": [[44.0, 0.78, -0.132631], [45.0, 0.81, -0.108421]]}, {"@module": "numpy", "@class": "array", "dtype": "float64", "data": [[44.0, 0.78, -0.132588], [45.0, 0.81, -0.107444]]}, {"@module": "numpy", "@class": "array", "dtype": "float64", "data": [[44.0, 0.77, -0.133047], [45.0, 0.81, -0.108882]]}, {"@module": "numpy", "@class": "array", "dtype": "float64", "data": [[44.0, 0.77, -0.133219], [45.0, 0.81, -0.109014]]}, {"@module": "numpy", "@class": "array", "dtype": "float64", "data": [[44.0, 0.77, -0.134445], [45.0, 0.81, -0.108035]]}, {"@module": "numpy", "@class": "array", "dtype": "float64", "data": [[44.0, 0.77, -0.138762], [45.0, 0.81, -0.108185]]}], "gw_kppa": 1000, "gw_kpt_grid": {"@module": "numpy", "@class": "array", "dtype": "int64", "data": [6, 6, 6]}, "conv_list": [[{"kppa": 0}, {"kpt_grid": "1x1x1"}, {"num_kpts": 1}, {"X_bnds": 500.0}, {"G_bnds": 500.0}, {"X_cutoff": 16.0}, {"gamma_gap": 0.19487}, {"num_gw_calc": 7}, {"wall_time": 546}, {"num_cores": 8}, {"z-factor": "None"}], [{"kppa": 0}, {"kpt_grid": "1x1x1"}, {"num_kpts": 1}, {"X_bnds": 200}, {"G_bnds": 200}, {"X_cutoff": 4}, {"gamma_gap": 4}, {"num_gw_calc": 1}, {"wall_time": 14}, {"num_cores": 8}, {"z-factor": "None"}], [{"kppa": 10}, {"kpt_grid": "2x2x2"}, {"num_kpts": 1}, {"X_bnds": 200}, {"G_bnds": 200}, {"X_cutoff": 4}, {"gamma_gap": 0.675826}, {"num_gw_calc": 2}, {"wall_time": 61}, {"num_cores": 8}, {"z-factor": {"@module": "numpy", "@class": "array", "dtype": "float64", "data": [[44.0, 0.76, -0.161216], [45.0, 0.8, -0.138032]]}}], [{"kppa": 220}, {"kpt_grid": "4x4x4"}, {"num_kpts": 1}, {"X_bnds": 200}, {"G_bnds": 200}, {"X_cutoff": 4}, {"gamma_gap": 0.7273430000000001}, {"num_gw_calc": 3}, {"wall_time": 787}, {"num_cores": 8}, {"z-factor": {"@module": "numpy", "@class": "array", "dtype": "float64", "data": [[44.0, 0.76, -0.163441], [45.0, 0.8, -0.13849]]}}], [{"kppa": 1000}, {"kpt_grid": "6x6x6"}, {"num_kpts": 1}, {"X_bnds": 200}, {"G_bnds": 200}, {"X_cutoff": 4}, {"gamma_gap": 0.7495040000000001}, {"num_gw_calc": 4}, {"wall_time": 1878}, {"num_cores": 32}, {"z-factor": {"@module": "numpy", "@class": "array", "dtype": "float64", "data": [[44.0, 0.76, -0.162521], [45.0, 0.8, -0.136172]]}}]], "conv_time": 3269.139905691147}, "gw_band_range_pbe": [1, 51], "gw_conv_lda": {"gw_conv_thr": 0.025, "gw_bnd_start": 200, "gw_bnd_step": 100, "gw_cut_start": 4, "gw_cut_step": 4, "kpt_bnd_idx": {"@module": "numpy", "@class": "array", "dtype": "int64", "data": [1, 1, 64, 65]}, "gw_bands": 200, "gw_cutoff": 4, "w_conv_grid": [[200, 4, -0.319083052], [300, 4, -0.264685052], [400, 4, -0.239347052], [500, 4, -0.227176052], [500, 8, -0.112895052], [500, 8, -0.112895052], [500, 12, -0.09556905199999999], [500, 12, -0.09556905199999999], [600, 12, -0.07924105199999999], [600, 16, -0.063254052], [600, 16, -0.063254052], [700, 16, -0.05147505199999998], [700, 20, -0.033811051999999994], [700, 20, -0.033811051999999994], [800, 20, -0.021322051999999994], [800, 24, -0.006666051999999992], [800, 24, -0.006666051999999992], [900, 24, 0.004164948000000002], [900, 28, 0.017461948000000005], [900, 28, 0.017461948000000005]], "pwcutoff": 93, "w_conv_time": [13.324208498001099, 13.977617025375366, 15.769076585769653, 16.643589735031128, 20.379020929336548, 20.38053822517395, 30.030802488327026, 30.032194137573242, 32.959468126297, 58.63243341445923, 58.63433241844177, 66.94622087478638, 111.9056088924408, 111.90756750106812, 123.9208562374115, 202.59068894386292, 202.59281539916992, 225.42429780960083, 369.19592475891113, 369.1978988647461], "w_ngw": 14, "w_z_factor": [{"@module": "numpy", "@class": "array", "dtype": "float64", "data": [[64.0, 0.82, -0.10227], [65.0, 0.78, -0.113611]]}, {"@module": "numpy", "@class": "array", "dtype": "float64", "data": [[64.0, 0.82, -0.989586], [65.0, 0.78, -0.110903]]}, {"@module": "numpy", "@class": "array", "dtype": "float64", "data": [[64.0, 0.82, -0.993936], [65.0, 0.78, -0.979896]]}, {"@module": "numpy", "@class": "array", "dtype": "float64", "data": [[64.0, 0.82, -0.961967], [65.0, 0.78, -0.111608]]}, {"@module": "numpy", "@class": "array", "dtype": "float64", "data": [[64.0, 0.82, -0.971605], [65.0, 0.77, -0.120605]]}, {"@module": "numpy", "@class": "array", "dtype": "float64", "data": [[64.0, 0.81, -0.975989], [65.0, 0.77, -0.121182]]}, {"@module": "numpy", "@class": "array", "dtype": "float64", "data": [[64.0, 0.81, -0.991871], [65.0, 0.77, -0.109329]]}, {"@module": "numpy", "@class": "array", "dtype": "float64", "data": [[64.0, 0.81, -0.990789], [65.0, 0.77, -0.116486]]}, {"@module": "numpy", "@class": "array", "dtype": "float64", "data": [[64.0, 0.81, -0.980733], [65.0, 0.77, -0.103561]]}, {"@module": "numpy", "@class": "array", "dtype": "float64", "data": [[64.0, 0.81, -0.97752], [65.0, 0.77, -0.105639]]}, {"@module": "numpy", "@class": "array", "dtype": "float64", "data": [[64.0, 0.81, -0.983899], [65.0, 0.77, -0.115571]]}, {"@module": "numpy", "@class": "array", "dtype": "float64", "data": [[64.0, 0.81, -0.981949], [65.0, 0.77, -0.116761]]}, {"@module": "numpy", "@class": "array", "dtype": "float64", "data": [[64.0, 0.81, -0.980215], [65.0, 0.77, -0.106472]]}, {"@module": "numpy", "@class": "array", "dtype": "float64",