{"@module": "pymatgen.entries.computed_entries", "@class": "ComputedEntry", "energy": 0.0, "composition": {"Al": 2.0, "Cu": 2.0, "S": 4.0}, "entry_id": "42124", "correction": 0.0, "energy_adjustments": [], "parameters": {"id": "42124", "name": "AlCuS2", "ibrav": {"celldm(1)": 10.079043306862605, "ibrav": 7, "celldm(3)": 1.9581520923953808}, "vol": 1002.4768656656889, "lda_pw_cutoff_Ry": 76, "qe_conv_pbe": {"qe_conv_maxiter": 20, "qe_delta_kppa": 1500, "qe_delta_cutoff": 5, "qe_conv_thresh": 0.00029399460312357707, "qe_conv_steps": [[60, 1500, -544.6762560038312], [65, 1500, -544.7365846246051], [70, 1500, -544.7553871234297], [75, 1500, -544.7599831681925], [80, 1500, -544.7607379124393], [85, 1500, -544.7608186964854], [85, 3000, -544.7608195918752]], "qe_conv_time": 234.46435713768005}, "num_elec_pbe": 84.0, "max_mem": 61398.0, "qe_conv_lda": {"qe_conv_maxiter": 20, "qe_delta_kppa": 1500, "qe_delta_cutoff": 5, "qe_conv_thresh": 0.00029399460312357707, "qe_conv_steps": [[76, 1500, -428.1063520091121], [81, 1500, -428.1113368786187], [86, 1500, -428.1125112509296], [91, 1500, -428.1127039113352], [91, 3000, -428.112705378096]], "qe_conv_time": 151.84884643554688}, "num_elec_lda": 68.00000000000001, "bg_conv_pbe": {"bg_conv_maxiter": 20, "bg_delta_kppa": 1500, "bg_delta_cutoff": 5, "bg_conv_thresh": 0.025, "bg_conv_steps": [[85, 3000, 1.9053254592216335], [85, 6000, 1.9053479182025157]], "bg_conv_time": 144.20703887939453}, "indirect_gap_pbe": 1.9053254240475999, "bg_conv_lda": {"bg_conv_maxiter": 20, "bg_delta_kppa": 1500, "bg_delta_cutoff": 5, "bg_conv_thresh": 0.025, "bg_conv_steps": [[91, 3000, 1.7372169664733383], [91, 6000, 1.7371709986322346]], "bg_conv_time": 112.08408737182617}, "indirect_gap_lda": 1.7372171740433637, "gw_conv_pbe": {"gw_conv_thr": 0.025, "gw_bnd_start": 200, "gw_bnd_step": 100, "gw_cut_start": 4, "gw_cut_step": 4, "kpt_bnd_idx": {"@module": "numpy", "@class": "array", "dtype": "int64", "data": [1, 1, 42, 43]}, "gw_bands": 200, "gw_cutoff": 4, "w_conv_grid": [[200, 4, 2.454958], [300, 4, 2.4054539999999998], [400, 4, 2.39453], [400, 8, 2.1967290000000004], [400, 8, 2.1967290000000004], [400, 12, 2.1667620000000003], [400, 12, 2.1667620000000003], [400, 16, 2.158471], [400, 16, 2.158471], [500, 16, 2.137536], [500, 20, 2.132258], [500, 20, 2.132258], [600, 20, 2.1166470000000004], [600, 24, 2.114607], [600, 24, 2.114607]], "pwcutoff": 85, "w_conv_time": [12.813977479934692, 13.132199048995972, 13.35737919807434, 15.467092275619507, 15.468765020370483, 23.50877857208252, 23.511178731918335, 37.1014621257782, 37.10359168052673, 42.28332710266113, 70.6819486618042, 70.6841516494751, 81.02131533622742, 129.49464058876038, 129.4967920780182], "w_ngw": 10, "w_z_factor": [{"@module": "numpy", "@class": "array", "dtype": "float64", "data": [[42.0, 0.74, -0.178357], [43.0, 0.79, -0.150384]]}, {"@module": "numpy", "@class": "array", "dtype": "float64", "data": [[42.0, 0.74, -0.155004], [43.0, 0.79, -0.148158]]}, {"@module": "numpy", "@class": "array", "dtype": "float64", "data": [[42.0, 0.74, -0.172008], [43.0, 0.79, -0.147174]]}, {"@module": "numpy", "@class": "array", "dtype": "float64", "data": [[42.0, 0.73, -0.184711], [43.0, 0.79, -0.147199]]}, {"@module": "numpy", "@class": "array", "dtype": "float64", "data": [[42.0, 0.73, -0.17264], [43.0, 0.79, -0.147337]]}, {"@module": "numpy", "@class": "array", "dtype": "float64", "data": [[42.0, 0.73, -0.172106], [43.0, 0.79, -0.147313]]}, {"@module": "numpy", "@class": "array", "dtype": "float64", "data": [[42.0, 0.73, -0.169217], [43.0, 0.79, -0.146809]]}, {"@module": "numpy", "@class": "array", "dtype": "float64", "data": [[42.0, 0.73, -0.169103], [43.0, 0.79, -0.146782]]}, {"@module": "numpy", "@class": "array", "dtype": "float64", "data": [[42.0, 0.73, -0.168777], [43.0, 0.79, -0.146374]]}, {"@module": "numpy", "@class": "array", "dtype": "float64", "data": [[42.0, 0.73, -0.169749], [43.0, 0.79, -0.146356]]}], "gw_kppa": 1000, "gw_kpt_grid": {"@module": "numpy", "@class": "array", "dtype": "int64", "data": [6, 6, 6]}, "conv_list": [[{"kppa": 0}, {"kpt_grid": "1x1x1"}, {"num_kpts": 1}, {"X_bnds": 600.0}, {"G_bnds": 600.0}, {"X_cutoff": 24.0}, {"gamma_gap": 2.114607}, {"num_gw_calc": 10}, {"wall_time": 772}, {"num_cores": 8}, {"z-factor": "None"}], [{"kppa": 0}, {"kpt_grid": "1x1x1"}, {"num_kpts": 1}, {"X_bnds": 200}, {"G_bnds": 200}, {"X_cutoff": 4}, {"gamma_gap": 4}, {"num_gw_calc": 1}, {"wall_time": 13}, {"num_cores": 8}, {"z-factor": "None"}], [{"kppa": 10}, {"kpt_grid": "2x2x2"}, {"num_kpts": 1}, {"X_bnds": 200}, {"G_bnds": 200}, {"X_cutoff": 4}, {"gamma_gap": 3.06086}, {"num_gw_calc": 2}, {"wall_time": 76}, {"num_cores": 8}, {"z-factor": {"@module": "numpy", "@class": "array", "dtype": "float64", "data": [[42.0, 0.76, -0.164972], [43.0, 0.81, -0.129932]]}}], [{"kppa": 220}, {"kpt_grid": "4x4x4"}, {"num_kpts": 1}, {"X_bnds": 200}, {"G_bnds": 200}, {"X_cutoff": 4}, {"gamma_gap": 3.0978869999999996}, {"num_gw_calc": 3}, {"wall_time": 932}, {"num_cores": 8}, {"z-factor": {"@module": "numpy", "@class": "array", "dtype": "float64", "data": [[42.0, 0.76, -0.164765], [43.0, 0.81, -0.125708]]}}], [{"kppa": 1000}, {"kpt_grid": "6x6x6"}, {"num_kpts": 1}, {"X_bnds": 200}, {"G_bnds": 200}, {"X_cutoff": 4}, {"gamma_gap": 3.092054}, {"num_gw_calc": 4}, {"wall_time": 2091}, {"num_cores": 32}, {"z-factor": {"@module": "numpy", "@class": "array", "dtype": "float64", "data": [[42.0, 0.76, -0.16467], [43.0, 0.81, -0.125649]]}}]], "conv_time": 3867.3829402923584}, "gw_band_range_pbe": [1, 51], "gw_conv_lda": {"gw_conv_thr": 0.025, "gw_bnd_start": 200, "gw_bnd_step": 100, "gw_cut_start": 4, "gw_cut_step": 4, "kpt_bnd_idx": {"@module": "numpy", "@class": "array", "dtype": "int64", "data": [1, 1, 34, 35]}, "gw_bands": 200, "gw_cutoff": 4, "w_conv_grid": [[200, 4, 2.461638], [300, 4, 2.422844], [400, 4, 2.414268], [400, 8, 2.2388529999999998], [400, 8, 2.2388529999999998], [400, 12, 2.2101680000000004], [400, 12, 2.2101680000000004], [400, 16, 2.202991], [400, 16, 2.202991], [500, 16, 2.1862820000000003], [500, 20, 2.182152], [500, 20, 2.182152]], "pwcutoff": 91, "w_conv_time": [13.519507884979248, 15.266016721725464, 16.23834466934204, 17.753690719604492, 17.755754947662354, 26.03066897392273, 26.03239130973816, 37.887678146362305, 37.889328718185425, 42.59470272064209, 67.83496856689453, 67.83744716644287], "w_ngw": 8, "w_z_factor": [{"@module": "numpy", "@class": "array", "dtype": "float64", "data": [[34.0, 0.74, -0.179105], [35.0, 0.78, -0.154511]]}, {"@module": "numpy", "@class": "array", "dtype": "float64", "data": [[34.0, 0.74, -0.175894], [35.0, 0.79, -0.152395]]}, {"@module": "numpy", "@class": "array", "dtype": "float64", "data": [[34.0, 0.74, -0.186024], [35.0, 0.79, -0.150335]]}, {"@module": "numpy", "@class": "array", "dtype": "float64", "data": [[34.0, 0.73, -0.175471], [35.0, 0.78, -0.152019]]}, {"@module": "numpy", "@class": "array", "dtype": "float64", "data": [[34.0, 0.73, -0.178307], [35.0, 0.78, -0.152116]]}, {"@module": "numpy", "@class": "array", "dtype": "float64", "data": [[34.0, 0.73, -0.179435], [35.0, 0.78, -0.152083]]}, {"@module": "numpy", "@class": "array", "dtype": "float64", "data": [[34.0, 0.73, -0.174551], [35.0, 0.78, -0.151562]]}, {"@module": "numpy", "@class": "array", "dtype": "float64", "data": [[34.0, 0.73, -0.17527], [35.0, 0.78, -0.151533]]}], "gw_kppa": 1000, "gw_kpt_grid": {"@module": "numpy", "@class": "array", "dtype": "int64", "data": [6, 6, 6]},