{"@module": "pymatgen.entries.computed_entries", "@class": "ComputedEntry", "energy": 0.0, "composition": {"B": 12.0}, "entry_id": "431643", "correction": 0.0, "energy_adjustments": [], "parameters": {"id": "431643", "name": "B", "ibrav": {"celldm(1)": 9.08861817299637, "ibrav": 5, "celldm(4)": 0.5325512877185395}, "vol": 504.31090254847663, "lda_pw_cutoff_Ry": 68, "qe_conv_pbe": {"qe_conv_maxiter": 20, "qe_delta_kppa": 1500, "qe_delta_cutoff": 5, "qe_conv_thresh": 0.00044099190468536564, "qe_conv_steps": [[60, 1500, -33.98318124828979], [65, 1500, -33.98325190926357], [65, 3000, -33.98366663139567]], "qe_conv_time": 19.09016251564026}, "num_elec_pbe": 36.0, "max_mem": 88619.0, "qe_conv_lda": {"qe_conv_maxiter": 20, "qe_delta_kppa": 1500, "qe_delta_cutoff": 5, "qe_conv_thresh": 0.00044099190468536564, "qe_conv_steps": [[68, 1500, -35.46663146599949], [73, 1500, -35.46746008397805], [78, 1500, -35.46783453696313], [78, 3000, -35.46824374677329]], "qe_conv_time": 23.597421884536743}, "num_elec_lda": 36.0, "bg_conv_pbe": {"bg_conv_maxiter": 20, "bg_delta_kppa": 1500, "bg_delta_cutoff": 5, "bg_conv_thresh": 0.025, "bg_conv_steps": [[65, 3000, 1.0237251119010724], [65, 4500, 1.010518631136305]], "bg_conv_time": 15.806922197341919}, "indirect_gap_pbe": 1.0104312154629351, "bg_conv_lda": {"bg_conv_maxiter": 20, "bg_delta_kppa": 1500, "bg_delta_cutoff": 5, "bg_conv_thresh": 0.025, "bg_conv_steps": [[78, 3000, 0.9467352535216205], [78, 4500, 0.9327267259175019]], "bg_conv_time": 18.48400044441223}, "indirect_gap_lda": 0.9325967214823514, "gw_conv_pbe": {"gw_conv_thr": 0.025, "gw_bnd_start": 200, "gw_bnd_step": 100, "gw_cut_start": 4, "gw_cut_step": 4, "kpt_bnd_idx": {"@module": "numpy", "@class": "array", "dtype": "int64", "data": [1, 1, 18, 19]}, "gw_bands": 200, "gw_cutoff": 4, "w_conv_grid": [[200, 4, 1.9770279999999998], [300, 4, 1.977119], [300, 8, 2.124546], [300, 8, 2.124546], [300, 12, 2.196662], [300, 12, 2.196662], [300, 16, 2.2191159999999996], [300, 16, 2.2191159999999996], [400, 16, 2.224551], [400, 20, 2.230874], [400, 20, 2.230874]], "pwcutoff": 65, "w_conv_time": [10.781277179718018, 10.870699644088745, 10.71427583694458, 10.716127157211304, 12.017946004867554, 12.020168542861938, 14.195152997970581, 14.197434425354004, 14.229879379272461, 16.788013696670532, 16.789937019348145], "w_ngw": 7, "w_z_factor": [{"@module": "numpy", "@class": "array", "dtype": "float64", "data": [[18.0, 0.81, -0.109384], [19.0, 0.81, -0.110633]]}, {"@module": "numpy", "@class": "array", "dtype": "float64", "data": [[18.0, 0.81, -0.109192], [19.0, 0.81, -0.110366]]}, {"@module": "numpy", "@class": "array", "dtype": "float64", "data": [[18.0, 0.8, -0.111143], [19.0, 0.81, -0.110555]]}, {"@module": "numpy", "@class": "array", "dtype": "float64", "data": [[18.0, 0.8, -0.110379], [19.0, 0.8, -0.110864]]}, {"@module": "numpy", "@class": "array", "dtype": "float64", "data": [[18.0, 0.8, -0.11047], [19.0, 0.8, -0.110398]]}, {"@module": "numpy", "@class": "array", "dtype": "float64", "data": [[18.0, 0.8, -0.110247], [19.0, 0.8, -0.110439]]}, {"@module": "numpy", "@class": "array", "dtype": "float64", "data": [[18.0, 0.8, -0.109826], [19.0, 0.8, -0.111811]]}], "gw_kppa": 1510, "gw_kpt_grid": {"@module": "numpy", "@class": "array", "dtype": "int64", "data": [6, 6, 6]}, "conv_list": [[{"kppa": 0}, {"kpt_grid": "1x1x1"}, {"num_kpts": 1}, {"X_bnds": 400.0}, {"G_bnds": 400.0}, {"X_cutoff": 20.0}, {"gamma_gap": 2.230874}, {"num_gw_calc": 7}, {"wall_time": 171}, {"num_cores": 8}, {"z-factor": "None"}], [{"kppa": 0}, {"kpt_grid": "1x1x1"}, {"num_kpts": 1}, {"X_bnds": 200}, {"G_bnds": 200}, {"X_cutoff": 4}, {"gamma_gap": 8}, {"num_gw_calc": 1}, {"wall_time": 11}, {"num_cores": 8}, {"z-factor": "None"}], [{"kppa": 10}, {"kpt_grid": "2x2x2"}, {"num_kpts": 1}, {"X_bnds": 200}, {"G_bnds": 200}, {"X_cutoff": 4}, {"gamma_gap": 1.7755230000000002}, {"num_gw_calc": 2}, {"wall_time": 23}, {"num_cores": 8}, {"z-factor": {"@module": "numpy", "@class": "array", "dtype": "float64", "data": [[18.0, 0.81, -0.993867], [19.0, 0.82, -0.945075]]}}], [{"kppa": 330}, {"kpt_grid": "4x4x4"}, {"num_kpts": 1}, {"X_bnds": 200}, {"G_bnds": 200}, {"X_cutoff": 4}, {"gamma_gap": 1.80557}, {"num_gw_calc": 3}, {"wall_time": 112}, {"num_cores": 8}, {"z-factor": {"@module": "numpy", "@class": "array", "dtype": "float64", "data": [[18.0, 0.82, -0.964722], [19.0, 0.83, -0.929111]]}}], [{"kppa": 1510}, {"kpt_grid": "6x6x6"}, {"num_kpts": 1}, {"X_bnds": 200}, {"G_bnds": 200}, {"X_cutoff": 4}, {"gamma_gap": 1.8111439999999996}, {"num_gw_calc": 4}, {"wall_time": 201}, {"num_cores": 32}, {"z-factor": {"@module": "numpy", "@class": "array", "dtype": "float64", "data": [[18.0, 0.82, -0.959802], [19.0, 0.82, -0.935758]]}}]], "conv_time": 504.77532172203064}, "gw_band_range_pbe": [1, 23], "gw_conv_lda": {"gw_conv_thr": 0.025, "gw_bnd_start": 200, "gw_bnd_step": 100, "gw_cut_start": 4, "gw_cut_step": 4, "kpt_bnd_idx": {"@module": "numpy", "@class": "array", "dtype": "int64", "data": [1, 1, 18, 19]}, "gw_bands": 200, "gw_cutoff": 4, "w_conv_grid": [[200, 4, 2.020481], [300, 4, 2.020661], [300, 8, 2.1759139999999997], [300, 8, 2.1759139999999997], [300, 12, 2.246754], [300, 12, 2.246754], [300, 16, 2.268545], [300, 16, 2.268545], [400, 16, 2.274521], [400, 20, 2.280795], [400, 20, 2.280795]], "pwcutoff": 78, "w_conv_time": [10.775241613388062, 10.327905178070068, 11.341411828994751, 11.343169212341309, 12.20457911491394, 12.206090927124023, 13.798610210418701, 13.800986766815186, 14.274247884750366, 16.831115007400513, 16.83299422264099], "w_ngw": 7, "w_z_factor": [{"@module": "numpy", "@class": "array", "dtype": "float64", "data": [[18.0, 0.8, -0.109188], [19.0, 0.81, -0.110646]]}, {"@module": "numpy", "@class": "array", "dtype": "float64", "data": [[18.0, 0.8, -0.117398], [19.0, 0.81, -0.114309]]}, {"@module": "numpy", "@class": "array", "dtype": "float64", "data": [[18.0, 0.8, -0.110093], [19.0, 0.8, -0.110354]]}, {"@module": "numpy", "@class": "array", "dtype": "float64", "data": [[18.0, 0.8, -0.109985], [19.0, 0.8, -0.110953]]}, {"@module": "numpy", "@class": "array", "dtype": "float64", "data": [[18.0, 0.8, -0.110162], [19.0, 0.8, -0.110961]]}, {"@module": "numpy", "@class": "array", "dtype": "float64", "data": [[18.0, 0.8, -0.111277], [19.0, 0.8, -0.11095]]}, {"@module": "numpy", "@class": "array", "dtype": "float64", "data": [[18.0, 0.8, -0.111743], [19.0, 0.8, -0.110639]]}], "gw_kppa": 1510, "gw_kpt_grid": {"@module": "numpy", "@class": "array", "dtype": "int64", "data": [6, 6, 6]}, "conv_list": [[{"kppa": 0}, {"kpt_grid": "1x1x1"}, {"num_kpts": 1}, {"X_bnds": 400.0}, {"G_bnds": 400.0}, {"X_cutoff": 20.0}, {"gamma_gap": 2.280795}, {"num_gw_calc": 7}, {"wall_time": 225}, {"num_cores": 8}, {"z-factor": "None"}], [{"kppa": 0}, {"kpt_grid": "1x1x1"}, {"num_kpts": 1}, {"X_bnds": 200}, {"G_bnds": 200}, {"X_cutoff": 4}, {"gamma_gap": 8}, {"num_gw_calc": 1}, {"wall_time": 11}, {"num_cores": 8}, {"z-factor": "None"}], [{"kppa": 10}, {"kpt_grid": "2x2x2"}, {"num_kpts": 1}, {"X_bnds": 200}, {"G_bnds": 200}, {"X_cutoff": 4}, {"gamma_gap": 1.8036290000000001}, {"num_gw_calc": 2}, {"wall_time": 26}, {"num_cores": 8}, {"z-factor": {"@module": "numpy", "@class": "array", "dtype": "float64", "data": [[18.0, 0.81, -0.993197], [19.0, 0.82, -0.952402]]}}], [{"kppa": 330}, {"kpt_grid": "4x4x4"}, {"num_kpts": 1}, {"X_bnds": 200}, {"G_bnds": 200}, {"X_cutoff": 4}, {"gamma_gap": 1.830592}, {"num_gw_calc": 3}, {"wall_time": 172}, {"num_cores": 8}, {"z-factor": {"@module": "numpy", "@class": "array", "dtype": "float64", "data": [[18.0, 0.82, -0.966353], [19.0, 0.82, -0.935086]]}}], [{"kppa": 1510}, {"kpt_grid": "6x6x6"}, {"num_kpts": 1}, {"X_bnds": 200}, {"G_bnds": 200}, {"X_cutoff": 4}, {"gamma_gap": 1.836275}, {"num_gw_calc": 4}, {"wall_time": 335}, {"num_cores": 32}, {"z-factor": {"@module": "numpy", "@class": "array", "dtype": "float64", "data": [[18.0, 0.82, -0.963568], [19.0, 0.82, -0.938466]]}}]], "conv_time": 756.8538656234741},