{"@module": "pymatgen.entries.computed_entries", "@class": "ComputedEntry", "energy": 0.0, "composition": {"Xe": 1.0}, "entry_id": "43428", "correction": 0.0, "energy_adjustments": [], "parameters": {"id": "43428", "name": "Xe", "ibrav": {"celldm(1)": 11.58723373419256, "ibrav": 2}, "vol": 388.9370458391808, "lda_pw_cutoff_Ry": 58, "qe_conv_pbe": {"qe_conv_maxiter": 20, "qe_delta_kppa": 1500, "qe_delta_cutoff": 5, "qe_conv_thresh": 3.6749325390447134e-05, "qe_conv_steps": [[60, 1500, -115.8969902587295], [65, 1500, -115.8969918165632], [65, 3000, -115.8969918147894]], "qe_conv_time": 21.860137701034546}, "num_elec_pbe": 18.0, "max_mem": 33986.0, "qe_conv_lda": {"qe_conv_maxiter": 20, "qe_delta_kppa": 1500, "qe_delta_cutoff": 5, "qe_conv_thresh": 3.6749325390447134e-05, "qe_conv_steps": [[58, 1500, -18.80255016111334], [63, 1500, -18.80264506056042], [68, 1500, -18.80267511149551], [68, 3000, -18.80267509493186]], "qe_conv_time": 19.33837652206421}, "num_elec_lda": 8.0, "bg_conv_pbe": {"bg_conv_maxiter": 20, "bg_delta_kppa": 1500, "bg_delta_cutoff": 5, "bg_conv_thresh": 0.025, "bg_conv_steps": [[65, 3000, 6.23612904665051], [65, 4500, 6.2361253120888565]], "bg_conv_time": 16.86326265335083}, "indirect_gap_pbe": 6.236125063034334, "bg_conv_lda": {"bg_conv_maxiter": 20, "bg_delta_kppa": 1500, "bg_delta_cutoff": 5, "bg_conv_thresh": 0.025, "bg_conv_steps": [[68, 3000, 5.777761198592186], [68, 4500, 5.7777557883258055]], "bg_conv_time": 12.2509925365448}, "indirect_gap_lda": 5.777755932210128, "gw_conv_pbe": {"gw_conv_thr": 0.025, "gw_bnd_start": 200, "gw_bnd_step": 100, "gw_cut_start": 4, "gw_cut_step": 4, "kpt_bnd_idx": {"@module": "numpy", "@class": "array", "dtype": "int64", "data": [1, 1, 9, 10]}, "gw_bands": 200, "gw_cutoff": 4, "w_conv_grid": [[200, 4, 8.227067], [300, 4, 8.226487], [300, 8, 8.448697000000001], [300, 8, 8.448697000000001], [300, 12, 8.526052], [300, 12, 8.526052], [300, 16, 8.55368], [300, 16, 8.55368], [300, 20, 8.564188], [300, 20, 8.564188], [400, 20, 8.57822], [400, 24, 8.581447], [400, 24, 8.581447]], "pwcutoff": 65, "w_conv_time": [12.669798135757446, 12.696182250976562, 12.778342008590698, 12.779258251190186, 12.405667781829834, 12.40641450881958, 12.478482961654663, 12.479921340942383, 13.856817245483398, 13.857795000076294, 16.2203426361084, 17.897030353546143, 17.89876437187195], "w_ngw": 8, "w_z_factor": [{"@module": "numpy", "@class": "array", "dtype": "float64", "data": [[9.0, 0.81, -0.136663], [10.0, 0.83, -0.135553]]}, {"@module": "numpy", "@class": "array", "dtype": "float64", "data": [[9.0, 0.81, -0.136439], [10.0, 0.83, -0.135418]]}, {"@module": "numpy", "@class": "array", "dtype": "float64", "data": [[9.0, 0.81, -0.136247], [10.0, 0.83, -0.134315]]}, {"@module": "numpy", "@class": "array", "dtype": "float64", "data": [[9.0, 0.81, -0.136907], [10.0, 0.83, -0.134441]]}, {"@module": "numpy", "@class": "array", "dtype": "float64", "data": [[9.0, 0.81, -0.137394], [10.0, 0.83, -0.134653]]}, {"@module": "numpy", "@class": "array", "dtype": "float64", "data": [[9.0, 0.81, -0.136748], [10.0, 0.83, -0.134442]]}, {"@module": "numpy", "@class": "array", "dtype": "float64", "data": [[9.0, 0.81, -0.140859], [10.0, 0.83, -0.133716]]}, {"@module": "numpy", "@class": "array", "dtype": "float64", "data": [[9.0, 0.81, -0.139972], [10.0, 0.83, -0.133878]]}], "gw_kppa": 130, "gw_kpt_grid": {"@module": "numpy", "@class": "array", "dtype": "int64", "data": [6, 6, 6]}, "conv_list": [[{"kppa": 0}, {"kpt_grid": "1x1x1"}, {"num_kpts": 1}, {"X_bnds": 400.0}, {"G_bnds": 400.0}, {"X_cutoff": 24.0}, {"gamma_gap": 8.581447}, {"num_gw_calc": 8}, {"wall_time": 215}, {"num_cores": 8}, {"z-factor": "None"}], [{"kppa": 0}, {"kpt_grid": "1x1x1"}, {"num_kpts": 1}, {"X_bnds": 200}, {"G_bnds": 200}, {"X_cutoff": 4}, {"gamma_gap": 8}, {"num_gw_calc": 1}, {"wall_time": 13}, {"num_cores": 8}, {"z-factor": "None"}], [{"kppa": 10}, {"kpt_grid": "2x2x2"}, {"num_kpts": 1}, {"X_bnds": 200}, {"G_bnds": 200}, {"X_cutoff": 4}, {"gamma_gap": 9.832991}, {"num_gw_calc": 2}, {"wall_time": 19}, {"num_cores": 8}, {"z-factor": {"@module": "numpy", "@class": "array", "dtype": "float64", "data": [[9.0, 0.85, -0.112375], [10.0, 0.88, -0.942074]]}}], [{"kppa": 30}, {"kpt_grid": "4x4x4"}, {"num_kpts": 1}, {"X_bnds": 200}, {"G_bnds": 200}, {"X_cutoff": 4}, {"gamma_gap": 9.923923}, {"num_gw_calc": 3}, {"wall_time": 42}, {"num_cores": 8}, {"z-factor": {"@module": "numpy", "@class": "array", "dtype": "float64", "data": [[9.0, 0.86, -0.101159], [10.0, 0.88, -0.859332]]}}], [{"kppa": 130}, {"kpt_grid": "6x6x6"}, {"num_kpts": 1}, {"X_bnds": 200}, {"G_bnds": 200}, {"X_cutoff": 4}, {"gamma_gap": 9.926737}, {"num_gw_calc": 4}, {"wall_time": 151}, {"num_cores": 8}, {"z-factor": {"@module": "numpy", "@class": "array", "dtype": "float64", "data": [[9.0, 0.86, -0.101659], [10.0, 0.88, -0.859877]]}}]], "conv_time": 424.96640253067017}, "gw_band_range_pbe": [1, 12], "gw_conv_lda": {"gw_conv_thr": 0.025, "gw_bnd_start": 200, "gw_bnd_step": 100, "gw_cut_start": 4, "gw_cut_step": 4, "kpt_bnd_idx": {"@module": "numpy", "@class": "array", "dtype": "int64", "data": [1, 1, 4, 5]}, "gw_bands": 200, "gw_cutoff": 4, "w_conv_grid": [[200, 4, 6.670507], [300, 4, 6.671234999999999], [300, 8, 6.919028999999999], [300, 8, 6.919028999999999], [300, 12, 6.992482], [300, 12, 6.992482], [300, 16, 7.017366], [300, 16, 7.017366], [400, 16, 7.028803], [400, 20, 7.042108], [400, 20, 7.042108]], "pwcutoff": 68, "w_conv_time": [12.590027093887329, 12.260008573532104, 12.281375646591187, 12.283154010772705, 11.458961486816406, 11.460739374160767, 13.799756050109863, 13.801568031311035, 14.030665874481201, 15.234505653381348, 15.236384153366089], "w_ngw": 7, "w_z_factor": [{"@module": "numpy", "@class": "array", "dtype": "float64", "data": [[4.0, 0.8, -0.13488], [5.0, 0.82, -0.144524]]}, {"@module": "numpy", "@class": "array", "dtype": "float64", "data": [[4.0, 0.8, -0.130942], [5.0, 0.83, -0.144431]]}, {"@module": "numpy", "@class": "array", "dtype": "float64", "data": [[4.0, 0.8, -0.130019], [5.0, 0.83, -0.143788]]}, {"@module": "numpy", "@class": "array", "dtype": "float64", "data": [[4.0, 0.8, -0.124261], [5.0, 0.82, -0.147765]]}, {"@module": "numpy", "@class": "array", "dtype": "float64", "data": [[4.0, 0.8, -0.130252], [5.0, 0.82, -0.143184]]}, {"@module": "numpy", "@class": "array", "dtype": "float64", "data": [[4.0, 0.8, -0.71228], [5.0, 0.82, -0.143333]]}, {"@module": "numpy", "@class": "array", "dtype": "float64", "data": [[4.0, 0.8, -0.929188], [5.0, 0.82, -0.143724]]}], "gw_kppa": 130, "gw_kpt_grid": {"@module": "numpy", "@class": "array", "dtype": "int64", "data": [6, 6, 6]}, "conv_list": [[{"kppa": 0}, {"kpt_grid": "1x1x1"}, {"num_kpts": 1}, {"X_bnds": 400.0}, {"G_bnds": 400.0}, {"X_cutoff": 20.0}, {"gamma_gap": 7.042108}, {"num_gw_calc": 7}, {"wall_time": 166}, {"num_cores": 8}, {"z-factor": "None"}], [{"kppa": 0}, {"kpt_grid": "1x1x1"}, {"num_kpts": 1}, {"X_bnds": 200}, {"G_bnds": 200}, {"X_cutoff": 4}, {"gamma_gap": 8}, {"num_gw_calc": 1}, {"wall_time": 13}, {"num_cores": 8}, {"z-factor": "None"}], [{"kppa": 10}, {"kpt_grid": "2x2x2"}, {"num_kpts": 1}, {"X_bnds": 200}, {"G_bnds": 200}, {"X_cutoff": 4}, {"gamma_gap": 8.709507}, {"num_gw_calc": 2}, {"wall_time": 19}, {"num_cores": 8}, {"z-factor": {"@module": "numpy", "@class": "array", "dtype": "float64", "data": [[4.0, 0.84, -0.102613], [5.0, 0.87, -0.107963]]}}], [{"kppa": 30}, {"kpt_grid": "4x4x4"}, {"num_kpts": 1}, {"X_bnds": 200}, {"G_bnds": 200}, {"X_cutoff": 4}, {"gamma_gap": 8.804619}, {"num_gw_calc": 3}, {"wall_time": 34}, {"num_cores": 8}, {"z-factor": {"@module": "numpy", "@class": "array", "dtype": "float64", "data": [[4.0, 0.84, -0.118534], [5.0, 0.88, -0.930403]]}}], [{"kppa": 130}, {"kpt_grid": "6x6x6"}, {"num_kpts": 1}, {"X_bnds": 200}, {"G_bnds": 200}, {"X_cutoff": 4}, {"gamma_gap": 8.801008}, {"num_gw_calc": 4}, {"wall_time": 91}, {"num_cores": 8}, {"z-factor": {"@module": "numpy", "@class": "array", "dtype": "float64",