{"@module": "pymatgen.entries.computed_entries", "@class": "ComputedEntry", "energy": 0.0, "composition": {"Ne": 1.0}, "entry_id": "43427", "correction": 0.0, "energy_adjustments": [], "parameters": {"id": "43427", "name": "Ne", "ibrav": {"celldm(1)": 8.43233595393024, "ibrav": 2}, "vol": 149.8938145023936, "lda_pw_cutoff_Ry": 88, "qe_conv_pbe": {"qe_conv_maxiter": 20, "qe_delta_kppa": 1500, "qe_delta_cutoff": 5, "qe_conv_thresh": 3.6749325390447134e-05, "qe_conv_steps": [[60, 1500, -30.68074469086106], [65, 1500, -30.68074470439007], [65, 3000, -30.68074470445619]], "qe_conv_time": 12.930075883865356}, "num_elec_pbe": 8.0, "max_mem": 24653.0, "qe_conv_lda": {"qe_conv_maxiter": 20, "qe_delta_kppa": 1500, "qe_delta_cutoff": 5, "qe_conv_thresh": 3.6749325390447134e-05, "qe_conv_steps": [[88, 1500, -33.38536189892872], [93, 1500, -33.38536180513326], [93, 3000, -33.38536180393882]], "qe_conv_time": 14.059401035308838}, "num_elec_lda": 8.0, "bg_conv_pbe": {"bg_conv_maxiter": 20, "bg_delta_kppa": 1500, "bg_delta_cutoff": 5, "bg_conv_thresh": 0.025, "bg_conv_steps": [[65, 3000, 11.588821066603177], [65, 4500, 11.588716694545594]], "bg_conv_time": 8.98198938369751}, "indirect_gap_pbe": 11.588700959875833, "bg_conv_lda": {"bg_conv_maxiter": 20, "bg_delta_kppa": 1500, "bg_delta_cutoff": 5, "bg_conv_thresh": 0.025, "bg_conv_steps": [[93, 3000, 11.405593052764354], [93, 4500, 11.405613670439957]], "bg_conv_time": 9.76400375366211}, "indirect_gap_lda": 11.405623717305335, "gw_conv_pbe": {"gw_conv_thr": 0.025, "gw_bnd_start": 200, "gw_bnd_step": 100, "gw_cut_start": 4, "gw_cut_step": 4, "kpt_bnd_idx": {"@module": "numpy", "@class": "array", "dtype": "int64", "data": [1, 1, 4, 5]}, "gw_bands": 200, "gw_cutoff": 4, "w_conv_grid": [[200, 4, 18.361354000000002], [300, 4, 18.36261], [300, 8, 18.276615], [300, 8, 18.276615], [300, 12, 18.410209], [300, 12, 18.410209], [300, 16, 18.458043], [300, 16, 18.458043], [300, 20, 18.519419], [300, 20, 18.519419], [300, 24, 18.538085000000002], [300, 24, 18.538085000000002], [400, 24, 18.542322000000002], [400, 28, 18.557471], [400, 28, 18.557471]], "pwcutoff": 86, "w_conv_time": [11.812873840332031, 11.796644926071167, 12.041561126708984, 12.04290246963501, 11.981470823287964, 11.983023166656494, 11.875746250152588, 11.877263069152832, 12.16348648071289, 12.164902448654175, 12.455160140991211, 12.456429481506348, 12.662594079971313, 12.874677658081055, 12.875979661941528], "w_ngw": 9, "w_z_factor": [{"@module": "numpy", "@class": "array", "dtype": "float64", "data": [[4.0, 0.9, -0.656053], [5.0, 0.92, -0.586789]]}, {"@module": "numpy", "@class": "array", "dtype": "float64", "data": [[4.0, 0.9, -0.614023], [5.0, 0.92, -0.586751]]}, {"@module": "numpy", "@class": "array", "dtype": "float64", "data": [[4.0, 0.89, -0.733337], [5.0, 0.92, -0.585306]]}, {"@module": "numpy", "@class": "array", "dtype": "float64", "data": [[4.0, 0.89, -0.616413], [5.0, 0.92, -0.576345]]}, {"@module": "numpy", "@class": "array", "dtype": "float64", "data": [[4.0, 0.89, -0.619252], [5.0, 0.92, -0.572821]]}, {"@module": "numpy", "@class": "array", "dtype": "float64", "data": [[4.0, 0.89, -0.623501], [5.0, 0.92, -0.568988]]}, {"@module": "numpy", "@class": "array", "dtype": "float64", "data": [[4.0, 0.89, -0.62941], [5.0, 0.92, -0.568525]]}, {"@module": "numpy", "@class": "array", "dtype": "float64", "data": [[4.0, 0.89, -0.611748], [5.0, 0.92, -0.568952]]}, {"@module": "numpy", "@class": "array", "dtype": "float64", "data": [[4.0, 0.89, -0.60993], [5.0, 0.92, -0.568509]]}], "gw_kppa": 30, "gw_kpt_grid": {"@module": "numpy", "@class": "array", "dtype": "int64", "data": [4, 4, 4]}, "conv_list": [[{"kppa": 0}, {"kpt_grid": "1x1x1"}, {"num_kpts": 1}, {"X_bnds": 400.0}, {"G_bnds": 400.0}, {"X_cutoff": 28.0}, {"gamma_gap": 18.557471}, {"num_gw_calc": 9}, {"wall_time": 150}, {"num_cores": 8}, {"z-factor": "None"}], [{"kppa": 0}, {"kpt_grid": "1x1x1"}, {"num_kpts": 1}, {"X_bnds": 200}, {"G_bnds": 200}, {"X_cutoff": 4}, {"gamma_gap": 8}, {"num_gw_calc": 1}, {"wall_time": 12}, {"num_cores": 8}, {"z-factor": "None"}], [{"kppa": 10}, {"kpt_grid": "2x2x2"}, {"num_kpts": 1}, {"X_bnds": 200}, {"G_bnds": 200}, {"X_cutoff": 4}, {"gamma_gap": 19.540350000000004}, {"num_gw_calc": 2}, {"wall_time": 17}, {"num_cores": 8}, {"z-factor": {"@module": "numpy", "@class": "array", "dtype": "float64", "data": [[4.0, 0.93, -0.418643], [5.0, 0.96, -0.209342]]}}], [{"kppa": 30}, {"kpt_grid": "4x4x4"}, {"num_kpts": 1}, {"X_bnds": 200}, {"G_bnds": 200}, {"X_cutoff": 4}, {"gamma_gap": 19.523615}, {"num_gw_calc": 3}, {"wall_time": 41}, {"num_cores": 8}, {"z-factor": {"@module": "numpy", "@class": "array", "dtype": "float64", "data": [[4.0, 0.92, -0.446529], [5.0, 0.96, -0.198822]]}}]], "conv_time": 206.04539036750793}, "gw_band_range_pbe": [1, 6], "gw_conv_lda": {"gw_conv_thr": 0.025, "gw_bnd_start": 200, "gw_bnd_step": 100, "gw_cut_start": 4, "gw_cut_step": 4, "kpt_bnd_idx": {"@module": "numpy", "@class": "array", "dtype": "int64", "data": [1, 1, 4, 5]}, "gw_bands": 200, "gw_cutoff": 4, "w_conv_grid": [[200, 4, 19.235076], [300, 4, 19.233387999999998], [300, 8, 18.893459], [300, 8, 18.893459], [300, 12, 18.934734], [300, 12, 18.934734], [300, 16, 18.972996], [300, 16, 18.972996], [300, 20, 19.041724000000002], [300, 20, 19.041724000000002], [300, 24, 19.060529], [300, 24, 19.060529], [400, 24, 19.065236], [400, 28, 19.080268999999998], [400, 28, 19.080268999999998]], "pwcutoff": 93, "w_conv_time": [11.978677988052368, 11.683887004852295, 11.651643514633179, 11.652900218963623, 11.672914743423462, 11.67371654510498, 11.822296380996704, 11.823065280914307, 12.203968286514282, 12.204765558242798, 12.308600425720215, 12.309505939483643, 12.636196851730347, 12.899193525314331, 12.900437116622925], "w_ngw": 9, "w_z_factor": [{"@module": "numpy", "@class": "array", "dtype": "float64", "data": [[4.0, 0.9, -0.596617], [5.0, 0.93, -0.534357]]}, {"@module": "numpy", "@class": "array", "dtype": "float64", "data": [[4.0, 0.9, -0.599837], [5.0, 0.93, -0.534057]]}, {"@module": "numpy", "@class": "array", "dtype": "float64", "data": [[4.0, 0.89, -0.618251], [5.0, 0.92, -0.535546]]}, {"@module": "numpy", "@class": "array", "dtype": "float64", "data": [[4.0, 0.88, -0.605942], [5.0, 0.92, -0.525777]]}, {"@module": "numpy", "@class": "array", "dtype": "float64", "data": [[4.0, 0.88, -0.645972], [5.0, 0.93, -0.52189]]}, {"@module": "numpy", "@class": "array", "dtype": "float64", "data": [[4.0, 0.88, -0.614494], [5.0, 0.93, -0.51831]]}, {"@module": "numpy", "@class": "array", "dtype": "float64", "data": [[4.0, 0.88, -0.634771], [5.0, 0.93, -0.516564]]}, {"@module": "numpy", "@class": "array", "dtype": "float64", "data": [[4.0, 0.88, -0.571035], [5.0, 0.93, -0.517865]]}, {"@module": "numpy", "@class": "array", "dtype": "float64", "data": [[4.0, 0.88, -0.570948], [5.0, 0.93, -0.517424]]}], "gw_kppa": 130, "gw_kpt_grid": {"@module": "numpy", "@class": "array", "dtype": "int64", "data": [6, 6, 6]}, "conv_list": [[{"kppa": 0}, {"kpt_grid": "1x1x1"}, {"num_kpts": 1}, {"X_bnds": 400.0}, {"G_bnds": 400.0}, {"X_cutoff": 28.0}, {"gamma_gap": 19.080268999999998}, {"num_gw_calc": 9}, {"wall_time": 151}, {"num_cores": 8}, {"z-factor": "None"}], [{"kppa": 0}, {"kpt_grid": "1x1x1"}, {"num_kpts": 1}, {"X_bnds": 200}, {"G_bnds": 200}, {"X_cutoff": 4}, {"gamma_gap": 8}, {"num_gw_calc": 1}, {"wall_time": 12}, {"num_cores": 8}, {"z-factor": "None"}], [{"kppa": 10}, {"kpt_grid": "2x2x2"}, {"num_kpts": 1}, {"X_bnds": 200}, {"G_bnds": 200}, {"X_cutoff": 4}, {"gamma_gap": 20.518552}, {"num_gw_calc": 2}, {"wall_time": 17}, {"num_cores": 8}, {"z-factor": {"@module": "numpy", "@class": "array", "dtype": "float64", "data": [[4.0, 0.91, -0.491249], [5.0, 0.96, -0.218706]]}}], [{"kppa": 30}, {"kpt_grid": "4x4x4"}, {"num_kpts": 1}, {"X_bnds": 200}, {"G_bnds": 200}, {"X_cutoff": 4}, {"gamma_gap": 20.442614}, {"num_gw_calc": 3}, {"wall_time": 29}, {"num_cores": 8}, {"z-factor": {"@module": "numpy", "@class": "array", "dtype": "float64",