{"@module": "pymatgen.entries.computed_entries", "@class": "ComputedEntry", "energy": 0.0, "composition": {"Sn": 1.0, "Se": 2.0}, "entry_id": "43594", "correction": 0.0, "energy_adjustments": [], "parameters": {"id": "43594", "name": "SnSe2", "ibrav": {"celldm(1)": 7.201746295645229, "ibrav": 4, "celldm(3)": 1.6103384938336394}, "vol": 520.9082790236732, "lda_pw_cutoff_Ry": 78, "qe_conv_pbe": {"qe_conv_maxiter": 20, "qe_delta_kppa": 1500, "qe_delta_cutoff": 5, "qe_conv_thresh": 0.00011024797617134141, "qe_conv_steps": [[60, 1500, -79.26556490534556], [65, 1500, -79.26556722772784], [65, 3000, -79.26557852857286]], "qe_conv_time": 23.84595513343811}, "num_elec_pbe": 26.0, "max_mem": 56564.0, "qe_conv_lda": {"qe_conv_maxiter": 20, "qe_delta_kppa": 1500, "qe_delta_cutoff": 5, "qe_conv_thresh": 0.00011024797617134141, "qe_conv_steps": [[78, 1500, -320.9527572325404], [83, 1500, -320.9530253815069], [88, 1500, -320.9530504002613], [88, 3000, -320.9530658479705]], "qe_conv_time": 95.72748517990112}, "num_elec_lda": 46.00000000000001, "bg_conv_pbe": {"bg_conv_maxiter": 20, "bg_delta_kppa": 1500, "bg_delta_cutoff": 5, "bg_conv_thresh": 0.025, "bg_conv_steps": [[65, 3000, 0.708339596627693], [65, 4500, 0.690353031860463]], "bg_conv_time": 19.709187746047974}, "indirect_gap_pbe": 0.7083440144315438, "bg_conv_lda": {"bg_conv_maxiter": 20, "bg_delta_kppa": 1500, "bg_delta_cutoff": 5, "bg_conv_thresh": 0.025, "bg_conv_steps": [[88, 3000, 0.562394247723458], [88, 4500, 0.5447361755045799]], "bg_conv_time": 62.30561017990112}, "indirect_gap_lda": 0.5623987141958029, "gw_conv_pbe": {"gw_conv_thr": 0.025, "gw_bnd_start": 200, "gw_bnd_step": 100, "gw_cut_start": 4, "gw_cut_step": 4, "kpt_bnd_idx": {"@module": "numpy", "@class": "array", "dtype": "int64", "data": [1, 1, 13, 14]}, "gw_bands": 200, "gw_cutoff": 4, "w_conv_grid": [[200, 4, 0.8174840000000001], [300, 4, 0.811917], [300, 8, 0.993865], [300, 8, 0.993865], [300, 12, 1.0132320000000001], [300, 12, 1.0132320000000001], [400, 12, 1.018704], [400, 16, 1.018706], [400, 16, 1.018706]], "pwcutoff": 65, "w_conv_time": [11.525496244430542, 12.349583148956299, 11.902154445648193, 11.903666734695435, 13.320133209228516, 13.321643352508545, 12.96781063079834, 15.531382083892822, 15.532398700714111], "w_ngw": 6, "w_z_factor": [{"@module": "numpy", "@class": "array", "dtype": "float64", "data": [[13.0, 0.8, -0.122389], [14.0, 0.8, -0.113099]]}, {"@module": "numpy", "@class": "array", "dtype": "float64", "data": [[13.0, 0.8, -0.123368], [14.0, 0.8, -0.111048]]}, {"@module": "numpy", "@class": "array", "dtype": "float64", "data": [[13.0, 0.79, -0.119654], [14.0, 0.8, -0.113622]]}, {"@module": "numpy", "@class": "array", "dtype": "float64", "data": [[13.0, 0.79, -0.119394], [14.0, 0.8, -0.106623]]}, {"@module": "numpy", "@class": "array", "dtype": "float64", "data": [[13.0, 0.79, -0.119142], [14.0, 0.8, -0.116171]]}, {"@module": "numpy", "@class": "array", "dtype": "float64", "data": [[13.0, 0.79, -0.119353], [14.0, 0.8, -0.115768]]}], "gw_kppa": 220, "gw_kpt_grid": {"@module": "numpy", "@class": "array", "dtype": "int64", "data": [4, 4, 4]}, "conv_list": [[{"kppa": 0}, {"kpt_grid": "1x1x1"}, {"num_kpts": 1}, {"X_bnds": 400.0}, {"G_bnds": 400.0}, {"X_cutoff": 16.0}, {"gamma_gap": 1.018706}, {"num_gw_calc": 6}, {"wall_time": 180}, {"num_cores": 8}, {"z-factor": "None"}], [{"kppa": 0}, {"kpt_grid": "1x1x1"}, {"num_kpts": 1}, {"X_bnds": 200}, {"G_bnds": 200}, {"X_cutoff": 4}, {"gamma_gap": 8}, {"num_gw_calc": 1}, {"wall_time": 12}, {"num_cores": 8}, {"z-factor": "None"}], [{"kppa": 10}, {"kpt_grid": "2x2x2"}, {"num_kpts": 1}, {"X_bnds": 200}, {"G_bnds": 200}, {"X_cutoff": 4}, {"gamma_gap": 1.179974}, {"num_gw_calc": 2}, {"wall_time": 23}, {"num_cores": 8}, {"z-factor": {"@module": "numpy", "@class": "array", "dtype": "float64", "data": [[13.0, 0.79, -0.148547], [14.0, 0.8, -0.132614]]}}], [{"kppa": 60}, {"kpt_grid": "4x4x2"}, {"num_kpts": 1}, {"X_bnds": 200}, {"G_bnds": 200}, {"X_cutoff": 4}, {"gamma_gap": 1.4222}, {"num_gw_calc": 3}, {"wall_time": 47}, {"num_cores": 8}, {"z-factor": {"@module": "numpy", "@class": "array", "dtype": "float64", "data": [[13.0, 0.79, -0.156468], [14.0, 0.81, -0.985775]]}}], [{"kppa": 220}, {"kpt_grid": "4x4x4"}, {"num_kpts": 1}, {"X_bnds": 200}, {"G_bnds": 200}, {"X_cutoff": 4}, {"gamma_gap": 1.4431060000000002}, {"num_gw_calc": 4}, {"wall_time": 47}, {"num_cores": 32}, {"z-factor": {"@module": "numpy", "@class": "array", "dtype": "float64", "data": [[13.0, 0.79, -0.153833], [14.0, 0.81, -0.832255]]}}]], "conv_time": 294.44198966026306}, "gw_band_range_pbe": [1, 16], "gw_conv_lda": {"gw_conv_thr": 0.025, "gw_bnd_start": 200, "gw_bnd_step": 100, "gw_cut_start": 4, "gw_cut_step": 4, "kpt_bnd_idx": {"@module": "numpy", "@class": "array", "dtype": "int64", "data": [1, 1, 23, 24]}, "gw_bands": 200, "gw_cutoff": 4, "w_conv_grid": [[200, 4, 1.190743], [300, 4, 1.183415], [300, 8, 1.309595], [300, 8, 1.309595], [300, 12, 1.337008], [300, 12, 1.337008], [300, 16, 1.3444450000000001], [300, 16, 1.3444450000000001], [400, 16, 1.3424790000000002], [400, 20, 1.3439310000000002], [400, 20, 1.3439310000000002]], "pwcutoff": 88, "w_conv_time": [12.008038759231567, 11.28256344795227, 12.02547836303711, 12.02669382095337, 13.302050113677979, 13.303200721740723, 15.273382902145386, 15.275142669677734, 15.94207239151001, 18.974048137664795, 18.975199699401855], "w_ngw": 7, "w_z_factor": [{"@module": "numpy", "@class": "array", "dtype": "float64", "data": [[23.0, 0.81, -0.100168], [24.0, 0.81, -0.108911]]}, {"@module": "numpy", "@class": "array", "dtype": "float64", "data": [[23.0, 0.81, -0.10436], [24.0, 0.81, -0.112876]]}, {"@module": "numpy", "@class": "array", "dtype": "float64", "data": [[23.0, 0.8, -0.109992], [24.0, 0.8, -0.112804]]}, {"@module": "numpy", "@class": "array", "dtype": "float64", "data": [[23.0, 0.8, -0.115118], [24.0, 0.8, -0.101483]]}, {"@module": "numpy", "@class": "array", "dtype": "float64", "data": [[23.0, 0.8, -0.111731], [24.0, 0.8, -0.108564]]}, {"@module": "numpy", "@class": "array", "dtype": "float64", "data": [[23.0, 0.8, -0.129889], [24.0, 0.8, -0.489612]]}, {"@module": "numpy", "@class": "array", "dtype": "float64", "data": [[23.0, 0.8, -0.116752], [24.0, 0.8, -0.917514]]}], "gw_kppa": 240, "gw_kpt_grid": {"@module": "numpy", "@class": "array", "dtype": "int64", "data": [6, 6, 4]}, "conv_list": [[{"kppa": 0}, {"kpt_grid": "1x1x1"}, {"num_kpts": 1}, {"X_bnds": 400.0}, {"G_bnds": 400.0}, {"X_cutoff": 20.0}, {"gamma_gap": 1.3439310000000002}, {"num_gw_calc": 7}, {"wall_time": 248}, {"num_cores": 8}, {"z-factor": "None"}], [{"kppa": 0}, {"kpt_grid": "1x1x1"}, {"num_kpts": 1}, {"X_bnds": 200}, {"G_bnds": 200}, {"X_cutoff": 4}, {"gamma_gap": 8}, {"num_gw_calc": 1}, {"wall_time": 13}, {"num_cores": 8}, {"z-factor": "None"}], [{"kppa": 10}, {"kpt_grid": "2x2x2"}, {"num_kpts": 1}, {"X_bnds": 200}, {"G_bnds": 200}, {"X_cutoff": 4}, {"gamma_gap": 1.427254}, {"num_gw_calc": 2}, {"wall_time": 30}, {"num_cores": 8}, {"z-factor": {"@module": "numpy", "@class": "array", "dtype": "float64", "data": [[23.0, 0.79, -0.143907], [24.0, 0.8, -0.138904]]}}], [{"kppa": 60}, {"kpt_grid": "4x4x2"}, {"num_kpts": 1}, {"X_bnds": 200}, {"G_bnds": 200}, {"X_cutoff": 4}, {"gamma_gap": 1.6510719999999999}, {"num_gw_calc": 3}, {"wall_time": 83}, {"num_cores": 8}, {"z-factor": {"@module": "numpy", "@class": "array", "dtype": "float64", "data": [[23.0, 0.79, -0.146103], [24.0, 0.8, -0.130723]]}}], [{"kppa": 220}, {"kpt_grid": "4x4x4"}, {"num_kpts": 1}, {"X_bnds": 200}, {"G_bnds": 200}, {"X_cutoff": 4}, {"gamma_gap": 1.6773259999999999}, {"num_gw_calc": 4}, {"wall_time": 84}, {"num_cores": 32}, {"z-factor": {"@module": "numpy", "@class": "array", "dtype": "float64",