{"@module": "pymatgen.entries.computed_entries", "@class": "ComputedEntry", "energy": 0.0, "composition": {"Kr": 1.0}, "entry_id": "43726", "correction": 0.0, "energy_adjustments": [], "parameters": {"id": "43726", "name": "Kr", "ibrav": {"celldm(1)": 10.654275941970036, "ibrav": 2}, "vol": 302.3512933315092, "lda_pw_cutoff_Ry": 44, "qe_conv_pbe": {"qe_conv_maxiter": 20, "qe_delta_kppa": 1500, "qe_delta_cutoff": 5, "qe_conv_thresh": 3.6749325390447134e-05, "qe_conv_steps": [[60, 1500, -18.58829299195822], [65, 1500, -18.58829304965332], [65, 3000, -18.5882930500667]], "qe_conv_time": 13.345751285552979}, "num_elec_pbe": 8.0, "max_mem": 25165.0, "qe_conv_lda": {"qe_conv_maxiter": 20, "qe_delta_kppa": 1500, "qe_delta_cutoff": 5, "qe_conv_thresh": 3.6749325390447134e-05, "qe_conv_steps": [[44, 1500, -20.96666680744673], [49, 1500, -20.96686912191373], [54, 1500, -20.9668959820581], [54, 3000, -20.96689597817001]], "qe_conv_time": 18.618387699127197}, "num_elec_lda": 8.0, "bg_conv_pbe": {"bg_conv_maxiter": 20, "bg_delta_kppa": 1500, "bg_delta_cutoff": 5, "bg_conv_thresh": 0.025, "bg_conv_steps": [[65, 3000, 7.253607230180093], [65, 4500, 7.253593147176953]], "bg_conv_time": 11.64115571975708}, "indirect_gap_pbe": 7.253593016863926, "bg_conv_lda": {"bg_conv_maxiter": 20, "bg_delta_kppa": 1500, "bg_delta_cutoff": 5, "bg_conv_thresh": 0.025, "bg_conv_steps": [[54, 3000, 6.757316860124599], [54, 4500, 6.757321490627536]], "bg_conv_time": 8.550947427749634}, "indirect_gap_lda": 6.75732030371345, "gw_conv_pbe": {"gw_conv_thr": 0.025, "gw_bnd_start": 200, "gw_bnd_step": 100, "gw_cut_start": 4, "gw_cut_step": 4, "kpt_bnd_idx": {"@module": "numpy", "@class": "array", "dtype": "int64", "data": [1, 1, 4, 5]}, "gw_bands": 200, "gw_cutoff": 4, "w_conv_grid": [[200, 4, 9.052912000000001], [300, 4, 9.053107], [300, 8, 9.270527], [300, 8, 9.270527], [300, 12, 9.361779], [300, 12, 9.361779], [300, 16, 9.413581], [300, 16, 9.413581], [300, 20, 9.438712], [300, 20, 9.438712], [300, 24, 9.443753], [300, 24, 9.443753], [400, 24, 9.458582], [400, 28, 9.463622], [400, 28, 9.463622]], "pwcutoff": 65, "w_conv_time": [11.591366529464722, 11.891264200210571, 12.450742721557617, 12.452131032943726, 12.415198802947998, 12.416195631027222, 12.55083155632019, 12.552916288375854, 13.97753119468689, 13.979002237319946, 15.220676898956299, 15.221667766571045, 14.987890243530273, 17.224390029907227, 17.226513147354126], "w_ngw": 9, "w_z_factor": [{"@module": "numpy", "@class": "array", "dtype": "float64", "data": [[4.0, 0.82, -0.118319], [5.0, 0.85, -0.124262]]}, {"@module": "numpy", "@class": "array", "dtype": "float64", "data": [[4.0, 0.82, -0.118503], [5.0, 0.85, -0.124244]]}, {"@module": "numpy", "@class": "array", "dtype": "float64", "data": [[4.0, 0.82, -0.116173], [5.0, 0.85, -0.123311]]}, {"@module": "numpy", "@class": "array", "dtype": "float64", "data": [[4.0, 0.82, -0.115717], [5.0, 0.85, -0.123233]]}, {"@module": "numpy", "@class": "array", "dtype": "float64", "data": [[4.0, 0.82, -0.115503], [5.0, 0.85, -0.123234]]}, {"@module": "numpy", "@class": "array", "dtype": "float64", "data": [[4.0, 0.82, -0.11612], [5.0, 0.85, -0.123223]]}, {"@module": "numpy", "@class": "array", "dtype": "float64", "data": [[4.0, 0.82, -0.116104], [5.0, 0.85, -0.123219]]}, {"@module": "numpy", "@class": "array", "dtype": "float64", "data": [[4.0, 0.82, -0.116502], [5.0, 0.85, -0.123242]]}, {"@module": "numpy", "@class": "array", "dtype": "float64", "data": [[4.0, 0.82, -0.116335], [5.0, 0.85, -0.123225]]}], "gw_kppa": 130, "gw_kpt_grid": {"@module": "numpy", "@class": "array", "dtype": "int64", "data": [6, 6, 6]}, "conv_list": [[{"kppa": 0}, {"kpt_grid": "1x1x1"}, {"num_kpts": 1}, {"X_bnds": 400.0}, {"G_bnds": 400.0}, {"X_cutoff": 28.0}, {"gamma_gap": 9.463622}, {"num_gw_calc": 9}, {"wall_time": 215}, {"num_cores": 8}, {"z-factor": "None"}], [{"kppa": 0}, {"kpt_grid": "1x1x1"}, {"num_kpts": 1}, {"X_bnds": 200}, {"G_bnds": 200}, {"X_cutoff": 4}, {"gamma_gap": 8}, {"num_gw_calc": 1}, {"wall_time": 12}, {"num_cores": 8}, {"z-factor": "None"}], [{"kppa": 10}, {"kpt_grid": "2x2x2"}, {"num_kpts": 1}, {"X_bnds": 200}, {"G_bnds": 200}, {"X_cutoff": 4}, {"gamma_gap": 10.564605}, {"num_gw_calc": 2}, {"wall_time": 19}, {"num_cores": 8}, {"z-factor": {"@module": "numpy", "@class": "array", "dtype": "float64", "data": [[4.0, 0.86, -0.882215], [5.0, 0.89, -0.773877]]}}], [{"kppa": 30}, {"kpt_grid": "4x4x4"}, {"num_kpts": 1}, {"X_bnds": 200}, {"G_bnds": 200}, {"X_cutoff": 4}, {"gamma_gap": 10.603275}, {"num_gw_calc": 3}, {"wall_time": 35}, {"num_cores": 8}, {"z-factor": {"@module": "numpy", "@class": "array", "dtype": "float64", "data": [[4.0, 0.86, -0.814906], [5.0, 0.9, -0.697272]]}}], [{"kppa": 130}, {"kpt_grid": "6x6x6"}, {"num_kpts": 1}, {"X_bnds": 200}, {"G_bnds": 200}, {"X_cutoff": 4}, {"gamma_gap": 10.620322999999999}, {"num_gw_calc": 4}, {"wall_time": 115}, {"num_cores": 8}, {"z-factor": {"@module": "numpy", "@class": "array", "dtype": "float64", "data": [[4.0, 0.86, -0.857294], [5.0, 0.9, -0.697699]]}}]], "conv_time": 381.89888620376587}, "gw_band_range_pbe": [1, 6], "gw_conv_lda": {"gw_conv_thr": 0.025, "gw_bnd_start": 200, "gw_bnd_step": 100, "gw_cut_start": 4, "gw_cut_step": 4, "kpt_bnd_idx": {"@module": "numpy", "@class": "array", "dtype": "int64", "data": [1, 1, 4, 5]}, "gw_bands": 200, "gw_cutoff": 4, "w_conv_grid": [[200, 4, 8.416575], [300, 4, 8.416983], [300, 8, 8.629825], [300, 8, 8.629825], [300, 12, 8.724070000000001], [300, 12, 8.724070000000001], [300, 16, 8.780848], [300, 16, 8.780848], [300, 20, 8.810037], [300, 20, 8.810037], [300, 24, 8.815949], [300, 24, 8.815949], [400, 24, 8.831578], [400, 28, 8.837645], [400, 28, 8.837645]], "pwcutoff": 54, "w_conv_time": [11.240761756896973, 11.21129846572876, 12.274594068527222, 12.277242183685303, 11.79606032371521, 11.798027753829956, 12.331334829330444, 12.333374977111816, 13.405413150787354, 13.407334566116333, 15.342853784561157, 15.344378232955933, 14.369762659072876, 18.02152156829834, 18.022794485092163], "w_ngw": 9, "w_z_factor": [{"@module": "numpy", "@class": "array", "dtype": "float64", "data": [[4.0, 0.81, -0.129442], [5.0, 0.84, -0.133401]]}, {"@module": "numpy", "@class": "array", "dtype": "float64", "data": [[4.0, 0.81, -0.129133], [5.0, 0.84, -0.133382]]}, {"@module": "numpy", "@class": "array", "dtype": "float64", "data": [[4.0, 0.81, -0.128148], [5.0, 0.84, -0.1324]]}, {"@module": "numpy", "@class": "array", "dtype": "float64", "data": [[4.0, 0.81, -0.128803], [5.0, 0.84, -0.132418]]}, {"@module": "numpy", "@class": "array", "dtype": "float64", "data": [[4.0, 0.81, -0.129197], [5.0, 0.84, -0.132582]]}, {"@module": "numpy", "@class": "array", "dtype": "float64", "data": [[4.0, 0.8, -0.129711], [5.0, 0.84, -0.132472]]}, {"@module": "numpy", "@class": "array", "dtype": "float64", "data": [[4.0, 0.8, -0.129796], [5.0, 0.84, -0.132438]]}, {"@module": "numpy", "@class": "array", "dtype": "float64", "data": [[4.0, 0.8, -0.129135], [5.0, 0.84, -0.132378]]}, {"@module": "numpy", "@class": "array", "dtype": "float64", "data": [[4.0, 0.8, -0.129183], [5.0, 0.84, -0.13237]]}], "gw_kppa": 130, "gw_kpt_grid": {"@module": "numpy", "@class": "array", "dtype": "int64", "data": [6, 6, 6]}, "conv_list": [[{"kppa": 0}, {"kpt_grid": "1x1x1"}, {"num_kpts": 1}, {"X_bnds": 400.0}, {"G_bnds": 400.0}, {"X_cutoff": 28.0}, {"gamma_gap": 8.837645}, {"num_gw_calc": 9}, {"wall_time": 179}, {"num_cores": 8}, {"z-factor": "None"}], [{"kppa": 0}, {"kpt_grid": "1x1x1"}, {"num_kpts": 1}, {"X_bnds": 200}, {"G_bnds": 200}, {"X_cutoff": 4}, {"gamma_gap": 8}, {"num_gw_calc": 1}, {"wall_time": 12}, {"num_cores": 8}, {"z-factor": "None"}], [{"kppa": 10}, {"kpt_grid": "2x2x2"}, {"num_kpts": 1}, {"X_bnds": 200}, {"G_bnds": 200}, {"X_cutoff": 4}, {"gamma_gap": 10.663704}, {"num_gw_calc": 2}, {"wall_time": 18}, {"num_cores": 8}, {"z-factor": {"@module": "numpy", "@class": "array", "dtype": "float64",