{"@module": "pymatgen.entries.computed_entries", "@class": "ComputedEntry", "energy": 0.0, "composition": {"Cd": 1.0, "I": 2.0}, "entry_id": "43852", "correction": 0.0, "energy_adjustments": [], "parameters": {"id": "43852", "name": "CdI2", "ibrav": {"celldm(1)": 8.020942574617209, "ibrav": 4, "celldm(3)": 1.6171987277653432}, "vol": 722.7202839576707, "lda_pw_cutoff_Ry": 94, "qe_conv_pbe": {"qe_conv_maxiter": 20, "qe_delta_kppa": 1500, "qe_delta_cutoff": 5, "qe_conv_thresh": 0.00011024797617134141, "qe_conv_steps": [[60, 1500, -354.1799592233049], [65, 1500, -354.1800817528897], [70, 1500, -354.1801068272932], [70, 3000, -354.1801071496049]], "qe_conv_time": 115.86370468139648}, "num_elec_pbe": 54.0, "max_mem": 57169.0, "qe_conv_lda": {"qe_conv_maxiter": 20, "qe_delta_kppa": 1500, "qe_delta_cutoff": 5, "qe_conv_thresh": 0.00011024797617134141, "qe_conv_steps": [[94, 1500, -201.3669731443956], [99, 1500, -201.3671672303969], [104, 1500, -201.367218249605], [104, 3000, -201.36721874364]], "qe_conv_time": 84.85206913948059}, "num_elec_lda": 34.0, "bg_conv_pbe": {"bg_conv_maxiter": 20, "bg_delta_kppa": 1500, "bg_delta_cutoff": 5, "bg_conv_thresh": 0.025, "bg_conv_steps": [[70, 3000, 2.3723312859928063], [70, 4500, 2.358068373447218]], "bg_conv_time": 81.25136423110962}, "indirect_gap_pbe": 2.372332063404061, "bg_conv_lda": {"bg_conv_maxiter": 20, "bg_delta_kppa": 1500, "bg_delta_cutoff": 5, "bg_conv_thresh": 0.025, "bg_conv_steps": [[104, 3000, 2.188324230658367], [104, 4500, 2.1749501919436893]], "bg_conv_time": 54.15566325187683}, "indirect_gap_lda": 2.174940517373397, "gw_conv_pbe": {"gw_conv_thr": 0.025, "gw_bnd_start": 200, "gw_bnd_step": 100, "gw_cut_start": 4, "gw_cut_step": 4, "kpt_bnd_idx": {"@module": "numpy", "@class": "array", "dtype": "int64", "data": [1, 1, 27, 28]}, "gw_bands": 200, "gw_cutoff": 4, "w_conv_grid": [[200, 4, 3.3366730000000002], [300, 4, 3.3172249999999996], [300, 8, 3.4409549999999998], [300, 8, 3.4409549999999998], [300, 12, 3.464833], [300, 12, 3.464833], [400, 12, 3.466061], [400, 16, 3.47586], [400, 16, 3.47586]], "pwcutoff": 70, "w_conv_time": [11.53793740272522, 11.451298236846924, 12.34432339668274, 12.34508466720581, 13.60173225402832, 13.603176593780518, 14.27219033241272, 20.335261344909668, 20.337215662002563], "w_ngw": 6, "w_z_factor": [{"@module": "numpy", "@class": "array", "dtype": "float64", "data": [[27.0, 0.8, -0.128601], [28.0, 0.81, -0.127933]]}, {"@module": "numpy", "@class": "array", "dtype": "float64", "data": [[27.0, 0.8, -0.134675], [28.0, 0.81, -0.128776]]}, {"@module": "numpy", "@class": "array", "dtype": "float64", "data": [[27.0, 0.8, -0.131055], [28.0, 0.81, -0.127317]]}, {"@module": "numpy", "@class": "array", "dtype": "float64", "data": [[27.0, 0.8, -0.130479], [28.0, 0.8, -0.127192]]}, {"@module": "numpy", "@class": "array", "dtype": "float64", "data": [[27.0, 0.8, -0.132347], [28.0, 0.8, -0.128339]]}, {"@module": "numpy", "@class": "array", "dtype": "float64", "data": [[27.0, 0.8, -0.131626], [28.0, 0.8, -0.128659]]}], "gw_kppa": 220, "gw_kpt_grid": {"@module": "numpy", "@class": "array", "dtype": "int64", "data": [4, 4, 4]}, "conv_list": [[{"kppa": 0}, {"kpt_grid": "1x1x1"}, {"num_kpts": 1}, {"X_bnds": 400.0}, {"G_bnds": 400.0}, {"X_cutoff": 16.0}, {"gamma_gap": 3.47586}, {"num_gw_calc": 6}, {"wall_time": 232}, {"num_cores": 8}, {"z-factor": "None"}], [{"kppa": 0}, {"kpt_grid": "1x1x1"}, {"num_kpts": 1}, {"X_bnds": 200}, {"G_bnds": 200}, {"X_cutoff": 4}, {"gamma_gap": 8}, {"num_gw_calc": 1}, {"wall_time": 12}, {"num_cores": 8}, {"z-factor": "None"}], [{"kppa": 10}, {"kpt_grid": "2x2x2"}, {"num_kpts": 1}, {"X_bnds": 200}, {"G_bnds": 200}, {"X_cutoff": 4}, {"gamma_gap": 4.08941}, {"num_gw_calc": 2}, {"wall_time": 30}, {"num_cores": 8}, {"z-factor": {"@module": "numpy", "@class": "array", "dtype": "float64", "data": [[27.0, 0.81, -0.137976], [28.0, 0.82, -0.122938]]}}], [{"kppa": 60}, {"kpt_grid": "4x4x2"}, {"num_kpts": 1}, {"X_bnds": 200}, {"G_bnds": 200}, {"X_cutoff": 4}, {"gamma_gap": 4.2584610000000005}, {"num_gw_calc": 3}, {"wall_time": 83}, {"num_cores": 8}, {"z-factor": {"@module": "numpy", "@class": "array", "dtype": "float64", "data": [[27.0, 0.81, -0.135291], [28.0, 0.83, -0.112511]]}}], [{"kppa": 220}, {"kpt_grid": "4x4x4"}, {"num_kpts": 1}, {"X_bnds": 200}, {"G_bnds": 200}, {"X_cutoff": 4}, {"gamma_gap": 4.27448}, {"num_gw_calc": 4}, {"wall_time": 79}, {"num_cores": 32}, {"z-factor": {"@module": "numpy", "@class": "array", "dtype": "float64", "data": [[27.0, 0.81, -0.133149], [28.0, 0.83, -0.111202]]}}]], "conv_time": 421.1631054878235}, "gw_band_range_pbe": [1, 30], "gw_conv_lda": {"gw_conv_thr": 0.025, "gw_bnd_start": 200, "gw_bnd_step": 100, "gw_cut_start": 4, "gw_cut_step": 4, "kpt_bnd_idx": {"@module": "numpy", "@class": "array", "dtype": "int64", "data": [1, 1, 17, 18]}, "gw_bands": 200, "gw_cutoff": 4, "w_conv_grid": [[200, 4, 2.878746], [300, 4, 2.8749599999999997], [300, 8, 2.993567], [300, 8, 2.993567], [300, 12, 3.013891], [300, 12, 3.013891], [400, 12, 3.020308], [400, 16, 3.030044], [400, 16, 3.030044]], "pwcutoff": 104, "w_conv_time": [11.913674354553223, 11.691288471221924, 12.519955396652222, 12.52131700515747, 13.441398859024048, 13.44208312034607, 14.683924198150635, 18.973254442214966, 18.97471809387207], "w_ngw": 6, "w_z_factor": [{"@module": "numpy", "@class": "array", "dtype": "float64", "data": [[17.0, 0.79, -0.13963], [18.0, 0.8, -0.135857]]}, {"@module": "numpy", "@class": "array", "dtype": "float64", "data": [[17.0, 0.79, -0.138418], [18.0, 0.8, -0.132135]]}, {"@module": "numpy", "@class": "array", "dtype": "float64", "data": [[17.0, 0.79, -0.14035], [18.0, 0.8, -0.140646]]}, {"@module": "numpy", "@class": "array", "dtype": "float64", "data": [[17.0, 0.79, -0.139444], [18.0, 0.8, -0.137504]]}, {"@module": "numpy", "@class": "array", "dtype": "float64", "data": [[17.0, 0.79, -0.130156], [18.0, 0.8, -0.136021]]}, {"@module": "numpy", "@class": "array", "dtype": "float64", "data": [[17.0, 0.79, -0.132696], [18.0, 0.8, -0.13777]]}], "gw_kppa": 220, "gw_kpt_grid": {"@module": "numpy", "@class": "array", "dtype": "int64", "data": [4, 4, 4]}, "conv_list": [[{"kppa": 0}, {"kpt_grid": "1x1x1"}, {"num_kpts": 1}, {"X_bnds": 400.0}, {"G_bnds": 400.0}, {"X_cutoff": 16.0}, {"gamma_gap": 3.030044}, {"num_gw_calc": 6}, {"wall_time": 216}, {"num_cores": 8}, {"z-factor": "None"}], [{"kppa": 0}, {"kpt_grid": "1x1x1"}, {"num_kpts": 1}, {"X_bnds": 200}, {"G_bnds": 200}, {"X_cutoff": 4}, {"gamma_gap": 8}, {"num_gw_calc": 1}, {"wall_time": 12}, {"num_cores": 8}, {"z-factor": "None"}], [{"kppa": 10}, {"kpt_grid": "2x2x2"}, {"num_kpts": 1}, {"X_bnds": 200}, {"G_bnds": 200}, {"X_cutoff": 4}, {"gamma_gap": 3.556247}, {"num_gw_calc": 2}, {"wall_time": 34}, {"num_cores": 8}, {"z-factor": {"@module": "numpy", "@class": "array", "dtype": "float64", "data": [[17.0, 0.8, -0.149048], [18.0, 0.81, -0.134396]]}}], [{"kppa": 60}, {"kpt_grid": "4x4x2"}, {"num_kpts": 1}, {"X_bnds": 200}, {"G_bnds": 200}, {"X_cutoff": 4}, {"gamma_gap": 3.7345859999999997}, {"num_gw_calc": 3}, {"wall_time": 97}, {"num_cores": 8}, {"z-factor": {"@module": "numpy", "@class": "array", "dtype": "float64", "data": [[17.0, 0.8, -0.145047], [18.0, 0.82, -0.127153]]}}], [{"kppa": 220}, {"kpt_grid": "4x4x4"}, {"num_kpts": 1}, {"X_bnds": 200}, {"G_bnds": 200}, {"X_cutoff": 4}, {"gamma_gap": 3.7496210000000003}, {"num_gw_calc": 4}, {"wall_time": 93}, {"num_cores": 32}, {"z-factor": {"@module": "numpy", "@class": "array", "dtype": "float64", "data": [[17.0, 0.8, -0.14514], [18.0, 0.82, -0.125752]]}}]], "conv_time": 438.2166233062744}, "gw_band_range_lda": [1, 20], "g0w0_ppa_pbe": {"gw_direct_gap": 4.382974, "kppa": 240, "kpt_grid": "6x6x4", "num_kpt": 24, "bands_in X": 500, "bands_in_G": 500, "cutoff": 20, "z_factor": [[27.0, 0.81, -0.00134593], [28.0, 0.83, -0.00108111]], "scissor": 1.789488, "ncpu": 32, "calc_time": 2458.771099090576}, "g0w0_ppa_lda": {"gw_direct_gap": 3.897145, "kppa": 240, "kpt_grid": "6x6x4",