{"@module": "pymatgen.entries.computed_entries", "@class": "ComputedEntry", "energy": 0.0, "composition": {"Cd": 2.0, "Sn": 2.0, "As": 4.0}, "entry_id": "44258", "correction": 0.0, "energy_adjustments": [], "parameters": {"id": "44258", "name": "CdSnAs2", "ibrav": {"celldm(1)": 11.515991058950938, "ibrav": 7, "celldm(3)": 1.9560223170331474}, "vol": 1493.6462983269084, "lda_pw_cutoff_Ry": 94, "qe_conv_pbe": {"qe_conv_maxiter": 20, "qe_delta_kppa": 1500, "qe_delta_cutoff": 5, "qe_conv_thresh": 0.00029399460312357707, "qe_conv_steps": [[60, 1500, -456.9158503653393], [65, 1500, -456.9158551215422], [65, 3000, -456.9158986502447]], "qe_conv_time": 123.31116461753845}, "num_elec_pbe": 88.00000000000001, "max_mem": 142912.0, "qe_conv_lda": {"qe_conv_maxiter": 20, "qe_delta_kppa": 1500, "qe_delta_cutoff": 5, "qe_conv_thresh": 0.00029399460312357707, "qe_conv_steps": [[94, 1500, -931.583351319267], [99, 1500, -931.5837688958304], [104, 1500, -931.5838917768815], [104, 3000, -931.5839258643207]], "qe_conv_time": 355.9037096500397}, "num_elec_lda": 128.0, "bg_conv_pbe": {"bg_conv_maxiter": 20, "bg_delta_kppa": 1500, "bg_delta_cutoff": 5, "bg_conv_thresh": 0.025, "bg_conv_steps": [[65, 3000, 0.10699347965277847], [65, 6000, 0.07641507407003693], [65, 12000, 0.059705281176005286]], "bg_conv_time": 248.54634928703308}, "indirect_gap_pbe": 0.1069936816536342, "bg_conv_lda": {"bg_conv_maxiter": 20, "bg_delta_kppa": 1500, "bg_delta_cutoff": 5, "bg_conv_thresh": 0.025, "bg_conv_steps": [[104, 3000, 0.1104231019644553], [104, 6000, 0.07871531516510108], [104, 12000, 0.0615302101195949]], "bg_conv_time": 590.642502784729}, "indirect_gap_lda": 0.11042315393109119, "gw_conv_pbe": {"gw_conv_thr": 0.025, "gw_bnd_start": 200, "gw_bnd_step": 100, "gw_cut_start": 4, "gw_cut_step": 4, "kpt_bnd_idx": {"@module": "numpy", "@class": "array", "dtype": "int64", "data": [1, 1, 44, 45]}, "gw_bands": 200, "gw_cutoff": 4, "w_conv_grid": [[200, 4, 0.22993999999999998], [300, 4, 0.228742], [300, 8, 0.257499], [300, 8, 0.257499], [300, 12, 0.262802], [300, 12, 0.262802], [400, 12, 0.265643], [400, 16, 0.267078], [400, 16, 0.267078]], "pwcutoff": 65, "w_conv_time": [12.1462082862854, 12.399513244628906, 15.707866191864014, 15.709975957870483, 28.03555393218994, 28.037649869918823, 32.548765659332275, 61.023290157318115, 61.02496933937073], "w_ngw": 6, "w_z_factor": [{"@module": "numpy", "@class": "array", "dtype": "float64", "data": [[44.0, 0.79, -0.142156], [45.0, 0.78, -0.153373]]}, {"@module": "numpy", "@class": "array", "dtype": "float64", "data": [[44.0, 0.79, -0.139467], [45.0, 0.78, -0.148668]]}, {"@module": "numpy", "@class": "array", "dtype": "float64", "data": [[44.0, 0.78, -0.14069], [45.0, 0.78, -0.149]]}, {"@module": "numpy", "@class": "array", "dtype": "float64", "data": [[44.0, 0.78, -0.140402], [45.0, 0.78, -0.14901]]}, {"@module": "numpy", "@class": "array", "dtype": "float64", "data": [[44.0, 0.78, -0.139941], [45.0, 0.78, -0.147214]]}, {"@module": "numpy", "@class": "array", "dtype": "float64", "data": [[44.0, 0.78, -0.139873], [45.0, 0.78, -0.146833]]}], "gw_kppa": 220, "gw_kpt_grid": {"@module": "numpy", "@class": "array", "dtype": "int64", "data": [4, 4, 4]}, "conv_list": [[{"kppa": 0}, {"kpt_grid": "1x1x1"}, {"num_kpts": 1}, {"X_bnds": 400.0}, {"G_bnds": 400.0}, {"X_cutoff": 16.0}, {"gamma_gap": 0.267078}, {"num_gw_calc": 6}, {"wall_time": 370}, {"num_cores": 8}, {"z-factor": "None"}], [{"kppa": 0}, {"kpt_grid": "1x1x1"}, {"num_kpts": 1}, {"X_bnds": 200}, {"G_bnds": 200}, {"X_cutoff": 4}, {"gamma_gap": 8}, {"num_gw_calc": 1}, {"wall_time": 13}, {"num_cores": 8}, {"z-factor": "None"}], [{"kppa": 10}, {"kpt_grid": "2x2x2"}, {"num_kpts": 1}, {"X_bnds": 200}, {"G_bnds": 200}, {"X_cutoff": 4}, {"gamma_gap": 0.14235799999999998}, {"num_gw_calc": 2}, {"wall_time": 78}, {"num_cores": 8}, {"z-factor": {"@module": "numpy", "@class": "array", "dtype": "float64", "data": [[44.0, 0.79, -0.152693], [45.0, 0.79, -0.154943]]}}], [{"kppa": 220}, {"kpt_grid": "4x4x4"}, {"num_kpts": 1}, {"X_bnds": 200}, {"G_bnds": 200}, {"X_cutoff": 4}, {"gamma_gap": 0.13822500000000001}, {"num_gw_calc": 3}, {"wall_time": 962}, {"num_cores": 8}, {"z-factor": {"@module": "numpy", "@class": "array", "dtype": "float64", "data": [[44.0, 0.79, -0.151522], [45.0, 0.79, -0.153009]]}}]], "conv_time": 1408.6206605434418}, "gw_band_range_pbe": [1, 53], "gw_conv_lda": {"gw_conv_thr": 0.025, "gw_bnd_start": 200, "gw_bnd_step": 100, "gw_cut_start": 4, "gw_cut_step": 4, "kpt_bnd_idx": {"@module": "numpy", "@class": "array", "dtype": "int64", "data": [1, 1, 64, 65]}, "gw_bands": 200, "gw_cutoff": 4, "w_conv_grid": [[200, 4, 0.26697], [300, 4, 0.26235200000000003], [300, 8, 0.285219], [300, 8, 0.285219]], "pwcutoff": 104, "w_conv_time": [15.34151029586792, 17.357474088668823, 22.021920919418335, 22.02354073524475], "w_ngw": 3, "w_z_factor": [{"@module": "numpy", "@class": "array", "dtype": "float64", "data": [[64.0, 0.78, -0.161199], [65.0, 0.77, -0.166545]]}, {"@module": "numpy", "@class": "array", "dtype": "float64", "data": [[64.0, 0.78, -0.158144], [65.0, 0.78, -0.157923]]}, {"@module": "numpy", "@class": "array", "dtype": "float64", "data": [[64.0, 0.77, -0.157432], [65.0, 0.77, -0.1578]]}], "gw_kppa": 220, "gw_kpt_grid": {"@module": "numpy", "@class": "array", "dtype": "int64", "data": [4, 4, 4]}, "conv_list": [[{"kppa": 0}, {"kpt_grid": "1x1x1"}, {"num_kpts": 1}, {"X_bnds": 300.0}, {"G_bnds": 300.0}, {"X_cutoff": 8.0}, {"gamma_gap": 0.285219}, {"num_gw_calc": 3}, {"wall_time": 658}, {"num_cores": 8}, {"z-factor": "None"}], [{"kppa": 0}, {"kpt_grid": "1x1x1"}, {"num_kpts": 1}, {"X_bnds": 200}, {"G_bnds": 200}, {"X_cutoff": 4}, {"gamma_gap": 8}, {"num_gw_calc": 1}, {"wall_time": 16}, {"num_cores": 8}, {"z-factor": "None"}], [{"kppa": 10}, {"kpt_grid": "2x2x2"}, {"num_kpts": 1}, {"X_bnds": 200}, {"G_bnds": 200}, {"X_cutoff": 4}, {"gamma_gap": 0.150677}, {"num_gw_calc": 2}, {"wall_time": 99}, {"num_cores": 8}, {"z-factor": {"@module": "numpy", "@class": "array", "dtype": "float64", "data": [[64.0, 0.79, -0.155249], [65.0, 0.78, -0.157118]]}}], [{"kppa": 220}, {"kpt_grid": "4x4x4"}, {"num_kpts": 1}, {"X_bnds": 200}, {"G_bnds": 200}, {"X_cutoff": 4}, {"gamma_gap": 0.14674499999999996}, {"num_gw_calc": 3}, {"wall_time": 1655}, {"num_cores": 8}, {"z-factor": {"@module": "numpy", "@class": "array", "dtype": "float64", "data": [[64.0, 0.79, -0.152999], [65.0, 0.79, -0.154222]]}}]], "conv_time": 2409.8294444084167}, "gw_band_range_lda": [1, 73], "g0w0_ppa_pbe": {"gw_direct_gap": 0.144322, "kppa": 1000, "kpt_grid": "6x6x6", "num_kpt": 36, "bands_in X": 500, "bands_in_G": 500, "cutoff": 20, "z_factor": [[44.0, 0.79, -0.00143884], [45.0, 0.79, -0.00144243]], "scissor": 0.035931999999999964, "ncpu": 32, "calc_time": 94282.73124814034}, "g0w0_ppa_lda": {"gw_direct_gap": 0.14305900000000005, "kppa": 1000, "kpt_grid": "6x6x6", "num_kpt": 36, "bands_in X": 400, "bands_in_G": 400, "cutoff": 12, "z_factor": [[64.0, 0.79, -0.00144723], [65.0, 0.79, -0.00145111]], "scissor": 0.03144100000000005, "ncpu": 16, "calc_time": 35510.197711229324}}, "data": {}}