{"@module": "pymatgen.entries.computed_entries", "@class": "ComputedEntry", "energy": 0.0, "composition": {"Cd": 2.0, "Sn": 2.0, "P": 4.0}, "entry_id": "44257", "correction": 0.0, "energy_adjustments": [], "parameters": {"id": "44257", "name": "CdSnP2", "ibrav": {"celldm(1)": 11.149384189007309, "ibrav": 7, "celldm(3)": 1.9520338983050844}, "vol": 1352.7265121063197, "lda_pw_cutoff_Ry": 94, "qe_conv_pbe": {"qe_conv_maxiter": 20, "qe_delta_kppa": 1500, "qe_delta_cutoff": 5, "qe_conv_thresh": 0.00029399460312357707, "qe_conv_steps": [[60, 1500, -457.9365902020025], [65, 1500, -457.9366765180763], [65, 3000, -457.9367067447818]], "qe_conv_time": 119.09317445755005}, "num_elec_pbe": 88.00000000000001, "max_mem": 111893.0, "qe_conv_lda": {"qe_conv_maxiter": 20, "qe_delta_kppa": 1500, "qe_delta_cutoff": 5, "qe_conv_thresh": 0.00029399460312357707, "qe_conv_steps": [[94, 1500, -535.5376793493605], [99, 1500, -535.5380710672318], [104, 1500, -535.5381819458851], [104, 3000, -535.5382254623327]], "qe_conv_time": 195.81214833259583}, "num_elec_lda": 88.00000000000001, "bg_conv_pbe": {"bg_conv_maxiter": 20, "bg_delta_kppa": 1500, "bg_delta_cutoff": 5, "bg_conv_thresh": 0.025, "bg_conv_steps": [[65, 3000, 0.5597691786514072], [65, 6000, 0.5597917245777085]], "bg_conv_time": 141.71052384376526}, "indirect_gap_pbe": 0.5597695853960709, "bg_conv_lda": {"bg_conv_maxiter": 20, "bg_delta_kppa": 1500, "bg_delta_cutoff": 5, "bg_conv_thresh": 0.025, "bg_conv_steps": [[104, 3000, 0.34204360492866154], [104, 6000, 0.3420889956921143]], "bg_conv_time": 177.42520427703857}, "indirect_gap_lda": 0.34204130872018484, "gw_conv_pbe": {"gw_conv_thr": 0.025, "gw_bnd_start": 200, "gw_bnd_step": 100, "gw_cut_start": 4, "gw_cut_step": 4, "kpt_bnd_idx": {"@module": "numpy", "@class": "array", "dtype": "int64", "data": [1, 1, 44, 45]}, "gw_bands": 200, "gw_cutoff": 4, "w_conv_grid": [[200, 4, 0.6012249999999999], [300, 4, 0.576705], [300, 8, 0.61327], [300, 8, 0.61327], [300, 12, 0.612544], [300, 12, 0.612544]], "pwcutoff": 65, "w_conv_time": [12.695041418075562, 12.912825107574463, 16.357003927230835, 16.358023166656494, 28.125271558761597, 28.126872777938843], "w_ngw": 4, "w_z_factor": [{"@module": "numpy", "@class": "array", "dtype": "float64", "data": [[44.0, 0.79, -0.129036], [45.0, 0.8, -0.126833]]}, {"@module": "numpy", "@class": "array", "dtype": "float64", "data": [[44.0, 0.79, -0.12603], [45.0, 0.8, -0.124318]]}, {"@module": "numpy", "@class": "array", "dtype": "float64", "data": [[44.0, 0.79, -0.127038], [45.0, 0.79, -0.124548]]}, {"@module": "numpy", "@class": "array", "dtype": "float64", "data": [[44.0, 0.79, -0.127004], [45.0, 0.79, -0.124566]]}], "gw_kppa": 1000, "gw_kpt_grid": {"@module": "numpy", "@class": "array", "dtype": "int64", "data": [6, 6, 6]}, "conv_list": [[{"kppa": 0}, {"kpt_grid": "1x1x1"}, {"num_kpts": 1}, {"X_bnds": 300.0}, {"G_bnds": 300.0}, {"X_cutoff": 12.0}, {"gamma_gap": 0.612544}, {"num_gw_calc": 4}, {"wall_time": 324}, {"num_cores": 8}, {"z-factor": "None"}], [{"kppa": 0}, {"kpt_grid": "1x1x1"}, {"num_kpts": 1}, {"X_bnds": 200}, {"G_bnds": 200}, {"X_cutoff": 4}, {"gamma_gap": 8}, {"num_gw_calc": 1}, {"wall_time": 13}, {"num_cores": 8}, {"z-factor": "None"}], [{"kppa": 10}, {"kpt_grid": "2x2x2"}, {"num_kpts": 1}, {"X_bnds": 200}, {"G_bnds": 200}, {"X_cutoff": 4}, {"gamma_gap": 0.817949}, {"num_gw_calc": 2}, {"wall_time": 81}, {"num_cores": 8}, {"z-factor": {"@module": "numpy", "@class": "array", "dtype": "float64", "data": [[44.0, 0.78, -0.148125], [45.0, 0.79, -0.14416]]}}], [{"kppa": 220}, {"kpt_grid": "4x4x4"}, {"num_kpts": 1}, {"X_bnds": 200}, {"G_bnds": 200}, {"X_cutoff": 4}, {"gamma_gap": 0.8927900000000001}, {"num_gw_calc": 3}, {"wall_time": 1369}, {"num_cores": 8}, {"z-factor": {"@module": "numpy", "@class": "array", "dtype": "float64", "data": [[44.0, 0.79, -0.147326], [45.0, 0.8, -0.140703]]}}], [{"kppa": 1000}, {"kpt_grid": "6x6x6"}, {"num_kpts": 1}, {"X_bnds": 200}, {"G_bnds": 200}, {"X_cutoff": 4}, {"gamma_gap": 0.911809}, {"num_gw_calc": 4}, {"wall_time": 3036}, {"num_cores": 32}, {"z-factor": {"@module": "numpy", "@class": "array", "dtype": "float64", "data": [[44.0, 0.79, -0.146135], [45.0, 0.8, -0.13882]]}}]], "conv_time": 4808.260910272598}, "gw_band_range_pbe": [1, 53], "gw_conv_lda": {"gw_conv_thr": 0.025, "gw_bnd_start": 200, "gw_bnd_step": 100, "gw_cut_start": 4, "gw_cut_step": 4, "kpt_bnd_idx": {"@module": "numpy", "@class": "array", "dtype": "int64", "data": [1, 1, 44, 45]}, "gw_bands": 200, "gw_cutoff": 4, "w_conv_grid": [[200, 4, 0.8352439999999999], [300, 4, 0.8087599999999999], [400, 4, 0.799397], [400, 8, 0.815888], [400, 8, 0.815888]], "pwcutoff": 104, "w_conv_time": [12.977794885635376, 13.90523386001587, 15.29271674156189, 17.85118532180786, 17.852712869644165], "w_ngw": 4, "w_z_factor": [{"@module": "numpy", "@class": "array", "dtype": "float64", "data": [[44.0, 0.79, -0.120598], [45.0, 0.8, -0.119304]]}, {"@module": "numpy", "@class": "array", "dtype": "float64", "data": [[44.0, 0.8, -0.117654], [45.0, 0.8, -0.117139]]}, {"@module": "numpy", "@class": "array", "dtype": "float64", "data": [[44.0, 0.8, -0.116919], [45.0, 0.8, -0.116158]]}, {"@module": "numpy", "@class": "array", "dtype": "float64", "data": [[44.0, 0.79, -0.11701], [45.0, 0.8, -0.115219]]}], "gw_kppa": 1000, "gw_kpt_grid": {"@module": "numpy", "@class": "array", "dtype": "int64", "data": [6, 6, 6]}, "conv_list": [[{"kppa": 0}, {"kpt_grid": "1x1x1"}, {"num_kpts": 1}, {"X_bnds": 400.0}, {"G_bnds": 400.0}, {"X_cutoff": 8.0}, {"gamma_gap": 0.815888}, {"num_gw_calc": 4}, {"wall_time": 360}, {"num_cores": 8}, {"z-factor": "None"}], [{"kppa": 0}, {"kpt_grid": "1x1x1"}, {"num_kpts": 1}, {"X_bnds": 200}, {"G_bnds": 200}, {"X_cutoff": 4}, {"gamma_gap": 4}, {"num_gw_calc": 1}, {"wall_time": 13}, {"num_cores": 8}, {"z-factor": "None"}], [{"kppa": 10}, {"kpt_grid": "2x2x2"}, {"num_kpts": 1}, {"X_bnds": 200}, {"G_bnds": 200}, {"X_cutoff": 4}, {"gamma_gap": 0.998141}, {"num_gw_calc": 2}, {"wall_time": 90}, {"num_cores": 8}, {"z-factor": {"@module": "numpy", "@class": "array", "dtype": "float64", "data": [[44.0, 0.78, -0.151056], [45.0, 0.79, -0.146786]]}}], [{"kppa": 220}, {"kpt_grid": "4x4x4"}, {"num_kpts": 1}, {"X_bnds": 200}, {"G_bnds": 200}, {"X_cutoff": 4}, {"gamma_gap": 1.0407989999999998}, {"num_gw_calc": 3}, {"wall_time": 1129}, {"num_cores": 8}, {"z-factor": {"@module": "numpy", "@class": "array", "dtype": "float64", "data": [[44.0, 0.78, -0.154464], [45.0, 0.79, -0.147539]]}}], [{"kppa": 1000}, {"kpt_grid": "6x6x6"}, {"num_kpts": 1}, {"X_bnds": 200}, {"G_bnds": 200}, {"X_cutoff": 4}, {"gamma_gap": 1.065501}, {"num_gw_calc": 4}, {"wall_time": 4222}, {"num_cores": 32}, {"z-factor": {"@module": "numpy", "@class": "array", "dtype": "float64", "data": [[44.0, 0.78, -0.152722], [45.0, 0.79, -0.145232]]}}]], "conv_time": 5798.227851629257}, "gw_band_range_lda": [1, 53], "g0w0_ppa_pbe": {"gw_direct_gap": 0.910677, "kppa": 2750, "kpt_grid": "8x8x8", "num_kpt": 78, "bands_in X": 400, "bands_in_G": 400, "cutoff": 16, "z_factor": [[44.0, 0.78, -0.0014057], [45.0, 0.79, -0.00132944]], "scissor": 0.350908, "ncpu": 16, "calc_time": 239629.1660232544}}, "data": {}}