{"@module": "pymatgen.entries.computed_entries", "@class": "ComputedEntry", "energy": 0.0, "composition": {"K": 1.0, "Na": 2.0, "Sb": 1.0}, "entry_id": "44332", "correction": 0.0, "energy_adjustments": [], "parameters": {"id": "44332", "name": "KNa2Sb", "ibrav": {"celldm(1)": 14.626480275070604, "ibrav": 2}, "vol": 782.2750844119602, "lda_pw_cutoff_Ry": 76, "qe_conv_pbe": {"qe_conv_maxiter": 20, "qe_delta_kppa": 1500, "qe_delta_cutoff": 5, "qe_conv_thresh": 0.00014699730156178854, "qe_conv_steps": [[60, 1500, -184.2115910787182], [65, 1500, -184.2121555638732], [70, 1500, -184.2125847151557], [75, 1500, -184.2128885765278], [80, 1500, -184.2130861814422], [85, 1500, -184.2132023660295], [85, 3000, -184.2132113579117]], "qe_conv_time": 67.71641492843628}, "num_elec_pbe": 42.0, "max_mem": 75749.0, "qe_conv_lda": {"qe_conv_maxiter": 20, "qe_delta_kppa": 1500, "qe_delta_cutoff": 5, "qe_conv_thresh": 0.00014699730156178854, "qe_conv_steps": [[76, 1500, -211.9422690448046], [81, 1500, -211.9426871805907], [86, 1500, -211.9427303099566], [86, 3000, -211.9427422371195]], "qe_conv_time": 39.65427875518799}, "num_elec_lda": 42.0, "bg_conv_pbe": {"bg_conv_maxiter": 20, "bg_delta_kppa": 1500, "bg_delta_cutoff": 5, "bg_conv_thresh": 0.025, "bg_conv_steps": [[85, 3000, 0.7459958648520797], [85, 6000, 0.7460355646479969]], "bg_conv_time": 31.90923237800598}, "indirect_gap_pbe": 0.7460014379349629, "bg_conv_lda": {"bg_conv_maxiter": 20, "bg_delta_kppa": 1500, "bg_delta_cutoff": 5, "bg_conv_thresh": 0.025, "bg_conv_steps": [[86, 3000, 0.5602299711873184], [86, 6000, 0.5603014889229448]], "bg_conv_time": 30.662129878997803}, "indirect_gap_lda": 0.5602350571104646, "gw_conv_pbe": {"gw_conv_thr": 0.025, "gw_bnd_start": 200, "gw_bnd_step": 100, "gw_cut_start": 4, "gw_cut_step": 4, "kpt_bnd_idx": {"@module": "numpy", "@class": "array", "dtype": "int64", "data": [1, 1, 21, 22]}, "gw_bands": 200, "gw_cutoff": 4, "w_conv_grid": [[200, 4, 0.9838819999999999], [300, 4, 0.960572], [300, 8, 1.066359], [300, 8, 1.066359], [300, 12, 1.078215], [300, 12, 1.078215], [400, 12, 1.081176], [400, 16, 1.075062], [400, 16, 1.075062]], "pwcutoff": 85, "w_conv_time": [12.155411005020142, 11.982328414916992, 12.790484428405762, 12.792342901229858, 14.168749809265137, 14.17029857635498, 15.114660739898682, 18.911234617233276, 18.91324019432068], "w_ngw": 6, "w_z_factor": [{"@module": "numpy", "@class": "array", "dtype": "float64", "data": [[21.0, 0.79, -0.108393], [22.0, 0.82, -0.133422]]}, {"@module": "numpy", "@class": "array", "dtype": "float64", "data": [[21.0, 0.79, -0.118303], [22.0, 0.82, -0.124892]]}, {"@module": "numpy", "@class": "array", "dtype": "float64", "data": [[21.0, 0.79, -0.132431], [22.0, 0.82, -0.120836]]}, {"@module": "numpy", "@class": "array", "dtype": "float64", "data": [[21.0, 0.79, -0.130895], [22.0, 0.82, -0.121054]]}, {"@module": "numpy", "@class": "array", "dtype": "float64", "data": [[21.0, 0.79, -0.118969], [22.0, 0.82, -0.123487]]}, {"@module": "numpy", "@class": "array", "dtype": "float64", "data": [[21.0, 0.79, -0.119995], [22.0, 0.82, -0.123021]]}], "gw_kppa": 510, "gw_kpt_grid": {"@module": "numpy", "@class": "array", "dtype": "int64", "data": [6, 6, 6]}, "conv_list": [[{"kppa": 0}, {"kpt_grid": "1x1x1"}, {"num_kpts": 1}, {"X_bnds": 400.0}, {"G_bnds": 400.0}, {"X_cutoff": 16.0}, {"gamma_gap": 1.075062}, {"num_gw_calc": 6}, {"wall_time": 174}, {"num_cores": 8}, {"z-factor": "None"}], [{"kppa": 0}, {"kpt_grid": "1x1x1"}, {"num_kpts": 1}, {"X_bnds": 200}, {"G_bnds": 200}, {"X_cutoff": 4}, {"gamma_gap": 8}, {"num_gw_calc": 1}, {"wall_time": 13}, {"num_cores": 8}, {"z-factor": "None"}], [{"kppa": 10}, {"kpt_grid": "2x2x2"}, {"num_kpts": 1}, {"X_bnds": 200}, {"G_bnds": 200}, {"X_cutoff": 4}, {"gamma_gap": 1.834227}, {"num_gw_calc": 2}, {"wall_time": 27}, {"num_cores": 8}, {"z-factor": {"@module": "numpy", "@class": "array", "dtype": "float64", "data": [[21.0, 0.79, -0.179535], [22.0, 0.8, -0.166107]]}}], [{"kppa": 110}, {"kpt_grid": "4x4x4"}, {"num_kpts": 1}, {"X_bnds": 200}, {"G_bnds": 200}, {"X_cutoff": 4}, {"gamma_gap": 1.773815}, {"num_gw_calc": 3}, {"wall_time": 107}, {"num_cores": 8}, {"z-factor": {"@module": "numpy", "@class": "array", "dtype": "float64", "data": [[21.0, 0.78, -0.188406], [22.0, 0.8, -0.172243]]}}], [{"kppa": 510}, {"kpt_grid": "6x6x6"}, {"num_kpts": 1}, {"X_bnds": 200}, {"G_bnds": 200}, {"X_cutoff": 4}, {"gamma_gap": 1.786399}, {"num_gw_calc": 4}, {"wall_time": 334}, {"num_cores": 32}, {"z-factor": {"@module": "numpy", "@class": "array", "dtype": "float64", "data": [[21.0, 0.78, -0.187006], [22.0, 0.8, -0.168368]]}}]], "conv_time": 639.9738395214081}, "gw_band_range_pbe": [1, 26], "gw_conv_lda": {"gw_conv_thr": 0.025, "gw_bnd_start": 200, "gw_bnd_step": 100, "gw_cut_start": 4, "gw_cut_step": 4, "kpt_bnd_idx": {"@module": "numpy", "@class": "array", "dtype": "int64", "data": [1, 1, 21, 22]}, "gw_bands": 200, "gw_cutoff": 4, "w_conv_grid": [[200, 4, 0.9990430000000001], [300, 4, 0.9850540000000001], [300, 8, 1.08348], [300, 8, 1.08348], [300, 12, 1.098023], [300, 12, 1.098023], [400, 12, 1.102771], [400, 16, 1.101632], [400, 16, 1.101632]], "pwcutoff": 86, "w_conv_time": [11.684345722198486, 12.034433364868164, 12.847063541412354, 12.847827434539795, 14.00905966758728, 14.010514497756958, 14.646875381469727, 18.818174123764038, 18.82005786895752], "w_ngw": 6, "w_z_factor": [{"@module": "numpy", "@class": "array", "dtype": "float64", "data": [[21.0, 0.8, -0.984494], [22.0, 0.82, -0.125023]]}, {"@module": "numpy", "@class": "array", "dtype": "float64", "data": [[21.0, 0.8, -0.124686], [22.0, 0.82, -0.115378]]}, {"@module": "numpy", "@class": "array", "dtype": "float64", "data": [[21.0, 0.8, -0.103011], [22.0, 0.82, -0.115616]]}, {"@module": "numpy", "@class": "array", "dtype": "float64", "data": [[21.0, 0.8, -0.123985], [22.0, 0.82, -0.11494]]}, {"@module": "numpy", "@class": "array", "dtype": "float64", "data": [[21.0, 0.8, -0.123627], [22.0, 0.82, -0.113396]]}, {"@module": "numpy", "@class": "array", "dtype": "float64", "data": [[21.0, 0.8, -0.122544], [22.0, 0.82, -0.113345]]}], "gw_kppa": 510, "gw_kpt_grid": {"@module": "numpy", "@class": "array", "dtype": "int64", "data": [6, 6, 6]}, "conv_list": [[{"kppa": 0}, {"kpt_grid": "1x1x1"}, {"num_kpts": 1}, {"X_bnds": 400.0}, {"G_bnds": 400.0}, {"X_cutoff": 16.0}, {"gamma_gap": 1.101632}, {"num_gw_calc": 6}, {"wall_time": 171}, {"num_cores": 8}, {"z-factor": "None"}], [{"kppa": 0}, {"kpt_grid": "1x1x1"}, {"num_kpts": 1}, {"X_bnds": 200}, {"G_bnds": 200}, {"X_cutoff": 4}, {"gamma_gap": 8}, {"num_gw_calc": 1}, {"wall_time": 12}, {"num_cores": 8}, {"z-factor": "None"}], [{"kppa": 10}, {"kpt_grid": "2x2x2"}, {"num_kpts": 1}, {"X_bnds": 200}, {"G_bnds": 200}, {"X_cutoff": 4}, {"gamma_gap": 1.636983}, {"num_gw_calc": 2}, {"wall_time": 28}, {"num_cores": 8}, {"z-factor": {"@module": "numpy", "@class": "array", "dtype": "float64", "data": [[21.0, 0.78, -0.179708], [22.0, 0.8, -0.167612]]}}], [{"kppa": 110}, {"kpt_grid": "4x4x4"}, {"num_kpts": 1}, {"X_bnds": 200}, {"G_bnds": 200}, {"X_cutoff": 4}, {"gamma_gap": 1.50007}, {"num_gw_calc": 3}, {"wall_time": 190}, {"num_cores": 8}, {"z-factor": {"@module": "numpy", "@class": "array", "dtype": "float64", "data": [[21.0, 0.77, -0.200049], [22.0, 0.79, -0.184583]]}}], [{"kppa": 510}, {"kpt_grid": "6x6x6"}, {"num_kpts": 1}, {"X_bnds": 200}, {"G_bnds": 200}, {"X_cutoff": 4}, {"gamma_gap": 1.5185}, {"num_gw_calc": 4}, {"wall_time": 333}, {"num_cores": 32}, {"z-factor": {"@module": "numpy", "@class": "array", "dtype": "float64", "data": [[21.0, 0.77, -0.20007], [22.0, 0.79, -0.180592]]}}]], "conv_time": 720.5281503200531}, "gw_band_range_lda": [1, 26], "g0w0_ppa_pbe": {"gw_direct_gap": 1.8279330000000003, "kppa": 1380, "kpt_grid": "8x8x8", "num_kpt": 29, "bands_in X": 500, "bands_in_G": 500, "cutoff": 20, "z_factor": [[21.0, 0.78, -0.00181634], [22.0, 0.8, -0.00162548]], "scissor": 1.0820940000000001, "ncpu": 32, "calc_time": 12182.66301369667},