{"@module": "pymatgen.entries.computed_entries", "@class": "ComputedEntry", "energy": 0.0, "composition": {"Ag": 8.0, "S": 4.0}, "entry_id": "44507", "correction": 0.0, "energy_adjustments": [], "parameters": {"id": "44507", "name": "Ag2S", "ibrav": 0, "vol": 1530.701604695498, "lda_pw_cutoff_Ry": 78, "qe_conv_pbe": {"qe_conv_maxiter": 20, "qe_delta_kppa": 1500, "qe_delta_cutoff": 5, "qe_conv_thresh": 0.00044099190468536564, "qe_conv_steps": [[60, 1500, -1191.481071292701], [65, 1500, -1191.48129667598], [65, 3000, -1191.481316429594]], "qe_conv_time": 438.70000982284546}, "num_elec_pbe": 176.0, "max_mem": 98008.0, "qe_conv_lda": {"qe_conv_maxiter": 20, "qe_delta_kppa": 1500, "qe_delta_cutoff": 5, "qe_conv_thresh": 0.00044099190468536564, "qe_conv_steps": [[78, 1500, -1284.040368205104], [83, 1500, -1284.041395189678], [88, 1500, -1284.041537182619], [88, 3000, -1284.041565799691]], "qe_conv_time": 613.1095862388611}, "num_elec_lda": 176.0, "bg_conv_pbe": {"bg_conv_maxiter": 20, "bg_delta_kppa": 1500, "bg_delta_cutoff": 5, "bg_conv_thresh": 0.025, "bg_conv_steps": [[65, 3000, 0.6621782238681132], [65, 4500, 0.6622673221969383]], "bg_conv_time": 432.80880975723267}, "indirect_gap_pbe": 0.6621767537760944, "bg_conv_lda": {"bg_conv_maxiter": 20, "bg_delta_kppa": 1500, "bg_delta_cutoff": 5, "bg_conv_thresh": 0.025, "bg_conv_steps": [[88, 3000, 0.6019992463105548], [88, 4500, 0.6021327519196588]], "bg_conv_time": 434.6858022212982}, "indirect_gap_lda": 0.6019980099413479, "gw_conv_pbe": {"gw_conv_thr": 0.025, "gw_bnd_start": 200, "gw_bnd_step": 100, "gw_cut_start": 4, "gw_cut_step": 4, "kpt_bnd_idx": {"@module": "numpy", "@class": "array", "dtype": "int64", "data": [1, 1, 88, 89]}, "gw_bands": 200, "gw_cutoff": 4, "w_conv_grid": [[200, 4, 0.9124909999999999], [300, 4, 0.882694], [400, 4, 0.877023], [400, 8, 0.9170529999999999], [400, 8, 0.9170529999999999], [400, 12, 0.931846], [400, 12, 0.931846]], "pwcutoff": 65, "w_conv_time": [12.58174753189087, 13.228156566619873, 14.455363273620605, 22.388129711151123, 22.38986325263977, 40.76340365409851, 40.764057874679565], "w_ngw": 5, "w_z_factor": [{"@module": "numpy", "@class": "array", "dtype": "float64", "data": [[88.0, 0.77, -0.152392], [89.0, 0.77, -0.153459]]}, {"@module": "numpy", "@class": "array", "dtype": "float64", "data": [[88.0, 0.78, -0.141275], [89.0, 0.78, -0.142818]]}, {"@module": "numpy", "@class": "array", "dtype": "float64", "data": [[88.0, 0.78, -0.140075], [89.0, 0.78, -0.145661]]}, {"@module": "numpy", "@class": "array", "dtype": "float64", "data": [[88.0, 0.77, -0.141701], [89.0, 0.77, -0.14944]]}, {"@module": "numpy", "@class": "array", "dtype": "float64", "data": [[88.0, 0.77, -0.143003], [89.0, 0.77, -0.150783]]}], "gw_kppa": 450, "gw_kpt_grid": {"@module": "numpy", "@class": "array", "dtype": "int64", "data": [4, 4, 2]}, "conv_list": [[{"kppa": 0}, {"kpt_grid": "1x1x1"}, {"num_kpts": 1}, {"X_bnds": 400.0}, {"G_bnds": 400.0}, {"X_cutoff": 12.0}, {"gamma_gap": 0.931846}, {"num_gw_calc": 5}, {"wall_time": 653}, {"num_cores": 8}, {"z-factor": "None"}], [{"kppa": 0}, {"kpt_grid": "1x1x1"}, {"num_kpts": 1}, {"X_bnds": 200}, {"G_bnds": 200}, {"X_cutoff": 4}, {"gamma_gap": 4}, {"num_gw_calc": 1}, {"wall_time": 13}, {"num_cores": 8}, {"z-factor": "None"}], [{"kppa": 10}, {"kpt_grid": "2x2x2"}, {"num_kpts": 1}, {"X_bnds": 200}, {"G_bnds": 200}, {"X_cutoff": 4}, {"gamma_gap": 1.023836}, {"num_gw_calc": 2}, {"wall_time": 79}, {"num_cores": 8}, {"z-factor": {"@module": "numpy", "@class": "array", "dtype": "float64", "data": [[88.0, 0.78, -0.143858], [89.0, 0.79, -0.13869]]}}], [{"kppa": 110}, {"kpt_grid": "4x2x2"}, {"num_kpts": 1}, {"X_bnds": 200}, {"G_bnds": 200}, {"X_cutoff": 4}, {"gamma_gap": 1.085621}, {"num_gw_calc": 3}, {"wall_time": 160}, {"num_cores": 8}, {"z-factor": {"@module": "numpy", "@class": "array", "dtype": "float64", "data": [[88.0, 0.79, -0.142923], [89.0, 0.79, -0.135997]]}}], [{"kppa": 450}, {"kpt_grid": "4x4x2"}, {"num_kpts": 1}, {"X_bnds": 200}, {"G_bnds": 200}, {"X_cutoff": 4}, {"gamma_gap": 1.104009}, {"num_gw_calc": 4}, {"wall_time": 142}, {"num_cores": 32}, {"z-factor": {"@module": "numpy", "@class": "array", "dtype": "float64", "data": [[88.0, 0.79, -0.142785], [89.0, 0.79, -0.135624]]}}]], "conv_time": 1032.5962600708008}, "gw_band_range_pbe": [1, 95], "gw_conv_lda": {"gw_conv_thr": 0.025, "gw_bnd_start": 200, "gw_bnd_step": 100, "gw_cut_start": 4, "gw_cut_step": 4, "kpt_bnd_idx": {"@module": "numpy", "@class": "array", "dtype": "int64", "data": [1, 1, 88, 89]}, "gw_bands": 200, "gw_cutoff": 4, "w_conv_grid": [[200, 4, 0.922635], [300, 4, 0.8953], [400, 4, 0.891008], [400, 8, 0.923308], [400, 8, 0.923308], [400, 12, 0.93746], [400, 12, 0.93746]], "pwcutoff": 88, "w_conv_time": [13.815003871917725, 15.24329423904419, 16.426717042922974, 25.589668035507202, 25.591750383377075, 49.20669102668762, 49.20804214477539], "w_ngw": 5, "w_z_factor": [{"@module": "numpy", "@class": "array", "dtype": "float64", "data": [[88.0, 0.77, -0.154612], [89.0, 0.77, -0.153243]]}, {"@module": "numpy", "@class": "array", "dtype": "float64", "data": [[88.0, 0.78, -0.143406], [89.0, 0.78, -0.145667]]}, {"@module": "numpy", "@class": "array", "dtype": "float64", "data": [[88.0, 0.78, -0.140554], [89.0, 0.78, -0.142]]}, {"@module": "numpy", "@class": "array", "dtype": "float64", "data": [[88.0, 0.77, -0.142119], [89.0, 0.77, -0.149762]]}, {"@module": "numpy", "@class": "array", "dtype": "float64", "data": [[88.0, 0.77, -0.142638], [89.0, 0.77, -0.148237]]}], "gw_kppa": 450, "gw_kpt_grid": {"@module": "numpy", "@class": "array", "dtype": "int64", "data": [4, 4, 2]}, "conv_list": [[{"kppa": 0}, {"kpt_grid": "1x1x1"}, {"num_kpts": 1}, {"X_bnds": 400.0}, {"G_bnds": 400.0}, {"X_cutoff": 12.0}, {"gamma_gap": 0.93746}, {"num_gw_calc": 5}, {"wall_time": 769}, {"num_cores": 8}, {"z-factor": "None"}], [{"kppa": 0}, {"kpt_grid": "1x1x1"}, {"num_kpts": 1}, {"X_bnds": 200}, {"G_bnds": 200}, {"X_cutoff": 4}, {"gamma_gap": 4}, {"num_gw_calc": 1}, {"wall_time": 14}, {"num_cores": 8}, {"z-factor": "None"}], [{"kppa": 10}, {"kpt_grid": "2x2x2"}, {"num_kpts": 1}, {"X_bnds": 200}, {"G_bnds": 200}, {"X_cutoff": 4}, {"gamma_gap": 1.001974}, {"num_gw_calc": 2}, {"wall_time": 98}, {"num_cores": 8}, {"z-factor": {"@module": "numpy", "@class": "array", "dtype": "float64", "data": [[88.0, 0.78, -0.145843], [89.0, 0.79, -0.14132]]}}], [{"kppa": 110}, {"kpt_grid": "4x2x2"}, {"num_kpts": 1}, {"X_bnds": 200}, {"G_bnds": 200}, {"X_cutoff": 4}, {"gamma_gap": 1.060891}, {"num_gw_calc": 3}, {"wall_time": 229}, {"num_cores": 8}, {"z-factor": {"@module": "numpy", "@class": "array", "dtype": "float64", "data": [[88.0, 0.78, -0.145421], [89.0, 0.79, -0.138819]]}}], [{"kppa": 450}, {"kpt_grid": "4x4x2"}, {"num_kpts": 1}, {"X_bnds": 200}, {"G_bnds": 200}, {"X_cutoff": 4}, {"gamma_gap": 1.0808010000000001}, {"num_gw_calc": 4}, {"wall_time": 206}, {"num_cores": 32}, {"z-factor": {"@module": "numpy", "@class": "array", "dtype": "float64", "data": [[88.0, 0.78, -0.144779], [89.0, 0.79, -0.138241]]}}]], "conv_time": 1300.085044145584}, "gw_band_range_lda": [1, 95], "g0w0_ppa_pbe": {"gw_direct_gap": 1.112476, "kppa": 470, "kpt_grid": "6x4x2", "num_kpt": 28, "bands_in X": 500, "bands_in_G": 500, "cutoff": 16, "z_factor": [[88.0, 0.79, -0.00129004], [89.0, 0.79, -0.00121186]], "scissor": 0.424557, "ncpu": 32, "calc_time": 7908.94037604332}, "g0w0_ppa_lda": {"gw_direct_gap": 1.0843709999999998, "kppa": 470, "kpt_grid": "6x4x2", "num_kpt": 28, "bands_in X": 500, "bands_in_G": 500, "cutoff": 16, "z_factor": [[88.0, 0.78, -0.00129953], [89.0, 0.79, -0.00123528]], "scissor": 0.4554539999999999, "ncpu": 32, "calc_time": 8918.455654859543}}, "data": {}}