{"@module": "pymatgen.entries.computed_entries", "@class": "ComputedEntry", "energy": 0.0, "composition": {"Zn": 1.0, "Ga": 2.0, "Se": 4.0}, "entry_id": "44887", "correction": 0.0, "energy_adjustments": [], "parameters": {"id": "44887", "name": "Zn(GaSe2)2", "ibrav": {"celldm(1)": 10.385934830980368, "ibrav": 7, "celldm(3)": 1.999636098981077}, "vol": 1120.1024631355106, "lda_pw_cutoff_Ry": 78, "qe_conv_pbe": {"qe_conv_maxiter": 20, "qe_delta_kppa": 1500, "qe_delta_cutoff": 5, "qe_conv_thresh": 0.0002572452777331299, "qe_conv_steps": [[60, 1500, -369.4216242628984], [65, 1500, -369.4237960585362], [70, 1500, -369.4252338419959], [75, 1500, -369.427348329835], [80, 1500, -369.4286630882209], [85, 1500, -369.4289956127255], [90, 1500, -369.4290423438762], [90, 3000, -369.4290474381943]], "qe_conv_time": 303.24722838401794}, "num_elec_pbe": 70.0, "max_mem": 443520.0, "qe_conv_lda": {"qe_conv_maxiter": 20, "qe_delta_kppa": 1500, "qe_delta_cutoff": 5, "qe_conv_thresh": 0.0002572452777331299, "qe_conv_steps": [[78, 1500, -846.4703332412299], [83, 1500, -846.470957875211], [88, 1500, -846.4710124360421], [88, 3000, -846.4710197815988]], "qe_conv_time": 278.18018531799316}, "num_elec_lda": 110.0, "bg_conv_pbe": {"bg_conv_maxiter": 20, "bg_delta_kppa": 1500, "bg_delta_cutoff": 5, "bg_conv_thresh": 0.025, "bg_conv_steps": [[90, 3000, 1.6305418330488168], [90, 6000, 1.6305409851301162]], "bg_conv_time": 175.01134634017944}, "indirect_gap_pbe": 1.630538808977983, "bg_conv_lda": {"bg_conv_maxiter": 20, "bg_delta_kppa": 1500, "bg_delta_cutoff": 5, "bg_conv_thresh": 0.025, "bg_conv_steps": [[88, 3000, 1.397086891153612], [88, 6000, 1.3970921973854273]], "bg_conv_time": 269.380774974823}, "indirect_gap_lda": 1.3970862217316153, "gw_conv_pbe": {"gw_conv_thr": 0.025, "gw_bnd_start": 200, "gw_bnd_step": 100, "gw_cut_start": 4, "gw_cut_step": 4, "kpt_bnd_idx": {"@module": "numpy", "@class": "array", "dtype": "int64", "data": [1, 1, 35, 36]}, "gw_bands": 200, "gw_cutoff": 4, "w_conv_grid": [[200, 4, 1.782501], [300, 4, 1.761876], [300, 8, 1.8785949999999998], [300, 8, 1.8785949999999998], [300, 12, 1.9040879999999998], [300, 12, 1.9040879999999998], [300, 16, 1.911679], [300, 16, 1.911679], [400, 16, 1.914978], [400, 20, 1.916887], [400, 20, 1.916887]], "pwcutoff": 90, "w_conv_time": [13.940953254699707, 14.954427242279053, 17.15932536125183, 17.16030526161194, 22.708388566970825, 22.7099130153656, 35.74518394470215, 35.746960401535034, 41.46922993659973, 67.033123254776, 67.03433084487915], "w_ngw": 7, "w_z_factor": [{"@module": "numpy", "@class": "array", "dtype": "float64", "data": [[35.0, 0.78, -0.151145], [36.0, 0.79, -0.146224]]}, {"@module": "numpy", "@class": "array", "dtype": "float64", "data": [[35.0, 0.78, -0.149588], [36.0, 0.79, -0.144383]]}, {"@module": "numpy", "@class": "array", "dtype": "float64", "data": [[35.0, 0.78, -0.149544], [36.0, 0.79, -0.144398]]}, {"@module": "numpy", "@class": "array", "dtype": "float64", "data": [[35.0, 0.78, -0.149426], [36.0, 0.79, -0.144438]]}, {"@module": "numpy", "@class": "array", "dtype": "float64", "data": [[35.0, 0.78, -0.149363], [36.0, 0.79, -0.144591]]}, {"@module": "numpy", "@class": "array", "dtype": "float64", "data": [[35.0, 0.78, -0.14937], [36.0, 0.79, -0.143797]]}, {"@module": "numpy", "@class": "array", "dtype": "float64", "data": [[35.0, 0.78, -0.14937], [36.0, 0.79, -0.143127]]}], "gw_kppa": 880, "gw_kpt_grid": {"@module": "numpy", "@class": "array", "dtype": "int64", "data": [6, 6, 6]}, "conv_list": [[{"kppa": 0}, {"kpt_grid": "1x1x1"}, {"num_kpts": 1}, {"X_bnds": 400.0}, {"G_bnds": 400.0}, {"X_cutoff": 20.0}, {"gamma_gap": 1.916887}, {"num_gw_calc": 7}, {"wall_time": 511}, {"num_cores": 8}, {"z-factor": "None"}], [{"kppa": 0}, {"kpt_grid": "1x1x1"}, {"num_kpts": 1}, {"X_bnds": 200}, {"G_bnds": 200}, {"X_cutoff": 4}, {"gamma_gap": 8}, {"num_gw_calc": 1}, {"wall_time": 14}, {"num_cores": 8}, {"z-factor": "None"}], [{"kppa": 10}, {"kpt_grid": "2x2x2"}, {"num_kpts": 1}, {"X_bnds": 200}, {"G_bnds": 200}, {"X_cutoff": 4}, {"gamma_gap": 2.2606650000000004}, {"num_gw_calc": 2}, {"wall_time": 59}, {"num_cores": 8}, {"z-factor": {"@module": "numpy", "@class": "array", "dtype": "float64", "data": [[35.0, 0.8, -0.144343], [36.0, 0.81, -0.136223]]}}], [{"kppa": 190}, {"kpt_grid": "4x4x4"}, {"num_kpts": 1}, {"X_bnds": 200}, {"G_bnds": 200}, {"X_cutoff": 4}, {"gamma_gap": 2.359507}, {"num_gw_calc": 3}, {"wall_time": 794}, {"num_cores": 8}, {"z-factor": {"@module": "numpy", "@class": "array", "dtype": "float64", "data": [[35.0, 0.8, -0.140542], [36.0, 0.81, -0.129184]]}}], [{"kppa": 880}, {"kpt_grid": "6x6x6"}, {"num_kpts": 1}, {"X_bnds": 200}, {"G_bnds": 200}, {"X_cutoff": 4}, {"gamma_gap": 2.359891}, {"num_gw_calc": 4}, {"wall_time": 1806}, {"num_cores": 32}, {"z-factor": {"@module": "numpy", "@class": "array", "dtype": "float64", "data": [[35.0, 0.8, -0.140295], [36.0, 0.81, -0.128578]]}}]], "conv_time": 3167.510803937912}, "gw_band_range_pbe": [1, 42], "gw_conv_lda": {"gw_conv_thr": 0.025, "gw_bnd_start": 200, "gw_bnd_step": 100, "gw_cut_start": 4, "gw_cut_step": 4, "kpt_bnd_idx": {"@module": "numpy", "@class": "array", "dtype": "int64", "data": [1, 1, 55, 56]}, "gw_bands": 200, "gw_cutoff": 4, "w_conv_grid": [[200, 4, 2.147891], [300, 4, 2.119291], [400, 4, 2.105663], [400, 8, 2.193534], [400, 8, 2.193534], [400, 12, 2.219709], [400, 12, 2.219709], [400, 16, 2.2302999999999997], [400, 16, 2.2302999999999997], [500, 16, 2.2234510000000003], [500, 20, 2.226726], [500, 20, 2.226726]], "pwcutoff": 88, "w_conv_time": [15.486447095870972, 16.847028255462646, 18.461109161376953, 21.287431001663208, 21.28913116455078, 28.178114414215088, 28.179859399795532, 48.25443959236145, 48.25588369369507, 54.75271701812744, 88.17871046066284, 88.18035054206848], "w_ngw": 8, "w_z_factor": [{"@module": "numpy", "@class": "array", "dtype": "float64", "data": [[55.0, 0.79, -0.1458], [56.0, 0.79, -0.142667]]}, {"@module": "numpy", "@class": "array", "dtype": "float64", "data": [[55.0, 0.79, -0.142843], [56.0, 0.79, -0.139682]]}, {"@module": "numpy", "@class": "array", "dtype": "float64", "data": [[55.0, 0.79, -0.141171], [56.0, 0.79, -0.138179]]}, {"@module": "numpy", "@class": "array", "dtype": "float64", "data": [[55.0, 0.78, -0.141381], [56.0, 0.79, -0.138401]]}, {"@module": "numpy", "@class": "array", "dtype": "float64", "data": [[55.0, 0.78, -0.141227], [56.0, 0.79, -0.138396]]}, {"@module": "numpy", "@class": "array", "dtype": "float64", "data": [[55.0, 0.78, -0.141172], [56.0, 0.79, -0.138378]]}, {"@module": "numpy", "@class": "array", "dtype": "float64", "data": [[55.0, 0.78, -0.14038], [56.0, 0.79, -0.137513]]}, {"@module": "numpy", "@class": "array", "dtype": "float64", "data": [[55.0, 0.78, -0.140412], [56.0, 0.79, -0.137582]]}], "gw_kppa": 880, "gw_kpt_grid": {"@module": "numpy", "@class": "array", "dtype": "int64", "data": [6, 6, 6]}, "conv_list": [[{"kppa": 0}, {"kpt_grid": "1x1x1"}, {"num_kpts": 1}, {"X_bnds": 500.0}, {"G_bnds": 500.0}, {"X_cutoff": 20.0}, {"gamma_gap": 2.226726}, {"num_gw_calc": 8}, {"wall_time": 704}, {"num_cores": 8}, {"z-factor": "None"}], [{"kppa": 0}, {"kpt_grid": "1x1x1"}, {"num_kpts": 1}, {"X_bnds": 200}, {"G_bnds": 200}, {"X_cutoff": 4}, {"gamma_gap": 4}, {"num_gw_calc": 1}, {"wall_time": 16}, {"num_cores": 8}, {"z-factor": "None"}], [{"kppa": 10}, {"kpt_grid": "2x2x2"}, {"num_kpts": 1}, {"X_bnds": 200}, {"G_bnds": 200}, {"X_cutoff": 4}, {"gamma_gap": 2.586431}, {"num_gw_calc": 2}, {"wall_time": 70}, {"num_cores": 8}, {"z-factor": {"@module": "numpy", "@class": "array", "dtype": "float64", "data": [[55.0, 0.8, -0.143899], [56.0, 0.81, -0.13714]]}}], [{"kppa": 190}, {"kpt_grid": "4x4x4"}, {"num_kpts": 1}, {"X_bnds": 200}, {"G_bnds": 200}, {"X_cutoff": 4}, {"gamma_gap": 2.699891}, {"num_gw_calc": 3}, {"wall_time": 1029}, {"num_cores": 8}, {"z-factor": {"@module": "numpy", "@class": "array", "dtype": "float64",