{"@module": "pymatgen.entries.computed_entries", "@class": "ComputedEntry", "energy": 0.0, "composition": {"Y": 1.0, "Sb": 1.0, "Pt": 1.0}, "entry_id": "44970", "correction": 0.0, "energy_adjustments": [], "parameters": {"id": "44970", "name": "YSbPt", "ibrav": {"celldm(1)": 12.355029462327082, "ibrav": 2}, "vol": 471.48878270713055, "lda_pw_cutoff_Ry": 72, "qe_conv_pbe": {"qe_conv_maxiter": 20, "qe_delta_kppa": 1500, "qe_delta_cutoff": 5, "qe_conv_thresh": 0.00011024797617134141, "qe_conv_steps": [[60, 1500, -230.5725884275908], [65, 1500, -230.5728213148693], [70, 1500, -230.5729264765025], [70, 3000, -230.5729846261572]], "qe_conv_time": 27.347480058670044}, "num_elec_pbe": 44.0, "max_mem": 38867.0, "qe_conv_lda": {"qe_conv_maxiter": 20, "qe_delta_kppa": 1500, "qe_delta_cutoff": 5, "qe_conv_thresh": 0.00011024797617134141, "qe_conv_steps": [[72, 1500, -262.401310845299], [77, 1500, -262.4022859483187], [82, 1500, -262.4024752259327], [87, 1500, -262.4024969354315], [87, 3000, -262.4025624487665]], "qe_conv_time": 36.59048843383789}, "num_elec_lda": 44.0, "bg_conv_pbe": {"bg_conv_maxiter": 20, "bg_delta_kppa": 1500, "bg_delta_cutoff": 5, "bg_conv_thresh": 0.025, "bg_conv_steps": [[70, 3000, 0.35573143523309286], [70, 4500, 0.35587838766394364]], "bg_conv_time": 17.141698837280273}, "indirect_gap_pbe": 0.3557263896504845, "bg_conv_lda": {"bg_conv_maxiter": 20, "bg_delta_kppa": 1500, "bg_delta_cutoff": 5, "bg_conv_thresh": 0.025, "bg_conv_steps": [[87, 3000, 0.20491784960742165], [87, 4500, 0.20508603216870777]], "bg_conv_time": 18.456441640853882}, "indirect_gap_lda": 0.20491414881246983, "gw_conv_pbe": {"gw_conv_thr": 0.025, "gw_bnd_start": 200, "gw_bnd_step": 100, "gw_cut_start": 4, "gw_cut_step": 4, "kpt_bnd_idx": {"@module": "numpy", "@class": "array", "dtype": "int64", "data": [1, 1, 22, 23]}, "gw_bands": 200, "gw_cutoff": 4, "w_conv_grid": [[200, 4, 0.23874700000000004], [300, 4, 0.23517400000000002], [300, 8, 0.285644], [300, 8, 0.285644], [300, 12, 0.3007000000000001], [300, 12, 0.3007000000000001], [400, 12, 0.2978], [400, 16, 0.297728], [400, 16, 0.297728]], "pwcutoff": 70, "w_conv_time": [11.192394495010376, 11.670594692230225, 12.041698932647705, 12.043374061584473, 12.165560483932495, 12.166826009750366, 12.523857593536377, 13.803712606430054, 13.8048734664917], "w_ngw": 6, "w_z_factor": [{"@module": "numpy", "@class": "array", "dtype": "float64", "data": [[22.0, 0.83, -0.769552], [23.0, 0.82, -0.810579]]}, {"@module": "numpy", "@class": "array", "dtype": "float64", "data": [[22.0, 0.83, -0.765633], [23.0, 0.82, -0.80946]]}, {"@module": "numpy", "@class": "array", "dtype": "float64", "data": [[22.0, 0.83, -0.769802], [23.0, 0.82, -0.843447]]}, {"@module": "numpy", "@class": "array", "dtype": "float64", "data": [[22.0, 0.83, -0.775813], [23.0, 0.82, -0.840765]]}, {"@module": "numpy", "@class": "array", "dtype": "float64", "data": [[22.0, 0.83, -0.772267], [23.0, 0.82, -0.833645]]}, {"@module": "numpy", "@class": "array", "dtype": "float64", "data": [[22.0, 0.83, -0.771789], [23.0, 0.82, -0.833793]]}], "gw_kppa": 380, "gw_kpt_grid": {"@module": "numpy", "@class": "array", "dtype": "int64", "data": [6, 6, 6]}, "conv_list": [[{"kppa": 0}, {"kpt_grid": "1x1x1"}, {"num_kpts": 1}, {"X_bnds": 400.0}, {"G_bnds": 400.0}, {"X_cutoff": 16.0}, {"gamma_gap": 0.297728}, {"num_gw_calc": 6}, {"wall_time": 139}, {"num_cores": 8}, {"z-factor": "None"}], [{"kppa": 0}, {"kpt_grid": "1x1x1"}, {"num_kpts": 1}, {"X_bnds": 200}, {"G_bnds": 200}, {"X_cutoff": 4}, {"gamma_gap": 8}, {"num_gw_calc": 1}, {"wall_time": 12}, {"num_cores": 8}, {"z-factor": "None"}], [{"kppa": 10}, {"kpt_grid": "2x2x2"}, {"num_kpts": 1}, {"X_bnds": 200}, {"G_bnds": 200}, {"X_cutoff": 4}, {"gamma_gap": 0.351314}, {"num_gw_calc": 2}, {"wall_time": 22}, {"num_cores": 8}, {"z-factor": {"@module": "numpy", "@class": "array", "dtype": "float64", "data": [[22.0, 0.81, -0.106675], [23.0, 0.81, -0.105751]]}}], [{"kppa": 90}, {"kpt_grid": "4x4x4"}, {"num_kpts": 1}, {"X_bnds": 200}, {"G_bnds": 200}, {"X_cutoff": 4}, {"gamma_gap": 0.381139}, {"num_gw_calc": 3}, {"wall_time": 70}, {"num_cores": 8}, {"z-factor": {"@module": "numpy", "@class": "array", "dtype": "float64", "data": [[22.0, 0.81, -0.111653], [23.0, 0.81, -0.110132]]}}], [{"kppa": 380}, {"kpt_grid": "6x6x6"}, {"num_kpts": 1}, {"X_bnds": 200}, {"G_bnds": 200}, {"X_cutoff": 4}, {"gamma_gap": 0.394049}, {"num_gw_calc": 4}, {"wall_time": 108}, {"num_cores": 32}, {"z-factor": {"@module": "numpy", "@class": "array", "dtype": "float64", "data": [[22.0, 0.81, -0.111383], [23.0, 0.81, -0.109388]]}}]], "conv_time": 336.50630402565}, "gw_band_range_pbe": [1, 29], "gw_conv_lda": {"gw_conv_thr": 0.025, "gw_bnd_start": 200, "gw_bnd_step": 100, "gw_cut_start": 4, "gw_cut_step": 4, "kpt_bnd_idx": {"@module": "numpy", "@class": "array", "dtype": "int64", "data": [1, 1, 22, 23]}, "gw_bands": 200, "gw_cutoff": 4, "w_conv_grid": [[200, 4, 0.47955699999999996], [300, 4, 0.47038300000000005], [300, 8, 0.473193], [300, 8, 0.473193]], "pwcutoff": 87, "w_conv_time": [11.67511510848999, 11.78302001953125, 11.600230932235718, 11.601979970932007], "w_ngw": 3, "w_z_factor": [{"@module": "numpy", "@class": "array", "dtype": "float64", "data": [[22.0, 0.84, -0.731909], [23.0, 0.83, -0.777955]]}, {"@module": "numpy", "@class": "array", "dtype": "float64", "data": [[22.0, 0.84, -0.727878], [23.0, 0.83, -0.775305]]}, {"@module": "numpy", "@class": "array", "dtype": "float64", "data": [[22.0, 0.84, -0.733317], [23.0, 0.83, -0.799805]]}], "gw_kppa": 90, "gw_kpt_grid": {"@module": "numpy", "@class": "array", "dtype": "int64", "data": [4, 4, 4]}, "conv_list": [[{"kppa": 0}, {"kpt_grid": "1x1x1"}, {"num_kpts": 1}, {"X_bnds": 300.0}, {"G_bnds": 300.0}, {"X_cutoff": 8.0}, {"gamma_gap": 0.473193}, {"num_gw_calc": 3}, {"wall_time": 108}, {"num_cores": 8}, {"z-factor": "None"}], [{"kppa": 0}, {"kpt_grid": "1x1x1"}, {"num_kpts": 1}, {"X_bnds": 200}, {"G_bnds": 200}, {"X_cutoff": 4}, {"gamma_gap": 8}, {"num_gw_calc": 1}, {"wall_time": 12}, {"num_cores": 8}, {"z-factor": "None"}], [{"kppa": 10}, {"kpt_grid": "2x2x2"}, {"num_kpts": 1}, {"X_bnds": 200}, {"G_bnds": 200}, {"X_cutoff": 4}, {"gamma_gap": 0.541795}, {"num_gw_calc": 2}, {"wall_time": 25}, {"num_cores": 8}, {"z-factor": {"@module": "numpy", "@class": "array", "dtype": "float64", "data": [[22.0, 0.81, -0.105912], [23.0, 0.81, -0.104593]]}}], [{"kppa": 90}, {"kpt_grid": "4x4x4"}, {"num_kpts": 1}, {"X_bnds": 200}, {"G_bnds": 200}, {"X_cutoff": 4}, {"gamma_gap": 0.5495599999999999}, {"num_gw_calc": 3}, {"wall_time": 113}, {"num_cores": 8}, {"z-factor": {"@module": "numpy", "@class": "array", "dtype": "float64", "data": [[22.0, 0.81, -0.115192], [23.0, 0.81, -0.112987]]}}]], "conv_time": 244.46634984016418}, "gw_band_range_lda": [1, 29], "g0w0_ppa_pbe": {"gw_direct_gap": 0.339165, "kppa": 1030, "kpt_grid": "8x8x8", "num_kpt": 29, "bands_in X": 500, "bands_in_G": 500, "cutoff": 20, "z_factor": [[22.0, 0.81, -0.00111257], [23.0, 0.81, -0.00109001]], "scissor": -0.016199999999999992, "ncpu": 32, "calc_time": 4299.812722206116}, "g0w0_ppa_lda": {"gw_direct_gap": 0.45728399999999997, "kppa": 380, "kpt_grid": "6x6x6", "num_kpt": 16, "bands_in X": 400, "bands_in_G": 400, "cutoff": 12, "z_factor": [[22.0, 0.81, -0.00116165], [23.0, 0.8, -0.00113192]], "scissor": 0.253908, "ncpu": 32, "calc_time": 497.979190826416}}, "data": {}}