{"@module": "pymatgen.entries.computed_entries", "@class": "ComputedEntry", "energy": 0.0, "composition": {"In": 1.0, "Bi": 2.0, "S": 4.0, "Cl": 1.0}, "entry_id": "484", "correction": 0.0, "energy_adjustments": [], "parameters": {"id": "484", "name": "InBi2S4Cl", "ibrav": 0, "vol": 1253.9708830541713, "lda_pw_cutoff_Ry": 62, "qe_conv_pbe": {"qe_conv_maxiter": 20, "qe_delta_kppa": 1500, "qe_delta_cutoff": 5, "qe_conv_thresh": 0.00029399460312357707, "qe_conv_steps": [[60, 1500, -244.3497930470447], [65, 1500, -244.3503044124836], [70, 1500, -244.3505340221733], [70, 3000, -244.3505804935841]], "qe_conv_time": 223.68078660964966}, "num_elec_pbe": 74.0, "max_mem": 215775.0, "qe_conv_lda": {"qe_conv_maxiter": 20, "qe_delta_kppa": 1500, "qe_delta_cutoff": 5, "qe_conv_thresh": 0.00029399460312357707, "qe_conv_steps": [[62, 1500, -290.8623787825734], [67, 1500, -290.862889673727], [72, 1500, -290.8629283359259], [72, 3000, -290.8629826053581]], "qe_conv_time": 219.6480257511139}, "num_elec_lda": 74.0, "bg_conv_pbe": {"bg_conv_maxiter": 20, "bg_delta_kppa": 1500, "bg_delta_cutoff": 5, "bg_conv_thresh": 0.025, "bg_conv_steps": [[70, 3000, 1.6152870544346234], [70, 4500, 1.6567022045528363], [70, 6000, 1.6204138628893647], [70, 9000, 1.6031446302031276]], "bg_conv_time": 436.36919689178467}, "indirect_gap_pbe": 1.6030494844169092, "bg_conv_lda": {"bg_conv_maxiter": 20, "bg_delta_kppa": 1500, "bg_delta_cutoff": 5, "bg_conv_thresh": 0.025, "bg_conv_steps": [[72, 3000, 1.4334991565814186], [72, 4500, 1.4903380074891712], [72, 6000, 1.4441957931644955], [72, 9000, 1.4205386022469502]], "bg_conv_time": 377.2897834777832}, "indirect_gap_lda": 1.420403684269814, "gw_conv_pbe": {"gw_conv_thr": 0.025, "gw_bnd_start": 200, "gw_bnd_step": 100, "gw_cut_start": 4, "gw_cut_step": 4, "kpt_bnd_idx": {"@module": "numpy", "@class": "array", "dtype": "int64", "data": [1, 1, 37, 38]}, "gw_bands": 200, "gw_cutoff": 4, "w_conv_grid": [[200, 4, 2.573396], [300, 4, 2.539666], [400, 4, 2.523092], [400, 8, 2.6847109999999996], [400, 8, 2.6847109999999996], [400, 12, 2.726767], [400, 12, 2.726767], [400, 16, 2.7388950000000003], [400, 16, 2.7388950000000003], [500, 16, 2.738411], [500, 20, 2.742605], [500, 20, 2.742605]], "pwcutoff": 70, "w_conv_time": [12.193363428115845, 13.565996885299683, 14.64844799041748, 20.087780237197876, 20.091185569763184, 29.437784433364868, 29.43934726715088, 49.987197160720825, 49.989067792892456, 54.9814989566803, 96.086092710495, 96.08794951438904], "w_ngw": 8, "w_z_factor": [{"@module": "numpy", "@class": "array", "dtype": "float64", "data": [[37.0, 0.78, -0.146419], [38.0, 0.8, -0.138359]]}, {"@module": "numpy", "@class": "array", "dtype": "float64", "data": [[37.0, 0.78, -0.142127], [38.0, 0.8, -0.137177]]}, {"@module": "numpy", "@class": "array", "dtype": "float64", "data": [[37.0, 0.78, -0.140659], [38.0, 0.8, -0.135053]]}, {"@module": "numpy", "@class": "array", "dtype": "float64", "data": [[37.0, 0.78, -0.145504], [38.0, 0.79, -0.265301]]}, {"@module": "numpy", "@class": "array", "dtype": "float64", "data": [[37.0, 0.77, -0.145046], [38.0, 0.79, -0.140785]]}, {"@module": "numpy", "@class": "array", "dtype": "float64", "data": [[37.0, 0.77, -0.144835], [38.0, 0.79, -0.137573]]}, {"@module": "numpy", "@class": "array", "dtype": "float64", "data": [[37.0, 0.77, -0.151104], [38.0, 0.79, -0.136242]]}, {"@module": "numpy", "@class": "array", "dtype": "float64", "data": [[37.0, 0.77, -0.145675], [38.0, 0.79, -0.136292]]}], "gw_kppa": 380, "gw_kpt_grid": {"@module": "numpy", "@class": "array", "dtype": "int64", "data": [4, 4, 4]}, "conv_list": [[{"kppa": 0}, {"kpt_grid": "1x1x1"}, {"num_kpts": 1}, {"X_bnds": 500.0}, {"G_bnds": 500.0}, {"X_cutoff": 20.0}, {"gamma_gap": 2.742605}, {"num_gw_calc": 8}, {"wall_time": 732}, {"num_cores": 8}, {"z-factor": "None"}], [{"kppa": 0}, {"kpt_grid": "1x1x1"}, {"num_kpts": 1}, {"X_bnds": 200}, {"G_bnds": 200}, {"X_cutoff": 4}, {"gamma_gap": 4}, {"num_gw_calc": 1}, {"wall_time": 13}, {"num_cores": 8}, {"z-factor": "None"}], [{"kppa": 10}, {"kpt_grid": "2x2x2"}, {"num_kpts": 1}, {"X_bnds": 200}, {"G_bnds": 200}, {"X_cutoff": 4}, {"gamma_gap": 2.6047010000000004}, {"num_gw_calc": 2}, {"wall_time": 69}, {"num_cores": 8}, {"z-factor": {"@module": "numpy", "@class": "array", "dtype": "float64", "data": [[37.0, 0.79, -0.141193], [38.0, 0.81, -0.128614]]}}], [{"kppa": 170}, {"kpt_grid": "4x4x2"}, {"num_kpts": 1}, {"X_bnds": 200}, {"G_bnds": 200}, {"X_cutoff": 4}, {"gamma_gap": 2.641561}, {"num_gw_calc": 3}, {"wall_time": 303}, {"num_cores": 8}, {"z-factor": {"@module": "numpy", "@class": "array", "dtype": "float64", "data": [[37.0, 0.79, -0.140527], [38.0, 0.81, -0.124829]]}}], [{"kppa": 380}, {"kpt_grid": "4x4x4"}, {"num_kpts": 1}, {"X_bnds": 200}, {"G_bnds": 200}, {"X_cutoff": 4}, {"gamma_gap": 2.643751}, {"num_gw_calc": 4}, {"wall_time": 294}, {"num_cores": 32}, {"z-factor": {"@module": "numpy", "@class": "array", "dtype": "float64", "data": [[37.0, 0.79, -0.140244], [38.0, 0.81, -0.125875]]}}]], "conv_time": 1395.6190769672394}, "gw_band_range_pbe": [1, 45], "gw_conv_lda": {"gw_conv_thr": 0.025, "gw_bnd_start": 200, "gw_bnd_step": 100, "gw_cut_start": 4, "gw_cut_step": 4, "kpt_bnd_idx": {"@module": "numpy", "@class": "array", "dtype": "int64", "data": [1, 1, 37, 38]}, "gw_bands": 200, "gw_cutoff": 4, "w_conv_grid": [[200, 4, 2.656387], [300, 4, 2.625263], [400, 4, 2.613564], [400, 8, 2.760583], [400, 8, 2.760583], [400, 12, 2.8004260000000003], [400, 12, 2.8004260000000003], [400, 16, 2.8135079999999997], [400, 16, 2.8135079999999997], [500, 16, 2.8193720000000004], [500, 20, 2.824531], [500, 20, 2.824531]], "pwcutoff": 72, "w_conv_time": [12.647783517837524, 13.499530792236328, 13.518444299697876, 18.961804151535034, 18.96375560760498, 30.210134267807007, 30.21170473098755, 49.979002475738525, 49.98066854476929, 55.018113136291504, 97.85183835029602, 97.85373163223267], "w_ngw": 8, "w_z_factor": [{"@module": "numpy", "@class": "array", "dtype": "float64", "data": [[37.0, 0.78, -0.149688], [38.0, 0.79, -0.157116]]}, {"@module": "numpy", "@class": "array", "dtype": "float64", "data": [[37.0, 0.78, -0.151318], [38.0, 0.79, -0.143345]]}, {"@module": "numpy", "@class": "array", "dtype": "float64", "data": [[37.0, 0.78, -0.162379], [38.0, 0.79, -0.138726]]}, {"@module": "numpy", "@class": "array", "dtype": "float64", "data": [[37.0, 0.77, -0.155625], [38.0, 0.79, -0.132511]]}, {"@module": "numpy", "@class": "array", "dtype": "float64", "data": [[37.0, 0.77, -0.158945], [38.0, 0.79, -0.139817]]}, {"@module": "numpy", "@class": "array", "dtype": "float64", "data": [[37.0, 0.77, -0.173805], [38.0, 0.79, -0.123725]]}, {"@module": "numpy", "@class": "array", "dtype": "float64", "data": [[37.0, 0.77, -0.150084], [38.0, 0.79, -0.141013]]}, {"@module": "numpy", "@class": "array", "dtype": "float64", "data": [[37.0, 0.77, -0.147024], [38.0, 0.79, -0.141957]]}], "gw_kppa": 10, "gw_kpt_grid": {"@module": "numpy", "@class": "array", "dtype": "int64", "data": [2, 2, 2]}, "conv_list": [[{"kppa": 0}, {"kpt_grid": "1x1x1"}, {"num_kpts": 1}, {"X_bnds": 500.0}, {"G_bnds": 500.0}, {"X_cutoff": 20.0}, {"gamma_gap": 2.824531}, {"num_gw_calc": 8}, {"wall_time": 824}, {"num_cores": 8}, {"z-factor": "None"}], [{"kppa": 0}, {"kpt_grid": "1x1x1"}, {"num_kpts": 1}, {"X_bnds": 200}, {"G_bnds": 200}, {"X_cutoff": 4}, {"gamma_gap": 4}, {"num_gw_calc": 1}, {"wall_time": 13}, {"num_cores": 8}, {"z-factor": "None"}], [{"kppa": 10}, {"kpt_grid": "2x2x2"}, {"num_kpts": 1}, {"X_bnds": 200}, {"G_bnds": 200}, {"X_cutoff": 4}, {"gamma_gap": 2.6500649999999997}, {"num_gw_calc": 2}, {"wall_time": 65}, {"num_cores": 8}, {"z-factor": {"@module": "numpy", "@class": "array", "dtype": "float64", "data": [[37.0, 0.79, -0.145033], [38.0, 0.8, -0.133358]]}}]], "conv_time": 888.0337121486664}, "gw_band_range_lda": [1, 45], "g0w0_ppa_pbe": {"gw_direct_gap": 2.7954540000000003, "kppa": 770, "kpt_grid": "6x6x4", "num_kpt": 47, "bands_in X": 600, "bands_in_G": 600, "cutoff": 24,