{"@module": "pymatgen.entries.computed_entries", "@class": "ComputedEntry", "energy": 0.0, "composition": {"Rb": 2.0, "Te": 1.0, "Br": 6.0}, "entry_id": "49521", "correction": 0.0, "energy_adjustments": [], "parameters": {"id": "49521", "name": "Rb2TeBr6", "ibrav": {"celldm(1)": 20.244636070650053, "ibrav": 2}, "vol": 2074.2921834728927, "lda_pw_cutoff_Ry": 68, "qe_conv_pbe": {"qe_conv_maxiter": 20, "qe_delta_kppa": 1500, "qe_delta_cutoff": 5, "qe_conv_thresh": 0.00033074392851402423, "qe_conv_steps": [[60, 1500, -217.5729247314048], [65, 1500, -217.5730311102461], [65, 4500, -217.5730313557981]], "qe_conv_time": 90.88145184516907}, "num_elec_pbe": 76.00000000000001, "max_mem": 88428.0, "qe_conv_lda": {"qe_conv_maxiter": 20, "qe_delta_kppa": 1500, "qe_delta_cutoff": 5, "qe_conv_thresh": 0.00033074392851402423, "qe_conv_steps": [[68, 1500, -253.8660739425671], [73, 1500, -253.8662652133995], [73, 4500, -253.8662656590492]], "qe_conv_time": 71.55497908592224}, "num_elec_lda": 76.00000000000001, "bg_conv_pbe": {"bg_conv_maxiter": 20, "bg_delta_kppa": 1500, "bg_delta_cutoff": 5, "bg_conv_thresh": 0.025, "bg_conv_steps": [[65, 4500, 1.8939414103554282], [65, 7500, 1.8946613810355755]], "bg_conv_time": 92.33090734481812}, "indirect_gap_pbe": 1.8939462284814539, "bg_conv_lda": {"bg_conv_maxiter": 20, "bg_delta_kppa": 1500, "bg_delta_cutoff": 5, "bg_conv_thresh": 0.025, "bg_conv_steps": [[73, 4500, 1.8098392033206727], [73, 7500, 1.8106983185217018]], "bg_conv_time": 65.64255428314209}, "indirect_gap_lda": 1.8098361028439975, "gw_conv_pbe": {"gw_conv_thr": 0.025, "gw_bnd_start": 200, "gw_bnd_step": 100, "gw_cut_start": 4, "gw_cut_step": 4, "kpt_bnd_idx": {"@module": "numpy", "@class": "array", "dtype": "int64", "data": [1, 1, 38, 39]}, "gw_bands": 200, "gw_cutoff": 4, "w_conv_grid": [[200, 4, 4.082478], [300, 4, 4.0671669999999995], [300, 8, 4.166608], [300, 8, 4.166608], [300, 12, 4.179387], [300, 12, 4.179387], [400, 12, 4.193867], [400, 16, 4.1999960000000005], [400, 16, 4.1999960000000005]], "pwcutoff": 65, "w_conv_time": [14.569836854934692, 16.492605209350586, 25.583266973495483, 25.584333181381226, 43.32116913795471, 43.32215714454651, 53.45986747741699, 88.03072309494019, 88.03204798698425], "w_ngw": 6, "w_z_factor": [{"@module": "numpy", "@class": "array", "dtype": "float64", "data": [[38.0, 0.8, -0.162933], [39.0, 0.81, -0.117262]]}, {"@module": "numpy", "@class": "array", "dtype": "float64", "data": [[38.0, 0.8, -0.151859], [39.0, 0.81, -0.159964]]}, {"@module": "numpy", "@class": "array", "dtype": "float64", "data": [[38.0, 0.79, -0.149168], [39.0, 0.8, -0.146408]]}, {"@module": "numpy", "@class": "array", "dtype": "float64", "data": [[38.0, 0.79, -0.14881], [39.0, 0.8, -0.146602]]}, {"@module": "numpy", "@class": "array", "dtype": "float64", "data": [[38.0, 0.79, -0.148141], [39.0, 0.8, -0.160492]]}, {"@module": "numpy", "@class": "array", "dtype": "float64", "data": [[38.0, 0.79, -0.148071], [39.0, 0.8, -0.165868]]}], "gw_kppa": 250, "gw_kpt_grid": {"@module": "numpy", "@class": "array", "dtype": "int64", "data": [4, 4, 4]}, "conv_list": [[{"kppa": 0}, {"kpt_grid": "1x1x1"}, {"num_kpts": 1}, {"X_bnds": 400.0}, {"G_bnds": 400.0}, {"X_cutoff": 16.0}, {"gamma_gap": 4.1999960000000005}, {"num_gw_calc": 6}, {"wall_time": 431}, {"num_cores": 8}, {"z-factor": "None"}], [{"kppa": 0}, {"kpt_grid": "1x1x1"}, {"num_kpts": 1}, {"X_bnds": 200}, {"G_bnds": 200}, {"X_cutoff": 4}, {"gamma_gap": 8}, {"num_gw_calc": 1}, {"wall_time": 15}, {"num_cores": 8}, {"z-factor": "None"}], [{"kppa": 10}, {"kpt_grid": "2x2x2"}, {"num_kpts": 1}, {"X_bnds": 200}, {"G_bnds": 200}, {"X_cutoff": 4}, {"gamma_gap": 4.237119}, {"num_gw_calc": 2}, {"wall_time": 96}, {"num_cores": 8}, {"z-factor": {"@module": "numpy", "@class": "array", "dtype": "float64", "data": [[38.0, 0.8, -0.147217], [39.0, 0.82, -0.142463]]}}], [{"kppa": 250}, {"kpt_grid": "4x4x4"}, {"num_kpts": 1}, {"X_bnds": 200}, {"G_bnds": 200}, {"X_cutoff": 4}, {"gamma_gap": 4.261022}, {"num_gw_calc": 3}, {"wall_time": 532}, {"num_cores": 8}, {"z-factor": {"@module": "numpy", "@class": "array", "dtype": "float64", "data": [[38.0, 0.8, -0.149453], [39.0, 0.81, -0.138602]]}}]], "conv_time": 1057.59588098526}, "gw_band_range_pbe": [1, 43], "gw_conv_lda": {"gw_conv_thr": 0.025, "gw_bnd_start": 200, "gw_bnd_step": 100, "gw_cut_start": 4, "gw_cut_step": 4, "kpt_bnd_idx": {"@module": "numpy", "@class": "array", "dtype": "int64", "data": [1, 1, 38, 39]}, "gw_bands": 200, "gw_cutoff": 4, "w_conv_grid": [[200, 4, 4.201248], [300, 4, 4.179921], [300, 8, 4.265558], [300, 8, 4.265558], [300, 12, 4.277311], [300, 12, 4.277311], [400, 12, 4.291659], [400, 16, 4.2961480000000005], [400, 16, 4.2961480000000005]], "pwcutoff": 73, "w_conv_time": [12.302157640457153, 12.908013820648193, 17.55666208267212, 17.55777883529663, 26.086368799209595, 26.087548971176147, 31.51114559173584, 56.87378907203674, 56.87475323677063], "w_ngw": 6, "w_z_factor": [{"@module": "numpy", "@class": "array", "dtype": "float64", "data": [[38.0, 0.79, -0.159915], [39.0, 0.81, -0.155948]]}, {"@module": "numpy", "@class": "array", "dtype": "float64", "data": [[38.0, 0.79, -0.155005], [39.0, 0.81, -0.141292]]}, {"@module": "numpy", "@class": "array", "dtype": "float64", "data": [[38.0, 0.79, -0.154152], [39.0, 0.8, -0.146798]]}, {"@module": "numpy", "@class": "array", "dtype": "float64", "data": [[38.0, 0.79, -0.152476], [39.0, 0.8, -0.150971]]}, {"@module": "numpy", "@class": "array", "dtype": "float64", "data": [[38.0, 0.79, -0.151841], [39.0, 0.8, -0.150681]]}, {"@module": "numpy", "@class": "array", "dtype": "float64", "data": [[38.0, 0.79, -0.15197], [39.0, 0.8, -0.154678]]}], "gw_kppa": 250, "gw_kpt_grid": {"@module": "numpy", "@class": "array", "dtype": "int64", "data": [4, 4, 4]}, "conv_list": [[{"kppa": 0}, {"kpt_grid": "1x1x1"}, {"num_kpts": 1}, {"X_bnds": 400.0}, {"G_bnds": 400.0}, {"X_cutoff": 16.0}, {"gamma_gap": 4.2961480000000005}, {"num_gw_calc": 6}, {"wall_time": 304}, {"num_cores": 8}, {"z-factor": "None"}], [{"kppa": 0}, {"kpt_grid": "1x1x1"}, {"num_kpts": 1}, {"X_bnds": 200}, {"G_bnds": 200}, {"X_cutoff": 4}, {"gamma_gap": 8}, {"num_gw_calc": 1}, {"wall_time": 13}, {"num_cores": 8}, {"z-factor": "None"}], [{"kppa": 10}, {"kpt_grid": "2x2x2"}, {"num_kpts": 1}, {"X_bnds": 200}, {"G_bnds": 200}, {"X_cutoff": 4}, {"gamma_gap": 4.350644}, {"num_gw_calc": 2}, {"wall_time": 49}, {"num_cores": 8}, {"z-factor": {"@module": "numpy", "@class": "array", "dtype": "float64", "data": [[38.0, 0.8, -0.151403], [39.0, 0.81, -0.199417]]}}], [{"kppa": 250}, {"kpt_grid": "4x4x4"}, {"num_kpts": 1}, {"X_bnds": 200}, {"G_bnds": 200}, {"X_cutoff": 4}, {"gamma_gap": 4.368772}, {"num_gw_calc": 3}, {"wall_time": 412}, {"num_cores": 8}, {"z-factor": {"@module": "numpy", "@class": "array", "dtype": "float64", "data": [[38.0, 0.8, -0.143264], [39.0, 0.81, -0.140093]]}}]], "conv_time": 763.8111052513123}, "gw_band_range_lda": [1, 43], "g0w0_ppa_pbe": {"gw_direct_gap": 4.3791459999999995, "kppa": 1130, "kpt_grid": "6x6x6", "num_kpt": 16, "bands_in X": 500, "bands_in_G": 500, "cutoff": 20, "z_factor": [[38.0, 0.79, -0.00149757], [39.0, 0.81, -0.00158786]], "scissor": 1.441128, "ncpu": 32, "calc_time": 33943.86419582367}, "g0w0_ppa_lda": {"gw_direct_gap": 4.463773, "kppa": 1130, "kpt_grid": "6x6x6", "num_kpt": 16, "bands_in X": 500, "bands_in_G": 500, "cutoff": 20, "z_factor": [[38.0, 0.79, -0.00152309], [39.0, 0.8, -0.00140141]], "scissor": 1.673778, "ncpu": 32, "calc_time": 35229.64334511757}}, "data": {}}