{"@module": "pymatgen.entries.computed_entries", "@class": "ComputedEntry", "energy": 0.0, "composition": {"Ag": 2.0, "Pd": 1.0, "O": 2.0}, "entry_id": "51498", "correction": 0.0, "energy_adjustments": [], "parameters": {"id": "51498", "name": "Ag2PdO2", "ibrav": {"celldm(1)": 5.684352902044011, "ibrav": 11, "celldm(2)": 1.5143565722416328, "celldm(3)": 3.2904259598474743}, "vol": 457.6077502010701, "lda_pw_cutoff_Ry": 78, "qe_conv_pbe": {"qe_conv_maxiter": 20, "qe_delta_kppa": 1500, "qe_delta_cutoff": 5, "qe_conv_thresh": 0.00018374662695223566, "qe_conv_steps": [[60, 1500, -446.1555786506373], [65, 1500, -446.1666846295446], [70, 1500, -446.1718787780719], [75, 1500, -446.1740839435972], [80, 1500, -446.1749000993255], [85, 1500, -446.1751531688144], [90, 1500, -446.1752092467523], [90, 3000, -446.1752468188235]], "qe_conv_time": 193.7692048549652}, "num_elec_pbe": 68.00000000000001, "max_mem": 468126.0, "qe_conv_lda": {"qe_conv_maxiter": 20, "qe_delta_kppa": 1500, "qe_delta_cutoff": 5, "qe_conv_thresh": 0.00018374662695223566, "qe_conv_steps": [[78, 1500, -477.7920151336182], [83, 1500, -477.7924080012677], [88, 1500, -477.7924656578836], [88, 3000, -477.7925352164242]], "qe_conv_time": 118.16941094398499}, "num_elec_lda": 68.00000000000001, "bg_conv_pbe": {"bg_conv_maxiter": 20, "bg_delta_kppa": 1500, "bg_delta_cutoff": 5, "bg_conv_thresh": 0.025, "bg_conv_steps": [[90, 3000, -0.009090564739824699], [90, 4500, -0.008345422037217136]], "bg_conv_time": 123.54119277000427}, "indirect_gap_pbe": -0.009091143750660252, "bg_conv_lda": {"bg_conv_maxiter": 20, "bg_delta_kppa": 1500, "bg_delta_cutoff": 5, "bg_conv_thresh": 0.025, "bg_conv_steps": [[88, 3000, -0.10584652548527006], [88, 4500, -0.0949446602370843]], "bg_conv_time": 100.77993774414062}, "indirect_gap_lda": -0.10585891460460756, "gw_conv_pbe": {"gw_conv_thr": 0.025, "gw_bnd_start": 200, "gw_bnd_step": 100, "gw_cut_start": 4, "gw_cut_step": 4, "kpt_bnd_idx": {"@module": "numpy", "@class": "array", "dtype": "int64", "data": [1, 1, 34, 35]}, "gw_bands": 200, "gw_cutoff": 4, "w_conv_grid": [[200, 4, 1.204181], [300, 4, 1.193928], [300, 8, 1.289147], [300, 8, 1.289147], [300, 12, 1.3748529999999999], [300, 12, 1.3748529999999999], [300, 16, 1.4526080000000001], [300, 16, 1.4526080000000001], [300, 20, 1.4934290000000001], [300, 20, 1.4934290000000001], [300, 24, 1.529075], [300, 24, 1.529075], [300, 28, 1.554926], [300, 28, 1.554926], [300, 32, 1.572387], [300, 32, 1.572387], [400, 32, 1.566176], [400, 36, 1.5793199999999998], [400, 36, 1.5793199999999998]], "pwcutoff": 90, "w_conv_time": [12.937911033630371, 13.378881216049194, 13.526228666305542, 13.527917385101318, 14.372784852981567, 14.373870611190796, 15.504135370254517, 15.50532341003418, 17.709702968597412, 17.710705757141113, 21.47472333908081, 21.475861072540283, 25.603520393371582, 25.605107069015503, 32.51026940345764, 32.51205849647522, 38.40363311767578, 50.09725046157837, 50.09959840774536], "w_ngw": 11, "w_z_factor": [{"@module": "numpy", "@class": "array", "dtype": "float64", "data": [[34.0, 0.77, -0.138481], [35.0, 0.79, -0.126181]]}, {"@module": "numpy", "@class": "array", "dtype": "float64", "data": [[34.0, 0.77, -0.134489], [35.0, 0.79, -0.12273]]}, {"@module": "numpy", "@class": "array", "dtype": "float64", "data": [[34.0, 0.76, -0.134545], [35.0, 0.78, -0.133778]]}, {"@module": "numpy", "@class": "array", "dtype": "float64", "data": [[34.0, 0.76, -0.139431], [35.0, 0.78, -0.133216]]}, {"@module": "numpy", "@class": "array", "dtype": "float64", "data": [[34.0, 0.76, -0.130225], [35.0, 0.78, -0.137508]]}, {"@module": "numpy", "@class": "array", "dtype": "float64", "data": [[34.0, 0.76, -0.136553], [35.0, 0.77, -0.143973]]}, {"@module": "numpy", "@class": "array", "dtype": "float64", "data": [[34.0, 0.76, -0.138744], [35.0, 0.77, -0.134202]]}, {"@module": "numpy", "@class": "array", "dtype": "float64", "data": [[34.0, 0.76, -0.135506], [35.0, 0.77, -0.134414]]}, {"@module": "numpy", "@class": "array", "dtype": "float64", "data": [[34.0, 0.76, -0.133646], [35.0, 0.77, -0.146528]]}, {"@module": "numpy", "@class": "array", "dtype": "float64", "data": [[34.0, 0.76, -0.135634], [35.0, 0.77, -0.145742]]}, {"@module": "numpy", "@class": "array", "dtype": "float64", "data": [[34.0, 0.76, -0.137846], [35.0, 0.77, -0.143628]]}], "gw_kppa": 140, "gw_kpt_grid": {"@module": "numpy", "@class": "array", "dtype": "int64", "data": [4, 4, 4]}, "conv_list": [[{"kppa": 0}, {"kpt_grid": "1x1x1"}, {"num_kpts": 1}, {"X_bnds": 400.0}, {"G_bnds": 400.0}, {"X_cutoff": 36.0}, {"gamma_gap": 1.5793199999999998}, {"num_gw_calc": 11}, {"wall_time": 457}, {"num_cores": 8}, {"z-factor": "None"}], [{"kppa": 0}, {"kpt_grid": "1x1x1"}, {"num_kpts": 1}, {"X_bnds": 200}, {"G_bnds": 200}, {"X_cutoff": 4}, {"gamma_gap": 8}, {"num_gw_calc": 1}, {"wall_time": 13}, {"num_cores": 8}, {"z-factor": "None"}], [{"kppa": 10}, {"kpt_grid": "2x2x2"}, {"num_kpts": 1}, {"X_bnds": 200}, {"G_bnds": 200}, {"X_cutoff": 4}, {"gamma_gap": 0.818646}, {"num_gw_calc": 2}, {"wall_time": 45}, {"num_cores": 8}, {"z-factor": {"@module": "numpy", "@class": "array", "dtype": "float64", "data": [[34.0, 0.77, -0.150946], [35.0, 0.8, -0.117908]]}}], [{"kppa": 140}, {"kpt_grid": "4x4x4"}, {"num_kpts": 1}, {"X_bnds": 200}, {"G_bnds": 200}, {"X_cutoff": 4}, {"gamma_gap": 0.8224370000000001}, {"num_gw_calc": 3}, {"wall_time": 590}, {"num_cores": 8}, {"z-factor": {"@module": "numpy", "@class": "array", "dtype": "float64", "data": [[34.0, 0.77, -0.153925], [35.0, 0.8, -0.116455]]}}]], "conv_time": 1090.6362962722778}, "gw_band_range_pbe": [1, 38], "gw_conv_lda": {"gw_conv_thr": 0.025, "gw_bnd_start": 200, "gw_bnd_step": 100, "gw_cut_start": 4, "gw_cut_step": 4, "kpt_bnd_idx": {"@module": "numpy", "@class": "array", "dtype": "int64", "data": [1, 1, 34, 35]}, "gw_bands": 200, "gw_cutoff": 4, "w_conv_grid": [[200, 4, 1.4706730000000001], [300, 4, 1.459981], [300, 8, 1.529182], [300, 8, 1.529182], [300, 12, 1.617328], [300, 12, 1.617328], [300, 16, 1.693416], [300, 16, 1.693416], [300, 20, 1.7367720000000002], [300, 20, 1.7367720000000002], [300, 24, 1.771483], [300, 24, 1.771483], [300, 28, 1.7973180000000002], [300, 28, 1.7973180000000002], [300, 32, 1.815649], [300, 32, 1.815649], [400, 32, 1.8061320000000003], [400, 36, 1.821148], [400, 36, 1.821148]], "pwcutoff": 88, "w_conv_time": [12.286618709564209, 12.960478067398071, 12.867225408554077, 12.869265794754028, 13.874651193618774, 13.876229047775269, 14.867425203323364, 14.869742631912231, 17.34724473953247, 17.348935842514038, 21.263779163360596, 21.26518726348877, 24.65827703475952, 24.659784078598022, 32.09938097000122, 32.10119700431824, 38.021010637283325, 49.907103061676025, 49.911972522735596], "w_ngw": 11, "w_z_factor": [{"@module": "numpy", "@class": "array", "dtype": "float64", "data": [[34.0, 0.77, -0.149779], [35.0, 0.79, -0.138296]]}, {"@module": "numpy", "@class": "array", "dtype": "float64", "data": [[34.0, 0.77, -0.151705], [35.0, 0.79, -0.142063]]}, {"@module": "numpy", "@class": "array", "dtype": "float64", "data": [[34.0, 0.76, -0.150727], [35.0, 0.78, -0.142687]]}, {"@module": "numpy", "@class": "array", "dtype": "float64", "data": [[34.0, 0.76, -0.131991], [35.0, 0.78, -0.151658]]}, {"@module": "numpy", "@class": "array", "dtype": "float64", "data": [[34.0, 0.76, -0.146676], [35.0, 0.77, -0.152624]]}, {"@module": "numpy", "@class": "array", "dtype": "float64", "data": [[34.0, 0.76, -0.144654], [35.0, 0.77, -0.147448]]}, {"@module": "numpy", "@class": "array", "dtype": "float64", "data": [[34.0, 0.76, -0.137764], [35.0, 0.77, -0.150051]]}, {"@module": "numpy", "@class": "array", "dtype": "float64", "data": [[34.0, 0.75, -0.141405], [35.0, 0.77, -0.167204]]}, {"@module": "numpy", "@class": "array", "dtype": "float64", "data": [[34.0, 0.75, -0.142413], [35.0, 0.77, -0.157942]]}, {"@module": "numpy", "@class": "array", "dtype": "float64", "data": [[34.0, 0.75, -0.145409], [35.0, 0.77, -0.155855]]}, {"@module": "numpy",