{"@module": "pymatgen.entries.computed_entries", "@class": "ComputedEntry", "energy": 0.0, "composition": {"In": 2.0, "Ag": 2.0, "S": 4.0}, "entry_id": "51617", "correction": 0.0, "energy_adjustments": [], "parameters": {"id": "51617", "name": "InAgS2", "ibrav": {"celldm(1)": 11.104030761797787, "ibrav": 7, "celldm(3)": 1.9061776718856365}, "vol": 1304.8943514844277, "lda_pw_cutoff_Ry": 78, "qe_conv_pbe": {"qe_conv_maxiter": 20, "qe_delta_kppa": 1500, "qe_delta_cutoff": 5, "qe_conv_thresh": 0.00029399460312357707, "qe_conv_steps": [[60, 1500, -433.2555362525855], [65, 1500, -433.2563709020133], [70, 1500, -433.2567232536551], [75, 1500, -433.2568251576703], [75, 3000, -433.2568375115463]], "qe_conv_time": 206.2099268436432}, "num_elec_pbe": 88.00000000000001, "max_mem": 76949.0, "qe_conv_lda": {"qe_conv_maxiter": 20, "qe_delta_kppa": 1500, "qe_delta_cutoff": 5, "qe_conv_thresh": 0.00029399460312357707, "qe_conv_steps": [[78, 1500, -486.7887710309487], [83, 1500, -486.7890427214677], [83, 3000, -486.789064297124]], "qe_conv_time": 142.4351453781128}, "num_elec_lda": 88.00000000000001, "bg_conv_pbe": {"bg_conv_maxiter": 20, "bg_delta_kppa": 1500, "bg_delta_cutoff": 5, "bg_conv_thresh": 0.025, "bg_conv_steps": [[75, 3000, 0.5177567358092959], [75, 6000, 0.5177841372350742]], "bg_conv_time": 167.90302848815918}, "indirect_gap_pbe": 0.5177591775606546, "bg_conv_lda": {"bg_conv_maxiter": 20, "bg_delta_kppa": 1500, "bg_delta_cutoff": 5, "bg_conv_thresh": 0.025, "bg_conv_steps": [[83, 3000, 0.27024142613152513], [83, 6000, 0.2703021412011896]], "bg_conv_time": 157.14733743667603}, "indirect_gap_lda": 0.2702461983380691, "gw_conv_pbe": {"gw_conv_thr": 0.025, "gw_bnd_start": 200, "gw_bnd_step": 100, "gw_cut_start": 4, "gw_cut_step": 4, "kpt_bnd_idx": {"@module": "numpy", "@class": "array", "dtype": "int64", "data": [1, 1, 44, 45]}, "gw_bands": 200, "gw_cutoff": 4, "w_conv_grid": [[200, 4, 0.42319700000000005], [300, 4, 0.385791], [400, 4, 0.37616900000000003], [400, 8, 0.45404400000000006], [400, 8, 0.45404400000000006], [400, 12, 0.472003], [400, 12, 0.472003], [500, 12, 0.46937900000000005], [500, 16, 0.48139400000000004], [500, 16, 0.48139400000000004]], "pwcutoff": 75, "w_conv_time": [14.97369909286499, 16.326329469680786, 17.737813472747803, 21.649848699569702, 21.652065753936768, 31.873870611190796, 31.87541699409485, 36.18086004257202, 67.954922914505, 67.95658707618713], "w_ngw": 7, "w_z_factor": [{"@module": "numpy", "@class": "array", "dtype": "float64", "data": [[44.0, 0.78, -0.148046], [45.0, 0.79, -0.141897]]}, {"@module": "numpy", "@class": "array", "dtype": "float64", "data": [[44.0, 0.78, -0.143974], [45.0, 0.79, -0.138612]]}, {"@module": "numpy", "@class": "array", "dtype": "float64", "data": [[44.0, 0.78, -0.142659], [45.0, 0.79, -0.136748]]}, {"@module": "numpy", "@class": "array", "dtype": "float64", "data": [[44.0, 0.77, -0.143069], [45.0, 0.79, -0.137653]]}, {"@module": "numpy", "@class": "array", "dtype": "float64", "data": [[44.0, 0.77, -0.1434], [45.0, 0.79, -0.137667]]}, {"@module": "numpy", "@class": "array", "dtype": "float64", "data": [[44.0, 0.77, -0.143136], [45.0, 0.79, -0.136409]]}, {"@module": "numpy", "@class": "array", "dtype": "float64", "data": [[44.0, 0.77, -0.143122], [45.0, 0.79, -0.137069]]}], "gw_kppa": 1000, "gw_kpt_grid": {"@module": "numpy", "@class": "array", "dtype": "int64", "data": [6, 6, 6]}, "conv_list": [[{"kppa": 0}, {"kpt_grid": "1x1x1"}, {"num_kpts": 1}, {"X_bnds": 500.0}, {"G_bnds": 500.0}, {"X_cutoff": 16.0}, {"gamma_gap": 0.48139400000000004}, {"num_gw_calc": 7}, {"wall_time": 491}, {"num_cores": 8}, {"z-factor": "None"}], [{"kppa": 0}, {"kpt_grid": "1x1x1"}, {"num_kpts": 1}, {"X_bnds": 200}, {"G_bnds": 200}, {"X_cutoff": 4}, {"gamma_gap": 4}, {"num_gw_calc": 1}, {"wall_time": 15}, {"num_cores": 8}, {"z-factor": "None"}], [{"kppa": 10}, {"kpt_grid": "2x2x2"}, {"num_kpts": 1}, {"X_bnds": 200}, {"G_bnds": 200}, {"X_cutoff": 4}, {"gamma_gap": 0.832742}, {"num_gw_calc": 2}, {"wall_time": 70}, {"num_cores": 8}, {"z-factor": {"@module": "numpy", "@class": "array", "dtype": "float64", "data": [[44.0, 0.78, -0.149153], [45.0, 0.8, -0.138394]]}}], [{"kppa": 220}, {"kpt_grid": "4x4x4"}, {"num_kpts": 1}, {"X_bnds": 200}, {"G_bnds": 200}, {"X_cutoff": 4}, {"gamma_gap": 0.988357}, {"num_gw_calc": 3}, {"wall_time": 1118}, {"num_cores": 8}, {"z-factor": {"@module": "numpy", "@class": "array", "dtype": "float64", "data": [[44.0, 0.79, -0.142072], [45.0, 0.81, -0.127781]]}}], [{"kppa": 1000}, {"kpt_grid": "6x6x6"}, {"num_kpts": 1}, {"X_bnds": 200}, {"G_bnds": 200}, {"X_cutoff": 4}, {"gamma_gap": 1.012817}, {"num_gw_calc": 4}, {"wall_time": 2413}, {"num_cores": 32}, {"z-factor": {"@module": "numpy", "@class": "array", "dtype": "float64", "data": [[44.0, 0.79, -0.139827], [45.0, 0.81, -0.125323]]}}]], "conv_time": 4089.947204351425}, "gw_band_range_pbe": [1, 50], "gw_conv_lda": {"gw_conv_thr": 0.025, "gw_bnd_start": 200, "gw_bnd_step": 100, "gw_cut_start": 4, "gw_cut_step": 4, "kpt_bnd_idx": {"@module": "numpy", "@class": "array", "dtype": "int64", "data": [1, 1, 44, 45]}, "gw_bands": 200, "gw_cutoff": 4, "w_conv_grid": [[200, 4, 0.6547499999999999], [300, 4, 0.618864], [400, 4, 0.608797], [400, 8, 0.667154], [400, 8, 0.667154], [400, 12, 0.685297], [400, 12, 0.685297], [500, 12, 0.683315], [500, 16, 0.697243], [500, 16, 0.697243]], "pwcutoff": 83, "w_conv_time": [13.449487447738647, 13.701579093933105, 14.576208114624023, 17.45589780807495, 17.45781373977661, 25.96999764442444, 25.971046209335327, 32.69846177101135, 53.909353256225586, 53.910746812820435], "w_ngw": 7, "w_z_factor": [{"@module": "numpy", "@class": "array", "dtype": "float64", "data": [[44.0, 0.78, -0.00138773], [45.0, 0.8, -0.00131427]]}, {"@module": "numpy", "@class": "array", "dtype": "float64", "data": [[44.0, 0.78, -0.00136276], [45.0, 0.8, -0.00128394]]}, {"@module": "numpy", "@class": "array", "dtype": "float64", "data": [[44.0, 0.78, -0.00134644], [45.0, 0.8, -0.00127256]]}, {"@module": "numpy", "@class": "array", "dtype": "float64", "data": [[44.0, 0.78, -0.00135556], [45.0, 0.8, -0.0012827]]}, {"@module": "numpy", "@class": "array", "dtype": "float64", "data": [[44.0, 0.77, -0.00135553], [45.0, 0.79, -0.00128149]]}, {"@module": "numpy", "@class": "array", "dtype": "float64", "data": [[44.0, 0.77, -0.00134739], [45.0, 0.8, -0.00127529]]}, {"@module": "numpy", "@class": "array", "dtype": "float64", "data": [[44.0, 0.77, -0.00136107], [45.0, 0.79, -0.00128096]]}], "gw_kppa": 2750, "gw_kpt_grid": {"@module": "numpy", "@class": "array", "dtype": "int64", "data": [8, 8, 8]}, "conv_list": [[{"kppa": 0}, {"kpt_grid": "1x1x1"}, {"num_kpts": 1}, {"X_bnds": 500.0}, {"G_bnds": 500.0}, {"X_cutoff": 16.0}, {"gamma_gap": 0.697243}, {"num_gw_calc": 7}, {"wall_time": 399}, {"num_cores": 8}, {"z-factor": "None"}], [{"kppa": 0}, {"kpt_grid": "1x1x1"}, {"num_kpts": 1}, {"X_bnds": 200}, {"G_bnds": 200}, {"X_cutoff": 4}, {"gamma_gap": 4}, {"num_gw_calc": 1}, {"wall_time": 14}, {"num_cores": 8}, {"z-factor": "None"}], [{"kppa": 10}, {"kpt_grid": "2x2x2"}, {"num_kpts": 1}, {"X_bnds": 200}, {"G_bnds": 200}, {"X_cutoff": 4}, {"gamma_gap": 0.995612}, {"num_gw_calc": 2}, {"wall_time": 60}, {"num_cores": 8}, {"z-factor": {"@module": "numpy", "@class": "array", "dtype": "float64", "data": [[44.0, 0.78, -0.00152195], [45.0, 0.8, -0.00141257]]}}], [{"kppa": 220}, {"kpt_grid": "4x4x4"}, {"num_kpts": 1}, {"X_bnds": 200}, {"G_bnds": 200}, {"X_cutoff": 4}, {"gamma_gap": 1.098351}, {"num_gw_calc": 3}, {"wall_time": 864}, {"num_cores": 8}, {"z-factor": {"@module": "numpy", "@class": "array", "dtype": "float64", "data": [[44.0, 0.78, -0.0014866], [45.0, 0.81, -0.00134445]]}}], [{"kppa": 1000}, {"kpt_grid": "6x6x6"}, {"num_kpts": 1}, {"X_bnds": 200}, {"G_bnds": 200}, {"X_cutoff": 4}, {"gamma_gap": 1.138733}, {"num_gw_calc": 4}, {"wall_time": 3806}, {"num_cores": 16}, {"z-factor": {"@module": "numpy", "@class": "array", "dtype": "float64",