{"@module": "pymatgen.entries.computed_entries", "@class": "ComputedEntry", "energy": 0.0, "composition": {"Si": 2.0}, "entry_id": "51688", "correction": 0.0, "energy_adjustments": [], "parameters": {"id": "51688", "name": "Si", "ibrav": {"celldm(1)": 10.262214461005062, "ibrav": 2}, "vol": 270.186264984217, "lda_pw_cutoff_Ry": 24, "qe_conv_pbe": {"qe_conv_maxiter": 20, "qe_delta_kppa": 1500, "qe_delta_cutoff": 5, "qe_conv_thresh": 7.349865078089427e-05, "qe_conv_steps": [[60, 1500, -7.883024899503977], [65, 1500, -7.88303123718257], [65, 3000, -7.883053072144522]], "qe_conv_time": 10.248360633850098}, "num_elec_pbe": 8.0, "max_mem": 24791.0, "qe_conv_lda": {"qe_conv_maxiter": 20, "qe_delta_kppa": 1500, "qe_delta_cutoff": 5, "qe_conv_thresh": 7.349865078089427e-05, "qe_conv_steps": [[24, 1500, -8.527414897451541], [29, 1500, -8.527589873097652], [34, 1500, -8.527667702864905], [39, 1500, -8.527692628196325], [39, 3000, -8.527716861484626]], "qe_conv_time": 16.251374006271362}, "num_elec_lda": 8.0, "bg_conv_pbe": {"bg_conv_maxiter": 20, "bg_delta_kppa": 1500, "bg_delta_cutoff": 5, "bg_conv_thresh": 0.025, "bg_conv_steps": [[65, 3000, 0.5568972754724515], [65, 4500, 0.5575231107493596]], "bg_conv_time": 7.70170259475708}, "indirect_gap_pbe": 0.5568955279026058, "bg_conv_lda": {"bg_conv_maxiter": 20, "bg_delta_kppa": 1500, "bg_delta_cutoff": 5, "bg_conv_thresh": 0.025, "bg_conv_steps": [[39, 3000, 0.4803783959992065], [39, 4500, 0.48088225625759373]], "bg_conv_time": 7.290886163711548}, "indirect_gap_lda": 0.4803964492023617, "gw_conv_pbe": {"gw_conv_thr": 0.025, "gw_bnd_start": 200, "gw_bnd_step": 100, "gw_cut_start": 4, "gw_cut_step": 4, "kpt_bnd_idx": {"@module": "numpy", "@class": "array", "dtype": "int64", "data": [1, 1, 4, 5]}, "gw_bands": 200, "gw_cutoff": 4, "w_conv_grid": [[200, 4, 2.806671], [300, 4, 2.8065239999999996], [300, 8, 3.031753], [300, 8, 3.031753], [300, 12, 3.071419], [300, 12, 3.071419], [300, 16, 3.083247], [300, 16, 3.083247], [400, 16, 3.0842009999999997], [400, 20, 3.0940149999999997], [400, 20, 3.0940149999999997]], "pwcutoff": 65, "w_conv_time": [11.932409286499023, 12.087599039077759, 12.19718599319458, 12.198558330535889, 12.602276086807251, 12.603551149368286, 12.439992427825928, 12.44189190864563, 12.987061977386475, 13.794296503067017, 13.798524379730225], "w_ngw": 7, "w_z_factor": [{"@module": "numpy", "@class": "array", "dtype": "float64", "data": [[4.0, 0.8, -0.122679], [5.0, 0.81, -0.91743]]}, {"@module": "numpy", "@class": "array", "dtype": "float64", "data": [[4.0, 0.8, -0.12956], [5.0, 0.81, -0.934644]]}, {"@module": "numpy", "@class": "array", "dtype": "float64", "data": [[4.0, 0.8, -0.891615], [5.0, 0.81, -0.908224]]}, {"@module": "numpy", "@class": "array", "dtype": "float64", "data": [[4.0, 0.8, -0.882045], [5.0, 0.81, -0.910895]]}, {"@module": "numpy", "@class": "array", "dtype": "float64", "data": [[4.0, 0.8, -0.883265], [5.0, 0.81, -0.909477]]}, {"@module": "numpy", "@class": "array", "dtype": "float64", "data": [[4.0, 0.8, -0.874776], [5.0, 0.81, -0.910103]]}, {"@module": "numpy", "@class": "array", "dtype": "float64", "data": [[4.0, 0.8, -0.874693], [5.0, 0.81, -0.910269]]}], "gw_kppa": 260, "gw_kpt_grid": {"@module": "numpy", "@class": "array", "dtype": "int64", "data": [6, 6, 6]}, "conv_list": [[{"kppa": 0}, {"kpt_grid": "1x1x1"}, {"num_kpts": 1}, {"X_bnds": 400.0}, {"G_bnds": 400.0}, {"X_cutoff": 20.0}, {"gamma_gap": 3.0940149999999997}, {"num_gw_calc": 7}, {"wall_time": 166}, {"num_cores": 8}, {"z-factor": "None"}], [{"kppa": 0}, {"kpt_grid": "1x1x1"}, {"num_kpts": 1}, {"X_bnds": 200}, {"G_bnds": 200}, {"X_cutoff": 4}, {"gamma_gap": 8}, {"num_gw_calc": 1}, {"wall_time": 12}, {"num_cores": 8}, {"z-factor": "None"}], [{"kppa": 10}, {"kpt_grid": "2x2x2"}, {"num_kpts": 1}, {"X_bnds": 200}, {"G_bnds": 200}, {"X_cutoff": 4}, {"gamma_gap": 3.1790149999999997}, {"num_gw_calc": 2}, {"wall_time": 18}, {"num_cores": 8}, {"z-factor": {"@module": "numpy", "@class": "array", "dtype": "float64", "data": [[4.0, 0.79, -0.134743], [5.0, 0.79, -0.114433]]}}], [{"kppa": 60}, {"kpt_grid": "4x4x4"}, {"num_kpts": 1}, {"X_bnds": 200}, {"G_bnds": 200}, {"X_cutoff": 4}, {"gamma_gap": 3.0876159999999997}, {"num_gw_calc": 3}, {"wall_time": 35}, {"num_cores": 8}, {"z-factor": {"@module": "numpy", "@class": "array", "dtype": "float64", "data": [[4.0, 0.78, -0.1606], [5.0, 0.78, -0.159395]]}}], [{"kppa": 260}, {"kpt_grid": "6x6x6"}, {"num_kpts": 1}, {"X_bnds": 200}, {"G_bnds": 200}, {"X_cutoff": 4}, {"gamma_gap": 3.074815}, {"num_gw_calc": 4}, {"wall_time": 43}, {"num_cores": 32}, {"z-factor": {"@module": "numpy", "@class": "array", "dtype": "float64", "data": [[4.0, 0.77, -0.163664], [5.0, 0.77, -0.235217]]}}]], "conv_time": 259.9340250492096}, "gw_band_range_pbe": [1, 9], "gw_conv_lda": {"gw_conv_thr": 0.025, "gw_bnd_start": 200, "gw_bnd_step": 100, "gw_cut_start": 4, "gw_cut_step": 4, "kpt_bnd_idx": {"@module": "numpy", "@class": "array", "dtype": "int64", "data": [1, 1, 4, 5]}, "gw_bands": 200, "gw_cutoff": 4, "w_conv_grid": [[200, 4, 3.0151269999999997], [300, 4, 3.014751], [300, 8, 3.237152], [300, 8, 3.237152], [300, 12, 3.2739399999999996], [300, 12, 3.2739399999999996], [300, 16, 3.2859109999999996], [300, 16, 3.2859109999999996], [400, 16, 3.2844010000000003], [400, 20, 3.296065], [400, 20, 3.296065]], "pwcutoff": 58, "w_conv_time": [12.042847871780396, 12.074114322662354, 12.083093166351318, 12.084994554519653, 12.451188564300537, 12.452522039413452, 12.62341856956482, 12.625403881072998, 12.97616982460022, 14.373424053192139, 14.37542724609375], "w_ngw": 7, "w_z_factor": [{"@module": "numpy", "@class": "array", "dtype": "float64", "data": [[4.0, 0.8, -0.103756], [5.0, 0.81, -0.102675]]}, {"@module": "numpy", "@class": "array", "dtype": "float64", "data": [[4.0, 0.8, -0.111585], [5.0, 0.81, -0.118717]]}, {"@module": "numpy", "@class": "array", "dtype": "float64", "data": [[4.0, 0.8, -0.516994], [5.0, 0.81, -0.103866]]}, {"@module": "numpy", "@class": "array", "dtype": "float64", "data": [[4.0, 0.8, -0.137766], [5.0, 0.81, -0.195944]]}, {"@module": "numpy", "@class": "array", "dtype": "float64", "data": [[4.0, 0.8, -0.226815], [5.0, 0.81, -0.150245]]}, {"@module": "numpy", "@class": "array", "dtype": "float64", "data": [[5.0, 0.81, -0.126584]]}, {"@module": "numpy", "@class": "array", "dtype": "float64", "data": [[5.0, 0.81, -0.179697]]}], "gw_kppa": 260, "gw_kpt_grid": {"@module": "numpy", "@class": "array", "dtype": "int64", "data": [6, 6, 6]}, "conv_list": [[{"kppa": 0}, {"kpt_grid": "1x1x1"}, {"num_kpts": 1}, {"X_bnds": 400.0}, {"G_bnds": 400.0}, {"X_cutoff": 20.0}, {"gamma_gap": 3.296065}, {"num_gw_calc": 7}, {"wall_time": 131}, {"num_cores": 8}, {"z-factor": "None"}], [{"kppa": 0}, {"kpt_grid": "1x1x1"}, {"num_kpts": 1}, {"X_bnds": 200}, {"G_bnds": 200}, {"X_cutoff": 4}, {"gamma_gap": 8}, {"num_gw_calc": 1}, {"wall_time": 13}, {"num_cores": 8}, {"z-factor": "None"}], [{"kppa": 10}, {"kpt_grid": "2x2x2"}, {"num_kpts": 1}, {"X_bnds": 200}, {"G_bnds": 200}, {"X_cutoff": 4}, {"gamma_gap": 3.215845}, {"num_gw_calc": 2}, {"wall_time": 18}, {"num_cores": 8}, {"z-factor": {"@module": "numpy", "@class": "array", "dtype": "float64", "data": [[4.0, 0.79, -0.134762], [5.0, 0.79, -0.523035]]}}], [{"kppa": 60}, {"kpt_grid": "4x4x4"}, {"num_kpts": 1}, {"X_bnds": 200}, {"G_bnds": 200}, {"X_cutoff": 4}, {"gamma_gap": 3.105614}, {"num_gw_calc": 3}, {"wall_time": 36}, {"num_cores": 8}, {"z-factor": {"@module": "numpy", "@class": "array", "dtype": "float64", "data": [[4.0, 0.78, -0.161462], [5.0, 0.77, -0.164611]]}}], [{"kppa": 260}, {"kpt_grid": "6x6x6"}, {"num_kpts": 1}, {"X_bnds": 200}, {"G_bnds": 200}, {"X_cutoff": 4}, {"gamma_gap": 3.09096}, {"num_gw_calc": 4}, {"wall_time": 38}, {"num_cores": 32}, {"z-factor": {"@module": "numpy", "@class": "array", "dtype": "float64", "data": [[4.0, 0.77, -0.164136], [5.0, 0.77, -0.171702]]}}]], "conv_time": 220.89864802360535}, "gw_band_range_lda": [1, 9],