{"@module": "pymatgen.entries.computed_entries", "@class": "ComputedEntry", "energy": 0.0, "composition": {"Sn": 4.0, "S": 4.0}, "entry_id": "52108", "correction": 0.0, "energy_adjustments": [], "parameters": {"id": "52108", "name": "SnS", "ibrav": {"celldm(1)": 7.50410247704204, "ibrav": 8, "celldm(2)": 1.0919163938554521, "celldm(3)": 2.8060941828254844}, "vol": 1294.7558994107383, "lda_pw_cutoff_Ry": 64, "qe_conv_pbe": {"qe_conv_maxiter": 20, "qe_delta_kppa": 1500, "qe_delta_cutoff": 5, "qe_conv_thresh": 0.00029399460312357707, "qe_conv_steps": [[60, 1500, -282.3272430901047], [65, 1500, -282.3274213038501], [65, 3000, -282.3282937329691], [65, 4500, -282.3282923565696]], "qe_conv_time": 240.58299803733826}, "num_elec_pbe": 80.0, "max_mem": 58530.0, "qe_conv_lda": {"qe_conv_maxiter": 20, "qe_delta_kppa": 1500, "qe_delta_cutoff": 5, "qe_conv_thresh": 0.00029399460312357707, "qe_conv_steps": [[64, 1500, -358.6537544337807], [69, 1500, -358.6554551663382], [74, 1500, -358.6555768033944], [74, 3000, -358.6565302485949], [74, 4500, -358.6565282634393]], "qe_conv_time": 277.5137052536011}, "num_elec_lda": 80.0, "bg_conv_pbe": {"bg_conv_maxiter": 20, "bg_delta_kppa": 1500, "bg_delta_cutoff": 5, "bg_conv_thresh": 0.025, "bg_conv_steps": [[65, 4500, 0.798383896114821], [65, 6000, 0.8360485403107877], [65, 7500, 0.8155757995805984]], "bg_conv_time": 469.0014913082123}, "indirect_gap_pbe": 0.7983851311106129, "bg_conv_lda": {"bg_conv_maxiter": 20, "bg_delta_kppa": 1500, "bg_delta_cutoff": 5, "bg_conv_thresh": 0.025, "bg_conv_steps": [[74, 4500, 0.7759512227887727], [74, 6000, 0.8065557474303661], [74, 7500, 0.7854019983454463]], "bg_conv_time": 421.7027952671051}, "indirect_gap_lda": 0.7759599344144303, "gw_conv_pbe": {"gw_conv_thr": 0.025, "gw_bnd_start": 200, "gw_bnd_step": 100, "gw_cut_start": 4, "gw_cut_step": 4, "kpt_bnd_idx": {"@module": "numpy", "@class": "array", "dtype": "int64", "data": [1, 1, 40, 41]}, "gw_bands": 200, "gw_cutoff": 4, "w_conv_grid": [[200, 4, 1.562929], [300, 4, 1.566572], [300, 8, 1.683958], [300, 8, 1.683958], [300, 12, 1.735246], [300, 12, 1.735246], [300, 16, 1.7544], [300, 16, 1.7544], [400, 16, 1.778716], [400, 20, 1.785541], [400, 20, 1.785541], [500, 20, 1.802423], [500, 24, 1.805277], [500, 24, 1.805277]], "pwcutoff": 65, "w_conv_time": [12.133396625518799, 12.463139057159424, 15.906215906143188, 15.90774917602539, 25.216450691223145, 25.218015432357788, 44.347129583358765, 44.34903359413147, 51.71029710769653, 92.45548725128174, 92.45720410346985, 108.21999096870422, 180.02447772026062, 180.02962732315063], "w_ngw": 9, "w_z_factor": [{"@module": "numpy", "@class": "array", "dtype": "float64", "data": [[40.0, 0.78, -0.158505], [41.0, 0.8, -0.143124]]}, {"@module": "numpy", "@class": "array", "dtype": "float64", "data": [[40.0, 0.78, -0.152969], [41.0, 0.8, -0.138533]]}, {"@module": "numpy", "@class": "array", "dtype": "float64", "data": [[40.0, 0.77, -0.153989], [41.0, 0.8, -0.139112]]}, {"@module": "numpy", "@class": "array", "dtype": "float64", "data": [[40.0, 0.77, -0.158879], [41.0, 0.8, -0.139318]]}, {"@module": "numpy", "@class": "array", "dtype": "float64", "data": [[40.0, 0.77, -0.155183], [41.0, 0.8, -0.138491]]}, {"@module": "numpy", "@class": "array", "dtype": "float64", "data": [[40.0, 0.77, -0.15061], [41.0, 0.8, -0.138457]]}, {"@module": "numpy", "@class": "array", "dtype": "float64", "data": [[40.0, 0.77, -0.152757], [41.0, 0.8, -0.138187]]}, {"@module": "numpy", "@class": "array", "dtype": "float64", "data": [[40.0, 0.77, -0.147074], [41.0, 0.8, -0.138441]]}, {"@module": "numpy", "@class": "array", "dtype": "float64", "data": [[40.0, 0.77, -0.148584], [41.0, 0.8, -0.138111]]}], "gw_kppa": 10, "gw_kpt_grid": {"@module": "numpy", "@class": "array", "dtype": "int64", "data": [2, 2, 2]}, "conv_list": [[{"kppa": 0}, {"kpt_grid": "1x1x1"}, {"num_kpts": 1}, {"X_bnds": 500.0}, {"G_bnds": 500.0}, {"X_cutoff": 24.0}, {"gamma_gap": 1.805277}, {"num_gw_calc": 9}, {"wall_time": 948}, {"num_cores": 8}, {"z-factor": "None"}], [{"kppa": 0}, {"kpt_grid": "1x1x1"}, {"num_kpts": 1}, {"X_bnds": 200}, {"G_bnds": 200}, {"X_cutoff": 4}, {"gamma_gap": 8}, {"num_gw_calc": 1}, {"wall_time": 13}, {"num_cores": 8}, {"z-factor": "None"}], [{"kppa": 10}, {"kpt_grid": "2x2x2"}, {"num_kpts": 1}, {"X_bnds": 200}, {"G_bnds": 200}, {"X_cutoff": 4}, {"gamma_gap": 1.5400960000000001}, {"num_gw_calc": 2}, {"wall_time": 80}, {"num_cores": 8}, {"z-factor": {"@module": "numpy", "@class": "array", "dtype": "float64", "data": [[40.0, 0.78, -0.145272], [41.0, 0.81, -0.131875]]}}]], "conv_time": 1026.2562532424927}, "gw_band_range_pbe": [1, 51], "gw_conv_lda": {"gw_conv_thr": 0.025, "gw_bnd_start": 200, "gw_bnd_step": 100, "gw_cut_start": 4, "gw_cut_step": 4, "kpt_bnd_idx": {"@module": "numpy", "@class": "array", "dtype": "int64", "data": [1, 1, 40, 41]}, "gw_bands": 200, "gw_cutoff": 4, "w_conv_grid": [[200, 4, 1.7268409999999998], [300, 4, 1.7254589999999999], [300, 8, 1.840915], [300, 8, 1.840915], [300, 12, 1.888245], [300, 12, 1.888245], [300, 16, 1.905492], [300, 16, 1.905492], [400, 16, 1.926853], [400, 20, 1.933381], [400, 20, 1.933381], [500, 20, 1.9507659999999998], [500, 24, 1.953994], [500, 24, 1.953994]], "pwcutoff": 74, "w_conv_time": [13.443759441375732, 13.305487155914307, 16.919984340667725, 16.921159029006958, 27.607137203216553, 27.61006188392639, 48.17462658882141, 48.175777196884155, 56.14437675476074, 97.01868152618408, 97.02095699310303, 110.85381817817688, 176.00250458717346, 176.00412344932556], "w_ngw": 9, "w_z_factor": [{"@module": "numpy", "@class": "array", "dtype": "float64", "data": [[40.0, 0.77, -0.163951], [41.0, 0.79, -0.149424]]}, {"@module": "numpy", "@class": "array", "dtype": "float64", "data": [[40.0, 0.77, -0.158368], [41.0, 0.79, -0.149938]]}, {"@module": "numpy", "@class": "array", "dtype": "float64", "data": [[40.0, 0.77, -0.163469], [41.0, 0.79, -0.15069]]}, {"@module": "numpy", "@class": "array", "dtype": "float64", "data": [[40.0, 0.76, -0.15992], [41.0, 0.79, -0.152559]]}, {"@module": "numpy", "@class": "array", "dtype": "float64", "data": [[40.0, 0.76, -0.160497], [41.0, 0.79, -0.149521]]}, {"@module": "numpy", "@class": "array", "dtype": "float64", "data": [[40.0, 0.76, -0.159067], [41.0, 0.79, -0.14729]]}, {"@module": "numpy", "@class": "array", "dtype": "float64", "data": [[40.0, 0.76, -0.160918], [41.0, 0.79, -0.147075]]}, {"@module": "numpy", "@class": "array", "dtype": "float64", "data": [[40.0, 0.76, -0.158285], [41.0, 0.79, -0.145852]]}, {"@module": "numpy", "@class": "array", "dtype": "float64", "data": [[40.0, 0.76, -0.163002], [41.0, 0.79, -0.145372]]}], "gw_kppa": 80, "gw_kpt_grid": {"@module": "numpy", "@class": "array", "dtype": "int64", "data": [4, 2, 2]}, "conv_list": [[{"kppa": 0}, {"kpt_grid": "1x1x1"}, {"num_kpts": 1}, {"X_bnds": 500.0}, {"G_bnds": 500.0}, {"X_cutoff": 24.0}, {"gamma_gap": 1.953994}, {"num_gw_calc": 9}, {"wall_time": 963}, {"num_cores": 8}, {"z-factor": "None"}], [{"kppa": 0}, {"kpt_grid": "1x1x1"}, {"num_kpts": 1}, {"X_bnds": 200}, {"G_bnds": 200}, {"X_cutoff": 4}, {"gamma_gap": 8}, {"num_gw_calc": 1}, {"wall_time": 14}, {"num_cores": 8}, {"z-factor": "None"}], [{"kppa": 10}, {"kpt_grid": "2x2x2"}, {"num_kpts": 1}, {"X_bnds": 200}, {"G_bnds": 200}, {"X_cutoff": 4}, {"gamma_gap": 1.695989}, {"num_gw_calc": 2}, {"wall_time": 92}, {"num_cores": 8}, {"z-factor": {"@module": "numpy", "@class": "array", "dtype": "float64", "data": [[40.0, 0.78, -0.153405], [41.0, 0.8, -0.13849]]}}], [{"kppa": 80}, {"kpt_grid": "4x2x2"}, {"num_kpts": 1}, {"X_bnds": 200}, {"G_bnds": 200}, {"X_cutoff": 4}, {"gamma_gap": 1.717807}, {"num_gw_calc": 3}, {"wall_time": 194}, {"num_cores": 8}, {"z-factor": {"@module": "numpy", "@class": "array", "dtype": "float64", "data": [[40.0, 0.78, -0.153756], [41.0, 0.8, -0.139195]]}}]], "conv_time": 1247.1080346107483}, "gw_band_range_lda": [1, 51], "g0w0_ppa_pbe": {"gw_direct_gap": 1.812411, "kppa": 80, "kpt_grid": "4x2x2", "num_kpt": 12,