{"@module": "pymatgen.entries.computed_entries", "@class": "ComputedEntry", "energy": 0.0, "composition": {"Li": 1.0, "Br": 1.0}, "entry_id": "52236", "correction": 0.0, "energy_adjustments": [], "parameters": {"id": "52236", "name": "LiBr", "ibrav": {"celldm(1)": 10.404832092317669, "ibrav": 2}, "vol": 281.6081614801217, "lda_pw_cutoff_Ry": 66, "qe_conv_pbe": {"qe_conv_maxiter": 20, "qe_delta_kppa": 1500, "qe_delta_cutoff": 5, "qe_conv_thresh": 7.349865078089427e-05, "qe_conv_steps": [[60, 1500, -20.72282961165149], [65, 1500, -20.72287379404595], [65, 3000, -20.72287377861183]], "qe_conv_time": 13.117312908172607}, "num_elec_pbe": 10.0, "max_mem": 33176.0, "qe_conv_lda": {"qe_conv_maxiter": 20, "qe_delta_kppa": 1500, "qe_delta_cutoff": 5, "qe_conv_thresh": 7.349865078089427e-05, "qe_conv_steps": [[66, 1500, -23.01306503701926], [71, 1500, -23.01314533405108], [76, 1500, -23.01315968730944], [76, 3000, -23.01315973138001]], "qe_conv_time": 17.148343563079834}, "num_elec_lda": 10.0, "bg_conv_pbe": {"bg_conv_maxiter": 20, "bg_delta_kppa": 1500, "bg_delta_cutoff": 5, "bg_conv_thresh": 0.025, "bg_conv_steps": [[65, 3000, 4.891375134661516], [65, 4500, 4.891458375887621]], "bg_conv_time": 10.830119848251343}, "indirect_gap_pbe": 4.891363677579745, "bg_conv_lda": {"bg_conv_maxiter": 20, "bg_delta_kppa": 1500, "bg_delta_cutoff": 5, "bg_conv_thresh": 0.025, "bg_conv_steps": [[76, 3000, 4.623740399216705], [76, 4500, 4.624199244696524]], "bg_conv_time": 8.788538455963135}, "indirect_gap_lda": 4.623740003447827, "gw_conv_pbe": {"gw_conv_thr": 0.025, "gw_bnd_start": 200, "gw_bnd_step": 100, "gw_cut_start": 4, "gw_cut_step": 4, "kpt_bnd_idx": {"@module": "numpy", "@class": "array", "dtype": "int64", "data": [1, 1, 5, 6]}, "gw_bands": 200, "gw_cutoff": 4, "w_conv_grid": [[200, 4, 4.900408], [300, 4, 4.900276], [300, 8, 5.173133], [300, 8, 5.173133], [300, 12, 5.233893], [300, 12, 5.233893], [300, 16, 5.263795], [300, 16, 5.263795], [300, 20, 5.273405], [300, 20, 5.273405], [400, 20, 5.279164], [400, 24, 5.282954999999999], [400, 24, 5.282954999999999]], "pwcutoff": 65, "w_conv_time": [10.913981914520264, 10.668666124343872, 11.234203577041626, 11.235809803009033, 11.104240417480469, 11.105571985244751, 11.444034099578857, 11.44604754447937, 11.609999179840088, 11.611589193344116, 12.880970239639282, 14.23489499092102, 14.236218929290771], "w_ngw": 8, "w_z_factor": [{"@module": "numpy", "@class": "array", "dtype": "float64", "data": [[5.0, 0.79, -0.132851], [6.0, 0.81, -0.135685]]}, {"@module": "numpy", "@class": "array", "dtype": "float64", "data": [[5.0, 0.79, -0.132816], [6.0, 0.81, -0.135679]]}, {"@module": "numpy", "@class": "array", "dtype": "float64", "data": [[5.0, 0.78, -0.132807], [6.0, 0.81, -0.134729]]}, {"@module": "numpy", "@class": "array", "dtype": "float64", "data": [[5.0, 0.78, -0.133044], [6.0, 0.81, -0.134774]]}, {"@module": "numpy", "@class": "array", "dtype": "float64", "data": [[5.0, 0.78, -0.132991], [6.0, 0.81, -0.134767]]}, {"@module": "numpy", "@class": "array", "dtype": "float64", "data": [[5.0, 0.78, -0.133579], [6.0, 0.81, -0.13485]]}, {"@module": "numpy", "@class": "array", "dtype": "float64", "data": [[5.0, 0.78, -0.13339], [6.0, 0.81, -0.134815]]}, {"@module": "numpy", "@class": "array", "dtype": "float64", "data": [[5.0, 0.78, -0.13306], [6.0, 0.81, -0.134728]]}], "gw_kppa": 260, "gw_kpt_grid": {"@module": "numpy", "@class": "array", "dtype": "int64", "data": [6, 6, 6]}, "conv_list": [[{"kppa": 0}, {"kpt_grid": "1x1x1"}, {"num_kpts": 1}, {"X_bnds": 400.0}, {"G_bnds": 400.0}, {"X_cutoff": 24.0}, {"gamma_gap": 5.282954999999999}, {"num_gw_calc": 8}, {"wall_time": 161}, {"num_cores": 8}, {"z-factor": "None"}], [{"kppa": 0}, {"kpt_grid": "1x1x1"}, {"num_kpts": 1}, {"X_bnds": 200}, {"G_bnds": 200}, {"X_cutoff": 4}, {"gamma_gap": 8}, {"num_gw_calc": 1}, {"wall_time": 11}, {"num_cores": 8}, {"z-factor": "None"}], [{"kppa": 10}, {"kpt_grid": "2x2x2"}, {"num_kpts": 1}, {"X_bnds": 200}, {"G_bnds": 200}, {"X_cutoff": 4}, {"gamma_gap": 6.660322}, {"num_gw_calc": 2}, {"wall_time": 18}, {"num_cores": 8}, {"z-factor": {"@module": "numpy", "@class": "array", "dtype": "float64", "data": [[5.0, 0.82, -0.126788], [6.0, 0.84, -0.118227]]}}], [{"kppa": 60}, {"kpt_grid": "4x4x4"}, {"num_kpts": 1}, {"X_bnds": 200}, {"G_bnds": 200}, {"X_cutoff": 4}, {"gamma_gap": 6.812175}, {"num_gw_calc": 3}, {"wall_time": 38}, {"num_cores": 8}, {"z-factor": {"@module": "numpy", "@class": "array", "dtype": "float64", "data": [[5.0, 0.82, -0.126505], [6.0, 0.85, -0.111071]]}}], [{"kppa": 260}, {"kpt_grid": "6x6x6"}, {"num_kpts": 1}, {"X_bnds": 200}, {"G_bnds": 200}, {"X_cutoff": 4}, {"gamma_gap": 6.801431}, {"num_gw_calc": 4}, {"wall_time": 47}, {"num_cores": 32}, {"z-factor": {"@module": "numpy", "@class": "array", "dtype": "float64", "data": [[5.0, 0.82, -0.130542], [6.0, 0.85, -0.109664]]}}]], "conv_time": 261.7698404788971}, "gw_band_range_pbe": [1, 8], "gw_conv_lda": {"gw_conv_thr": 0.025, "gw_bnd_start": 200, "gw_bnd_step": 100, "gw_cut_start": 4, "gw_cut_step": 4, "kpt_bnd_idx": {"@module": "numpy", "@class": "array", "dtype": "int64", "data": [1, 1, 5, 6]}, "gw_bands": 200, "gw_cutoff": 4, "w_conv_grid": [[200, 4, 4.975435], [300, 4, 4.975282000000001], [300, 8, 5.252967], [300, 8, 5.252967], [300, 12, 5.316398], [300, 12, 5.316398], [300, 16, 5.349601000000001], [300, 16, 5.349601000000001], [300, 20, 5.361734], [300, 20, 5.361734], [400, 20, 5.369441], [400, 24, 5.375139000000001], [400, 24, 5.375139000000001]], "pwcutoff": 76, "w_conv_time": [10.991214513778687, 11.586343050003052, 11.655248165130615, 11.657179832458496, 11.734944820404053, 11.736725807189941, 11.93492317199707, 11.936421394348145, 12.729597806930542, 12.730888843536377, 12.785356521606445, 14.006191730499268, 14.008183717727661], "w_ngw": 8, "w_z_factor": [{"@module": "numpy", "@class": "array", "dtype": "float64", "data": [[5.0, 0.78, -0.134572], [6.0, 0.81, -0.136033]]}, {"@module": "numpy", "@class": "array", "dtype": "float64", "data": [[5.0, 0.78, -0.134593], [6.0, 0.81, -0.13601]]}, {"@module": "numpy", "@class": "array", "dtype": "float64", "data": [[5.0, 0.78, -0.827852], [6.0, 0.81, -0.135088]]}, {"@module": "numpy", "@class": "array", "dtype": "float64", "data": [[5.0, 0.78, -0.118518], [6.0, 0.8, -0.135041]]}, {"@module": "numpy", "@class": "array", "dtype": "float64", "data": [[5.0, 0.78, -0.122857], [6.0, 0.8, -0.135076]]}, {"@module": "numpy", "@class": "array", "dtype": "float64", "data": [[5.0, 0.78, -0.124013], [6.0, 0.8, -0.13502]]}, {"@module": "numpy", "@class": "array", "dtype": "float64", "data": [[5.0, 0.78, -0.123495], [6.0, 0.8, -0.135065]]}, {"@module": "numpy", "@class": "array", "dtype": "float64", "data": [[5.0, 0.78, -0.123829], [6.0, 0.8, -0.13501]]}], "gw_kppa": 260, "gw_kpt_grid": {"@module": "numpy", "@class": "array", "dtype": "int64", "data": [6, 6, 6]}, "conv_list": [[{"kppa": 0}, {"kpt_grid": "1x1x1"}, {"num_kpts": 1}, {"X_bnds": 400.0}, {"G_bnds": 400.0}, {"X_cutoff": 24.0}, {"gamma_gap": 5.375139000000001}, {"num_gw_calc": 8}, {"wall_time": 148}, {"num_cores": 8}, {"z-factor": "None"}], [{"kppa": 0}, {"kpt_grid": "1x1x1"}, {"num_kpts": 1}, {"X_bnds": 200}, {"G_bnds": 200}, {"X_cutoff": 4}, {"gamma_gap": 8}, {"num_gw_calc": 1}, {"wall_time": 11}, {"num_cores": 8}, {"z-factor": "None"}], [{"kppa": 10}, {"kpt_grid": "2x2x2"}, {"num_kpts": 1}, {"X_bnds": 200}, {"G_bnds": 200}, {"X_cutoff": 4}, {"gamma_gap": 6.763691}, {"num_gw_calc": 2}, {"wall_time": 18}, {"num_cores": 8}, {"z-factor": {"@module": "numpy", "@class": "array", "dtype": "float64", "data": [[5.0, 0.82, -0.128447], [6.0, 0.84, -0.120995]]}}], [{"kppa": 60}, {"kpt_grid": "4x4x4"}, {"num_kpts": 1}, {"X_bnds": 200}, {"G_bnds": 200}, {"X_cutoff": 4}, {"gamma_gap": 6.8515760000000006}, {"num_gw_calc": 3}, {"wall_time": 37}, {"num_cores": 8}, {"z-factor": {"@module": "numpy", "@class": "array", "dtype": "float64",