{"@module": "pymatgen.entries.computed_entries", "@class": "ComputedEntry", "energy": 0.0, "composition": {"Sr": 1.0, "Se": 1.0}, "entry_id": "52429", "correction": 0.0, "energy_adjustments": [], "parameters": {"id": "52429", "name": "SrSe", "ibrav": {"celldm(1)": 11.797938198103461, "ibrav": 2}, "vol": 410.54272364734277, "lda_pw_cutoff_Ry": 78, "qe_conv_pbe": {"qe_conv_maxiter": 20, "qe_delta_kppa": 1500, "qe_delta_cutoff": 5, "qe_conv_thresh": 7.349865078089427e-05, "qe_conv_steps": [[60, 1500, -40.74099527389785], [65, 1500, -40.74099563893927], [65, 3000, -40.74099575175114]], "qe_conv_time": 14.599833011627197}, "num_elec_pbe": 16.0, "max_mem": 44980.0, "qe_conv_lda": {"qe_conv_maxiter": 20, "qe_delta_kppa": 1500, "qe_delta_cutoff": 5, "qe_conv_thresh": 7.349865078089427e-05, "qe_conv_steps": [[78, 1500, -155.5961395525943], [83, 1500, -155.5962669467932], [88, 1500, -155.596279034193], [88, 3000, -155.596279203021]], "qe_conv_time": 24.627509355545044}, "num_elec_lda": 26.0, "bg_conv_pbe": {"bg_conv_maxiter": 20, "bg_delta_kppa": 1500, "bg_delta_cutoff": 5, "bg_conv_thresh": 0.025, "bg_conv_steps": [[65, 3000, 2.1861203466510326], [65, 4500, 2.1861079573256466]], "bg_conv_time": 11.104803562164307}, "indirect_gap_pbe": 2.186106839031137, "bg_conv_lda": {"bg_conv_maxiter": 20, "bg_delta_kppa": 1500, "bg_delta_cutoff": 5, "bg_conv_thresh": 0.025, "bg_conv_steps": [[88, 3000, 2.0413569758224], [88, 4500, 2.0413757377889032]], "bg_conv_time": 14.35845685005188}, "indirect_gap_lda": 2.0413747150006327, "gw_conv_pbe": {"gw_conv_thr": 0.025, "gw_bnd_start": 200, "gw_bnd_step": 100, "gw_cut_start": 4, "gw_cut_step": 4, "kpt_bnd_idx": {"@module": "numpy", "@class": "array", "dtype": "int64", "data": [1, 1, 8, 9]}, "gw_bands": 200, "gw_cutoff": 4, "w_conv_grid": [[200, 4, 2.546274], [300, 4, 2.5458779999999996], [300, 8, 2.7744299999999997], [300, 8, 2.7744299999999997], [300, 12, 2.817746], [300, 12, 2.817746], [300, 16, 2.8354259999999996], [300, 16, 2.8354259999999996], [400, 16, 2.845095], [400, 20, 2.84733], [400, 20, 2.84733]], "pwcutoff": 65, "w_conv_time": [11.58577585220337, 11.974544525146484, 12.69150972366333, 12.692265033721924, 11.589139699935913, 11.60148572921753, 13.203052520751953, 13.203857421875, 13.874681949615479, 14.718652963638306, 14.719493627548218], "w_ngw": 7, "w_z_factor": [{"@module": "numpy", "@class": "array", "dtype": "float64", "data": [[8.0, 0.78, -0.166475], [9.0, 0.82, -0.112342]]}, {"@module": "numpy", "@class": "array", "dtype": "float64", "data": [[8.0, 0.78, -0.167339], [9.0, 0.82, -0.112123]]}, {"@module": "numpy", "@class": "array", "dtype": "float64", "data": [[8.0, 0.78, -0.152717], [9.0, 0.82, -0.116178]]}, {"@module": "numpy", "@class": "array", "dtype": "float64", "data": [[8.0, 0.78, -0.189834], [9.0, 0.82, -0.125106]]}, {"@module": "numpy", "@class": "array", "dtype": "float64", "data": [[8.0, 0.78, -0.220658], [9.0, 0.82, -0.132014]]}, {"@module": "numpy", "@class": "array", "dtype": "float64", "data": [[8.0, 0.78, -0.17957], [9.0, 0.82, -0.121429]]}, {"@module": "numpy", "@class": "array", "dtype": "float64", "data": [[8.0, 0.78, -0.176326], [9.0, 0.82, -0.121859]]}], "gw_kppa": 260, "gw_kpt_grid": {"@module": "numpy", "@class": "array", "dtype": "int64", "data": [6, 6, 6]}, "conv_list": [[{"kppa": 0}, {"kpt_grid": "1x1x1"}, {"num_kpts": 1}, {"X_bnds": 400.0}, {"G_bnds": 400.0}, {"X_cutoff": 20.0}, {"gamma_gap": 2.84733}, {"num_gw_calc": 7}, {"wall_time": 146}, {"num_cores": 8}, {"z-factor": "None"}], [{"kppa": 0}, {"kpt_grid": "1x1x1"}, {"num_kpts": 1}, {"X_bnds": 200}, {"G_bnds": 200}, {"X_cutoff": 4}, {"gamma_gap": 8}, {"num_gw_calc": 1}, {"wall_time": 12}, {"num_cores": 8}, {"z-factor": "None"}], [{"kppa": 10}, {"kpt_grid": "2x2x2"}, {"num_kpts": 1}, {"X_bnds": 200}, {"G_bnds": 200}, {"X_cutoff": 4}, {"gamma_gap": 3.863333}, {"num_gw_calc": 2}, {"wall_time": 20}, {"num_cores": 8}, {"z-factor": {"@module": "numpy", "@class": "array", "dtype": "float64", "data": [[8.0, 0.81, -0.103962], [9.0, 0.83, -0.110931]]}}], [{"kppa": 60}, {"kpt_grid": "4x4x4"}, {"num_kpts": 1}, {"X_bnds": 200}, {"G_bnds": 200}, {"X_cutoff": 4}, {"gamma_gap": 4.027317}, {"num_gw_calc": 3}, {"wall_time": 40}, {"num_cores": 8}, {"z-factor": {"@module": "numpy", "@class": "array", "dtype": "float64", "data": [[8.0, 0.82, -0.238462], [9.0, 0.83, -0.931926]]}}], [{"kppa": 260}, {"kpt_grid": "6x6x6"}, {"num_kpts": 1}, {"X_bnds": 200}, {"G_bnds": 200}, {"X_cutoff": 4}, {"gamma_gap": 4.026794000000001}, {"num_gw_calc": 4}, {"wall_time": 50}, {"num_cores": 32}, {"z-factor": {"@module": "numpy", "@class": "array", "dtype": "float64", "data": [[8.0, 0.82, -0.420136], [9.0, 0.83, -0.84771]]}}]], "conv_time": 253.52845788002014}, "gw_band_range_pbe": [1, 15], "gw_conv_lda": {"gw_conv_thr": 0.025, "gw_bnd_start": 200, "gw_bnd_step": 100, "gw_cut_start": 4, "gw_cut_step": 4, "kpt_bnd_idx": {"@module": "numpy", "@class": "array", "dtype": "int64", "data": [1, 1, 13, 14]}, "gw_bands": 200, "gw_cutoff": 4, "w_conv_grid": [[200, 4, 3.1122210000000003], [300, 4, 3.117601], [300, 8, 3.298525], [300, 8, 3.298525], [300, 12, 3.3444830000000003], [300, 12, 3.3444830000000003], [300, 16, 3.3627400000000005], [300, 16, 3.3627400000000005], [400, 16, 3.370693], [400, 20, 3.3727480000000005], [400, 20, 3.3727480000000005]], "pwcutoff": 88, "w_conv_time": [12.075329303741455, 11.684343099594116, 12.094399452209473, 12.09582233428955, 11.975744485855103, 11.976538896560669, 13.283033847808838, 13.284643650054932, 15.050470113754272, 15.840219259262085, 15.841551065444946], "w_ngw": 7, "w_z_factor": [{"@module": "numpy", "@class": "array", "dtype": "float64", "data": [[13.0, 0.8, -0.122616], [14.0, 0.82, -0.1139]]}, {"@module": "numpy", "@class": "array", "dtype": "float64", "data": [[13.0, 0.79, -0.16155], [14.0, 0.82, -0.105907]]}, {"@module": "numpy", "@class": "array", "dtype": "float64", "data": [[13.0, 0.79, -0.946724], [14.0, 0.82, -0.112057]]}, {"@module": "numpy", "@class": "array", "dtype": "float64", "data": [[13.0, 0.79, -0.127459], [14.0, 0.82, -0.111127]]}, {"@module": "numpy", "@class": "array", "dtype": "float64", "data": [[13.0, 0.79, -0.144935], [14.0, 0.82, -0.108603]]}, {"@module": "numpy", "@class": "array", "dtype": "float64", "data": [[13.0, 0.79, -0.126013], [14.0, 0.82, -0.110922]]}, {"@module": "numpy", "@class": "array", "dtype": "float64", "data": [[13.0, 0.79, -0.128496], [14.0, 0.82, -0.11047]]}], "gw_kppa": 260, "gw_kpt_grid": {"@module": "numpy", "@class": "array", "dtype": "int64", "data": [6, 6, 6]}, "conv_list": [[{"kppa": 0}, {"kpt_grid": "1x1x1"}, {"num_kpts": 1}, {"X_bnds": 400.0}, {"G_bnds": 400.0}, {"X_cutoff": 20.0}, {"gamma_gap": 3.3727480000000005}, {"num_gw_calc": 7}, {"wall_time": 158}, {"num_cores": 8}, {"z-factor": "None"}], [{"kppa": 0}, {"kpt_grid": "1x1x1"}, {"num_kpts": 1}, {"X_bnds": 200}, {"G_bnds": 200}, {"X_cutoff": 4}, {"gamma_gap": 8}, {"num_gw_calc": 1}, {"wall_time": 13}, {"num_cores": 8}, {"z-factor": "None"}], [{"kppa": 10}, {"kpt_grid": "2x2x2"}, {"num_kpts": 1}, {"X_bnds": 200}, {"G_bnds": 200}, {"X_cutoff": 4}, {"gamma_gap": 4.276431}, {"num_gw_calc": 2}, {"wall_time": 23}, {"num_cores": 8}, {"z-factor": {"@module": "numpy", "@class": "array", "dtype": "float64", "data": [[13.0, 0.8, -0.134423], [14.0, 0.82, -0.126734]]}}], [{"kppa": 60}, {"kpt_grid": "4x4x4"}, {"num_kpts": 1}, {"X_bnds": 200}, {"G_bnds": 200}, {"X_cutoff": 4}, {"gamma_gap": 4.3762550000000005}, {"num_gw_calc": 3}, {"wall_time": 88}, {"num_cores": 8}, {"z-factor": {"@module": "numpy", "@class": "array", "dtype": "float64", "data": [[13.0, 0.81, -0.137805], [14.0, 0.83, -0.120975]]}}], [{"kppa": 260}, {"kpt_grid": "6x6x6"}, {"num_kpts": 1}, {"X_bnds": 200}, {"G_bnds": 200}, {"X_cutoff": 4}, {"gamma_gap": 4.374694}, {"num_gw_calc": 4}, {"wall_time": 128}, {"num_cores": 32}, {"z-factor": {"@module": "numpy", "@class": "array", "dtype": "float64", "data": [[13.0, 0.8, -0.143231], [14.0, 0.83, -0.11793]]}}]],