{"@module": "pymatgen.entries.computed_entries", "@class": "ComputedEntry", "energy": 0.0, "composition": {"Sn": 1.0, "Te": 1.0}, "entry_id": "52489", "correction": 0.0, "energy_adjustments": [], "parameters": {"id": "52489", "name": "SnTe", "ibrav": {"celldm(1)": 11.948738343575123, "ibrav": 2}, "vol": 426.4873572470884, "lda_pw_cutoff_Ry": 68, "qe_conv_pbe": {"qe_conv_maxiter": 20, "qe_delta_kppa": 1500, "qe_delta_cutoff": 5, "qe_conv_thresh": 7.349865078089427e-05, "qe_conv_steps": [[60, 1500, -147.7352543443705], [65, 1500, -147.7352618271118], [65, 3000, -147.7352753971868]], "qe_conv_time": 18.417474508285522}, "num_elec_pbe": 30.0, "max_mem": 57305.0, "qe_conv_lda": {"qe_conv_maxiter": 20, "qe_delta_kppa": 1500, "qe_delta_cutoff": 5, "qe_conv_thresh": 7.349865078089427e-05, "qe_conv_steps": [[68, 1500, -183.2141431374993], [73, 1500, -183.2143763025613], [78, 1500, -183.2143856765594], [78, 3000, -183.2143934845099]], "qe_conv_time": 21.780796766281128}, "num_elec_lda": 30.0, "bg_conv_pbe": {"bg_conv_maxiter": 20, "bg_delta_kppa": 1500, "bg_delta_cutoff": 5, "bg_conv_thresh": 0.025, "bg_conv_steps": [[65, 3000, 0.06927608665990376], [65, 4500, 0.06925776248255222]], "bg_conv_time": 14.539425611495972}, "indirect_gap_pbe": 0.06927640046728989, "bg_conv_lda": {"bg_conv_maxiter": 20, "bg_delta_kppa": 1500, "bg_delta_cutoff": 5, "bg_conv_thresh": 0.025, "bg_conv_steps": [[78, 3000, 0.08206491298975396], [78, 4500, 0.08216205845736566]], "bg_conv_time": 13.660827398300171}, "indirect_gap_lda": 0.08206489487446367, "gw_conv_pbe": {"gw_conv_thr": 0.025, "gw_bnd_start": 200, "gw_bnd_step": 100, "gw_cut_start": 4, "gw_cut_step": 4, "kpt_bnd_idx": {"@module": "numpy", "@class": "array", "dtype": "int64", "data": [1, 1, 15, 16]}, "gw_bands": 200, "gw_cutoff": 4, "w_conv_grid": [[200, 4, 6.953687], [300, 4, 6.9483760000000006], [300, 8, 6.997986000000001], [300, 8, 6.997986000000001], [300, 12, 7.009932], [300, 12, 7.009932], [400, 12, 7.006852], [400, 16, 7.010858], [400, 16, 7.010858]], "pwcutoff": 65, "w_conv_time": [11.133245468139648, 11.131791114807129, 11.300939559936523, 11.303940773010254, 11.67221713066101, 11.672999858856201, 12.069021224975586, 13.522505283355713, 13.523374795913696], "w_ngw": 6, "w_z_factor": [{"@module": "numpy", "@class": "array", "dtype": "float64", "data": [[15.0, 0.81, -0.128435], [16.0, 0.81, -0.133645]]}, {"@module": "numpy", "@class": "array", "dtype": "float64", "data": [[15.0, 0.81, -0.137403], [16.0, 0.81, -0.134432]]}, {"@module": "numpy", "@class": "array", "dtype": "float64", "data": [[15.0, 0.8, -0.130426], [16.0, 0.81, -0.131379]]}, {"@module": "numpy", "@class": "array", "dtype": "float64", "data": [[15.0, 0.8, -0.130503], [16.0, 0.81, -0.131115]]}, {"@module": "numpy", "@class": "array", "dtype": "float64", "data": [[15.0, 0.8, -0.129241], [16.0, 0.81, -0.1306]]}, {"@module": "numpy", "@class": "array", "dtype": "float64", "data": [[15.0, 0.8, -0.129104], [16.0, 0.81, -0.130252]]}], "gw_kppa": 690, "gw_kpt_grid": {"@module": "numpy", "@class": "array", "dtype": "int64", "data": [8, 8, 8]}, "conv_list": [[{"kppa": 0}, {"kpt_grid": "1x1x1"}, {"num_kpts": 1}, {"X_bnds": 400.0}, {"G_bnds": 400.0}, {"X_cutoff": 16.0}, {"gamma_gap": 7.010858}, {"num_gw_calc": 6}, {"wall_time": 139}, {"num_cores": 8}, {"z-factor": "None"}], [{"kppa": 0}, {"kpt_grid": "1x1x1"}, {"num_kpts": 1}, {"X_bnds": 200}, {"G_bnds": 200}, {"X_cutoff": 4}, {"gamma_gap": 8}, {"num_gw_calc": 1}, {"wall_time": 12}, {"num_cores": 8}, {"z-factor": "None"}], [{"kppa": 10}, {"kpt_grid": "2x2x2"}, {"num_kpts": 1}, {"X_bnds": 200}, {"G_bnds": 200}, {"X_cutoff": 4}, {"gamma_gap": 5.539282}, {"num_gw_calc": 2}, {"wall_time": 19}, {"num_cores": 8}, {"z-factor": {"@module": "numpy", "@class": "array", "dtype": "float64", "data": [[15.0, 0.8, -0.121078], [16.0, 0.78, -0.168317]]}}], [{"kppa": 60}, {"kpt_grid": "4x4x4"}, {"num_kpts": 1}, {"X_bnds": 200}, {"G_bnds": 200}, {"X_cutoff": 4}, {"gamma_gap": 5.740923}, {"num_gw_calc": 3}, {"wall_time": 47}, {"num_cores": 8}, {"z-factor": {"@module": "numpy", "@class": "array", "dtype": "float64", "data": [[15.0, 0.78, -0.162842], [16.0, 0.79, -0.3514]]}}], [{"kppa": 260}, {"kpt_grid": "6x6x6"}, {"num_kpts": 1}, {"X_bnds": 200}, {"G_bnds": 200}, {"X_cutoff": 4}, {"gamma_gap": 5.7992170000000005}, {"num_gw_calc": 4}, {"wall_time": 82}, {"num_cores": 32}, {"z-factor": {"@module": "numpy", "@class": "array", "dtype": "float64", "data": [[15.0, 0.78, -0.155159], [16.0, 0.78, -0.493691]]}}], [{"kppa": 690}, {"kpt_grid": "8x8x8"}, {"num_kpts": 1}, {"X_bnds": 200}, {"G_bnds": 200}, {"X_cutoff": 4}, {"gamma_gap": 5.817793}, {"num_gw_calc": 5}, {"wall_time": 203}, {"num_cores": 32}, {"z-factor": {"@module": "numpy", "@class": "array", "dtype": "float64", "data": [[15.0, 0.78, -0.147441], [16.0, 0.78, -0.647759]]}}]], "conv_time": 488.6676015853882}, "gw_band_range_pbe": [1, 19], "gw_conv_lda": {"gw_conv_thr": 0.025, "gw_bnd_start": 200, "gw_bnd_step": 100, "gw_cut_start": 4, "gw_cut_step": 4, "kpt_bnd_idx": {"@module": "numpy", "@class": "array", "dtype": "int64", "data": [1, 1, 15, 16]}, "gw_bands": 200, "gw_cutoff": 4, "w_conv_grid": [[200, 4, 6.9370650000000005], [300, 4, 6.934092], [300, 8, 6.991589], [300, 8, 6.991589], [300, 12, 7.002459999999999], [300, 12, 7.002459999999999], [400, 12, 6.999917], [400, 16, 7.003871999999999], [400, 16, 7.003871999999999]], "pwcutoff": 78, "w_conv_time": [11.206213235855103, 11.477820634841919, 11.393221139907837, 11.394985675811768, 11.990581750869751, 11.991979837417603, 12.257309198379517, 13.711275100708008, 13.712348699569702], "w_ngw": 6, "w_z_factor": [{"@module": "numpy", "@class": "array", "dtype": "float64", "data": [[15.0, 0.8, -0.136027], [16.0, 0.8, -0.138001]]}, {"@module": "numpy", "@class": "array", "dtype": "float64", "data": [[15.0, 0.8, -0.133572], [16.0, 0.8, -0.173065]]}, {"@module": "numpy", "@class": "array", "dtype": "float64", "data": [[15.0, 0.8, -0.134607], [16.0, 0.8, -0.141477]]}, {"@module": "numpy", "@class": "array", "dtype": "float64", "data": [[15.0, 0.8, -0.134858], [16.0, 0.8, -0.141273]]}, {"@module": "numpy", "@class": "array", "dtype": "float64", "data": [[15.0, 0.8, -0.133702], [16.0, 0.8, -0.140867]]}, {"@module": "numpy", "@class": "array", "dtype": "float64", "data": [[15.0, 0.8, -0.133903], [16.0, 0.8, -0.140725]]}], "gw_kppa": 690, "gw_kpt_grid": {"@module": "numpy", "@class": "array", "dtype": "int64", "data": [8, 8, 8]}, "conv_list": [[{"kppa": 0}, {"kpt_grid": "1x1x1"}, {"num_kpts": 1}, {"X_bnds": 400.0}, {"G_bnds": 400.0}, {"X_cutoff": 16.0}, {"gamma_gap": 7.003871999999999}, {"num_gw_calc": 6}, {"wall_time": 139}, {"num_cores": 8}, {"z-factor": "None"}], [{"kppa": 0}, {"kpt_grid": "1x1x1"}, {"num_kpts": 1}, {"X_bnds": 200}, {"G_bnds": 200}, {"X_cutoff": 4}, {"gamma_gap": 8}, {"num_gw_calc": 1}, {"wall_time": 12}, {"num_cores": 8}, {"z-factor": "None"}], [{"kppa": 10}, {"kpt_grid": "2x2x2"}, {"num_kpts": 1}, {"X_bnds": 200}, {"G_bnds": 200}, {"X_cutoff": 4}, {"gamma_gap": 5.449139}, {"num_gw_calc": 2}, {"wall_time": 21}, {"num_cores": 8}, {"z-factor": {"@module": "numpy", "@class": "array", "dtype": "float64", "data": [[15.0, 0.79, -0.129787]]}}], [{"kppa": 60}, {"kpt_grid": "4x4x4"}, {"num_kpts": 1}, {"X_bnds": 200}, {"G_bnds": 200}, {"X_cutoff": 4}, {"gamma_gap": 5.660495999999999}, {"num_gw_calc": 3}, {"wall_time": 56}, {"num_cores": 8}, {"z-factor": {"@module": "numpy", "@class": "array", "dtype": "float64", "data": [[15.0, 0.78, -0.161981]]}}], [{"kppa": 260}, {"kpt_grid": "6x6x6"}, {"num_kpts": 1}, {"X_bnds": 200}, {"G_bnds": 200}, {"X_cutoff": 4}, {"gamma_gap": 5.714943}, {"num_gw_calc": 4}, {"wall_time": 83}, {"num_cores": 32}, {"z-factor": {"@module": "numpy", "@class": "array", "dtype": "float64",