{"@module": "pymatgen.entries.computed_entries", "@class": "ComputedEntry", "energy": 0.0, "composition": {"Tl": 1.0, "Cl": 1.0}, "entry_id": "5253", "correction": 0.0, "energy_adjustments": [], "parameters": {"id": "5253", "name": "TlCl", "ibrav": {"celldm(1)": 7.3718216476809335, "ibrav": 1}, "vol": 400.6124651406366, "lda_pw_cutoff_Ry": 54, "qe_conv_pbe": {"qe_conv_maxiter": 20, "qe_delta_kppa": 1500, "qe_delta_cutoff": 5, "qe_conv_thresh": 7.349865078089427e-05, "qe_conv_steps": [[60, 1500, -63.12764745629416], [65, 1500, -63.12765593634612], [65, 3000, -63.12765599959888]], "qe_conv_time": 16.447509288787842}, "num_elec_pbe": 20.0, "max_mem": 42540.0, "qe_conv_lda": {"qe_conv_maxiter": 20, "qe_delta_kppa": 1500, "qe_delta_cutoff": 5, "qe_conv_thresh": 7.349865078089427e-05, "qe_conv_steps": [[54, 1500, -77.12729539904335], [59, 1500, -77.12743234396649], [64, 1500, -77.12747216804671], [64, 3000, -77.12747233315771]], "qe_conv_time": 20.313032865524292}, "num_elec_lda": 20.0, "bg_conv_pbe": {"bg_conv_maxiter": 20, "bg_delta_kppa": 1500, "bg_delta_cutoff": 5, "bg_conv_thresh": 0.025, "bg_conv_steps": [[65, 3000, 2.212677775216072], [65, 4500, 2.2127068431647183]], "bg_conv_time": 12.546422958374023}, "indirect_gap_pbe": 2.212704481195597, "bg_conv_lda": {"bg_conv_maxiter": 20, "bg_delta_kppa": 1500, "bg_delta_cutoff": 5, "bg_conv_thresh": 0.025, "bg_conv_steps": [[64, 3000, 1.9840318754455861], [64, 4500, 1.9840747883536929]], "bg_conv_time": 11.61820101737976}, "indirect_gap_lda": 1.9840720468731752, "gw_conv_pbe": {"gw_conv_thr": 0.025, "gw_bnd_start": 200, "gw_bnd_step": 100, "gw_cut_start": 4, "gw_cut_step": 4, "kpt_bnd_idx": {"@module": "numpy", "@class": "array", "dtype": "int64", "data": [1, 1, 10, 11]}, "gw_bands": 200, "gw_cutoff": 4, "w_conv_grid": [[200, 4, 11.919447], [300, 4, 11.907717], [300, 8, 11.989376], [300, 8, 11.989376], [300, 12, 12.051219], [300, 12, 12.051219], [300, 16, 12.086644], [300, 16, 12.086644], [300, 20, 12.099127], [300, 20, 12.099127], [400, 20, 12.103568], [400, 24, 12.108018], [400, 24, 12.108018]], "pwcutoff": 65, "w_conv_time": [13.262212991714478, 13.12415599822998, 13.53390645980835, 13.535295009613037, 13.944097518920898, 13.946057081222534, 14.895012378692627, 14.89701771736145, 16.552895307540894, 16.554991006851196, 17.395589113235474, 20.018279314041138, 20.019933938980103], "w_ngw": 8, "w_z_factor": [{"@module": "numpy", "@class": "array", "dtype": "float64", "data": [[10.0, 0.83, -0.104179], [11.0, 0.86, -0.887999]]}, {"@module": "numpy", "@class": "array", "dtype": "float64", "data": [[10.0, 0.83, -0.103581], [11.0, 0.86, -0.882402]]}, {"@module": "numpy", "@class": "array", "dtype": "float64", "data": [[10.0, 0.83, -0.105018], [11.0, 0.86, -0.884755]]}, {"@module": "numpy", "@class": "array", "dtype": "float64", "data": [[10.0, 0.83, -0.105003], [11.0, 0.86, -0.881875]]}, {"@module": "numpy", "@class": "array", "dtype": "float64", "data": [[10.0, 0.83, -0.105097], [11.0, 0.86, -0.880594]]}, {"@module": "numpy", "@class": "array", "dtype": "float64", "data": [[10.0, 0.83, -0.107503], [11.0, 0.86, -0.884413]]}, {"@module": "numpy", "@class": "array", "dtype": "float64", "data": [[10.0, 0.83, -0.106369], [11.0, 0.86, -0.876182]]}, {"@module": "numpy", "@class": "array", "dtype": "float64", "data": [[10.0, 0.83, -0.106722], [11.0, 0.86, -0.880424]]}], "gw_kppa": 690, "gw_kpt_grid": {"@module": "numpy", "@class": "array", "dtype": "int64", "data": [8, 8, 8]}, "conv_list": [[{"kppa": 0}, {"kpt_grid": "1x1x1"}, {"num_kpts": 1}, {"X_bnds": 400.0}, {"G_bnds": 400.0}, {"X_cutoff": 24.0}, {"gamma_gap": 12.108018}, {"num_gw_calc": 8}, {"wall_time": 234}, {"num_cores": 8}, {"z-factor": "None"}], [{"kppa": 0}, {"kpt_grid": "1x1x1"}, {"num_kpts": 1}, {"X_bnds": 200}, {"G_bnds": 200}, {"X_cutoff": 4}, {"gamma_gap": 8}, {"num_gw_calc": 1}, {"wall_time": 14}, {"num_cores": 8}, {"z-factor": "None"}], [{"kppa": 10}, {"kpt_grid": "2x2x2"}, {"num_kpts": 1}, {"X_bnds": 200}, {"G_bnds": 200}, {"X_cutoff": 4}, {"gamma_gap": 10.047361}, {"num_gw_calc": 2}, {"wall_time": 24}, {"num_cores": 8}, {"z-factor": {"@module": "numpy", "@class": "array", "dtype": "float64", "data": [[10.0, 0.79, -0.184318], [11.0, 0.81, -0.160524]]}}], [{"kppa": 60}, {"kpt_grid": "4x4x4"}, {"num_kpts": 1}, {"X_bnds": 200}, {"G_bnds": 200}, {"X_cutoff": 4}, {"gamma_gap": 10.406786}, {"num_gw_calc": 3}, {"wall_time": 71}, {"num_cores": 8}, {"z-factor": {"@module": "numpy", "@class": "array", "dtype": "float64", "data": [[10.0, 0.79, -0.133088], [11.0, 0.82, -0.907043]]}}], [{"kppa": 260}, {"kpt_grid": "6x6x6"}, {"num_kpts": 1}, {"X_bnds": 200}, {"G_bnds": 200}, {"X_cutoff": 4}, {"gamma_gap": 10.433713}, {"num_gw_calc": 4}, {"wall_time": 91}, {"num_cores": 32}, {"z-factor": {"@module": "numpy", "@class": "array", "dtype": "float64", "data": [[10.0, 0.79, -0.146116], [11.0, 0.82, -0.409664]]}}], [{"kppa": 690}, {"kpt_grid": "8x8x8"}, {"num_kpts": 1}, {"X_bnds": 200}, {"G_bnds": 200}, {"X_cutoff": 4}, {"gamma_gap": 10.434459}, {"num_gw_calc": 5}, {"wall_time": 297}, {"num_cores": 32}, {"z-factor": {"@module": "numpy", "@class": "array", "dtype": "float64", "data": [[10.0, 0.79, -0.132066]]}}]], "conv_time": 713.267144203186}, "gw_band_range_pbe": [1, 14], "gw_conv_lda": {"gw_conv_thr": 0.025, "gw_bnd_start": 200, "gw_bnd_step": 100, "gw_cut_start": 4, "gw_cut_step": 4, "kpt_bnd_idx": {"@module": "numpy", "@class": "array", "dtype": "int64", "data": [1, 1, 10, 11]}, "gw_bands": 200, "gw_cutoff": 4, "w_conv_grid": [[200, 4, 12.04492], [300, 4, 12.038485], [300, 8, 12.117508999999998], [300, 8, 12.117508999999998], [300, 12, 12.176379], [300, 12, 12.176379], [300, 16, 12.212611], [300, 16, 12.212611], [300, 20, 12.226042], [300, 20, 12.226042], [400, 20, 12.234895999999999], [400, 24, 12.239887], [400, 24, 12.239887]], "pwcutoff": 64, "w_conv_time": [13.30912733078003, 13.185992240905762, 13.463212966918945, 13.464728593826294, 14.101092338562012, 14.101969718933105, 14.68688154220581, 14.688919067382812, 16.45004916191101, 16.451560974121094, 17.64720344543457, 20.064916849136353, 20.066428184509277], "w_ngw": 8, "w_z_factor": [{"@module": "numpy", "@class": "array", "dtype": "float64", "data": [[10.0, 0.83, -0.111135], [11.0, 0.85, -0.944754]]}, {"@module": "numpy", "@class": "array", "dtype": "float64", "data": [[10.0, 0.83, -0.111995], [11.0, 0.85, -0.946071]]}, {"@module": "numpy", "@class": "array", "dtype": "float64", "data": [[10.0, 0.82, -0.115901], [11.0, 0.85, -0.951671]]}, {"@module": "numpy", "@class": "array", "dtype": "float64", "data": [[10.0, 0.82, -0.136763], [11.0, 0.85, -0.960405]]}, {"@module": "numpy", "@class": "array", "dtype": "float64", "data": [[10.0, 0.82, -0.118331], [11.0, 0.85, -0.948051]]}, {"@module": "numpy", "@class": "array", "dtype": "float64", "data": [[10.0, 0.82, -0.113827], [11.0, 0.85, -0.950298]]}, {"@module": "numpy", "@class": "array", "dtype": "float64", "data": [[10.0, 0.82, -0.114938], [11.0, 0.85, -0.947225]]}, {"@module": "numpy", "@class": "array", "dtype": "float64", "data": [[10.0, 0.82, -0.113867], [11.0, 0.85, -0.94254]]}], "gw_kppa": 690, "gw_kpt_grid": {"@module": "numpy", "@class": "array", "dtype": "int64", "data": [8, 8, 8]}, "conv_list": [[{"kppa": 0}, {"kpt_grid": "1x1x1"}, {"num_kpts": 1}, {"X_bnds": 400.0}, {"G_bnds": 400.0}, {"X_cutoff": 24.0}, {"gamma_gap": 12.239887}, {"num_gw_calc": 8}, {"wall_time": 188}, {"num_cores": 8}, {"z-factor": "None"}], [{"kppa": 0}, {"kpt_grid": "1x1x1"}, {"num_kpts": 1}, {"X_bnds": 200}, {"G_bnds": 200}, {"X_cutoff": 4}, {"gamma_gap": 8}, {"num_gw_calc": 1}, {"wall_time": 14}, {"num_cores": 8}, {"z-factor": "None"}], [{"kppa": 10}, {"kpt_grid": "2x2x2"}, {"num_kpts": 1}, {"X_bnds": 200}, {"G_bnds": 200}, {"X_cutoff": 4}, {"gamma_gap": 10.098536}, {"num_gw_calc": 2}, {"wall_time": 23}, {"num_cores": 8}, {"z-factor": {"@module": "numpy", "@class": "array", "dtype": "float64",