{"@module": "pymatgen.entries.computed_entries", "@class": "ComputedEntry", "energy": 0.0, "composition": {"Ga": 2.0, "Ag": 2.0, "Se": 4.0}, "entry_id": "52570", "correction": 0.0, "energy_adjustments": [], "parameters": {"id": "52570", "name": "GaAgSe2", "ibrav": {"celldm(1)": 11.323427965923845, "ibrav": 7, "celldm(3)": 1.8162246958495354}, "vol": 1318.4793916111148, "lda_pw_cutoff_Ry": 78, "qe_conv_pbe": {"qe_conv_maxiter": 20, "qe_delta_kppa": 1500, "qe_delta_cutoff": 5, "qe_conv_thresh": 0.00029399460312357707, "qe_conv_steps": [[60, 1500, -456.8765511164623], [65, 1500, -456.8773808134771], [70, 1500, -456.8787446791323], [75, 1500, -456.8807807795273], [80, 1500, -456.8819945804409], [85, 1500, -456.8822917449391], [90, 1500, -456.8823284520488], [90, 3000, -456.8823484553665]], "qe_conv_time": 321.70253443717957}, "num_elec_pbe": 88.00000000000001, "max_mem": 88503.0, "qe_conv_lda": {"qe_conv_maxiter": 20, "qe_delta_kppa": 1500, "qe_delta_cutoff": 5, "qe_conv_thresh": 0.00029399460312357707, "qe_conv_steps": [[78, 1500, -947.474421554363], [83, 1500, -947.4752565111748], [88, 1500, -947.4753446901593], [88, 3000, -947.4753759756005]], "qe_conv_time": 256.23467350006104}, "num_elec_lda": 128.0, "bg_conv_pbe": {"bg_conv_maxiter": 20, "bg_delta_kppa": 1500, "bg_delta_cutoff": 5, "bg_conv_thresh": 0.025, "bg_conv_steps": [[90, 3000, 0.5423380784264455], [90, 6000, 0.5423637557400955]], "bg_conv_time": 175.3203604221344}, "indirect_gap_pbe": 0.5423401164327599, "bg_conv_lda": {"bg_conv_maxiter": 20, "bg_delta_kppa": 1500, "bg_delta_cutoff": 5, "bg_conv_thresh": 0.025, "bg_conv_steps": [[88, 3000, 0.28204554471008386], [88, 6000, 0.28209288891770884]], "bg_conv_time": 244.14535307884216}, "indirect_gap_lda": 0.28203246270746063, "gw_conv_pbe": {"gw_conv_thr": 0.025, "gw_bnd_start": 200, "gw_bnd_step": 100, "gw_cut_start": 4, "gw_cut_step": 4, "kpt_bnd_idx": {"@module": "numpy", "@class": "array", "dtype": "int64", "data": [1, 1, 44, 45]}, "gw_bands": 200, "gw_cutoff": 4, "w_conv_grid": [[200, 4, 0.556801], [300, 4, 0.532402], [300, 8, 0.594675], [300, 8, 0.594675], [300, 12, 0.6220680000000001], [300, 12, 0.6220680000000001], [300, 16, 0.635753], [300, 16, 0.635753], [400, 16, 0.63063], [400, 20, 0.641251], [400, 20, 0.641251]], "pwcutoff": 90, "w_conv_time": [13.086067914962769, 13.679234027862549, 17.421576023101807, 17.422992706298828, 27.723671913146973, 27.725795030593872, 51.350547552108765, 51.3513298034668, 62.11203694343567, 96.70915079116821, 96.71046137809753], "w_ngw": 7, "w_z_factor": [{"@module": "numpy", "@class": "array", "dtype": "float64", "data": [[44.0, 0.79, -0.134699], [45.0, 0.8, -0.131827]]}, {"@module": "numpy", "@class": "array", "dtype": "float64", "data": [[44.0, 0.79, -0.132663], [45.0, 0.8, -0.12989]]}, {"@module": "numpy", "@class": "array", "dtype": "float64", "data": [[44.0, 0.79, -0.134737], [45.0, 0.8, -0.130521]]}, {"@module": "numpy", "@class": "array", "dtype": "float64", "data": [[44.0, 0.79, -0.134447], [45.0, 0.8, -0.130493]]}, {"@module": "numpy", "@class": "array", "dtype": "float64", "data": [[44.0, 0.78, -0.134454], [45.0, 0.8, -0.130522]]}, {"@module": "numpy", "@class": "array", "dtype": "float64", "data": [[44.0, 0.78, -0.132829], [45.0, 0.8, -0.129568]]}, {"@module": "numpy", "@class": "array", "dtype": "float64", "data": [[44.0, 0.78, -0.133065], [45.0, 0.8, -0.129543]]}], "gw_kppa": 1000, "gw_kpt_grid": {"@module": "numpy", "@class": "array", "dtype": "int64", "data": [6, 6, 6]}, "conv_list": [[{"kppa": 0}, {"kpt_grid": "1x1x1"}, {"num_kpts": 1}, {"X_bnds": 400.0}, {"G_bnds": 400.0}, {"X_cutoff": 20.0}, {"gamma_gap": 0.641251}, {"num_gw_calc": 7}, {"wall_time": 583}, {"num_cores": 8}, {"z-factor": "None"}], [{"kppa": 0}, {"kpt_grid": "1x1x1"}, {"num_kpts": 1}, {"X_bnds": 200}, {"G_bnds": 200}, {"X_cutoff": 4}, {"gamma_gap": 8}, {"num_gw_calc": 1}, {"wall_time": 14}, {"num_cores": 8}, {"z-factor": "None"}], [{"kppa": 10}, {"kpt_grid": "2x2x2"}, {"num_kpts": 1}, {"X_bnds": 200}, {"G_bnds": 200}, {"X_cutoff": 4}, {"gamma_gap": 0.894299}, {"num_gw_calc": 2}, {"wall_time": 64}, {"num_cores": 8}, {"z-factor": {"@module": "numpy", "@class": "array", "dtype": "float64", "data": [[44.0, 0.79, -0.146797], [45.0, 0.8, -0.13993]]}}], [{"kppa": 220}, {"kpt_grid": "4x4x4"}, {"num_kpts": 1}, {"X_bnds": 200}, {"G_bnds": 200}, {"X_cutoff": 4}, {"gamma_gap": 1.01102}, {"num_gw_calc": 3}, {"wall_time": 978}, {"num_cores": 8}, {"z-factor": {"@module": "numpy", "@class": "array", "dtype": "float64", "data": [[44.0, 0.79, -0.141817], [45.0, 0.81, -0.13166]]}}], [{"kppa": 1000}, {"kpt_grid": "6x6x6"}, {"num_kpts": 1}, {"X_bnds": 200}, {"G_bnds": 200}, {"X_cutoff": 4}, {"gamma_gap": 1.034891}, {"num_gw_calc": 4}, {"wall_time": 2656}, {"num_cores": 32}, {"z-factor": {"@module": "numpy", "@class": "array", "dtype": "float64", "data": [[44.0, 0.79, -0.140513], [45.0, 0.81, -0.12927]]}}]], "conv_time": 4278.892533540726}, "gw_band_range_pbe": [1, 51], "gw_conv_lda": {"gw_conv_thr": 0.025, "gw_bnd_start": 200, "gw_bnd_step": 100, "gw_cut_start": 4, "gw_cut_step": 4, "kpt_bnd_idx": {"@module": "numpy", "@class": "array", "dtype": "int64", "data": [1, 1, 64, 65]}, "gw_bands": 200, "gw_cutoff": 4, "w_conv_grid": [[200, 4, 0.9790800000000001], [300, 4, 0.929234], [400, 4, 0.906911], [400, 8, 0.947712], [400, 8, 0.947712], [400, 12, 0.97924], [400, 12, 0.97924], [400, 16, 1.000221], [400, 16, 1.000221]], "pwcutoff": 88, "w_conv_time": [14.277704000473022, 16.0736346244812, 17.24200439453125, 21.378840446472168, 21.380226612091064, 32.457565784454346, 32.459070682525635, 58.217766761779785, 58.21993923187256], "w_ngw": 6, "w_z_factor": [{"@module": "numpy", "@class": "array", "dtype": "float64", "data": [[64.0, 0.8, -0.00123492], [65.0, 0.81, -0.00117662]]}, {"@module": "numpy", "@class": "array", "dtype": "float64", "data": [[64.0, 0.8, -0.00119392], [65.0, 0.81, -0.00116219]]}, {"@module": "numpy", "@class": "array", "dtype": "float64", "data": [[64.0, 0.8, -0.00119988], [65.0, 0.81, -0.00115273]]}, {"@module": "numpy", "@class": "array", "dtype": "float64", "data": [[64.0, 0.8, -0.00118121], [65.0, 0.81, -0.0011436]]}, {"@module": "numpy", "@class": "array", "dtype": "float64", "data": [[64.0, 0.79, -0.00118157], [65.0, 0.81, -0.00114308]]}, {"@module": "numpy", "@class": "array", "dtype": "float64", "data": [[64.0, 0.79, -0.00118289], [65.0, 0.81, -0.00114392]]}], "gw_kppa": 2750, "gw_kpt_grid": {"@module": "numpy", "@class": "array", "dtype": "int64", "data": [8, 8, 8]}, "conv_list": [[{"kppa": 0}, {"kpt_grid": "1x1x1"}, {"num_kpts": 1}, {"X_bnds": 400.0}, {"G_bnds": 400.0}, {"X_cutoff": 16.0}, {"gamma_gap": 1.000221}, {"num_gw_calc": 6}, {"wall_time": 564}, {"num_cores": 8}, {"z-factor": "None"}], [{"kppa": 0}, {"kpt_grid": "1x1x1"}, {"num_kpts": 1}, {"X_bnds": 200}, {"G_bnds": 200}, {"X_cutoff": 4}, {"gamma_gap": 4}, {"num_gw_calc": 1}, {"wall_time": 15}, {"num_cores": 8}, {"z-factor": "None"}], [{"kppa": 10}, {"kpt_grid": "2x2x2"}, {"num_kpts": 1}, {"X_bnds": 200}, {"G_bnds": 200}, {"X_cutoff": 4}, {"gamma_gap": 1.251725}, {"num_gw_calc": 2}, {"wall_time": 75}, {"num_cores": 8}, {"z-factor": {"@module": "numpy", "@class": "array", "dtype": "float64", "data": [[64.0, 0.79, -0.00145709], [65.0, 0.8, -0.00138559]]}}], [{"kppa": 220}, {"kpt_grid": "4x4x4"}, {"num_kpts": 1}, {"X_bnds": 200}, {"G_bnds": 200}, {"X_cutoff": 4}, {"gamma_gap": 1.321262}, {"num_gw_calc": 3}, {"wall_time": 1148}, {"num_cores": 8}, {"z-factor": {"@module": "numpy", "@class": "array", "dtype": "float64", "data": [[64.0, 0.79, -0.00144449], [65.0, 0.81, -0.00134908]]}}], [{"kppa": 1000}, {"kpt_grid": "6x6x6"}, {"num_kpts": 1}, {"X_bnds": 200}, {"G_bnds": 200}, {"X_cutoff": 4}, {"gamma_gap": 1.357583}, {"num_gw_calc": 4}, {"wall_time": 4877}, {"num_cores": 16}, {"z-factor": {"@module": "numpy", "@class": "array", "dtype": "float64",