{"@module": "pymatgen.entries.computed_entries", "@class": "ComputedEntry", "energy": 0.0, "composition": {"In": 2.0, "Ag": 2.0, "Se": 4.0}, "entry_id": "52583", "correction": 0.0, "energy_adjustments": [], "parameters": {"id": "52583", "name": "InAgSe2", "ibrav": {"celldm(1)": 11.534510375061492, "ibrav": 7, "celldm(3)": 1.9187719125790492}, "vol": 1472.2814794389817, "lda_pw_cutoff_Ry": 78, "qe_conv_pbe": {"qe_conv_maxiter": 20, "qe_delta_kppa": 1500, "qe_delta_cutoff": 5, "qe_conv_thresh": 0.00029399460312357707, "qe_conv_steps": [[60, 1500, -430.1643749333087], [65, 1500, -430.1650307255493], [70, 1500, -430.165276490536], [70, 3000, -430.165309679145]], "qe_conv_time": 177.5293674468994}, "num_elec_pbe": 88.00000000000001, "max_mem": 91219.0, "qe_conv_lda": {"qe_conv_maxiter": 20, "qe_delta_kppa": 1500, "qe_delta_cutoff": 5, "qe_conv_thresh": 0.00029399460312357707, "qe_conv_steps": [[78, 1500, -927.2324968957117], [83, 1500, -927.233291397331], [88, 1500, -927.2333735250543], [88, 3000, -927.2333934415686]], "qe_conv_time": 311.7184171676636}, "num_elec_lda": 128.0, "bg_conv_pbe": {"bg_conv_maxiter": 20, "bg_delta_kppa": 1500, "bg_delta_cutoff": 5, "bg_conv_thresh": 0.025, "bg_conv_steps": [[70, 3000, 0.06985037437975877], [70, 6000, 0.06981970638464106]], "bg_conv_time": 161.67376899719238}, "indirect_gap_pbe": 0.06985606754612532, "bg_conv_lda": {"bg_conv_maxiter": 20, "bg_delta_kppa": 1500, "bg_delta_cutoff": 5, "bg_conv_thresh": 0.025, "bg_conv_steps": [[88, 3000, 0.08004283086410689], [88, 6000, 0.0636959988314993]], "bg_conv_time": 281.1639606952667}, "indirect_gap_lda": 0.06366686899702924, "gw_conv_pbe": {"gw_conv_thr": 0.025, "gw_bnd_start": 200, "gw_bnd_step": 100, "gw_cut_start": 4, "gw_cut_step": 4, "kpt_bnd_idx": {"@module": "numpy", "@class": "array", "dtype": "int64", "data": [1, 1, 44, 45]}, "gw_bands": 200, "gw_cutoff": 4, "w_conv_grid": [[200, 4, -0.11158499999999999], [300, 4, -0.14287699999999998], [400, 4, -0.153057], [400, 8, -0.084461], [400, 8, -0.084461], [400, 12, -0.068105], [400, 12, -0.068105], [500, 12, -0.07009200000000002], [500, 16, -0.063072], [500, 16, -0.063072]], "pwcutoff": 70, "w_conv_time": [14.001593112945557, 15.093096494674683, 16.558547258377075, 20.11043906211853, 20.1119282245636, 30.39494276046753, 30.39588499069214, 34.38838219642639, 61.112303018569946, 61.11399221420288], "w_ngw": 7, "w_z_factor": [{"@module": "numpy", "@class": "array", "dtype": "float64", "data": [[44.0, 0.8, -0.118163], [45.0, 0.82, -0.111595]]}, {"@module": "numpy", "@class": "array", "dtype": "float64", "data": [[44.0, 0.8, -0.115249], [45.0, 0.82, -0.109893]]}, {"@module": "numpy", "@class": "array", "dtype": "float64", "data": [[44.0, 0.8, -0.114161], [45.0, 0.82, -0.109269]]}, {"@module": "numpy", "@class": "array", "dtype": "float64", "data": [[44.0, 0.8, -0.114877], [45.0, 0.81, -0.110929]]}, {"@module": "numpy", "@class": "array", "dtype": "float64", "data": [[44.0, 0.8, -0.114675], [45.0, 0.81, -0.110973]]}, {"@module": "numpy", "@class": "array", "dtype": "float64", "data": [[44.0, 0.8, -0.11293], [45.0, 0.81, -0.110962]]}, {"@module": "numpy", "@class": "array", "dtype": "float64", "data": [[44.0, 0.8, -0.112985], [45.0, 0.81, -0.109379]]}], "gw_kppa": 1000, "gw_kpt_grid": {"@module": "numpy", "@class": "array", "dtype": "int64", "data": [6, 6, 6]}, "conv_list": [[{"kppa": 0}, {"kpt_grid": "1x1x1"}, {"num_kpts": 1}, {"X_bnds": 500.0}, {"G_bnds": 500.0}, {"X_cutoff": 16.0}, {"gamma_gap": -0.063072}, {"num_gw_calc": 7}, {"wall_time": 735}, {"num_cores": 8}, {"z-factor": "None"}], [{"kppa": 0}, {"kpt_grid": "1x1x1"}, {"num_kpts": 1}, {"X_bnds": 200}, {"G_bnds": 200}, {"X_cutoff": 4}, {"gamma_gap": 4}, {"num_gw_calc": 1}, {"wall_time": 15}, {"num_cores": 8}, {"z-factor": "None"}], [{"kppa": 10}, {"kpt_grid": "2x2x2"}, {"num_kpts": 1}, {"X_bnds": 200}, {"G_bnds": 200}, {"X_cutoff": 4}, {"gamma_gap": 0.206172}, {"num_gw_calc": 2}, {"wall_time": 88}, {"num_cores": 8}, {"z-factor": {"@module": "numpy", "@class": "array", "dtype": "float64", "data": [[44.0, 0.79, -0.148213], [45.0, 0.81, -0.138601]]}}], [{"kppa": 220}, {"kpt_grid": "4x4x4"}, {"num_kpts": 1}, {"X_bnds": 200}, {"G_bnds": 200}, {"X_cutoff": 4}, {"gamma_gap": 0.286388}, {"num_gw_calc": 3}, {"wall_time": 1167}, {"num_cores": 8}, {"z-factor": {"@module": "numpy", "@class": "array", "dtype": "float64", "data": [[44.0, 0.79, -0.150548], [45.0, 0.81, -0.138629]]}}], [{"kppa": 1000}, {"kpt_grid": "6x6x6"}, {"num_kpts": 1}, {"X_bnds": 200}, {"G_bnds": 200}, {"X_cutoff": 4}, {"gamma_gap": 0.30716}, {"num_gw_calc": 4}, {"wall_time": 2914}, {"num_cores": 32}, {"z-factor": {"@module": "numpy", "@class": "array", "dtype": "float64", "data": [[44.0, 0.79, -0.149048], [45.0, 0.81, -0.136431]]}}]], "conv_time": 4902.123978376389}, "gw_band_range_pbe": [1, 50], "gw_conv_lda": {"gw_conv_thr": 0.025, "gw_bnd_start": 200, "gw_bnd_step": 100, "gw_cut_start": 4, "gw_cut_step": 4, "kpt_bnd_idx": {"@module": "numpy", "@class": "array", "dtype": "int64", "data": [1, 1, 64, 65]}, "gw_bands": 200, "gw_cutoff": 4, "w_conv_grid": [[200, 4, 0.403105], [300, 4, 0.396509], [300, 8, 0.44150999999999996], [300, 8, 0.44150999999999996], [300, 12, 0.462698], [300, 12, 0.462698], [400, 12, 0.4643630000000001], [400, 16, 0.47660499999999995], [400, 16, 0.47660499999999995]], "pwcutoff": 88, "w_conv_time": [14.359144926071167, 15.229500532150269, 18.49242925643921, 18.493346452713013, 28.503582239151, 28.505398273468018, 32.92181706428528, 58.85416626930237, 58.85549020767212], "w_ngw": 6, "w_z_factor": [{"@module": "numpy", "@class": "array", "dtype": "float64", "data": [[64.0, 0.78, -0.147754], [65.0, 0.77, -0.152226]]}, {"@module": "numpy", "@class": "array", "dtype": "float64", "data": [[64.0, 0.78, -0.144384], [65.0, 0.78, -0.147027]]}, {"@module": "numpy", "@class": "array", "dtype": "float64", "data": [[64.0, 0.78, -0.145864], [65.0, 0.77, -0.150207]]}, {"@module": "numpy", "@class": "array", "dtype": "float64", "data": [[64.0, 0.78, -0.147215], [65.0, 0.77, -0.15447]]}, {"@module": "numpy", "@class": "array", "dtype": "float64", "data": [[64.0, 0.78, -0.141383], [65.0, 0.77, -0.148141]]}, {"@module": "numpy", "@class": "array", "dtype": "float64", "data": [[64.0, 0.78, -0.139756], [65.0, 0.77, -0.14509]]}], "gw_kppa": 1000, "gw_kpt_grid": {"@module": "numpy", "@class": "array", "dtype": "int64", "data": [6, 6, 6]}, "conv_list": [[{"kppa": 0}, {"kpt_grid": "1x1x1"}, {"num_kpts": 1}, {"X_bnds": 400.0}, {"G_bnds": 400.0}, {"X_cutoff": 16.0}, {"gamma_gap": 0.47660499999999995}, {"num_gw_calc": 6}, {"wall_time": 1162}, {"num_cores": 8}, {"z-factor": "None"}], [{"kppa": 0}, {"kpt_grid": "1x1x1"}, {"num_kpts": 1}, {"X_bnds": 200}, {"G_bnds": 200}, {"X_cutoff": 4}, {"gamma_gap": 8}, {"num_gw_calc": 1}, {"wall_time": 15}, {"num_cores": 8}, {"z-factor": "None"}], [{"kppa": 10}, {"kpt_grid": "2x2x2"}, {"num_kpts": 1}, {"X_bnds": 200}, {"G_bnds": 200}, {"X_cutoff": 4}, {"gamma_gap": 0.208322}, {"num_gw_calc": 2}, {"wall_time": 123}, {"num_cores": 8}, {"z-factor": {"@module": "numpy", "@class": "array", "dtype": "float64", "data": [[64.0, 0.78, -0.158674], [65.0, 0.78, -0.161704]]}}], [{"kppa": 220}, {"kpt_grid": "4x4x4"}, {"num_kpts": 1}, {"X_bnds": 200}, {"G_bnds": 200}, {"X_cutoff": 4}, {"gamma_gap": 0.17571900000000001}, {"num_gw_calc": 3}, {"wall_time": 1882}, {"num_cores": 8}, {"z-factor": {"@module": "numpy", "@class": "array", "dtype": "float64", "data": [[64.0, 0.79, -0.155062], [65.0, 0.78, -0.156511]]}}], [{"kppa": 1000}, {"kpt_grid": "6x6x6"}, {"num_kpts": 1}, {"X_bnds": 200}, {"G_bnds": 200}, {"X_cutoff": 4}, {"gamma_gap": 0.17267500000000002}, {"num_gw_calc": 4}, {"wall_time": 5288}, {"num_cores": 32}, {"z-factor": {"@module": "numpy", "@class": "array", "dtype": "float64", "data": [[64.0, 0.79, -0.152576], [65.0, 0.79, -0.153587]]}}]], "conv_time": 8454.252977132797}, "gw_band_range_lda": [1, 70]}, "data": {}}