{"@module": "pymatgen.entries.computed_entries", "@class": "ComputedEntry", "energy": 0.0, "composition": {"Ba": 1.0, "Se": 1.0}, "entry_id": "52696", "correction": 0.0, "energy_adjustments": [], "parameters": {"id": "52696", "name": "BaSe", "ibrav": {"celldm(1)": 12.458964399682236, "ibrav": 2}, "vol": 483.48816006721586, "lda_pw_cutoff_Ry": 78, "qe_conv_pbe": {"qe_conv_maxiter": 20, "qe_delta_kppa": 1500, "qe_delta_cutoff": 5, "qe_conv_thresh": 7.349865078089427e-05, "qe_conv_steps": [[60, 1500, -35.33919174178617], [65, 1500, -35.33919195858923], [65, 3000, -35.33919200545787]], "qe_conv_time": 23.27218222618103}, "num_elec_pbe": 16.0, "max_mem": 58354.0, "qe_conv_lda": {"qe_conv_maxiter": 20, "qe_delta_kppa": 1500, "qe_delta_cutoff": 5, "qe_conv_thresh": 7.349865078089427e-05, "qe_conv_steps": [[78, 1500, -149.4932925353522], [83, 1500, -149.4934171058009], [88, 1500, -149.4934266769254], [88, 3000, -149.4934267709301]], "qe_conv_time": 34.825172424316406}, "num_elec_lda": 26.0, "bg_conv_pbe": {"bg_conv_maxiter": 20, "bg_delta_kppa": 1500, "bg_delta_cutoff": 5, "bg_conv_thresh": 0.025, "bg_conv_steps": [[65, 3000, 1.9673662224665291], [65, 4500, 1.9673539412599443]], "bg_conv_time": 17.735511302947998}, "indirect_gap_pbe": 1.967353294853937, "bg_conv_lda": {"bg_conv_maxiter": 20, "bg_delta_kppa": 1500, "bg_delta_cutoff": 5, "bg_conv_thresh": 0.025, "bg_conv_steps": [[88, 3000, 1.7650202218668207], [88, 4500, 1.7650461604505008]], "bg_conv_time": 20.357943296432495}, "indirect_gap_lda": 1.7650448776590972, "gw_conv_pbe": {"gw_conv_thr": 0.025, "gw_bnd_start": 200, "gw_bnd_step": 100, "gw_cut_start": 4, "gw_cut_step": 4, "kpt_bnd_idx": {"@module": "numpy", "@class": "array", "dtype": "int64", "data": [1, 1, 8, 9]}, "gw_bands": 200, "gw_cutoff": 4, "w_conv_grid": [[200, 4, 2.738767], [300, 4, 2.739623], [300, 8, 2.976806], [300, 8, 2.976806], [300, 12, 3.0349909999999998], [300, 12, 3.0349909999999998], [300, 16, 3.044327], [300, 16, 3.044327], [400, 16, 3.0544029999999998], [400, 20, 3.056062], [400, 20, 3.056062]], "pwcutoff": 65, "w_conv_time": [12.364123821258545, 12.579891681671143, 12.751477003097534, 12.753490447998047, 13.040440559387207, 13.042038679122925, 14.36667776107788, 14.367881536483765, 15.083559274673462, 17.391055583953857, 17.392641067504883], "w_ngw": 7, "w_z_factor": [{"@module": "numpy", "@class": "array", "dtype": "float64", "data": [[8.0, 0.8, -0.928746], [9.0, 0.82, -0.119638]]}, {"@module": "numpy", "@class": "array", "dtype": "float64", "data": [[8.0, 0.8, -0.7096], [9.0, 0.82, -0.117749]]}, {"@module": "numpy", "@class": "array", "dtype": "float64", "data": [[9.0, 0.82, -0.942835]]}, {"@module": "numpy", "@class": "array", "dtype": "float64", "data": [[8.0, 0.79, -0.210857], [9.0, 0.82, -0.107367]]}, {"@module": "numpy", "@class": "array", "dtype": "float64", "data": [[8.0, 0.79, -0.407129], [9.0, 0.82, -0.109853]]}, {"@module": "numpy", "@class": "array", "dtype": "float64", "data": [[8.0, 0.79, -0.397439], [9.0, 0.82, -0.109706]]}, {"@module": "numpy", "@class": "array", "dtype": "float64", "data": [[8.0, 0.79, -0.413671], [9.0, 0.82, -0.110049]]}], "gw_kppa": 260, "gw_kpt_grid": {"@module": "numpy", "@class": "array", "dtype": "int64", "data": [6, 6, 6]}, "conv_list": [[{"kppa": 0}, {"kpt_grid": "1x1x1"}, {"num_kpts": 1}, {"X_bnds": 400.0}, {"G_bnds": 400.0}, {"X_cutoff": 20.0}, {"gamma_gap": 3.056062}, {"num_gw_calc": 7}, {"wall_time": 179}, {"num_cores": 8}, {"z-factor": "None"}], [{"kppa": 0}, {"kpt_grid": "1x1x1"}, {"num_kpts": 1}, {"X_bnds": 200}, {"G_bnds": 200}, {"X_cutoff": 4}, {"gamma_gap": 8}, {"num_gw_calc": 1}, {"wall_time": 13}, {"num_cores": 8}, {"z-factor": "None"}], [{"kppa": 10}, {"kpt_grid": "2x2x2"}, {"num_kpts": 1}, {"X_bnds": 200}, {"G_bnds": 200}, {"X_cutoff": 4}, {"gamma_gap": 3.839692}, {"num_gw_calc": 2}, {"wall_time": 21}, {"num_cores": 8}, {"z-factor": {"@module": "numpy", "@class": "array", "dtype": "float64", "data": [[8.0, 0.8, -0.158594], [9.0, 0.82, -0.135344]]}}], [{"kppa": 60}, {"kpt_grid": "4x4x4"}, {"num_kpts": 1}, {"X_bnds": 200}, {"G_bnds": 200}, {"X_cutoff": 4}, {"gamma_gap": 3.993957}, {"num_gw_calc": 3}, {"wall_time": 48}, {"num_cores": 8}, {"z-factor": {"@module": "numpy", "@class": "array", "dtype": "float64", "data": [[8.0, 0.8, -0.141354], [9.0, 0.83, -0.127657]]}}], [{"kppa": 260}, {"kpt_grid": "6x6x6"}, {"num_kpts": 1}, {"X_bnds": 200}, {"G_bnds": 200}, {"X_cutoff": 4}, {"gamma_gap": 3.994469}, {"num_gw_calc": 4}, {"wall_time": 61}, {"num_cores": 32}, {"z-factor": {"@module": "numpy", "@class": "array", "dtype": "float64", "data": [[8.0, 0.8, -0.142663], [9.0, 0.83, -0.12575]]}}]], "conv_time": 307.5236988067627}, "gw_band_range_pbe": [1, 15], "gw_conv_lda": {"gw_conv_thr": 0.025, "gw_bnd_start": 200, "gw_bnd_step": 100, "gw_cut_start": 4, "gw_cut_step": 4, "kpt_bnd_idx": {"@module": "numpy", "@class": "array", "dtype": "int64", "data": [1, 1, 13, 14]}, "gw_bands": 200, "gw_cutoff": 4, "w_conv_grid": [[200, 4, 3.2330550000000002], [300, 4, 3.238826], [300, 8, 3.43114], [300, 8, 3.43114], [300, 12, 3.485556], [300, 12, 3.485556], [300, 16, 3.506658], [300, 16, 3.506658], [400, 16, 3.514817], [400, 20, 3.5219889999999996], [400, 20, 3.5219889999999996]], "pwcutoff": 88, "w_conv_time": [12.688743114471436, 12.626089572906494, 12.85908555984497, 12.860260725021362, 13.389535903930664, 13.39072871208191, 14.855285882949829, 14.856410264968872, 15.312601327896118, 17.83750009536743, 17.839893579483032], "w_ngw": 7, "w_z_factor": [{"@module": "numpy", "@class": "array", "dtype": "float64", "data": [[13.0, 0.79, -0.140628], [14.0, 0.82, -0.119473]]}, {"@module": "numpy", "@class": "array", "dtype": "float64", "data": [[13.0, 0.79, -0.129074], [14.0, 0.82, -0.120316]]}, {"@module": "numpy", "@class": "array", "dtype": "float64", "data": [[13.0, 0.79, -0.131915], [14.0, 0.82, -0.118921]]}, {"@module": "numpy", "@class": "array", "dtype": "float64", "data": [[13.0, 0.79, -0.141022], [14.0, 0.82, -0.116065]]}, {"@module": "numpy", "@class": "array", "dtype": "float64", "data": [[13.0, 0.79, -0.132015], [14.0, 0.82, -0.118712]]}, {"@module": "numpy", "@class": "array", "dtype": "float64", "data": [[13.0, 0.79, -0.126577], [14.0, 0.82, -0.118545]]}, {"@module": "numpy", "@class": "array", "dtype": "float64", "data": [[13.0, 0.79, -0.127011], [14.0, 0.82, -0.119232]]}], "gw_kppa": 260, "gw_kpt_grid": {"@module": "numpy", "@class": "array", "dtype": "int64", "data": [6, 6, 6]}, "conv_list": [[{"kppa": 0}, {"kpt_grid": "1x1x1"}, {"num_kpts": 1}, {"X_bnds": 400.0}, {"G_bnds": 400.0}, {"X_cutoff": 20.0}, {"gamma_gap": 3.5219889999999996}, {"num_gw_calc": 7}, {"wall_time": 174}, {"num_cores": 8}, {"z-factor": "None"}], [{"kppa": 0}, {"kpt_grid": "1x1x1"}, {"num_kpts": 1}, {"X_bnds": 200}, {"G_bnds": 200}, {"X_cutoff": 4}, {"gamma_gap": 8}, {"num_gw_calc": 1}, {"wall_time": 13}, {"num_cores": 8}, {"z-factor": "None"}], [{"kppa": 10}, {"kpt_grid": "2x2x2"}, {"num_kpts": 1}, {"X_bnds": 200}, {"G_bnds": 200}, {"X_cutoff": 4}, {"gamma_gap": 4.208633000000001}, {"num_gw_calc": 2}, {"wall_time": 25}, {"num_cores": 8}, {"z-factor": {"@module": "numpy", "@class": "array", "dtype": "float64", "data": [[13.0, 0.79, -0.185529], [14.0, 0.82, -0.131873]]}}], [{"kppa": 60}, {"kpt_grid": "4x4x4"}, {"num_kpts": 1}, {"X_bnds": 200}, {"G_bnds": 200}, {"X_cutoff": 4}, {"gamma_gap": 4.336606}, {"num_gw_calc": 3}, {"wall_time": 98}, {"num_cores": 8}, {"z-factor": {"@module": "numpy", "@class": "array", "dtype": "float64", "data": [[13.0, 0.8, -0.163406], [14.0, 0.83, -0.127165]]}}], [{"kppa": 260}, {"kpt_grid": "6x6x6"}, {"num_kpts": 1}, {"X_bnds": 200}, {"G_bnds": 200}, {"X_cutoff": 4}, {"gamma_gap": 4.333954}, {"num_gw_calc": 4}, {"wall_time": 134}, {"num_cores": 32}, {"z-factor": {"@module": "numpy", "@class": "array", "dtype": "float64", "data": [[13.0, 0.8, -0.161149], [14.0, 0.83, -0.124813]]}}]], "conv_time": 428.959264755249}, "gw_band_range_lda": [1, 20], "g0w0_ppa_pbe": {"gw_direct_gap": 4.298839,