{"@module": "pymatgen.entries.computed_entries", "@class": "ComputedEntry", "energy": 0.0, "composition": {"Ca": 1.0, "Se": 1.0}, "entry_id": "52788", "correction": 0.0, "energy_adjustments": [], "parameters": {"id": "52788", "name": "CaSe", "ibrav": {"celldm(1)": 11.20985542528667, "ibrav": 2}, "vol": 352.16001453730655, "lda_pw_cutoff_Ry": 78, "qe_conv_pbe": {"qe_conv_maxiter": 20, "qe_delta_kppa": 1500, "qe_delta_cutoff": 5, "qe_conv_thresh": 7.349865078089427e-05, "qe_conv_steps": [[60, 1500, -46.47757021856168], [65, 1500, -46.47757023299961], [65, 3000, -46.47757044473033]], "qe_conv_time": 16.416168928146362}, "num_elec_pbe": 16.0, "max_mem": 37647.0, "qe_conv_lda": {"qe_conv_maxiter": 20, "qe_delta_kppa": 1500, "qe_delta_cutoff": 5, "qe_conv_thresh": 7.349865078089427e-05, "qe_conv_steps": [[78, 1500, -159.9989284322638], [83, 1500, -159.9990539267702], [88, 1500, -159.9990673082595], [88, 3000, -159.9990675941128]], "qe_conv_time": 27.728310108184814}, "num_elec_lda": 26.0, "bg_conv_pbe": {"bg_conv_maxiter": 20, "bg_delta_kppa": 1500, "bg_delta_cutoff": 5, "bg_conv_thresh": 0.025, "bg_conv_steps": [[65, 3000, 2.033361343531937], [65, 4500, 2.033370559159474]], "bg_conv_time": 15.781956672668457}, "indirect_gap_pbe": 2.0333678377945645, "bg_conv_lda": {"bg_conv_maxiter": 20, "bg_delta_kppa": 1500, "bg_delta_cutoff": 5, "bg_conv_thresh": 0.025, "bg_conv_steps": [[88, 3000, 1.8985689285813927], [88, 4500, 1.8985990223857159]], "bg_conv_time": 15.858772993087769}, "indirect_gap_lda": 1.8985969245236962, "gw_conv_pbe": {"gw_conv_thr": 0.025, "gw_bnd_start": 200, "gw_bnd_step": 100, "gw_cut_start": 4, "gw_cut_step": 4, "kpt_bnd_idx": {"@module": "numpy", "@class": "array", "dtype": "int64", "data": [1, 1, 8, 9]}, "gw_bands": 200, "gw_cutoff": 4, "w_conv_grid": [[200, 4, 2.7857890000000003], [300, 4, 2.7917359999999998], [300, 8, 2.980711], [300, 8, 2.980711], [300, 12, 3.028423], [300, 12, 3.028423], [300, 16, 3.040533], [300, 16, 3.040533], [400, 16, 3.046584], [400, 20, 3.052292], [400, 20, 3.052292]], "pwcutoff": 65, "w_conv_time": [11.051026105880737, 11.389425992965698, 11.529221057891846, 11.530094385147095, 11.707031488418579, 11.707775831222534, 12.260694026947021, 12.261556625366211, 12.272270679473877, 13.516457319259644, 13.517359972000122], "w_ngw": 7, "w_z_factor": [{"@module": "numpy", "@class": "array", "dtype": "float64", "data": [[8.0, 0.79, -0.187309], [9.0, 0.82, -0.122679]]}, {"@module": "numpy", "@class": "array", "dtype": "float64", "data": [[8.0, 0.79, -0.193419], [9.0, 0.82, -0.121954]]}, {"@module": "numpy", "@class": "array", "dtype": "float64", "data": [[8.0, 0.79, -0.128885], [9.0, 0.82, -0.111658]]}, {"@module": "numpy", "@class": "array", "dtype": "float64", "data": [[8.0, 0.79, -0.127472], [9.0, 0.82, -0.111187]]}, {"@module": "numpy", "@class": "array", "dtype": "float64", "data": [[8.0, 0.79, -0.127429], [9.0, 0.82, -0.110993]]}, {"@module": "numpy", "@class": "array", "dtype": "float64", "data": [[8.0, 0.79, -0.127641], [9.0, 0.82, -0.111239]]}, {"@module": "numpy", "@class": "array", "dtype": "float64", "data": [[8.0, 0.79, -0.127535], [9.0, 0.81, -0.111292]]}], "gw_kppa": 260, "gw_kpt_grid": {"@module": "numpy", "@class": "array", "dtype": "int64", "data": [6, 6, 6]}, "conv_list": [[{"kppa": 0}, {"kpt_grid": "1x1x1"}, {"num_kpts": 1}, {"X_bnds": 400.0}, {"G_bnds": 400.0}, {"X_cutoff": 20.0}, {"gamma_gap": 3.052292}, {"num_gw_calc": 7}, {"wall_time": 144}, {"num_cores": 8}, {"z-factor": "None"}], [{"kppa": 0}, {"kpt_grid": "1x1x1"}, {"num_kpts": 1}, {"X_bnds": 200}, {"G_bnds": 200}, {"X_cutoff": 4}, {"gamma_gap": 8}, {"num_gw_calc": 1}, {"wall_time": 12}, {"num_cores": 8}, {"z-factor": "None"}], [{"kppa": 10}, {"kpt_grid": "2x2x2"}, {"num_kpts": 1}, {"X_bnds": 200}, {"G_bnds": 200}, {"X_cutoff": 4}, {"gamma_gap": 4.154408}, {"num_gw_calc": 2}, {"wall_time": 19}, {"num_cores": 8}, {"z-factor": {"@module": "numpy", "@class": "array", "dtype": "float64", "data": [[8.0, 0.8, -0.140435], [9.0, 0.82, -0.31103]]}}], [{"kppa": 60}, {"kpt_grid": "4x4x4"}, {"num_kpts": 1}, {"X_bnds": 200}, {"G_bnds": 200}, {"X_cutoff": 4}, {"gamma_gap": 4.301939}, {"num_gw_calc": 3}, {"wall_time": 43}, {"num_cores": 8}, {"z-factor": {"@module": "numpy", "@class": "array", "dtype": "float64", "data": [[8.0, 0.8, -0.140251], [9.0, 0.82, -0.123877]]}}], [{"kppa": 260}, {"kpt_grid": "6x6x6"}, {"num_kpts": 1}, {"X_bnds": 200}, {"G_bnds": 200}, {"X_cutoff": 4}, {"gamma_gap": 4.305572}, {"num_gw_calc": 4}, {"wall_time": 46}, {"num_cores": 32}, {"z-factor": {"@module": "numpy", "@class": "array", "dtype": "float64", "data": [[8.0, 0.8, -0.14259], [9.0, 0.82, -0.122029]]}}]], "conv_time": 249.92732572555542}, "gw_band_range_pbe": [1, 15], "gw_conv_lda": {"gw_conv_thr": 0.025, "gw_bnd_start": 200, "gw_bnd_step": 100, "gw_cut_start": 4, "gw_cut_step": 4, "kpt_bnd_idx": {"@module": "numpy", "@class": "array", "dtype": "int64", "data": [1, 1, 13, 14]}, "gw_bands": 200, "gw_cutoff": 4, "w_conv_grid": [[200, 4, 3.40594], [300, 4, 3.410157], [300, 8, 3.590459], [300, 8, 3.590459], [300, 12, 3.635843], [300, 12, 3.635843], [300, 16, 3.649379], [300, 16, 3.649379], [400, 16, 3.651931], [400, 20, 3.6587889999999996], [400, 20, 3.6587889999999996]], "pwcutoff": 88, "w_conv_time": [11.615375995635986, 11.333625078201294, 11.84203815460205, 11.843451499938965, 11.847684144973755, 11.84925389289856, 12.182273864746094, 12.18359112739563, 12.41509485244751, 13.889722347259521, 13.891186475753784], "w_ngw": 7, "w_z_factor": [{"@module": "numpy", "@class": "array", "dtype": "float64", "data": [[13.0, 0.8, -0.113998], [14.0, 0.82, -0.1064]]}, {"@module": "numpy", "@class": "array", "dtype": "float64", "data": [[13.0, 0.8, -0.361226], [14.0, 0.82, -0.882038]]}, {"@module": "numpy", "@class": "array", "dtype": "float64", "data": [[13.0, 0.79, -0.11151], [14.0, 0.82, -0.10593]]}, {"@module": "numpy", "@class": "array", "dtype": "float64", "data": [[13.0, 0.79, -0.112608], [14.0, 0.82, -0.106021]]}, {"@module": "numpy", "@class": "array", "dtype": "float64", "data": [[13.0, 0.79, -0.11593], [14.0, 0.82, -0.10822]]}, {"@module": "numpy", "@class": "array", "dtype": "float64", "data": [[13.0, 0.79, -0.104357], [14.0, 0.82, -0.10604]]}, {"@module": "numpy", "@class": "array", "dtype": "float64", "data": [[13.0, 0.79, -0.10096], [14.0, 0.82, -0.106411]]}], "gw_kppa": 260, "gw_kpt_grid": {"@module": "numpy", "@class": "array", "dtype": "int64", "data": [6, 6, 6]}, "conv_list": [[{"kppa": 0}, {"kpt_grid": "1x1x1"}, {"num_kpts": 1}, {"X_bnds": 400.0}, {"G_bnds": 400.0}, {"X_cutoff": 20.0}, {"gamma_gap": 3.6587889999999996}, {"num_gw_calc": 7}, {"wall_time": 160}, {"num_cores": 8}, {"z-factor": "None"}], [{"kppa": 0}, {"kpt_grid": "1x1x1"}, {"num_kpts": 1}, {"X_bnds": 200}, {"G_bnds": 200}, {"X_cutoff": 4}, {"gamma_gap": 8}, {"num_gw_calc": 1}, {"wall_time": 12}, {"num_cores": 8}, {"z-factor": "None"}], [{"kppa": 10}, {"kpt_grid": "2x2x2"}, {"num_kpts": 1}, {"X_bnds": 200}, {"G_bnds": 200}, {"X_cutoff": 4}, {"gamma_gap": 4.602157999999999}, {"num_gw_calc": 2}, {"wall_time": 21}, {"num_cores": 8}, {"z-factor": {"@module": "numpy", "@class": "array", "dtype": "float64", "data": [[13.0, 0.8, -0.130876], [14.0, 0.82, -0.125573]]}}], [{"kppa": 60}, {"kpt_grid": "4x4x4"}, {"num_kpts": 1}, {"X_bnds": 200}, {"G_bnds": 200}, {"X_cutoff": 4}, {"gamma_gap": 4.688438}, {"num_gw_calc": 3}, {"wall_time": 56}, {"num_cores": 8}, {"z-factor": {"@module": "numpy", "@class": "array", "dtype": "float64", "data": [[13.0, 0.81, -0.132057], [14.0, 0.82, -0.124152]]}}], [{"kppa": 260}, {"kpt_grid": "6x6x6"}, {"num_kpts": 1}, {"X_bnds": 200}, {"G_bnds": 200}, {"X_cutoff": 4}, {"gamma_gap": 4.675919}, {"num_gw_calc": 4}, {"wall_time": 81}, {"num_cores": 32}, {"z-factor": {"@module": "numpy", "@class": "array", "dtype": "float64", "data": [[13.0, 0.8, -0.133482], [14.0, 0.82, -0.122343]]}}]], "conv_time": 315.4604494571686}, "gw_band_range_lda": [1, 20],