{"@module": "pymatgen.entries.computed_entries", "@class": "ComputedEntry", "energy": 0.0, "composition": {"Cs": 1.0, "K": 2.0, "Sb": 1.0}, "entry_id": "53237", "correction": 0.0, "energy_adjustments": [], "parameters": {"id": "53237", "name": "CsK2Sb", "ibrav": {"celldm(1)": 16.279990642084403, "ibrav": 2}, "vol": 1078.7044278458368, "lda_pw_cutoff_Ry": 72, "qe_conv_pbe": {"qe_conv_maxiter": 20, "qe_delta_kppa": 1500, "qe_delta_cutoff": 5, "qe_conv_thresh": 0.00014699730156178854, "qe_conv_steps": [[60, 1500, -147.617394144943], [65, 1500, -147.6174056832375], [65, 3000, -147.6174069251392]], "qe_conv_time": 24.080952167510986}, "num_elec_pbe": 42.0, "max_mem": 95302.0, "qe_conv_lda": {"qe_conv_maxiter": 20, "qe_delta_kppa": 1500, "qe_delta_cutoff": 5, "qe_conv_thresh": 0.00014699730156178854, "qe_conv_steps": [[72, 1500, -174.0741563857932], [77, 1500, -174.0747089671847], [82, 1500, -174.0748012321246], [82, 3000, -174.0748035144315]], "qe_conv_time": 56.666948080062866}, "num_elec_lda": 42.0, "bg_conv_pbe": {"bg_conv_maxiter": 20, "bg_delta_kppa": 1500, "bg_delta_cutoff": 5, "bg_conv_thresh": 0.025, "bg_conv_steps": [[65, 3000, 1.0482781221326511], [65, 6000, 1.048284262167588]], "bg_conv_time": 20.61229705810547}, "indirect_gap_pbe": 1.0482778402890889, "bg_conv_lda": {"bg_conv_maxiter": 20, "bg_delta_kppa": 1500, "bg_delta_cutoff": 5, "bg_conv_thresh": 0.025, "bg_conv_steps": [[82, 3000, 0.8263663147118229], [82, 6000, 0.8263710060527182]], "bg_conv_time": 40.15917491912842}, "indirect_gap_lda": 0.8263546511736637, "gw_conv_pbe": {"gw_conv_thr": 0.025, "gw_bnd_start": 200, "gw_bnd_step": 100, "gw_cut_start": 4, "gw_cut_step": 4, "kpt_bnd_idx": {"@module": "numpy", "@class": "array", "dtype": "int64", "data": [1, 1, 21, 22]}, "gw_bands": 200, "gw_cutoff": 4, "w_conv_grid": [[200, 4, 1.254462], [300, 4, 1.2525370000000002], [300, 8, 1.3393590000000002], [300, 8, 1.3393590000000002], [300, 12, 1.342077], [300, 12, 1.342077], [400, 12, 1.375765], [500, 12, 1.385849], [500, 16, 1.3790940000000003], [500, 16, 1.3790940000000003], [600, 16, 1.3851490000000002], [600, 20, 1.380506], [600, 20, 1.380506]], "pwcutoff": 65, "w_conv_time": [11.95302939414978, 11.905838966369629, 13.085578918457031, 13.087134599685669, 16.126617193222046, 16.12813901901245, 17.989494562149048, 19.14313507080078, 26.600228548049927, 26.602177381515503, 29.398058652877808, 43.950865268707275, 43.95279383659363], "w_ngw": 9, "w_z_factor": [{"@module": "numpy", "@class": "array", "dtype": "float64", "data": [[21.0, 0.78, -0.197508], [22.0, 0.8, -0.153544]]}, {"@module": "numpy", "@class": "array", "dtype": "float64", "data": [[21.0, 0.78, -0.7166], [22.0, 0.8, -0.156054]]}, {"@module": "numpy", "@class": "array", "dtype": "float64", "data": [[21.0, 0.78, -0.151999], [22.0, 0.8, -0.156093]]}, {"@module": "numpy", "@class": "array", "dtype": "float64", "data": [[21.0, 0.78, -0.156569], [22.0, 0.8, -0.156135]]}, {"@module": "numpy", "@class": "array", "dtype": "float64", "data": [[21.0, 0.78, -0.158823], [22.0, 0.8, -0.154778]]}, {"@module": "numpy", "@class": "array", "dtype": "float64", "data": [[21.0, 0.78, -0.158195], [22.0, 0.8, -0.154887]]}, {"@module": "numpy", "@class": "array", "dtype": "float64", "data": [[21.0, 0.78, -0.158216], [22.0, 0.8, -0.154876]]}, {"@module": "numpy", "@class": "array", "dtype": "float64", "data": [[21.0, 0.78, -0.157842], [22.0, 0.8, -0.154871]]}, {"@module": "numpy", "@class": "array", "dtype": "float64", "data": [[21.0, 0.78, -0.159882], [22.0, 0.8, -0.155062]]}], "gw_kppa": 510, "gw_kpt_grid": {"@module": "numpy", "@class": "array", "dtype": "int64", "data": [6, 6, 6]}, "conv_list": [[{"kppa": 0}, {"kpt_grid": "1x1x1"}, {"num_kpts": 1}, {"X_bnds": 600.0}, {"G_bnds": 600.0}, {"X_cutoff": 20.0}, {"gamma_gap": 1.380506}, {"num_gw_calc": 9}, {"wall_time": 291}, {"num_cores": 8}, {"z-factor": "None"}], [{"kppa": 0}, {"kpt_grid": "1x1x1"}, {"num_kpts": 1}, {"X_bnds": 200}, {"G_bnds": 200}, {"X_cutoff": 4}, {"gamma_gap": 8}, {"num_gw_calc": 1}, {"wall_time": 12}, {"num_cores": 8}, {"z-factor": "None"}], [{"kppa": 10}, {"kpt_grid": "2x2x2"}, {"num_kpts": 1}, {"X_bnds": 200}, {"G_bnds": 200}, {"X_cutoff": 4}, {"gamma_gap": 1.972554}, {"num_gw_calc": 2}, {"wall_time": 28}, {"num_cores": 8}, {"z-factor": {"@module": "numpy", "@class": "array", "dtype": "float64", "data": [[21.0, 0.79, -0.172442], [22.0, 0.8, -0.168191]]}}], [{"kppa": 110}, {"kpt_grid": "4x4x4"}, {"num_kpts": 1}, {"X_bnds": 200}, {"G_bnds": 200}, {"X_cutoff": 4}, {"gamma_gap": 2.033458}, {"num_gw_calc": 3}, {"wall_time": 111}, {"num_cores": 8}, {"z-factor": {"@module": "numpy", "@class": "array", "dtype": "float64", "data": [[21.0, 0.79, -0.177858], [22.0, 0.81, -0.159568]]}}], [{"kppa": 510}, {"kpt_grid": "6x6x6"}, {"num_kpts": 1}, {"X_bnds": 200}, {"G_bnds": 200}, {"X_cutoff": 4}, {"gamma_gap": 2.0414649999999996}, {"num_gw_calc": 4}, {"wall_time": 595}, {"num_cores": 32}, {"z-factor": {"@module": "numpy", "@class": "array", "dtype": "float64", "data": [[21.0, 0.79, -0.179117], [22.0, 0.81, -0.157445]]}}]], "conv_time": 1022.4717049598694}, "gw_band_range_pbe": [1, 28], "gw_conv_lda": {"gw_conv_thr": 0.025, "gw_bnd_start": 200, "gw_bnd_step": 100, "gw_cut_start": 4, "gw_cut_step": 4, "kpt_bnd_idx": {"@module": "numpy", "@class": "array", "dtype": "int64", "data": [1, 1, 21, 22]}, "gw_bands": 200, "gw_cutoff": 4, "w_conv_grid": [[200, 4, 1.18181], [300, 4, 1.186164], [300, 8, 1.275272], [300, 8, 1.275272], [300, 12, 1.275821], [300, 12, 1.275821], [400, 12, 1.279299], [400, 16, 1.271375], [400, 16, 1.271375]], "pwcutoff": 82, "w_conv_time": [12.158836841583252, 12.530110120773315, 12.776464462280273, 12.777886629104614, 17.040085315704346, 17.041603088378906, 18.976340770721436, 25.861034154891968, 25.861804962158203], "w_ngw": 6, "w_z_factor": [{"@module": "numpy", "@class": "array", "dtype": "float64", "data": [[21.0, 0.77, -0.179363], [22.0, 0.8, -0.152822]]}, {"@module": "numpy", "@class": "array", "dtype": "float64", "data": [[21.0, 0.79, -0.669427], [22.0, 0.8, -0.130021]]}, {"@module": "numpy", "@class": "array", "dtype": "float64", "data": [[22.0, 0.8, -0.131771]]}, {"@module": "numpy", "@class": "array", "dtype": "float64", "data": [[21.0, 0.79, -0.910756], [22.0, 0.8, -0.130656]]}, {"@module": "numpy", "@class": "array", "dtype": "float64", "data": [[21.0, 0.78, -0.108385], [22.0, 0.8, -0.134713]]}, {"@module": "numpy", "@class": "array", "dtype": "float64", "data": [[21.0, 0.78, -0.947554], [22.0, 0.8, -0.13348]]}], "gw_kppa": 510, "gw_kpt_grid": {"@module": "numpy", "@class": "array", "dtype": "int64", "data": [6, 6, 6]}, "conv_list": [[{"kppa": 0}, {"kpt_grid": "1x1x1"}, {"num_kpts": 1}, {"X_bnds": 400.0}, {"G_bnds": 400.0}, {"X_cutoff": 16.0}, {"gamma_gap": 1.271375}, {"num_gw_calc": 6}, {"wall_time": 203}, {"num_cores": 8}, {"z-factor": "None"}], [{"kppa": 0}, {"kpt_grid": "1x1x1"}, {"num_kpts": 1}, {"X_bnds": 200}, {"G_bnds": 200}, {"X_cutoff": 4}, {"gamma_gap": 8}, {"num_gw_calc": 1}, {"wall_time": 13}, {"num_cores": 8}, {"z-factor": "None"}], [{"kppa": 10}, {"kpt_grid": "2x2x2"}, {"num_kpts": 1}, {"X_bnds": 200}, {"G_bnds": 200}, {"X_cutoff": 4}, {"gamma_gap": 1.7180689999999998}, {"num_gw_calc": 2}, {"wall_time": 36}, {"num_cores": 8}, {"z-factor": {"@module": "numpy", "@class": "array", "dtype": "float64", "data": [[21.0, 0.78, -0.147333], [22.0, 0.8, -0.16751]]}}], [{"kppa": 110}, {"kpt_grid": "4x4x4"}, {"num_kpts": 1}, {"X_bnds": 200}, {"G_bnds": 200}, {"X_cutoff": 4}, {"gamma_gap": 1.743471}, {"num_gw_calc": 3}, {"wall_time": 166}, {"num_cores": 8}, {"z-factor": {"@module": "numpy", "@class": "array", "dtype": "float64", "data": [[21.0, 0.78, -0.144097], [22.0, 0.81, -0.163502]]}}], [{"kppa": 510}, {"kpt_grid": "6x6x6"}, {"num_kpts": 1}, {"X_bnds": 200}, {"G_bnds": 200}, {"X_cutoff": 4}, {"gamma_gap": 1.755193}, {"num_gw_calc": 4}, {"wall_time": 1070}, {"num_cores": 32}, {"z-factor": {"@module": "numpy", "@class": "array", "dtype": "float64",