{"@module": "pymatgen.entries.computed_entries", "@class": "ComputedEntry", "energy": 0.0, "composition": {"Cs": 3.0, "Sb": 1.0}, "entry_id": "53243", "correction": 0.0, "energy_adjustments": [], "parameters": {"id": "53243", "name": "Cs3Sb", "ibrav": {"celldm(1)": 17.347685907641882, "ibrav": 2}, "vol": 1305.1627180289913, "lda_pw_cutoff_Ry": 72, "qe_conv_pbe": {"qe_conv_maxiter": 20, "qe_delta_kppa": 1500, "qe_delta_cutoff": 5, "qe_conv_thresh": 0.00014699730156178854, "qe_conv_steps": [[60, 1500, -131.1741597508588], [65, 1500, -131.174166841228], [65, 3000, -131.1741671209148]], "qe_conv_time": 43.54082894325256}, "num_elec_pbe": 42.0, "max_mem": 111204.0, "qe_conv_lda": {"qe_conv_maxiter": 20, "qe_delta_kppa": 1500, "qe_delta_cutoff": 5, "qe_conv_thresh": 0.00014699730156178854, "qe_conv_steps": [[72, 1500, -161.1066060075487], [77, 1500, -161.107148926579], [82, 1500, -161.1072402478599], [82, 3000, -161.1072408969071]], "qe_conv_time": 76.73835301399231}, "num_elec_lda": 42.0, "bg_conv_pbe": {"bg_conv_maxiter": 20, "bg_delta_kppa": 1500, "bg_delta_cutoff": 5, "bg_conv_thresh": 0.025, "bg_conv_steps": [[65, 3000, 0.7835338109835973], [65, 6000, 0.7835326359041647]], "bg_conv_time": 38.74920606613159}, "indirect_gap_pbe": 0.7835316036302575, "bg_conv_lda": {"bg_conv_maxiter": 20, "bg_delta_kppa": 1500, "bg_delta_cutoff": 5, "bg_conv_thresh": 0.025, "bg_conv_steps": [[82, 3000, 0.5444457682732845], [82, 6000, 0.5444456810992132]], "bg_conv_time": 52.740763902664185}, "indirect_gap_lda": 0.5444398162381413, "gw_conv_pbe": {"gw_conv_thr": 0.025, "gw_bnd_start": 200, "gw_bnd_step": 100, "gw_cut_start": 4, "gw_cut_step": 4, "kpt_bnd_idx": {"@module": "numpy", "@class": "array", "dtype": "int64", "data": [1, 1, 21, 22]}, "gw_bands": 200, "gw_cutoff": 4, "w_conv_grid": [[200, 4, 1.458414], [300, 4, 1.466304], [300, 8, 1.5458239999999999], [300, 8, 1.5458239999999999], [300, 12, 1.5452689999999998], [300, 12, 1.5452689999999998], [400, 12, 1.5769289999999998], [500, 12, 1.5907499999999999], [500, 16, 1.58365], [500, 16, 1.58365], [600, 16, 1.591864], [600, 20, 1.5892579999999998], [600, 20, 1.5892579999999998]], "pwcutoff": 65, "w_conv_time": [14.00028681755066, 14.402867555618286, 16.043973922729492, 16.045911073684692, 20.6826274394989, 20.685227632522583, 22.344278573989868, 24.753294706344604, 38.59963536262512, 38.601319313049316, 42.916396617889404, 73.35930252075195, 73.36090874671936], "w_ngw": 9, "w_z_factor": [{"@module": "numpy", "@class": "array", "dtype": "float64", "data": [[21.0, 0.77, -0.204066], [22.0, 0.79, -0.176198]]}, {"@module": "numpy", "@class": "array", "dtype": "float64", "data": [[21.0, 0.77, -0.198917], [22.0, 0.79, -0.177656]]}, {"@module": "numpy", "@class": "array", "dtype": "float64", "data": [[21.0, 0.77, -0.199575], [22.0, 0.79, -0.180106]]}, {"@module": "numpy", "@class": "array", "dtype": "float64", "data": [[21.0, 0.77, -0.201818], [22.0, 0.79, -0.181572]]}, {"@module": "numpy", "@class": "array", "dtype": "float64", "data": [[21.0, 0.77, -0.130023], [22.0, 0.79, -0.175813]]}, {"@module": "numpy", "@class": "array", "dtype": "float64", "data": [[21.0, 0.77, -0.166229], [22.0, 0.79, -0.174831]]}, {"@module": "numpy", "@class": "array", "dtype": "float64", "data": [[21.0, 0.77, -0.141146], [22.0, 0.79, -0.159507]]}, {"@module": "numpy", "@class": "array", "dtype": "float64", "data": [[21.0, 0.77, -0.170604], [22.0, 0.79, -0.174705]]}, {"@module": "numpy", "@class": "array", "dtype": "float64", "data": [[21.0, 0.77, -0.170869], [22.0, 0.79, -0.174953]]}], "gw_kppa": 510, "gw_kpt_grid": {"@module": "numpy", "@class": "array", "dtype": "int64", "data": [6, 6, 6]}, "conv_list": [[{"kppa": 0}, {"kpt_grid": "1x1x1"}, {"num_kpts": 1}, {"X_bnds": 600.0}, {"G_bnds": 600.0}, {"X_cutoff": 20.0}, {"gamma_gap": 1.5892579999999998}, {"num_gw_calc": 9}, {"wall_time": 391}, {"num_cores": 8}, {"z-factor": "None"}], [{"kppa": 0}, {"kpt_grid": "1x1x1"}, {"num_kpts": 1}, {"X_bnds": 200}, {"G_bnds": 200}, {"X_cutoff": 4}, {"gamma_gap": 8}, {"num_gw_calc": 1}, {"wall_time": 15}, {"num_cores": 8}, {"z-factor": "None"}], [{"kppa": 10}, {"kpt_grid": "2x2x2"}, {"num_kpts": 1}, {"X_bnds": 200}, {"G_bnds": 200}, {"X_cutoff": 4}, {"gamma_gap": 2.019685}, {"num_gw_calc": 2}, {"wall_time": 40}, {"num_cores": 8}, {"z-factor": {"@module": "numpy", "@class": "array", "dtype": "float64", "data": [[21.0, 0.78, -0.212899], [22.0, 0.81, -0.163685]]}}], [{"kppa": 110}, {"kpt_grid": "4x4x4"}, {"num_kpts": 1}, {"X_bnds": 200}, {"G_bnds": 200}, {"X_cutoff": 4}, {"gamma_gap": 2.084952}, {"num_gw_calc": 3}, {"wall_time": 252}, {"num_cores": 8}, {"z-factor": {"@module": "numpy", "@class": "array", "dtype": "float64", "data": [[21.0, 0.78, -0.20606], [22.0, 0.81, -0.157556]]}}], [{"kppa": 510}, {"kpt_grid": "6x6x6"}, {"num_kpts": 1}, {"X_bnds": 200}, {"G_bnds": 200}, {"X_cutoff": 4}, {"gamma_gap": 2.084059}, {"num_gw_calc": 4}, {"wall_time": 444}, {"num_cores": 32}, {"z-factor": {"@module": "numpy", "@class": "array", "dtype": "float64", "data": [[21.0, 0.78, -0.203033], [22.0, 0.81, -0.156591]]}}]], "conv_time": 1125.4247891902924}, "gw_band_range_pbe": [1, 30], "gw_conv_lda": {"gw_conv_thr": 0.025, "gw_bnd_start": 200, "gw_bnd_step": 100, "gw_cut_start": 4, "gw_cut_step": 4, "kpt_bnd_idx": {"@module": "numpy", "@class": "array", "dtype": "int64", "data": [1, 1, 21, 22]}, "gw_bands": 200, "gw_cutoff": 4, "w_conv_grid": [[200, 4, 1.266705], [300, 4, 1.2667380000000001], [300, 8, 1.343925], [300, 8, 1.343925], [300, 12, 1.336835], [300, 12, 1.336835], [400, 12, 1.354865], [400, 16, 1.348352], [400, 16, 1.348352]], "pwcutoff": 82, "w_conv_time": [14.334122896194458, 14.868346929550171, 16.626155614852905, 16.62799859046936, 21.456509590148926, 21.458496809005737, 23.67845606803894, 34.62477946281433, 34.626333236694336], "w_ngw": 6, "w_z_factor": [{"@module": "numpy", "@class": "array", "dtype": "float64", "data": [[21.0, 0.76, -0.326342], [22.0, 0.79, -0.181644]]}, {"@module": "numpy", "@class": "array", "dtype": "float64", "data": [[21.0, 0.76, -0.218301], [22.0, 0.79, -0.160097]]}, {"@module": "numpy", "@class": "array", "dtype": "float64", "data": [[21.0, 0.76, -0.22424], [22.0, 0.79, -0.174881]]}, {"@module": "numpy", "@class": "array", "dtype": "float64", "data": [[21.0, 0.76, -0.224066], [22.0, 0.79, -0.174758]]}, {"@module": "numpy", "@class": "array", "dtype": "float64", "data": [[21.0, 0.76, -0.148501], [22.0, 0.79, -0.174037]]}, {"@module": "numpy", "@class": "array", "dtype": "float64", "data": [[21.0, 0.76, -0.247998], [22.0, 0.79, -0.175884]]}], "gw_kppa": 510, "gw_kpt_grid": {"@module": "numpy", "@class": "array", "dtype": "int64", "data": [6, 6, 6]}, "conv_list": [[{"kppa": 0}, {"kpt_grid": "1x1x1"}, {"num_kpts": 1}, {"X_bnds": 400.0}, {"G_bnds": 400.0}, {"X_cutoff": 16.0}, {"gamma_gap": 1.348352}, {"num_gw_calc": 6}, {"wall_time": 285}, {"num_cores": 8}, {"z-factor": "None"}], [{"kppa": 0}, {"kpt_grid": "1x1x1"}, {"num_kpts": 1}, {"X_bnds": 200}, {"G_bnds": 200}, {"X_cutoff": 4}, {"gamma_gap": 8}, {"num_gw_calc": 1}, {"wall_time": 15}, {"num_cores": 8}, {"z-factor": "None"}], [{"kppa": 10}, {"kpt_grid": "2x2x2"}, {"num_kpts": 1}, {"X_bnds": 200}, {"G_bnds": 200}, {"X_cutoff": 4}, {"gamma_gap": 1.745973}, {"num_gw_calc": 2}, {"wall_time": 62}, {"num_cores": 8}, {"z-factor": {"@module": "numpy", "@class": "array", "dtype": "float64", "data": [[21.0, 0.78, -0.179717], [22.0, 0.8, -0.17542]]}}], [{"kppa": 110}, {"kpt_grid": "4x4x4"}, {"num_kpts": 1}, {"X_bnds": 200}, {"G_bnds": 200}, {"X_cutoff": 4}, {"gamma_gap": 1.7851240000000002}, {"num_gw_calc": 3}, {"wall_time": 586}, {"num_cores": 8}, {"z-factor": {"@module": "numpy", "@class": "array", "dtype": "float64",