{"@module": "pymatgen.entries.computed_entries", "@class": "ComputedEntry", "energy": 0.0, "composition": {"Rb": 1.0, "F": 1.0}, "entry_id": "53828", "correction": 0.0, "energy_adjustments": [], "parameters": {"id": "53828", "name": "RbF", "ibrav": {"celldm(1)": 10.658055394237495, "ibrav": 2}, "vol": 302.6731718992474, "lda_pw_cutoff_Ry": 68, "qe_conv_pbe": {"qe_conv_maxiter": 20, "qe_delta_kppa": 1500, "qe_delta_cutoff": 5, "qe_conv_thresh": 7.349865078089427e-05, "qe_conv_steps": [[60, 1500, -48.45679976913085], [65, 1500, -48.45931836450194], [70, 1500, -48.4600770985944], [75, 1500, -48.46025290308904], [80, 1500, -48.46027307591226], [80, 3000, -48.46027307807041]], "qe_conv_time": 28.294748067855835}, "num_elec_pbe": 16.0, "max_mem": 33807.0, "qe_conv_lda": {"qe_conv_maxiter": 20, "qe_delta_kppa": 1500, "qe_delta_cutoff": 5, "qe_conv_thresh": 7.349865078089427e-05, "qe_conv_steps": [[68, 1500, -51.79192456302342], [73, 1500, -51.79285187292292], [78, 1500, -51.79310197247941], [83, 1500, -51.79314973250134], [83, 3000, -51.79314971943787]], "qe_conv_time": 26.391369581222534}, "num_elec_lda": 16.0, "bg_conv_pbe": {"bg_conv_maxiter": 20, "bg_delta_kppa": 1500, "bg_delta_cutoff": 5, "bg_conv_thresh": 0.025, "bg_conv_steps": [[80, 3000, 5.735435547490255], [80, 4500, 5.7353527824186425]], "bg_conv_time": 13.378709316253662}, "indirect_gap_pbe": 5.73535334185482, "bg_conv_lda": {"bg_conv_maxiter": 20, "bg_delta_kppa": 1500, "bg_delta_cutoff": 5, "bg_conv_thresh": 0.025, "bg_conv_steps": [[83, 3000, 5.336052416663687], [83, 4500, 5.336081555828096]], "bg_conv_time": 11.692410707473755}, "indirect_gap_lda": 5.336052445658692, "gw_conv_pbe": {"gw_conv_thr": 0.025, "gw_bnd_start": 200, "gw_bnd_step": 100, "gw_cut_start": 4, "gw_cut_step": 4, "kpt_bnd_idx": {"@module": "numpy", "@class": "array", "dtype": "int64", "data": [1, 1, 8, 9]}, "gw_bands": 200, "gw_cutoff": 4, "w_conv_grid": [[200, 4, 8.090281000000001], [300, 4, 8.087529], [300, 8, 8.115703], [300, 8, 8.115703], [300, 12, 8.149459], [300, 12, 8.149459], [300, 16, 8.240876], [300, 16, 8.240876], [300, 20, 8.282315], [300, 20, 8.282315], [300, 24, 8.296009], [300, 24, 8.296009], [400, 24, 8.301127999999999], [400, 28, 8.315598], [400, 28, 8.315598]], "pwcutoff": 80, "w_conv_time": [12.468051671981812, 12.09093689918518, 12.310779571533203, 12.311765432357788, 11.493097066879272, 11.495024681091309, 13.192869186401367, 13.194657564163208, 14.071670770645142, 14.07356071472168, 15.203665733337402, 15.205528259277344, 14.461296558380127, 17.2421817779541, 17.243327140808105], "w_ngw": 9, "w_z_factor": [{"@module": "numpy", "@class": "array", "dtype": "float64", "data": [[8.0, 0.8, -0.128881], [9.0, 0.85, -0.107695]]}, {"@module": "numpy", "@class": "array", "dtype": "float64", "data": [[8.0, 0.8, -0.130789], [9.0, 0.85, -0.107685]]}, {"@module": "numpy", "@class": "array", "dtype": "float64", "data": [[8.0, 0.79, -0.147704], [9.0, 0.85, -0.106277]]}, {"@module": "numpy", "@class": "array", "dtype": "float64", "data": [[8.0, 0.78, -0.279504], [9.0, 0.85, -0.105917]]}, {"@module": "numpy", "@class": "array", "dtype": "float64", "data": [[8.0, 0.79, -0.130543], [9.0, 0.85, -0.105738]]}, {"@module": "numpy", "@class": "array", "dtype": "float64", "data": [[8.0, 0.79, -0.133193], [9.0, 0.85, -0.105603]]}, {"@module": "numpy", "@class": "array", "dtype": "float64", "data": [[8.0, 0.79, -0.13304], [9.0, 0.85, -0.105589]]}, {"@module": "numpy", "@class": "array", "dtype": "float64", "data": [[8.0, 0.79, -0.141557], [9.0, 0.85, -0.105675]]}, {"@module": "numpy", "@class": "array", "dtype": "float64", "data": [[8.0, 0.79, -0.14263], [9.0, 0.85, -0.105616]]}], "gw_kppa": 60, "gw_kpt_grid": {"@module": "numpy", "@class": "array", "dtype": "int64", "data": [4, 4, 4]}, "conv_list": [[{"kppa": 0}, {"kpt_grid": "1x1x1"}, {"num_kpts": 1}, {"X_bnds": 400.0}, {"G_bnds": 400.0}, {"X_cutoff": 28.0}, {"gamma_gap": 8.315598}, {"num_gw_calc": 9}, {"wall_time": 182}, {"num_cores": 8}, {"z-factor": "None"}], [{"kppa": 0}, {"kpt_grid": "1x1x1"}, {"num_kpts": 1}, {"X_bnds": 200}, {"G_bnds": 200}, {"X_cutoff": 4}, {"gamma_gap": 8}, {"num_gw_calc": 1}, {"wall_time": 13}, {"num_cores": 8}, {"z-factor": "None"}], [{"kppa": 10}, {"kpt_grid": "2x2x2"}, {"num_kpts": 1}, {"X_bnds": 200}, {"G_bnds": 200}, {"X_cutoff": 4}, {"gamma_gap": 8.917027999999998}, {"num_gw_calc": 2}, {"wall_time": 19}, {"num_cores": 8}, {"z-factor": {"@module": "numpy", "@class": "array", "dtype": "float64", "data": [[8.0, 0.81, -0.125384], [9.0, 0.9, -0.642261]]}}], [{"kppa": 60}, {"kpt_grid": "4x4x4"}, {"num_kpts": 1}, {"X_bnds": 200}, {"G_bnds": 200}, {"X_cutoff": 4}, {"gamma_gap": 8.934952}, {"num_gw_calc": 3}, {"wall_time": 39}, {"num_cores": 8}, {"z-factor": {"@module": "numpy", "@class": "array", "dtype": "float64", "data": [[8.0, 0.81, -0.128604], [9.0, 0.9, -0.602153]]}}]], "conv_time": 238.89550042152405}, "gw_band_range_pbe": [1, 11], "gw_conv_lda": {"gw_conv_thr": 0.025, "gw_bnd_start": 200, "gw_bnd_step": 100, "gw_cut_start": 4, "gw_cut_step": 4, "kpt_bnd_idx": {"@module": "numpy", "@class": "array", "dtype": "int64", "data": [1, 1, 8, 9]}, "gw_bands": 200, "gw_cutoff": 4, "w_conv_grid": [[200, 4, 7.964009], [300, 4, 7.961439], [300, 8, 8.012522], [300, 8, 8.012522], [300, 12, 8.065339999999999], [300, 12, 8.065339999999999], [300, 16, 8.120564], [300, 16, 8.120564], [300, 20, 8.163069], [300, 20, 8.163069], [300, 24, 8.176462], [300, 24, 8.176462], [400, 24, 8.177712], [400, 28, 8.200576], [400, 28, 8.200576]], "pwcutoff": 83, "w_conv_time": [11.842869281768799, 11.380778312683105, 11.249720573425293, 11.251063585281372, 10.907661199569702, 10.909459829330444, 13.298931360244751, 13.300671100616455, 13.017894744873047, 13.018718481063843, 14.074542045593262, 14.075787782669067, 15.14744758605957, 17.116607666015625, 17.117611408233643], "w_ngw": 9, "w_z_factor": [{"@module": "numpy", "@class": "array", "dtype": "float64", "data": [[8.0, 0.8, -0.133902], [9.0, 0.84, -0.113885]]}, {"@module": "numpy", "@class": "array", "dtype": "float64", "data": [[8.0, 0.8, -0.135228], [9.0, 0.84, -0.11386]]}, {"@module": "numpy", "@class": "array", "dtype": "float64", "data": [[8.0, 0.79, -0.131692], [9.0, 0.84, -0.111611]]}, {"@module": "numpy", "@class": "array", "dtype": "float64", "data": [[8.0, 0.79, -0.13268], [9.0, 0.84, -0.111808]]}, {"@module": "numpy", "@class": "array", "dtype": "float64", "data": [[8.0, 0.79, -0.135852], [9.0, 0.84, -0.111467]]}, {"@module": "numpy", "@class": "array", "dtype": "float64", "data": [[8.0, 0.78, -0.139621], [9.0, 0.84, -0.111188]]}, {"@module": "numpy", "@class": "array", "dtype": "float64", "data": [[8.0, 0.78, -0.139451], [9.0, 0.84, -0.11113]]}, {"@module": "numpy", "@class": "array", "dtype": "float64", "data": [[8.0, 0.78, -0.237982], [9.0, 0.84, -0.10247]]}, {"@module": "numpy", "@class": "array", "dtype": "float64", "data": [[8.0, 0.78, -0.138347], [9.0, 0.84, -0.111438]]}], "gw_kppa": 260, "gw_kpt_grid": {"@module": "numpy", "@class": "array", "dtype": "int64", "data": [6, 6, 6]}, "conv_list": [[{"kppa": 0}, {"kpt_grid": "1x1x1"}, {"num_kpts": 1}, {"X_bnds": 400.0}, {"G_bnds": 400.0}, {"X_cutoff": 28.0}, {"gamma_gap": 8.200576}, {"num_gw_calc": 9}, {"wall_time": 178}, {"num_cores": 8}, {"z-factor": "None"}], [{"kppa": 0}, {"kpt_grid": "1x1x1"}, {"num_kpts": 1}, {"X_bnds": 200}, {"G_bnds": 200}, {"X_cutoff": 4}, {"gamma_gap": 8}, {"num_gw_calc": 1}, {"wall_time": 12}, {"num_cores": 8}, {"z-factor": "None"}], [{"kppa": 10}, {"kpt_grid": "2x2x2"}, {"num_kpts": 1}, {"X_bnds": 200}, {"G_bnds": 200}, {"X_cutoff": 4}, {"gamma_gap": 9.241069}, {"num_gw_calc": 2}, {"wall_time": 19}, {"num_cores": 8}, {"z-factor": {"@module": "numpy", "@class": "array", "dtype": "float64",