{"@module": "pymatgen.entries.computed_entries", "@class": "ComputedEntry", "energy": 0.0, "composition": {"In": 2.0, "Se": 3.0}, "entry_id": "5419", "correction": 0.0, "energy_adjustments": [], "parameters": {"id": "5419", "name": "In2Se3", "ibrav": {"celldm(1)": 18.642047144718223, "ibrav": 5, "celldm(4)": 0.9167637879139606}, "vol": 907.7303069115858, "lda_pw_cutoff_Ry": 78, "qe_conv_pbe": {"qe_conv_maxiter": 20, "qe_delta_kppa": 1500, "qe_delta_cutoff": 5, "qe_conv_thresh": 0.00018374662695223566, "qe_conv_steps": [[60, 1500, -132.9431287363019], [65, 1500, -132.9437761057968], [70, 1500, -132.9440194463401], [75, 1500, -132.9440644284809], [75, 3000, -132.944777048668], [75, 4500, -132.944513327318], [75, 7500, -132.94450382758]], "qe_conv_time": 430.013644695282}, "num_elec_pbe": 44.0, "max_mem": 146595.0, "qe_conv_lda": {"qe_conv_maxiter": 20, "qe_delta_kppa": 1500, "qe_delta_cutoff": 5, "qe_conv_thresh": 0.00018374662695223566, "qe_conv_steps": [[78, 1500, -495.9914058994739], [83, 1500, -495.9918129234553], [88, 1500, -495.9918500860776], [88, 3000, -495.9926188767669], [88, 4500, -495.9923486616706], [88, 7500, -495.9923395494921]], "qe_conv_time": 805.2276093959808}, "num_elec_lda": 74.0, "bg_conv_pbe": {"bg_conv_maxiter": 20, "bg_delta_kppa": 1500, "bg_delta_cutoff": 5, "bg_conv_thresh": 0.025, "bg_conv_steps": [[75, 7500, -0.7949408096011864], [75, 12000, -0.8682082148636527], [75, 18000, -0.7995135365449523], [75, 25500, -0.8824239675630395], [75, 34500, -0.8372292010627155], [75, 46500, -0.8501857553349894]], "bg_conv_time": 1350.1946120262146}, "indirect_gap_pbe": -0.7934329113907964, "bg_conv_lda": {"bg_conv_maxiter": 20, "bg_delta_kppa": 1500, "bg_delta_cutoff": 5, "bg_conv_thresh": 0.025, "bg_conv_steps": [[88, 7500, -0.7995529932212859], [88, 12000, -0.873978026778985], [88, 18000, -0.8143831796951512], [88, 25500, -0.8899570275002159], [88, 34500, -0.8424399833946649], [88, 46500, -0.8580647776958021]], "bg_conv_time": 2218.4968531131744}, "indirect_gap_lda": -0.7977347235707171, "gw_conv_pbe": {"gw_conv_thr": 0.025, "gw_bnd_start": 200, "gw_bnd_step": 100, "gw_cut_start": 4, "gw_cut_step": 4, "kpt_bnd_idx": {"@module": "numpy", "@class": "array", "dtype": "int64", "data": [1, 1, 22, 23]}, "gw_bands": 200, "gw_cutoff": 4, "w_conv_grid": [[200, 4, 0.0063509999999999955], [300, 4, 0.005888000000000004], [300, 8, 0.006771], [300, 8, 0.006771]], "pwcutoff": 75, "w_conv_time": [14.386293172836304, 16.108027935028076, 17.00709581375122, 17.00835657119751], "w_ngw": 3, "w_z_factor": [{"@module": "numpy", "@class": "array", "dtype": "float64", "data": [[22.0, 0.75, -0.198853], [23.0, 0.75, -0.198917]]}, {"@module": "numpy", "@class": "array", "dtype": "float64", "data": [[22.0, 0.75, -0.179632], [23.0, 0.75, -0.179599]]}, {"@module": "numpy", "@class": "array", "dtype": "float64", "data": [[22.0, 0.74, -0.204088], [23.0, 0.74, -0.203605]]}], "gw_kppa": 10, "gw_kpt_grid": {"@module": "numpy", "@class": "array", "dtype": "int64", "data": [2, 2, 2]}, "conv_list": [[{"kppa": 0}, {"kpt_grid": "1x1x1"}, {"num_kpts": 1}, {"X_bnds": 300.0}, {"G_bnds": 300.0}, {"X_cutoff": 8.0}, {"gamma_gap": 0.006771}, {"num_gw_calc": 3}, {"wall_time": 700}, {"num_cores": 8}, {"z-factor": "None"}], [{"kppa": 0}, {"kpt_grid": "1x1x1"}, {"num_kpts": 1}, {"X_bnds": 200}, {"G_bnds": 200}, {"X_cutoff": 4}, {"gamma_gap": 8}, {"num_gw_calc": 1}, {"wall_time": 15}, {"num_cores": 8}, {"z-factor": "None"}], [{"kppa": 10}, {"kpt_grid": "2x2x2"}, {"num_kpts": 1}, {"X_bnds": 200}, {"G_bnds": 200}, {"X_cutoff": 4}, {"gamma_gap": -0.00855}, {"num_gw_calc": 2}, {"wall_time": 74}, {"num_cores": 8}, {"z-factor": {"@module": "numpy", "@class": "array", "dtype": "float64", "data": [[22.0, 0.75, -0.196163], [23.0, 0.75, -0.196166]]}}]], "conv_time": 772.8006801605225}, "gw_band_range_pbe": [1, 27], "gw_conv_lda": {"gw_conv_thr": 0.025, "gw_bnd_start": 200, "gw_bnd_step": 100, "gw_cut_start": 4, "gw_cut_step": 4, "kpt_bnd_idx": {"@module": "numpy", "@class": "array", "dtype": "int64", "data": [1, 1, 37, 38]}, "gw_bands": 200, "gw_cutoff": 4, "w_conv_grid": [[200, 4, 0.00578300000000001], [300, 4, 0.004772000000000054], [300, 8, 0.005543999999999993], [300, 8, 0.005543999999999993]], "pwcutoff": 88, "w_conv_time": [13.792974710464478, 15.232236623764038, 16.34387230873108, 16.345010995864868], "w_ngw": 3, "w_z_factor": [{"@module": "numpy", "@class": "array", "dtype": "float64", "data": [[37.0, 0.75, -0.18697], [38.0, 0.75, -0.187269]]}, {"@module": "numpy", "@class": "array", "dtype": "float64", "data": [[37.0, 0.75, -0.184992], [38.0, 0.75, -0.184783]]}, {"@module": "numpy", "@class": "array", "dtype": "float64", "data": [[37.0, 0.75, -0.184913], [38.0, 0.75, -0.182246]]}], "gw_kppa": 10, "gw_kpt_grid": {"@module": "numpy", "@class": "array", "dtype": "int64", "data": [2, 2, 2]}, "conv_list": [[{"kppa": 0}, {"kpt_grid": "1x1x1"}, {"num_kpts": 1}, {"X_bnds": 300.0}, {"G_bnds": 300.0}, {"X_cutoff": 8.0}, {"gamma_gap": 0.005543999999999993}, {"num_gw_calc": 3}, {"wall_time": 1288}, {"num_cores": 8}, {"z-factor": "None"}], [{"kppa": 0}, {"kpt_grid": "1x1x1"}, {"num_kpts": 1}, {"X_bnds": 200}, {"G_bnds": 200}, {"X_cutoff": 4}, {"gamma_gap": 8}, {"num_gw_calc": 1}, {"wall_time": 14}, {"num_cores": 8}, {"z-factor": "None"}], [{"kppa": 10}, {"kpt_grid": "2x2x2"}, {"num_kpts": 1}, {"X_bnds": 200}, {"G_bnds": 200}, {"X_cutoff": 4}, {"gamma_gap": -0.004923000000000011}, {"num_gw_calc": 2}, {"wall_time": 103}, {"num_cores": 8}, {"z-factor": {"@module": "numpy", "@class": "array", "dtype": "float64", "data": [[37.0, 0.75, -0.198429], [38.0, 0.75, -0.198349]]}}]], "conv_time": 1390.1831736564636}, "gw_band_range_lda": [1, 42], "g0w0_ppa_pbe": {"gw_direct_gap": -0.0012680000000000469, "kppa": 140, "kpt_grid": "4x4x4", "num_kpt": 13, "bands_in X": 400, "bands_in_G": 400, "cutoff": 12, "z_factor": [[22.0, 0.74, -0.00189321], [23.0, 0.74, -0.0018932]], "scissor": -0.0012680000000000469, "ncpu": 32, "calc_time": 1399.230904340744}, "g0w0_ppa_lda": {"gw_direct_gap": 0.0005739999999999634, "kppa": 140, "kpt_grid": "4x4x4", "num_kpt": 13, "bands_in X": 400, "bands_in_G": 400, "cutoff": 12, "z_factor": [[37.0, 0.75, -0.00190075], [38.0, 0.75, -0.00190067]], "scissor": 0.0005739999999999634, "ncpu": 32, "calc_time": 2676.936133623123}}, "data": {}}