{"@module": "pymatgen.entries.computed_entries", "@class": "ComputedEntry", "energy": 0.0, "composition": {"Sc": 1.0, "Cu": 1.0, "O": 2.0}, "entry_id": "55689", "correction": 0.0, "energy_adjustments": [], "parameters": {"id": "55689", "name": "ScCuO2", "ibrav": {"celldm(1)": 11.322904043439982, "ibrav": 5, "celldm(4)": 0.8559238165021688}, "vol": 344.42789602861563, "lda_pw_cutoff_Ry": 76, "qe_conv_pbe": {"qe_conv_maxiter": 20, "qe_delta_kppa": 1500, "qe_delta_cutoff": 5, "qe_conv_thresh": 0.00014699730156178854, "qe_conv_steps": [[60, 1500, -260.6359315670748], [65, 1500, -260.6769008232249], [70, 1500, -260.6913759427967], [75, 1500, -260.6957161789023], [80, 1500, -260.6967954581268], [85, 1500, -260.6970069137357], [90, 1500, -260.6970563036178], [90, 3000, -260.6970562038454]], "qe_conv_time": 172.83849096298218}, "num_elec_pbe": 42.0, "max_mem": 123565.0, "qe_conv_lda": {"qe_conv_maxiter": 20, "qe_delta_kppa": 1500, "qe_delta_cutoff": 5, "qe_conv_thresh": 0.00014699730156178854, "qe_conv_steps": [[76, 1500, -271.0165113649033], [81, 1500, -271.0192076332216], [86, 1500, -271.0198389935339], [91, 1500, -271.0199367604983], [91, 3000, -271.0199367370907]], "qe_conv_time": 137.6784167289734}, "num_elec_lda": 42.0, "bg_conv_pbe": {"bg_conv_maxiter": 20, "bg_delta_kppa": 1500, "bg_delta_cutoff": 5, "bg_conv_thresh": 0.025, "bg_conv_steps": [[90, 3000, 2.3716277796379264], [90, 6000, 2.371622642382825]], "bg_conv_time": 80.77874374389648}, "indirect_gap_pbe": 2.3716282926470877, "bg_conv_lda": {"bg_conv_maxiter": 20, "bg_delta_kppa": 1500, "bg_delta_cutoff": 5, "bg_conv_thresh": 0.025, "bg_conv_steps": [[91, 3000, 2.3398344345496453], [91, 6000, 2.339835437602666]], "bg_conv_time": 83.5241277217865}, "indirect_gap_lda": 2.339834214563395, "gw_conv_pbe": {"gw_conv_thr": 0.025, "gw_bnd_start": 200, "gw_bnd_step": 100, "gw_cut_start": 4, "gw_cut_step": 4, "kpt_bnd_idx": {"@module": "numpy", "@class": "array", "dtype": "int64", "data": [1, 1, 21, 22]}, "gw_bands": 200, "gw_cutoff": 4, "w_conv_grid": [[200, 4, 5.208254], [300, 4, 5.2045200000000005], [300, 8, 4.832962], [300, 8, 4.832962], [300, 12, 4.8218250000000005], [300, 12, 4.8218250000000005], [400, 12, 4.805656], [400, 16, 4.816858], [400, 16, 4.816858]], "pwcutoff": 90, "w_conv_time": [11.417442321777344, 11.49931788444519, 11.880377531051636, 11.882206916809082, 11.90989899635315, 11.911397457122803, 12.324443817138672, 13.403422832489014, 13.404959917068481], "w_ngw": 6, "w_z_factor": [{"@module": "numpy", "@class": "array", "dtype": "float64", "data": [[21.0, 0.75, -0.152985], [22.0, 0.78, -0.133694]]}, {"@module": "numpy", "@class": "array", "dtype": "float64", "data": [[21.0, 0.75, -0.147371], [22.0, 0.78, -0.131881]]}, {"@module": "numpy", "@class": "array", "dtype": "float64", "data": [[21.0, 0.74, -0.147517], [22.0, 0.77, -0.131602]]}, {"@module": "numpy", "@class": "array", "dtype": "float64", "data": [[22.0, 0.77, -0.10307]]}, {"@module": "numpy", "@class": "array", "dtype": "float64", "data": [[21.0, 0.74, -0.152064], [22.0, 0.77, -0.140567]]}, {"@module": "numpy", "@class": "array", "dtype": "float64", "data": [[21.0, 0.73, -0.182596], [22.0, 0.77, -0.193962]]}], "gw_kppa": 510, "gw_kpt_grid": {"@module": "numpy", "@class": "array", "dtype": "int64", "data": [6, 6, 6]}, "conv_list": [[{"kppa": 0}, {"kpt_grid": "1x1x1"}, {"num_kpts": 1}, {"X_bnds": 400.0}, {"G_bnds": 400.0}, {"X_cutoff": 16.0}, {"gamma_gap": 4.816858}, {"num_gw_calc": 6}, {"wall_time": 234}, {"num_cores": 8}, {"z-factor": "None"}], [{"kppa": 0}, {"kpt_grid": "1x1x1"}, {"num_kpts": 1}, {"X_bnds": 200}, {"G_bnds": 200}, {"X_cutoff": 4}, {"gamma_gap": 8}, {"num_gw_calc": 1}, {"wall_time": 12}, {"num_cores": 8}, {"z-factor": "None"}], [{"kppa": 10}, {"kpt_grid": "2x2x2"}, {"num_kpts": 1}, {"X_bnds": 200}, {"G_bnds": 200}, {"X_cutoff": 4}, {"gamma_gap": 4.827491}, {"num_gw_calc": 2}, {"wall_time": 46}, {"num_cores": 8}, {"z-factor": {"@module": "numpy", "@class": "array", "dtype": "float64", "data": [[21.0, 0.75, -0.164548], [22.0, 0.79, -0.128722]]}}], [{"kppa": 110}, {"kpt_grid": "4x4x4"}, {"num_kpts": 1}, {"X_bnds": 200}, {"G_bnds": 200}, {"X_cutoff": 4}, {"gamma_gap": 4.924236}, {"num_gw_calc": 3}, {"wall_time": 684}, {"num_cores": 8}, {"z-factor": {"@module": "numpy", "@class": "array", "dtype": "float64", "data": [[21.0, 0.74, -0.183027], [22.0, 0.8, -0.125025]]}}], [{"kppa": 510}, {"kpt_grid": "6x6x6"}, {"num_kpts": 1}, {"X_bnds": 200}, {"G_bnds": 200}, {"X_cutoff": 4}, {"gamma_gap": 4.92519}, {"num_gw_calc": 4}, {"wall_time": 1553}, {"num_cores": 32}, {"z-factor": {"@module": "numpy", "@class": "array", "dtype": "float64", "data": [[21.0, 0.74, -0.143969], [22.0, 0.79, -0.126142]]}}]], "conv_time": 2515.7452392578125}, "gw_band_range_pbe": [1, 26], "gw_conv_lda": {"gw_conv_thr": 0.025, "gw_bnd_start": 200, "gw_bnd_step": 100, "gw_cut_start": 4, "gw_cut_step": 4, "kpt_bnd_idx": {"@module": "numpy", "@class": "array", "dtype": "int64", "data": [1, 1, 21, 22]}, "gw_bands": 200, "gw_cutoff": 4, "w_conv_grid": [[200, 4, 5.313917], [300, 4, 5.3023050000000005], [300, 8, 4.939228], [300, 8, 4.939228], [300, 12, 4.9239], [300, 12, 4.9239], [400, 12, 4.910297], [400, 16, 4.920612], [400, 16, 4.920612]], "pwcutoff": 91, "w_conv_time": [12.52577543258667, 12.507676362991333, 12.395031452178955, 12.397199630737305, 12.357847452163696, 12.35881233215332, 12.727912187576294, 12.933289289474487, 12.934420585632324], "w_ngw": 6, "w_z_factor": [{"@module": "numpy", "@class": "array", "dtype": "float64", "data": [[21.0, 0.75, -0.161724], [22.0, 0.78, -0.136689]]}, {"@module": "numpy", "@class": "array", "dtype": "float64", "data": [[21.0, 0.74, -0.347523], [22.0, 0.78, -0.216077]]}, {"@module": "numpy", "@class": "array", "dtype": "float64", "data": [[21.0, 0.74, -0.157622], [22.0, 0.77, -0.134345]]}, {"@module": "numpy", "@class": "array", "dtype": "float64", "data": [[21.0, 0.74, -0.102248], [22.0, 0.77, -0.130676]]}, {"@module": "numpy", "@class": "array", "dtype": "float64", "data": [[21.0, 0.74, -0.170597], [22.0, 0.77, -0.129857]]}, {"@module": "numpy", "@class": "array", "dtype": "float64", "data": [[21.0, 0.73, -0.156548], [22.0, 0.77, -0.140858]]}], "gw_kppa": 510, "gw_kpt_grid": {"@module": "numpy", "@class": "array", "dtype": "int64", "data": [6, 6, 6]}, "conv_list": [[{"kppa": 0}, {"kpt_grid": "1x1x1"}, {"num_kpts": 1}, {"X_bnds": 400.0}, {"G_bnds": 400.0}, {"X_cutoff": 16.0}, {"gamma_gap": 4.920612}, {"num_gw_calc": 6}, {"wall_time": 265}, {"num_cores": 8}, {"z-factor": "None"}], [{"kppa": 0}, {"kpt_grid": "1x1x1"}, {"num_kpts": 1}, {"X_bnds": 200}, {"G_bnds": 200}, {"X_cutoff": 4}, {"gamma_gap": 8}, {"num_gw_calc": 1}, {"wall_time": 13}, {"num_cores": 8}, {"z-factor": "None"}], [{"kppa": 10}, {"kpt_grid": "2x2x2"}, {"num_kpts": 1}, {"X_bnds": 200}, {"G_bnds": 200}, {"X_cutoff": 4}, {"gamma_gap": 4.873853}, {"num_gw_calc": 2}, {"wall_time": 46}, {"num_cores": 8}, {"z-factor": {"@module": "numpy", "@class": "array", "dtype": "float64", "data": [[21.0, 0.75, -0.144319], [22.0, 0.79, -0.127604]]}}], [{"kppa": 110}, {"kpt_grid": "4x4x4"}, {"num_kpts": 1}, {"X_bnds": 200}, {"G_bnds": 200}, {"X_cutoff": 4}, {"gamma_gap": 4.9664280000000005}, {"num_gw_calc": 3}, {"wall_time": 683}, {"num_cores": 8}, {"z-factor": {"@module": "numpy", "@class": "array", "dtype": "float64", "data": [[21.0, 0.74, -0.169434], [22.0, 0.79, -0.125619]]}}], [{"kppa": 510}, {"kpt_grid": "6x6x6"}, {"num_kpts": 1}, {"X_bnds": 200}, {"G_bnds": 200}, {"X_cutoff": 4}, {"gamma_gap": 4.9678249999999995}, {"num_gw_calc": 4}, {"wall_time": 1493}, {"num_cores": 32}, {"z-factor": {"@module": "numpy", "@class": "array", "dtype": "float64", "data": [[21.0, 0.74, -0.134044], [22.0, 0.79, -0.125425]]}}]], "conv_time": 2484.9022166728973}, "gw_band_range_lda": [1, 26], "g0w0_ppa_pbe": {"gw_direct_gap": 4.591259, "kppa": 1380, "kpt_grid": "8x8x8", "num_kpt": 65, "bands_in X": 500, "bands_in_G": 500, "cutoff": 20,