{"@module": "pymatgen.entries.computed_entries", "@class": "ComputedEntry", "energy": 0.0, "composition": {"Ag": 2.0, "I": 2.0}, "entry_id": "56553", "correction": 0.0, "energy_adjustments": [], "parameters": {"id": "56553", "name": "AgI", "ibrav": {"celldm(1)": 8.69085048902451, "ibrav": 4, "celldm(3)": 1.6360078277886496}, "vol": 930.0426075612676, "lda_pw_cutoff_Ry": 78, "qe_conv_pbe": {"qe_conv_maxiter": 20, "qe_delta_kppa": 1500, "qe_delta_cutoff": 5, "qe_conv_thresh": 0.00014699730156178854, "qe_conv_steps": [[60, 1500, -486.3492075362919], [65, 1500, -486.3493358796186], [65, 3000, -486.3493374365961]], "qe_conv_time": 75.95576071739197}, "num_elec_pbe": 72.0, "max_mem": 58832.0, "qe_conv_lda": {"qe_conv_maxiter": 20, "qe_delta_kppa": 1500, "qe_delta_cutoff": 5, "qe_conv_thresh": 0.00014699730156178854, "qe_conv_steps": [[78, 1500, -335.9939167647675], [83, 1500, -335.9941938708586], [88, 1500, -335.9942472403324], [88, 3000, -335.9942499219275]], "qe_conv_time": 72.96367311477661}, "num_elec_lda": 52.0, "bg_conv_pbe": {"bg_conv_maxiter": 20, "bg_delta_kppa": 1500, "bg_delta_cutoff": 5, "bg_conv_thresh": 0.025, "bg_conv_steps": [[65, 3000, 1.5047663257671702], [65, 4500, 1.50474800978398]], "bg_conv_time": 72.28709292411804}, "indirect_gap_pbe": 1.5047451293913277, "bg_conv_lda": {"bg_conv_maxiter": 20, "bg_delta_kppa": 1500, "bg_delta_cutoff": 5, "bg_conv_thresh": 0.025, "bg_conv_steps": [[88, 3000, 1.231767949075803], [88, 4500, 1.231765348956825]], "bg_conv_time": 50.81908845901489}, "indirect_gap_lda": 1.231755629334992, "gw_conv_pbe": {"gw_conv_thr": 0.025, "gw_bnd_start": 200, "gw_bnd_step": 100, "gw_cut_start": 4, "gw_cut_step": 4, "kpt_bnd_idx": {"@module": "numpy", "@class": "array", "dtype": "int64", "data": [1, 1, 36, 37]}, "gw_bands": 200, "gw_cutoff": 4, "w_conv_grid": [[200, 4, 1.868343], [300, 4, 1.8475709999999999], [300, 8, 1.934392], [300, 8, 1.934392], [300, 12, 1.9652889999999998], [300, 12, 1.9652889999999998], [300, 16, 1.98494], [300, 16, 1.98494], [400, 16, 1.985936], [400, 20, 2.0024349999999997], [400, 20, 2.0024349999999997]], "pwcutoff": 65, "w_conv_time": [12.30121660232544, 12.373572587966919, 13.449024677276611, 13.45177173614502, 16.511187076568604, 16.512075185775757, 21.270190715789795, 21.27246856689453, 24.280596256256104, 33.92386484146118, 33.92463135719299], "w_ngw": 7, "w_z_factor": [{"@module": "numpy", "@class": "array", "dtype": "float64", "data": [[36.0, 0.79, -0.140806], [37.0, 0.8, -0.137971]]}, {"@module": "numpy", "@class": "array", "dtype": "float64", "data": [[36.0, 0.79, -0.138385], [37.0, 0.81, -0.136358]]}, {"@module": "numpy", "@class": "array", "dtype": "float64", "data": [[36.0, 0.79, -0.138473], [37.0, 0.8, -0.136299]]}, {"@module": "numpy", "@class": "array", "dtype": "float64", "data": [[36.0, 0.79, -0.13853], [37.0, 0.8, -0.136156]]}, {"@module": "numpy", "@class": "array", "dtype": "float64", "data": [[36.0, 0.79, -0.138397], [37.0, 0.8, -0.136108]]}, {"@module": "numpy", "@class": "array", "dtype": "float64", "data": [[36.0, 0.79, -0.137573], [37.0, 0.8, -0.135287]]}, {"@module": "numpy", "@class": "array", "dtype": "float64", "data": [[36.0, 0.79, -0.137643], [37.0, 0.8, -0.13543]]}], "gw_kppa": 290, "gw_kpt_grid": {"@module": "numpy", "@class": "array", "dtype": "int64", "data": [4, 4, 4]}, "conv_list": [[{"kppa": 0}, {"kpt_grid": "1x1x1"}, {"num_kpts": 1}, {"X_bnds": 400.0}, {"G_bnds": 400.0}, {"X_cutoff": 20.0}, {"gamma_gap": 2.0024349999999997}, {"num_gw_calc": 7}, {"wall_time": 262}, {"num_cores": 8}, {"z-factor": "None"}], [{"kppa": 0}, {"kpt_grid": "1x1x1"}, {"num_kpts": 1}, {"X_bnds": 200}, {"G_bnds": 200}, {"X_cutoff": 4}, {"gamma_gap": 8}, {"num_gw_calc": 1}, {"wall_time": 13}, {"num_cores": 8}, {"z-factor": "None"}], [{"kppa": 10}, {"kpt_grid": "2x2x2"}, {"num_kpts": 1}, {"X_bnds": 200}, {"G_bnds": 200}, {"X_cutoff": 4}, {"gamma_gap": 2.649929}, {"num_gw_calc": 2}, {"wall_time": 30}, {"num_cores": 8}, {"z-factor": {"@module": "numpy", "@class": "array", "dtype": "float64", "data": [[36.0, 0.81, -0.133206], [37.0, 0.82, -0.128435]]}}], [{"kppa": 70}, {"kpt_grid": "4x4x2"}, {"num_kpts": 1}, {"X_bnds": 200}, {"G_bnds": 200}, {"X_cutoff": 4}, {"gamma_gap": 2.853189}, {"num_gw_calc": 3}, {"wall_time": 80}, {"num_cores": 8}, {"z-factor": {"@module": "numpy", "@class": "array", "dtype": "float64", "data": [[36.0, 0.81, -0.125752], [37.0, 0.83, -0.118588]]}}], [{"kppa": 290}, {"kpt_grid": "4x4x4"}, {"num_kpts": 1}, {"X_bnds": 200}, {"G_bnds": 200}, {"X_cutoff": 4}, {"gamma_gap": 2.8584769999999997}, {"num_gw_calc": 4}, {"wall_time": 84}, {"num_cores": 32}, {"z-factor": {"@module": "numpy", "@class": "array", "dtype": "float64", "data": [[36.0, 0.82, -0.124485], [37.0, 0.83, -0.116949]]}}]], "conv_time": 453.72589230537415}, "gw_band_range_pbe": [1, 40], "gw_conv_lda": {"gw_conv_thr": 0.025, "gw_bnd_start": 200, "gw_bnd_step": 100, "gw_cut_start": 4, "gw_cut_step": 4, "kpt_bnd_idx": {"@module": "numpy", "@class": "array", "dtype": "int64", "data": [1, 1, 26, 27]}, "gw_bands": 200, "gw_cutoff": 4, "w_conv_grid": [[200, 4, 1.640039], [300, 4, 1.630182], [300, 8, 1.706463], [300, 8, 1.706463], [300, 12, 1.7363250000000001], [300, 12, 1.7363250000000001], [300, 16, 1.7580050000000003], [300, 16, 1.7580050000000003], [400, 16, 1.7603879999999998], [400, 20, 1.7793], [400, 20, 1.7793]], "pwcutoff": 88, "w_conv_time": [11.092129945755005, 12.284313201904297, 14.01369333267212, 14.014508962631226, 15.930726766586304, 15.931633472442627, 21.643571376800537, 21.645398378372192, 24.79848003387451, 35.5962929725647, 35.59816384315491], "w_ngw": 7, "w_z_factor": [{"@module": "numpy", "@class": "array", "dtype": "float64", "data": [[26.0, 0.78, -0.142357], [27.0, 0.8, -0.140563]]}, {"@module": "numpy", "@class": "array", "dtype": "float64", "data": [[26.0, 0.78, -0.142375], [27.0, 0.8, -0.140005]]}, {"@module": "numpy", "@class": "array", "dtype": "float64", "data": [[26.0, 0.78, -0.144265], [27.0, 0.8, -0.140489]]}, {"@module": "numpy", "@class": "array", "dtype": "float64", "data": [[26.0, 0.78, -0.145088], [27.0, 0.8, -0.140615]]}, {"@module": "numpy", "@class": "array", "dtype": "float64", "data": [[26.0, 0.78, -0.145386], [27.0, 0.8, -0.140657]]}, {"@module": "numpy", "@class": "array", "dtype": "float64", "data": [[26.0, 0.78, -0.14396], [27.0, 0.8, -0.140161]]}, {"@module": "numpy", "@class": "array", "dtype": "float64", "data": [[26.0, 0.78, -0.144052], [27.0, 0.8, -0.140216]]}], "gw_kppa": 290, "gw_kpt_grid": {"@module": "numpy", "@class": "array", "dtype": "int64", "data": [4, 4, 4]}, "conv_list": [[{"kppa": 0}, {"kpt_grid": "1x1x1"}, {"num_kpts": 1}, {"X_bnds": 400.0}, {"G_bnds": 400.0}, {"X_cutoff": 20.0}, {"gamma_gap": 1.7793}, {"num_gw_calc": 7}, {"wall_time": 251}, {"num_cores": 8}, {"z-factor": "None"}], [{"kppa": 0}, {"kpt_grid": "1x1x1"}, {"num_kpts": 1}, {"X_bnds": 200}, {"G_bnds": 200}, {"X_cutoff": 4}, {"gamma_gap": 8}, {"num_gw_calc": 1}, {"wall_time": 12}, {"num_cores": 8}, {"z-factor": "None"}], [{"kppa": 10}, {"kpt_grid": "2x2x2"}, {"num_kpts": 1}, {"X_bnds": 200}, {"G_bnds": 200}, {"X_cutoff": 4}, {"gamma_gap": 2.277347}, {"num_gw_calc": 2}, {"wall_time": 37}, {"num_cores": 8}, {"z-factor": {"@module": "numpy", "@class": "array", "dtype": "float64", "data": [[26.0, 0.8, -0.145907], [27.0, 0.81, -0.139657]]}}], [{"kppa": 70}, {"kpt_grid": "4x4x2"}, {"num_kpts": 1}, {"X_bnds": 200}, {"G_bnds": 200}, {"X_cutoff": 4}, {"gamma_gap": 2.479741}, {"num_gw_calc": 3}, {"wall_time": 125}, {"num_cores": 8}, {"z-factor": {"@module": "numpy", "@class": "array", "dtype": "float64", "data": [[26.0, 0.8, -0.138934], [27.0, 0.82, -0.129637]]}}], [{"kppa": 290}, {"kpt_grid": "4x4x4"}, {"num_kpts": 1}, {"X_bnds": 200}, {"G_bnds": 200}, {"X_cutoff": 4}, {"gamma_gap": 2.498737}, {"num_gw_calc": 4}, {"wall_time": 123}, {"num_cores": 32}, {"z-factor": {"@module": "numpy", "@class": "array", "dtype": "float64", "data": [[26.0, 0.8, -0.13681], [27.0, 0.82, -0.127034]]}}]],