{"@module": "pymatgen.entries.computed_entries", "@class": "ComputedEntry", "energy": 0.0, "composition": {"As": 2.0, "I": 6.0}, "entry_id": "56571", "correction": 0.0, "energy_adjustments": [], "parameters": {"id": "56571", "name": "AsI3", "ibrav": {"celldm(1)": 15.61447029525017, "ibrav": 5, "celldm(4)": 0.619510403256676}, "vol": 2167.472614855446, "lda_pw_cutoff_Ry": 68, "qe_conv_pbe": {"qe_conv_maxiter": 20, "qe_delta_kppa": 1500, "qe_delta_cutoff": 5, "qe_conv_thresh": 0.00029399460312357707, "qe_conv_steps": [[60, 1500, -608.7670724804713], [65, 1500, -608.7674738678354], [70, 1500, -608.7675473603608], [70, 3000, -608.7675473851153]], "qe_conv_time": 391.9353516101837}, "num_elec_pbe": 112.0, "max_mem": 111293.0, "qe_conv_lda": {"qe_conv_maxiter": 20, "qe_delta_kppa": 1500, "qe_delta_cutoff": 5, "qe_conv_thresh": 0.00029399460312357707, "qe_conv_steps": [[68, 1500, -290.0424178209205], [73, 1500, -290.0551614517639], [78, 1500, -290.0576085683412], [83, 1500, -290.057910923807], [88, 1500, -290.057970991413], [88, 3000, -290.0579711069163]], "qe_conv_time": 370.78098034858704}, "num_elec_lda": 72.0, "bg_conv_pbe": {"bg_conv_maxiter": 20, "bg_delta_kppa": 1500, "bg_delta_cutoff": 5, "bg_conv_thresh": 0.025, "bg_conv_steps": [[70, 3000, 2.109879535987512], [70, 6000, 2.0915508628704944]], "bg_conv_time": 413.27746868133545}, "indirect_gap_pbe": 2.1098756367552407, "bg_conv_lda": {"bg_conv_maxiter": 20, "bg_delta_kppa": 1500, "bg_delta_cutoff": 5, "bg_conv_thresh": 0.025, "bg_conv_steps": [[88, 3000, 2.0567141256646986], [88, 6000, 2.0365168529391444]], "bg_conv_time": 270.3458511829376}, "indirect_gap_lda": 2.0567173742725693, "gw_conv_pbe": {"gw_conv_thr": 0.025, "gw_bnd_start": 200, "gw_bnd_step": 100, "gw_cut_start": 4, "gw_cut_step": 4, "kpt_bnd_idx": {"@module": "numpy", "@class": "array", "dtype": "int64", "data": [1, 1, 56, 57]}, "gw_bands": 200, "gw_cutoff": 4, "w_conv_grid": [[200, 4, 4.375115], [300, 4, 4.335184], [400, 4, 4.326075], [400, 8, 4.383732], [400, 8, 4.383732], [400, 12, 4.3964929999999995], [400, 12, 4.3964929999999995]], "pwcutoff": 70, "w_conv_time": [14.462053537368774, 15.595578908920288, 17.06018328666687, 24.72721028327942, 24.729546546936035, 45.07516312599182, 45.0761981010437], "w_ngw": 5, "w_z_factor": [{"@module": "numpy", "@class": "array", "dtype": "float64", "data": [[56.0, 0.8, -0.167055], [57.0, 0.8, -0.16316]]}, {"@module": "numpy", "@class": "array", "dtype": "float64", "data": [[56.0, 0.8, -0.16092], [57.0, 0.8, -0.158915]]}, {"@module": "numpy", "@class": "array", "dtype": "float64", "data": [[56.0, 0.8, -0.152055], [57.0, 0.8, -0.153958]]}, {"@module": "numpy", "@class": "array", "dtype": "float64", "data": [[56.0, 0.79, -0.156026], [57.0, 0.79, -0.170239]]}, {"@module": "numpy", "@class": "array", "dtype": "float64", "data": [[56.0, 0.79, -0.154404], [57.0, 0.79, -0.163031]]}], "gw_kppa": 220, "gw_kpt_grid": {"@module": "numpy", "@class": "array", "dtype": "int64", "data": [4, 4, 4]}, "conv_list": [[{"kppa": 0}, {"kpt_grid": "1x1x1"}, {"num_kpts": 1}, {"X_bnds": 400.0}, {"G_bnds": 400.0}, {"X_cutoff": 12.0}, {"gamma_gap": 4.3964929999999995}, {"num_gw_calc": 5}, {"wall_time": 881}, {"num_cores": 8}, {"z-factor": "None"}], [{"kppa": 0}, {"kpt_grid": "1x1x1"}, {"num_kpts": 1}, {"X_bnds": 200}, {"G_bnds": 200}, {"X_cutoff": 4}, {"gamma_gap": 4}, {"num_gw_calc": 1}, {"wall_time": 15}, {"num_cores": 8}, {"z-factor": "None"}], [{"kppa": 10}, {"kpt_grid": "2x2x2"}, {"num_kpts": 1}, {"X_bnds": 200}, {"G_bnds": 200}, {"X_cutoff": 4}, {"gamma_gap": 4.403294}, {"num_gw_calc": 2}, {"wall_time": 84}, {"num_cores": 8}, {"z-factor": {"@module": "numpy", "@class": "array", "dtype": "float64", "data": [[56.0, 0.8, -0.163157], [57.0, 0.8, -0.156793]]}}], [{"kppa": 220}, {"kpt_grid": "4x4x4"}, {"num_kpts": 1}, {"X_bnds": 200}, {"G_bnds": 200}, {"X_cutoff": 4}, {"gamma_gap": 4.404751}, {"num_gw_calc": 3}, {"wall_time": 1191}, {"num_cores": 8}, {"z-factor": {"@module": "numpy", "@class": "array", "dtype": "float64", "data": [[56.0, 0.8, -0.165326], [57.0, 0.8, -0.154638]]}}]], "conv_time": 2154.958871126175}, "gw_band_range_pbe": [1, 63], "gw_conv_lda": {"gw_conv_thr": 0.025, "gw_bnd_start": 200, "gw_bnd_step": 100, "gw_cut_start": 4, "gw_cut_step": 4, "kpt_bnd_idx": {"@module": "numpy", "@class": "array", "dtype": "int64", "data": [1, 1, 36, 37]}, "gw_bands": 200, "gw_cutoff": 4, "w_conv_grid": [[200, 4, 3.483249], [300, 4, 3.471934], [300, 8, 3.549867], [300, 8, 3.549867], [300, 12, 3.555864], [300, 12, 3.555864], [400, 12, 3.56321], [400, 16, 3.563206], [400, 16, 3.563206]], "pwcutoff": 88, "w_conv_time": [14.778796672821045, 16.634492874145508, 22.536720991134644, 22.538838624954224, 37.90372276306152, 37.905478715896606, 43.98851728439331, 80.96805357933044, 80.96967339515686], "w_ngw": 6, "w_z_factor": [{"@module": "numpy", "@class": "array", "dtype": "float64", "data": [[36.0, 0.79, -0.169898], [37.0, 0.79, -0.15902]]}, {"@module": "numpy", "@class": "array", "dtype": "float64", "data": [[36.0, 0.79, -0.167666], [37.0, 0.79, -0.161693]]}, {"@module": "numpy", "@class": "array", "dtype": "float64", "data": [[36.0, 0.78, -0.168561], [37.0, 0.79, -0.165095]]}, {"@module": "numpy", "@class": "array", "dtype": "float64", "data": [[36.0, 0.78, -0.169442], [37.0, 0.79, -0.166713]]}, {"@module": "numpy", "@class": "array", "dtype": "float64", "data": [[36.0, 0.78, -0.167151], [37.0, 0.79, -0.156512]]}, {"@module": "numpy", "@class": "array", "dtype": "float64", "data": [[36.0, 0.78, -0.163246], [37.0, 0.79, -0.160818]]}], "gw_kppa": 10, "gw_kpt_grid": {"@module": "numpy", "@class": "array", "dtype": "int64", "data": [2, 2, 2]}, "conv_list": [[{"kppa": 0}, {"kpt_grid": "1x1x1"}, {"num_kpts": 1}, {"X_bnds": 400.0}, {"G_bnds": 400.0}, {"X_cutoff": 16.0}, {"gamma_gap": 3.563206}, {"num_gw_calc": 6}, {"wall_time": 874}, {"num_cores": 8}, {"z-factor": "None"}], [{"kppa": 0}, {"kpt_grid": "1x1x1"}, {"num_kpts": 1}, {"X_bnds": 200}, {"G_bnds": 200}, {"X_cutoff": 4}, {"gamma_gap": 8}, {"num_gw_calc": 1}, {"wall_time": 15}, {"num_cores": 8}, {"z-factor": "None"}], [{"kppa": 10}, {"kpt_grid": "2x2x2"}, {"num_kpts": 1}, {"X_bnds": 200}, {"G_bnds": 200}, {"X_cutoff": 4}, {"gamma_gap": 3.505702}, {"num_gw_calc": 2}, {"wall_time": 99}, {"num_cores": 8}, {"z-factor": {"@module": "numpy", "@class": "array", "dtype": "float64", "data": [[36.0, 0.79, -0.168066], [37.0, 0.8, -0.149349]]}}]], "conv_time": 971.19433426857}, "gw_band_range_lda": [1, 43], "g0w0_ppa_pbe": {"gw_direct_gap": 4.420082, "kppa": 1000, "kpt_grid": "6x6x6", "num_kpt": 40, "bands_in X": 500, "bands_in_G": 500, "cutoff": 16, "z_factor": [[56.0, 0.8, -0.00150972], [57.0, 0.8, -0.00153495]], "scissor": 1.9242679999999999, "ncpu": 16, "calc_time": 73504.10860657692}, "g0w0_ppa_lda": {"gw_direct_gap": 3.594839, "kppa": 220, "kpt_grid": "4x4x4", "num_kpt": 14, "bands_in X": 500, "bands_in_G": 500, "cutoff": 20, "z_factor": [[36.0, 0.78, -0.00168176], [37.0, 0.79, -0.00161705]], "scissor": 1.196935, "ncpu": 16, "calc_time": 16616.35641169548}}, "data": {}}