{"@module": "pymatgen.entries.computed_entries", "@class": "ComputedEntry", "energy": 0.0, "composition": {"Cs": 1.0, "Au": 1.0}, "entry_id": "58427", "correction": 0.0, "energy_adjustments": [], "parameters": {"id": "58427", "name": "CsAu", "ibrav": {"celldm(1)": 8.054012781957482, "ibrav": 1}, "vol": 522.4406288464345, "lda_pw_cutoff_Ry": 60, "qe_conv_pbe": {"qe_conv_maxiter": 20, "qe_delta_kppa": 1500, "qe_delta_cutoff": 5, "qe_conv_thresh": 7.349865078089427e-05, "qe_conv_steps": [[60, 1500, -157.5860838419877], [65, 1500, -157.5861820860836], [70, 1500, -157.5862300111616], [70, 3000, -157.5862308586271]], "qe_conv_time": 31.32406783103943}, "num_elec_pbe": 28.0, "max_mem": 59783.0, "qe_conv_lda": {"qe_conv_maxiter": 20, "qe_delta_kppa": 1500, "qe_delta_cutoff": 5, "qe_conv_thresh": 7.349865078089427e-05, "qe_conv_steps": [[60, 1500, -170.9897520094596], [65, 1500, -170.9909981228777], [70, 1500, -170.9913323841378], [75, 1500, -170.9913924065472], [75, 3000, -170.9913935443294]], "qe_conv_time": 41.71073246002197}, "num_elec_lda": 28.0, "bg_conv_pbe": {"bg_conv_maxiter": 20, "bg_delta_kppa": 1500, "bg_delta_cutoff": 5, "bg_conv_thresh": 0.025, "bg_conv_steps": [[70, 3000, 0.971286068960704], [70, 4500, 0.9712806221841052]], "bg_conv_time": 17.978812217712402}, "indirect_gap_pbe": 0.9712760706344516, "bg_conv_lda": {"bg_conv_maxiter": 20, "bg_delta_kppa": 1500, "bg_delta_cutoff": 5, "bg_conv_thresh": 0.025, "bg_conv_steps": [[75, 3000, 0.9023863723687261], [75, 4500, 0.9024106291201766]], "bg_conv_time": 21.28497076034546}, "indirect_gap_lda": 0.9024025706075937, "gw_conv_pbe": {"gw_conv_thr": 0.025, "gw_bnd_start": 200, "gw_bnd_step": 100, "gw_cut_start": 4, "gw_cut_step": 4, "kpt_bnd_idx": {"@module": "numpy", "@class": "array", "dtype": "int64", "data": [1, 1, 14, 15]}, "gw_bands": 200, "gw_cutoff": 4, "w_conv_grid": [[200, 4, 9.305422], [300, 4, 9.31081], [300, 8, 9.376542], [300, 8, 9.376542], [300, 12, 9.40676], [300, 12, 9.40676], [300, 16, 9.445229], [300, 16, 9.445229], [300, 20, 9.46476], [300, 20, 9.46476], [400, 20, 9.468377], [400, 24, 9.489256], [400, 24, 9.489256]], "pwcutoff": 70, "w_conv_time": [11.549136877059937, 11.615044355392456, 12.065236806869507, 12.0660719871521, 12.322547197341919, 12.324048519134521, 14.332163572311401, 14.333726644515991, 15.681391477584839, 15.682867527008057, 17.46780800819397, 19.95256233215332, 19.95407199859619], "w_ngw": 8, "w_z_factor": [{"@module": "numpy", "@class": "array", "dtype": "float64", "data": [[14.0, 0.83, -0.132453], [15.0, 0.88, -0.813579]]}, {"@module": "numpy", "@class": "array", "dtype": "float64", "data": [[14.0, 0.83, -0.189048], [15.0, 0.88, -0.859774]]}, {"@module": "numpy", "@class": "array", "dtype": "float64", "data": [[14.0, 0.82, -0.118186], [15.0, 0.88, -0.76744]]}, {"@module": "numpy", "@class": "array", "dtype": "float64", "data": [[14.0, 0.82, -0.120434], [15.0, 0.88, -0.824745]]}, {"@module": "numpy", "@class": "array", "dtype": "float64", "data": [[14.0, 0.82, -0.119292], [15.0, 0.88, -0.78069]]}, {"@module": "numpy", "@class": "array", "dtype": "float64", "data": [[14.0, 0.82, -0.120382], [15.0, 0.88, -0.783606]]}, {"@module": "numpy", "@class": "array", "dtype": "float64", "data": [[14.0, 0.82, -0.120616], [15.0, 0.88, -0.785203]]}, {"@module": "numpy", "@class": "array", "dtype": "float64", "data": [[14.0, 0.82, -0.112096], [15.0, 0.88, -0.844662]]}], "gw_kppa": 690, "gw_kpt_grid": {"@module": "numpy", "@class": "array", "dtype": "int64", "data": [8, 8, 8]}, "conv_list": [[{"kppa": 0}, {"kpt_grid": "1x1x1"}, {"num_kpts": 1}, {"X_bnds": 400.0}, {"G_bnds": 400.0}, {"X_cutoff": 24.0}, {"gamma_gap": 9.489256}, {"num_gw_calc": 8}, {"wall_time": 189}, {"num_cores": 8}, {"z-factor": "None"}], [{"kppa": 0}, {"kpt_grid": "1x1x1"}, {"num_kpts": 1}, {"X_bnds": 200}, {"G_bnds": 200}, {"X_cutoff": 4}, {"gamma_gap": 8}, {"num_gw_calc": 1}, {"wall_time": 12}, {"num_cores": 8}, {"z-factor": "None"}], [{"kppa": 10}, {"kpt_grid": "2x2x2"}, {"num_kpts": 1}, {"X_bnds": 200}, {"G_bnds": 200}, {"X_cutoff": 4}, {"gamma_gap": 7.118259}, {"num_gw_calc": 2}, {"wall_time": 24}, {"num_cores": 8}, {"z-factor": {"@module": "numpy", "@class": "array", "dtype": "float64", "data": [[14.0, 0.78, -0.161796], [15.0, 0.82, -0.110853]]}}], [{"kppa": 60}, {"kpt_grid": "4x4x4"}, {"num_kpts": 1}, {"X_bnds": 200}, {"G_bnds": 200}, {"X_cutoff": 4}, {"gamma_gap": 7.4239180000000005}, {"num_gw_calc": 3}, {"wall_time": 66}, {"num_cores": 8}, {"z-factor": {"@module": "numpy", "@class": "array", "dtype": "float64", "data": [[14.0, 0.78, -0.180128], [15.0, 0.83, -0.19996]]}}], [{"kppa": 260}, {"kpt_grid": "6x6x6"}, {"num_kpts": 1}, {"X_bnds": 200}, {"G_bnds": 200}, {"X_cutoff": 4}, {"gamma_gap": 7.469909}, {"num_gw_calc": 4}, {"wall_time": 83}, {"num_cores": 32}, {"z-factor": {"@module": "numpy", "@class": "array", "dtype": "float64", "data": [[14.0, 0.77, -0.195717], [15.0, 0.83, -0.104048]]}}], [{"kppa": 690}, {"kpt_grid": "8x8x8"}, {"num_kpts": 1}, {"X_bnds": 200}, {"G_bnds": 200}, {"X_cutoff": 4}, {"gamma_gap": 7.47285}, {"num_gw_calc": 5}, {"wall_time": 248}, {"num_cores": 32}, {"z-factor": {"@module": "numpy", "@class": "array", "dtype": "float64", "data": [[14.0, 0.77, -0.174406], [15.0, 0.83, -0.144055]]}}]], "conv_time": 607.106433391571}, "gw_band_range_pbe": [1, 18], "gw_conv_lda": {"gw_conv_thr": 0.025, "gw_bnd_start": 200, "gw_bnd_step": 100, "gw_cut_start": 4, "gw_cut_step": 4, "kpt_bnd_idx": {"@module": "numpy", "@class": "array", "dtype": "int64", "data": [1, 1, 14, 15]}, "gw_bands": 200, "gw_cutoff": 4, "w_conv_grid": [[200, 4, 9.521195], [300, 4, 9.527623], [300, 8, 9.579879], [300, 8, 9.579879], [300, 12, 9.608014], [300, 12, 9.608014], [300, 16, 9.646663], [300, 16, 9.646663], [300, 20, 9.666126], [300, 20, 9.666126], [400, 20, 9.665192000000001], [400, 24, 9.686475], [400, 24, 9.686475]], "pwcutoff": 75, "w_conv_time": [11.686892986297607, 11.534300088882446, 12.219606161117554, 12.221067905426025, 13.165343761444092, 13.166821956634521, 13.979949474334717, 13.98134994506836, 17.100149393081665, 17.10159683227539, 17.31936550140381, 20.754424333572388, 20.755234479904175], "w_ngw": 8, "w_z_factor": [{"@module": "numpy", "@class": "array", "dtype": "float64", "data": [[14.0, 0.82, -0.164506], [15.0, 0.87, -0.889708]]}, {"@module": "numpy", "@class": "array", "dtype": "float64", "data": [[14.0, 0.83, -0.11847], [15.0, 0.87, -0.827352]]}, {"@module": "numpy", "@class": "array", "dtype": "float64", "data": [[14.0, 0.82, -0.120954], [15.0, 0.87, -0.827879]]}, {"@module": "numpy", "@class": "array", "dtype": "float64", "data": [[14.0, 0.82, -0.126115], [15.0, 0.87, -0.814678]]}, {"@module": "numpy", "@class": "array", "dtype": "float64", "data": [[14.0, 0.82, -0.120685], [15.0, 0.87, -0.819895]]}, {"@module": "numpy", "@class": "array", "dtype": "float64", "data": [[14.0, 0.82, -0.122659], [15.0, 0.87, -0.824932]]}, {"@module": "numpy", "@class": "array", "dtype": "float64", "data": [[14.0, 0.82, -0.121563], [15.0, 0.87, -0.814232]]}, {"@module": "numpy", "@class": "array", "dtype": "float64", "data": [[14.0, 0.82, -0.127553], [15.0, 0.87, -0.795891]]}], "gw_kppa": 260, "gw_kpt_grid": {"@module": "numpy", "@class": "array", "dtype": "int64", "data": [6, 6, 6]}, "conv_list": [[{"kppa": 0}, {"kpt_grid": "1x1x1"}, {"num_kpts": 1}, {"X_bnds": 400.0}, {"G_bnds": 400.0}, {"X_cutoff": 24.0}, {"gamma_gap": 9.686475}, {"num_gw_calc": 8}, {"wall_time": 190}, {"num_cores": 8}, {"z-factor": "None"}], [{"kppa": 0}, {"kpt_grid": "1x1x1"}, {"num_kpts": 1}, {"X_bnds": 200}, {"G_bnds": 200}, {"X_cutoff": 4}, {"gamma_gap": 8}, {"num_gw_calc": 1}, {"wall_time": 12}, {"num_cores": 8}, {"z-factor": "None"}], [{"kppa": 10}, {"kpt_grid": "2x2x2"}, {"num_kpts": 1}, {"X_bnds": 200}, {"G_bnds": 200}, {"X_cutoff": 4}, {"gamma_gap": 7.383188}, {"num_gw_calc": 2}, {"wall_time": 24}, {"num_cores": 8}, {"z-factor": {"@module": "numpy", "@class": "array", "dtype": "float64",