{"@module": "pymatgen.entries.computed_entries", "@class": "ComputedEntry", "energy": 0.0, "composition": {"Rb": 1.0, "Au": 1.0}, "entry_id": "58428", "correction": 0.0, "energy_adjustments": [], "parameters": {"id": "58428", "name": "RbAu", "ibrav": {"celldm(1)": 7.761105231229325, "ibrav": 1}, "vol": 467.48826755493485, "lda_pw_cutoff_Ry": 56, "qe_conv_pbe": {"qe_conv_maxiter": 20, "qe_delta_kppa": 1500, "qe_delta_cutoff": 5, "qe_conv_thresh": 7.349865078089427e-05, "qe_conv_steps": [[60, 1500, -161.8488994086438], [65, 1500, -161.848996720919], [70, 1500, -161.84904296019], [70, 3000, -161.8490454396893]], "qe_conv_time": 29.40717053413391}, "num_elec_pbe": 28.0, "max_mem": 46792.0, "qe_conv_lda": {"qe_conv_maxiter": 20, "qe_delta_kppa": 1500, "qe_delta_cutoff": 5, "qe_conv_thresh": 7.349865078089427e-05, "qe_conv_steps": [[56, 1500, -174.6506777624209], [61, 1500, -174.6537337114958], [66, 1500, -174.6547139986031], [71, 1500, -174.6549561019229], [76, 1500, -174.6549974420821], [76, 3000, -174.6550001576002]], "qe_conv_time": 42.857160568237305}, "num_elec_lda": 28.0, "bg_conv_pbe": {"bg_conv_maxiter": 20, "bg_delta_kppa": 1500, "bg_delta_cutoff": 5, "bg_conv_thresh": 0.025, "bg_conv_steps": [[70, 3000, 0.25706105757832776], [70, 4500, 0.2570740350820291]], "bg_conv_time": 18.86946201324463}, "indirect_gap_pbe": 0.2570684368235995, "bg_conv_lda": {"bg_conv_maxiter": 20, "bg_delta_kppa": 1500, "bg_delta_cutoff": 5, "bg_conv_thresh": 0.025, "bg_conv_steps": [[76, 3000, 0.1638365023078141], [76, 4500, 0.1638296553949386]], "bg_conv_time": 18.05473494529724}, "indirect_gap_lda": 0.1638485431211253, "gw_conv_pbe": {"gw_conv_thr": 0.025, "gw_bnd_start": 200, "gw_bnd_step": 100, "gw_cut_start": 4, "gw_cut_step": 4, "kpt_bnd_idx": {"@module": "numpy", "@class": "array", "dtype": "int64", "data": [1, 1, 14, 15]}, "gw_bands": 200, "gw_cutoff": 4, "w_conv_grid": [[200, 4, 11.064805], [300, 4, 11.066066], [300, 8, 11.11865], [300, 8, 11.11865], [300, 12, 11.168493000000002], [300, 12, 11.168493000000002], [300, 16, 11.197962], [300, 16, 11.197962], [300, 20, 11.231877], [300, 20, 11.231877], [300, 24, 11.24878], [300, 24, 11.24878], [400, 24, 11.250854], [400, 28, 11.267475000000001], [400, 28, 11.267475000000001]], "pwcutoff": 70, "w_conv_time": [13.504698991775513, 13.610432386398315, 13.67166256904602, 13.67258906364441, 14.51939868927002, 14.521419763565063, 15.603817224502563, 15.604881763458252, 17.347952604293823, 17.349449396133423, 19.642737865447998, 19.643869161605835, 21.919363260269165, 26.968193531036377, 26.969780683517456], "w_ngw": 9, "w_z_factor": [{"@module": "numpy", "@class": "array", "dtype": "float64", "data": [[14.0, 0.85, -0.111338], [15.0, 0.89, -0.776352]]}, {"@module": "numpy", "@class": "array", "dtype": "float64", "data": [[14.0, 0.85, -0.147473], [15.0, 0.89, -0.108809]]}, {"@module": "numpy", "@class": "array", "dtype": "float64", "data": [[14.0, 0.84, -0.101488], [15.0, 0.89, -0.701604]]}, {"@module": "numpy", "@class": "array", "dtype": "float64", "data": [[14.0, 0.84, -0.97916], [15.0, 0.89, -0.693116]]}, {"@module": "numpy", "@class": "array", "dtype": "float64", "data": [[14.0, 0.84, -0.972876], [15.0, 0.89, -0.631853]]}, {"@module": "numpy", "@class": "array", "dtype": "float64", "data": [[14.0, 0.84, -0.945227], [15.0, 0.89, -0.671443]]}, {"@module": "numpy", "@class": "array", "dtype": "float64", "data": [[14.0, 0.84, -0.977736], [15.0, 0.89, -0.672565]]}, {"@module": "numpy", "@class": "array", "dtype": "float64", "data": [[14.0, 0.84, -0.969732], [15.0, 0.89, -0.688388]]}, {"@module": "numpy", "@class": "array", "dtype": "float64", "data": [[14.0, 0.84, -0.957312], [15.0, 0.89, -0.692952]]}], "gw_kppa": 260, "gw_kpt_grid": {"@module": "numpy", "@class": "array", "dtype": "int64", "data": [6, 6, 6]}, "conv_list": [[{"kppa": 0}, {"kpt_grid": "1x1x1"}, {"num_kpts": 1}, {"X_bnds": 400.0}, {"G_bnds": 400.0}, {"X_cutoff": 28.0}, {"gamma_gap": 11.267475000000001}, {"num_gw_calc": 9}, {"wall_time": 247}, {"num_cores": 8}, {"z-factor": "None"}], [{"kppa": 0}, {"kpt_grid": "1x1x1"}, {"num_kpts": 1}, {"X_bnds": 200}, {"G_bnds": 200}, {"X_cutoff": 4}, {"gamma_gap": 8}, {"num_gw_calc": 1}, {"wall_time": 14}, {"num_cores": 8}, {"z-factor": "None"}], [{"kppa": 10}, {"kpt_grid": "2x2x2"}, {"num_kpts": 1}, {"X_bnds": 200}, {"G_bnds": 200}, {"X_cutoff": 4}, {"gamma_gap": 8.421985}, {"num_gw_calc": 2}, {"wall_time": 25}, {"num_cores": 8}, {"z-factor": {"@module": "numpy", "@class": "array", "dtype": "float64", "data": [[14.0, 0.78, -0.193703], [15.0, 0.78, -0.015519]]}}], [{"kppa": 60}, {"kpt_grid": "4x4x4"}, {"num_kpts": 1}, {"X_bnds": 200}, {"G_bnds": 200}, {"X_cutoff": 4}, {"gamma_gap": 8.671721}, {"num_gw_calc": 3}, {"wall_time": 75}, {"num_cores": 8}, {"z-factor": {"@module": "numpy", "@class": "array", "dtype": "float64", "data": [[14.0, 0.77, -0.145342], [15.0, 0.83, -0.239205]]}}], [{"kppa": 260}, {"kpt_grid": "6x6x6"}, {"num_kpts": 1}, {"X_bnds": 200}, {"G_bnds": 200}, {"X_cutoff": 4}, {"gamma_gap": 8.685123}, {"num_gw_calc": 4}, {"wall_time": 96}, {"num_cores": 32}, {"z-factor": {"@module": "numpy", "@class": "array", "dtype": "float64", "data": [[14.0, 0.77, -0.144497], [15.0, 0.83, -0.107764]]}}]], "conv_time": 441.9926881790161}, "gw_band_range_pbe": [1, 18], "gw_conv_lda": {"gw_conv_thr": 0.025, "gw_bnd_start": 200, "gw_bnd_step": 100, "gw_cut_start": 4, "gw_cut_step": 4, "kpt_bnd_idx": {"@module": "numpy", "@class": "array", "dtype": "int64", "data": [1, 1, 14, 15]}, "gw_bands": 200, "gw_cutoff": 4, "w_conv_grid": [[200, 4, 11.30208], [300, 4, 11.300088], [300, 8, 11.362903], [300, 8, 11.362903], [300, 12, 11.413711], [300, 12, 11.413711], [300, 16, 11.437493], [300, 16, 11.437493], [400, 16, 11.444925999999999], [400, 20, 11.478434], [400, 20, 11.478434], [400, 24, 11.495994], [400, 24, 11.495994], [500, 24, 11.504225], [500, 28, 11.519773], [500, 28, 11.519773]], "pwcutoff": 76, "w_conv_time": [13.664039850234985, 13.452149391174316, 13.78070616722107, 13.78185772895813, 14.535138130187988, 14.536600828170776, 15.574277877807617, 15.575417518615723, 15.927173852920532, 18.56906223297119, 18.571151733398438, 21.74026131629944, 21.741597175598145, 23.3849093914032, 29.657511234283447, 29.65969729423523], "w_ngw": 10, "w_z_factor": [{"@module": "numpy", "@class": "array", "dtype": "float64", "data": [[14.0, 0.84, -0.101532], [15.0, 0.89, -0.70578]]}, {"@module": "numpy", "@class": "array", "dtype": "float64", "data": [[14.0, 0.84, -0.15102], [15.0, 0.89, -0.758292]]}, {"@module": "numpy", "@class": "array", "dtype": "float64", "data": [[14.0, 0.84, -0.112582], [15.0, 0.89, -0.73539]]}, {"@module": "numpy", "@class": "array", "dtype": "float64", "data": [[14.0, 0.84, -0.104528], [15.0, 0.89, -0.711607]]}, {"@module": "numpy", "@class": "array", "dtype": "float64", "data": [[14.0, 0.84, -0.146098], [15.0, 0.89, -0.856887]]}, {"@module": "numpy", "@class": "array", "dtype": "float64", "data": [[14.0, 0.84, -0.123567], [15.0, 0.89, -0.792296]]}, {"@module": "numpy", "@class": "array", "dtype": "float64", "data": [[14.0, 0.84, -0.119465], [15.0, 0.89, -0.773254]]}, {"@module": "numpy", "@class": "array", "dtype": "float64", "data": [[14.0, 0.84, -0.133431], [15.0, 0.89, -0.91356]]}, {"@module": "numpy", "@class": "array", "dtype": "float64", "data": [[14.0, 0.84, -0.125606], [15.0, 0.89, -0.833227]]}, {"@module": "numpy", "@class": "array", "dtype": "float64", "data": [[14.0, 0.83, -0.227954], [15.0, 0.89, -0.210356]]}], "gw_kppa": 260, "gw_kpt_grid": {"@module": "numpy", "@class": "array", "dtype": "int64", "data": [6, 6, 6]},