{"@module": "pymatgen.entries.computed_entries", "@class": "ComputedEntry", "energy": 0.0, "composition": {"Mo": 2.0, "Se": 4.0}, "entry_id": "601045", "correction": 0.0, "energy_adjustments": [], "parameters": {"id": "601045", "name": "MoSe2", "ibrav": {"celldm(1)": 6.213419527704412, "ibrav": 4, "celldm(3)": 3.9324817518248176}, "vol": 816.938534040405, "lda_pw_cutoff_Ry": 78, "qe_conv_pbe": {"qe_conv_maxiter": 20, "qe_delta_kppa": 1500, "qe_delta_cutoff": 5, "qe_conv_thresh": 0.00022049595234268282, "qe_conv_steps": [[60, 1500, -175.1203384561884], [65, 1500, -175.1203672557959], [65, 3000, -175.1203777182836]], "qe_conv_time": 41.439610958099365}, "num_elec_pbe": 52.0, "max_mem": 62982.0, "qe_conv_lda": {"qe_conv_maxiter": 20, "qe_delta_kppa": 1500, "qe_delta_cutoff": 5, "qe_conv_thresh": 0.00022049595234268282, "qe_conv_steps": [[78, 1500, -625.5838442424425], [83, 1500, -625.5844322955317], [88, 1500, -625.5844946423266], [88, 3000, -625.5845070797856]], "qe_conv_time": 124.30480861663818}, "num_elec_lda": 92.00000000000001, "bg_conv_pbe": {"bg_conv_maxiter": 20, "bg_delta_kppa": 1500, "bg_delta_cutoff": 5, "bg_conv_thresh": 0.025, "bg_conv_steps": [[65, 3000, 0.8406596404337973], [65, 4500, 0.8448829565926191]], "bg_conv_time": 37.29417657852173}, "indirect_gap_pbe": 0.84065745928887, "bg_conv_lda": {"bg_conv_maxiter": 20, "bg_delta_kppa": 1500, "bg_delta_cutoff": 5, "bg_conv_thresh": 0.025, "bg_conv_steps": [[88, 3000, 0.7845465364053581], [88, 4500, 0.7900777301262263]], "bg_conv_time": 87.70143127441406}, "indirect_gap_lda": 0.7845462809345441, "gw_conv_pbe": {"gw_conv_thr": 0.025, "gw_bnd_start": 200, "gw_bnd_step": 100, "gw_cut_start": 4, "gw_cut_step": 4, "kpt_bnd_idx": {"@module": "numpy", "@class": "array", "dtype": "int64", "data": [1, 1, 26, 27]}, "gw_bands": 200, "gw_cutoff": 4, "w_conv_grid": [[200, 4, 3.505387], [300, 4, 3.496033], [300, 8, 3.5905679999999998], [300, 8, 3.5905679999999998], [300, 12, 3.6315159999999995], [300, 12, 3.6315159999999995], [300, 16, 3.6542139999999996], [300, 16, 3.6542139999999996], [400, 16, 3.652508], [400, 20, 3.670323], [400, 20, 3.670323]], "pwcutoff": 65, "w_conv_time": [11.25028944015503, 11.747497320175171, 12.01897144317627, 12.019838333129883, 13.95316195487976, 13.953909397125244, 17.677687644958496, 17.679583072662354, 18.627856969833374, 27.156941890716553, 27.158464431762695], "w_ngw": 7, "w_z_factor": [{"@module": "numpy", "@class": "array", "dtype": "float64", "data": [[26.0, 0.78, -0.147063], [27.0, 0.78, -0.147246]]}, {"@module": "numpy", "@class": "array", "dtype": "float64", "data": [[26.0, 0.78, -0.122472], [27.0, 0.78, -0.687479]]}, {"@module": "numpy", "@class": "array", "dtype": "float64", "data": [[26.0, 0.78, -0.130055], [27.0, 0.77, -0.12959]]}, {"@module": "numpy", "@class": "array", "dtype": "float64", "data": [[26.0, 0.78, -0.126549], [27.0, 0.77, -0.12068]]}, {"@module": "numpy", "@class": "array", "dtype": "float64", "data": [[26.0, 0.78, -0.126012], [27.0, 0.77, -0.120603]]}, {"@module": "numpy", "@class": "array", "dtype": "float64", "data": [[26.0, 0.77, -0.132487], [27.0, 0.77, -0.742836]]}, {"@module": "numpy", "@class": "array", "dtype": "float64", "data": [[26.0, 0.77, -0.13079], [27.0, 0.77, -0.110347]]}], "gw_kppa": 530, "gw_kpt_grid": {"@module": "numpy", "@class": "array", "dtype": "int64", "data": [8, 8, 2]}, "conv_list": [[{"kppa": 0}, {"kpt_grid": "1x1x1"}, {"num_kpts": 1}, {"X_bnds": 400.0}, {"G_bnds": 400.0}, {"X_cutoff": 20.0}, {"gamma_gap": 3.670323}, {"num_gw_calc": 7}, {"wall_time": 200}, {"num_cores": 8}, {"z-factor": "None"}], [{"kppa": 0}, {"kpt_grid": "1x1x1"}, {"num_kpts": 1}, {"X_bnds": 200}, {"G_bnds": 200}, {"X_cutoff": 4}, {"gamma_gap": 8}, {"num_gw_calc": 1}, {"wall_time": 12}, {"num_cores": 8}, {"z-factor": "None"}], [{"kppa": 10}, {"kpt_grid": "2x2x2"}, {"num_kpts": 1}, {"X_bnds": 200}, {"G_bnds": 200}, {"X_cutoff": 4}, {"gamma_gap": 3.083513}, {"num_gw_calc": 2}, {"wall_time": 32}, {"num_cores": 8}, {"z-factor": {"@module": "numpy", "@class": "array", "dtype": "float64", "data": [[26.0, 0.79, -0.133324], [27.0, 0.8, -0.107211]]}}], [{"kppa": 50}, {"kpt_grid": "4x4x2"}, {"num_kpts": 1}, {"X_bnds": 200}, {"G_bnds": 200}, {"X_cutoff": 4}, {"gamma_gap": 2.803592}, {"num_gw_calc": 3}, {"wall_time": 97}, {"num_cores": 8}, {"z-factor": {"@module": "numpy", "@class": "array", "dtype": "float64", "data": [[26.0, 0.79, -0.138096], [27.0, 0.8, -0.51948]]}}], [{"kppa": 200}, {"kpt_grid": "6x6x2"}, {"num_kpts": 1}, {"X_bnds": 200}, {"G_bnds": 200}, {"X_cutoff": 4}, {"gamma_gap": 2.746397}, {"num_gw_calc": 4}, {"wall_time": 112}, {"num_cores": 32}, {"z-factor": {"@module": "numpy", "@class": "array", "dtype": "float64", "data": [[26.0, 0.79, -0.136409], [27.0, 0.79, -0.242371]]}}], [{"kppa": 530}, {"kpt_grid": "8x8x2"}, {"num_kpts": 1}, {"X_bnds": 200}, {"G_bnds": 200}, {"X_cutoff": 4}, {"gamma_gap": 2.737261}, {"num_gw_calc": 5}, {"wall_time": 232}, {"num_cores": 32}, {"z-factor": {"@module": "numpy", "@class": "array", "dtype": "float64", "data": [[26.0, 0.79, -0.137685], [27.0, 0.79, -0.11803]]}}]], "conv_time": 671.4153010845184}, "gw_band_range_pbe": [1, 35], "gw_conv_lda": {"gw_conv_thr": 0.025, "gw_bnd_start": 200, "gw_bnd_step": 100, "gw_cut_start": 4, "gw_cut_step": 4, "kpt_bnd_idx": {"@module": "numpy", "@class": "array", "dtype": "int64", "data": [1, 1, 46, 47]}, "gw_bands": 200, "gw_cutoff": 4, "w_conv_grid": [[200, 4, 3.383337], [300, 4, 3.366829], [300, 8, 3.4718639999999996], [300, 8, 3.4718639999999996], [300, 12, 3.5153], [300, 12, 3.5153], [300, 16, 3.5346599999999997], [300, 16, 3.5346599999999997], [400, 16, 3.538012], [400, 20, 3.557347], [400, 20, 3.557347]], "pwcutoff": 88, "w_conv_time": [12.115557670593262, 12.104109287261963, 13.6956045627594, 13.697017192840576, 15.587607622146606, 15.589016437530518, 18.703680992126465, 18.705054998397827, 21.02638268470764, 29.808942556381226, 29.810033798217773], "w_ngw": 7, "w_z_factor": [{"@module": "numpy", "@class": "array", "dtype": "float64", "data": [[46.0, 0.79, -0.118268], [47.0, 0.78, -0.128712]]}, {"@module": "numpy", "@class": "array", "dtype": "float64", "data": [[46.0, 0.79, -0.132126], [47.0, 0.78, -0.133776]]}, {"@module": "numpy", "@class": "array", "dtype": "float64", "data": [[46.0, 0.78, -0.134222], [47.0, 0.77, -0.163929]]}, {"@module": "numpy", "@class": "array", "dtype": "float64", "data": [[46.0, 0.78, -0.132047], [47.0, 0.77, -0.132325]]}, {"@module": "numpy", "@class": "array", "dtype": "float64", "data": [[46.0, 0.78, -0.134878], [47.0, 0.77, -0.134011]]}, {"@module": "numpy", "@class": "array", "dtype": "float64", "data": [[46.0, 0.78, -0.143944], [47.0, 0.77, -0.13623]]}, {"@module": "numpy", "@class": "array", "dtype": "float64", "data": [[46.0, 0.78, -0.142275], [47.0, 0.77, -0.122387]]}], "gw_kppa": 530, "gw_kpt_grid": {"@module": "numpy", "@class": "array", "dtype": "int64", "data": [8, 8, 2]}, "conv_list": [[{"kppa": 0}, {"kpt_grid": "1x1x1"}, {"num_kpts": 1}, {"X_bnds": 400.0}, {"G_bnds": 400.0}, {"X_cutoff": 20.0}, {"gamma_gap": 3.557347}, {"num_gw_calc": 7}, {"wall_time": 282}, {"num_cores": 8}, {"z-factor": "None"}], [{"kppa": 0}, {"kpt_grid": "1x1x1"}, {"num_kpts": 1}, {"X_bnds": 200}, {"G_bnds": 200}, {"X_cutoff": 4}, {"gamma_gap": 8}, {"num_gw_calc": 1}, {"wall_time": 13}, {"num_cores": 8}, {"z-factor": "None"}], [{"kppa": 10}, {"kpt_grid": "2x2x2"}, {"num_kpts": 1}, {"X_bnds": 200}, {"G_bnds": 200}, {"X_cutoff": 4}, {"gamma_gap": 2.847885}, {"num_gw_calc": 2}, {"wall_time": 40}, {"num_cores": 8}, {"z-factor": {"@module": "numpy", "@class": "array", "dtype": "float64", "data": [[46.0, 0.79, -0.138271], [47.0, 0.8, -0.127036]]}}], [{"kppa": 50}, {"kpt_grid": "4x4x2"}, {"num_kpts": 1}, {"X_bnds": 200}, {"G_bnds": 200}, {"X_cutoff": 4}, {"gamma_gap": 2.578876}, {"num_gw_calc": 3}, {"wall_time": 149}, {"num_cores": 8}, {"z-factor": {"@module": "numpy", "@class": "array", "dtype": "float64",