{"@module": "pymatgen.entries.computed_entries", "@class": "ComputedEntry", "energy": 0.0, "composition": {"Hf": 1.0, "S": 2.0}, "entry_id": "601164", "correction": 0.0, "energy_adjustments": [], "parameters": {"id": "601164", "name": "HfS2", "ibrav": {"celldm(1)": 6.84458805637025, "ibrav": 4, "celldm(3)": 1.6145775814467145}, "vol": 448.36478462866245, "lda_pw_cutoff_Ry": 50, "qe_conv_pbe": {"qe_conv_maxiter": 20, "qe_delta_kppa": 1500, "qe_delta_cutoff": 5, "qe_conv_thresh": 0.00011024797617134141, "qe_conv_steps": [[60, 1500, -244.341068724886], [65, 1500, -244.3412268022362], [70, 1500, -244.3412883364411], [70, 3000, -244.3412994140677]], "qe_conv_time": 49.63564848899841}, "num_elec_pbe": 38.0, "max_mem": 36435.0, "qe_conv_lda": {"qe_conv_maxiter": 20, "qe_delta_kppa": 1500, "qe_delta_cutoff": 5, "qe_conv_thresh": 0.00011024797617134141, "qe_conv_steps": [[50, 1500, -78.7334584400918], [55, 1500, -78.7336437748358], [60, 1500, -78.73366846417002], [60, 3000, -78.73368239575709]], "qe_conv_time": 29.645784378051758}, "num_elec_lda": 24.0, "bg_conv_pbe": {"bg_conv_maxiter": 20, "bg_delta_kppa": 1500, "bg_delta_cutoff": 5, "bg_conv_thresh": 0.025, "bg_conv_steps": [[70, 3000, 0.9137560478976814], [70, 4500, 0.9115072467186525]], "bg_conv_time": 33.11148452758789}, "indirect_gap_pbe": 0.913736799281731, "bg_conv_lda": {"bg_conv_maxiter": 20, "bg_delta_kppa": 1500, "bg_delta_cutoff": 5, "bg_conv_thresh": 0.025, "bg_conv_steps": [[60, 3000, 0.8018538875845757], [60, 4500, 0.7991565776540513]], "bg_conv_time": 18.161105155944824}, "indirect_gap_lda": 0.8018633030654247, "gw_conv_pbe": {"gw_conv_thr": 0.025, "gw_bnd_start": 200, "gw_bnd_step": 100, "gw_cut_start": 4, "gw_cut_step": 4, "kpt_bnd_idx": {"@module": "numpy", "@class": "array", "dtype": "int64", "data": [1, 1, 19, 20]}, "gw_bands": 200, "gw_cutoff": 4, "w_conv_grid": [[200, 4, 1.0998489999999999], [300, 4, 1.10913], [300, 8, 1.582638], [300, 8, 1.582638], [300, 12, 1.745313], [300, 12, 1.745313], [300, 16, 1.7967629999999999], [300, 16, 1.7967629999999999], [300, 20, 1.816404], [300, 20, 1.816404], [400, 20, 1.824619], [400, 24, 1.83863], [400, 24, 1.83863]], "pwcutoff": 70, "w_conv_time": [12.038302421569824, 12.036003589630127, 12.29770302772522, 12.298775672912598, 12.63023042678833, 12.631097793579102, 14.25965142250061, 14.262028455734253, 15.932916641235352, 15.933801651000977, 17.01174259185791, 20.491545915603638, 20.4942946434021], "w_ngw": 8, "w_z_factor": [{"@module": "numpy", "@class": "array", "dtype": "float64", "data": [[19.0, 0.78, -0.15546], [20.0, 0.79, -0.7966]]}, {"@module": "numpy", "@class": "array", "dtype": "float64", "data": [[19.0, 0.78, -0.140092], [20.0, 0.79, -0.118203]]}, {"@module": "numpy", "@class": "array", "dtype": "float64", "data": [[19.0, 0.77, -0.156726], [20.0, 0.79, -0.102985]]}, {"@module": "numpy", "@class": "array", "dtype": "float64", "data": [[19.0, 0.77, -0.140323], [20.0, 0.78, -0.117357]]}, {"@module": "numpy", "@class": "array", "dtype": "float64", "data": [[19.0, 0.77, -0.140394], [20.0, 0.78, -0.118388]]}, {"@module": "numpy", "@class": "array", "dtype": "float64", "data": [[19.0, 0.77, -0.140666], [20.0, 0.78, -0.118312]]}, {"@module": "numpy", "@class": "array", "dtype": "float64", "data": [[19.0, 0.77, -0.150316], [20.0, 0.78, -0.121875]]}, {"@module": "numpy", "@class": "array", "dtype": "float64", "data": [[19.0, 0.77, -0.145432], [20.0, 0.78, -0.109113]]}], "gw_kppa": 240, "gw_kpt_grid": {"@module": "numpy", "@class": "array", "dtype": "int64", "data": [6, 6, 4]}, "conv_list": [[{"kppa": 0}, {"kpt_grid": "1x1x1"}, {"num_kpts": 1}, {"X_bnds": 400.0}, {"G_bnds": 400.0}, {"X_cutoff": 24.0}, {"gamma_gap": 1.83863}, {"num_gw_calc": 8}, {"wall_time": 222}, {"num_cores": 8}, {"z-factor": "None"}], [{"kppa": 0}, {"kpt_grid": "1x1x1"}, {"num_kpts": 1}, {"X_bnds": 200}, {"G_bnds": 200}, {"X_cutoff": 4}, {"gamma_gap": 8}, {"num_gw_calc": 1}, {"wall_time": 13}, {"num_cores": 8}, {"z-factor": "None"}], [{"kppa": 10}, {"kpt_grid": "2x2x2"}, {"num_kpts": 1}, {"X_bnds": 200}, {"G_bnds": 200}, {"X_cutoff": 4}, {"gamma_gap": 1.729436}, {"num_gw_calc": 2}, {"wall_time": 24}, {"num_cores": 8}, {"z-factor": {"@module": "numpy", "@class": "array", "dtype": "float64", "data": [[19.0, 0.79, -0.133851]]}}], [{"kppa": 60}, {"kpt_grid": "4x4x2"}, {"num_kpts": 1}, {"X_bnds": 200}, {"G_bnds": 200}, {"X_cutoff": 4}, {"gamma_gap": 1.677314}, {"num_gw_calc": 3}, {"wall_time": 54}, {"num_cores": 8}, {"z-factor": {"@module": "numpy", "@class": "array", "dtype": "float64", "data": [[19.0, 0.79, -0.131003], [20.0, 0.8, -0.642089]]}}], [{"kppa": 220}, {"kpt_grid": "4x4x4"}, {"num_kpts": 1}, {"X_bnds": 200}, {"G_bnds": 200}, {"X_cutoff": 4}, {"gamma_gap": 1.7341870000000001}, {"num_gw_calc": 4}, {"wall_time": 49}, {"num_cores": 32}, {"z-factor": {"@module": "numpy", "@class": "array", "dtype": "float64", "data": [[19.0, 0.8, -0.128962], [20.0, 0.8, -0.204982]]}}], [{"kppa": 240}, {"kpt_grid": "6x6x4"}, {"num_kpts": 1}, {"X_bnds": 200}, {"G_bnds": 200}, {"X_cutoff": 4}, {"gamma_gap": 1.713606}, {"num_gw_calc": 5}, {"wall_time": 136}, {"num_cores": 32}, {"z-factor": {"@module": "numpy", "@class": "array", "dtype": "float64", "data": [[19.0, 0.79, -0.128791], [20.0, 0.8, -0.833481]]}}]], "conv_time": 481.57943511009216}, "gw_band_range_pbe": [1, 23], "gw_conv_lda": {"gw_conv_thr": 0.025, "gw_bnd_start": 200, "gw_bnd_step": 100, "gw_cut_start": 4, "gw_cut_step": 4, "kpt_bnd_idx": {"@module": "numpy", "@class": "array", "dtype": "int64", "data": [1, 1, 12, 13]}, "gw_bands": 200, "gw_cutoff": 4, "w_conv_grid": [[200, 4, 2.425151], [300, 4, 2.423664], [300, 8, 2.635884], [300, 8, 2.635884], [300, 12, 2.727058], [300, 12, 2.727058], [300, 16, 2.74987], [300, 16, 2.74987], [400, 16, 2.754243], [400, 20, 2.7583509999999998], [400, 20, 2.7583509999999998]], "pwcutoff": 60, "w_conv_time": [12.244534254074097, 11.836700916290283, 12.152247428894043, 12.15307354927063, 12.813592433929443, 12.81436538696289, 14.156185150146484, 14.158109664916992, 14.446080207824707, 16.622636079788208, 16.623992443084717], "w_ngw": 7, "w_z_factor": [{"@module": "numpy", "@class": "array", "dtype": "float64", "data": [[12.0, 0.78, -0.135047], [13.0, 0.8, -0.107202]]}, {"@module": "numpy", "@class": "array", "dtype": "float64", "data": [[12.0, 0.78, -0.136354], [13.0, 0.8, -0.102756]]}, {"@module": "numpy", "@class": "array", "dtype": "float64", "data": [[12.0, 0.77, -0.134431], [13.0, 0.79, -0.113156]]}, {"@module": "numpy", "@class": "array", "dtype": "float64", "data": [[12.0, 0.77, -0.132221], [13.0, 0.79, -0.106042]]}, {"@module": "numpy", "@class": "array", "dtype": "float64", "data": [[12.0, 0.77, -0.131854], [13.0, 0.79, -0.105377]]}, {"@module": "numpy", "@class": "array", "dtype": "float64", "data": [[12.0, 0.77, -0.115348], [13.0, 0.79, -0.119129]]}, {"@module": "numpy", "@class": "array", "dtype": "float64", "data": [[12.0, 0.77, -0.130139], [13.0, 0.79, -0.105767]]}], "gw_kppa": 240, "gw_kpt_grid": {"@module": "numpy", "@class": "array", "dtype": "int64", "data": [6, 6, 4]}, "conv_list": [[{"kppa": 0}, {"kpt_grid": "1x1x1"}, {"num_kpts": 1}, {"X_bnds": 400.0}, {"G_bnds": 400.0}, {"X_cutoff": 20.0}, {"gamma_gap": 2.7583509999999998}, {"num_gw_calc": 7}, {"wall_time": 174}, {"num_cores": 8}, {"z-factor": "None"}], [{"kppa": 0}, {"kpt_grid": "1x1x1"}, {"num_kpts": 1}, {"X_bnds": 200}, {"G_bnds": 200}, {"X_cutoff": 4}, {"gamma_gap": 8}, {"num_gw_calc": 1}, {"wall_time": 13}, {"num_cores": 8}, {"z-factor": "None"}], [{"kppa": 10}, {"kpt_grid": "2x2x2"}, {"num_kpts": 1}, {"X_bnds": 200}, {"G_bnds": 200}, {"X_cutoff": 4}, {"gamma_gap": 3.084924}, {"num_gw_calc": 2}, {"wall_time": 21}, {"num_cores": 8}, {"z-factor": {"@module": "numpy", "@class": "array", "dtype": "float64",