{"@module": "pymatgen.entries.computed_entries", "@class": "ComputedEntry", "energy": 0.0, "composition": {"Al": 2.0, "N": 2.0}, "entry_id": "602460", "correction": 0.0, "energy_adjustments": [], "parameters": {"id": "602460", "name": "AlN", "ibrav": {"celldm(1)": 5.879259255476927, "ibrav": 4, "celldm(3)": 1.6007386288759535}, "vol": 281.72078620018146, "lda_pw_cutoff_Ry": 72, "qe_conv_pbe": {"qe_conv_maxiter": 20, "qe_delta_kppa": 1500, "qe_delta_cutoff": 5, "qe_conv_thresh": 0.00014699730156178854, "qe_conv_steps": [[60, 1500, -158.5148707024634], [65, 1500, -158.5188070172967], [70, 1500, -158.5204319720572], [75, 1500, -158.5210258477739], [80, 1500, -158.5212277939335], [85, 1500, -158.5212789733095], [85, 3000, -158.5212813695715]], "qe_conv_time": 35.77869391441345}, "num_elec_pbe": 32.0, "max_mem": 25672.0, "qe_conv_lda": {"qe_conv_maxiter": 20, "qe_delta_kppa": 1500, "qe_delta_cutoff": 5, "qe_conv_thresh": 0.00014699730156178854, "qe_conv_steps": [[72, 1500, -25.68634723023162], [77, 1500, -25.6866369786889], [82, 1500, -25.68671378378763], [82, 3000, -25.68671642062582]], "qe_conv_time": 16.557677030563354}, "num_elec_lda": 16.0, "bg_conv_pbe": {"bg_conv_maxiter": 20, "bg_delta_kppa": 1500, "bg_delta_cutoff": 5, "bg_conv_thresh": 0.025, "bg_conv_steps": [[85, 3000, 4.144574749036845], [85, 4500, 4.14458039343679]], "bg_conv_time": 14.239327669143677}, "indirect_gap_pbe": 4.14457767595215, "bg_conv_lda": {"bg_conv_maxiter": 20, "bg_delta_kppa": 1500, "bg_delta_cutoff": 5, "bg_conv_thresh": 0.025, "bg_conv_steps": [[82, 3000, 4.164991932784633], [82, 4500, 4.164999317082328]], "bg_conv_time": 9.87171196937561}, "indirect_gap_lda": 4.164991060149932, "gw_conv_pbe": {"gw_conv_thr": 0.025, "gw_bnd_start": 200, "gw_bnd_step": 100, "gw_cut_start": 4, "gw_cut_step": 4, "kpt_bnd_idx": {"@module": "numpy", "@class": "array", "dtype": "int64", "data": [1, 1, 16, 17]}, "gw_bands": 200, "gw_cutoff": 4, "w_conv_grid": [[200, 4, 3.49133], [300, 4, 3.4876810000000003], [300, 8, 4.086716], [300, 8, 4.086716], [300, 12, 4.192176], [300, 12, 4.192176], [300, 16, 4.2154229999999995], [300, 16, 4.2154229999999995], [400, 16, 4.21598], [400, 20, 4.223637], [400, 20, 4.223637]], "pwcutoff": 85, "w_conv_time": [12.592104434967041, 12.253543615341187, 12.464766263961792, 12.467039108276367, 12.769350051879883, 12.772265911102295, 13.118600130081177, 13.120556592941284, 13.415335178375244, 13.996790885925293, 13.998818397521973], "w_ngw": 7, "w_z_factor": [{"@module": "numpy", "@class": "array", "dtype": "float64", "data": [[16.0, 0.8, -0.108788], [17.0, 0.81, -0.104475]]}, {"@module": "numpy", "@class": "array", "dtype": "float64", "data": [[16.0, 0.8, -0.108729], [17.0, 0.81, -0.104272]]}, {"@module": "numpy", "@class": "array", "dtype": "float64", "data": [[16.0, 0.79, -0.107721], [17.0, 0.8, -0.104942]]}, {"@module": "numpy", "@class": "array", "dtype": "float64", "data": [[16.0, 0.78, -0.107251], [17.0, 0.8, -0.105223]]}, {"@module": "numpy", "@class": "array", "dtype": "float64", "data": [[16.0, 0.78, -0.107213], [17.0, 0.8, -0.105289]]}, {"@module": "numpy", "@class": "array", "dtype": "float64", "data": [[16.0, 0.78, -0.107262], [17.0, 0.8, -0.105207]]}, {"@module": "numpy", "@class": "array", "dtype": "float64", "data": [[16.0, 0.78, -0.107321], [17.0, 0.8, -0.105155]]}], "gw_kppa": 280, "gw_kpt_grid": {"@module": "numpy", "@class": "array", "dtype": "int64", "data": [4, 4, 4]}, "conv_list": [[{"kppa": 0}, {"kpt_grid": "1x1x1"}, {"num_kpts": 1}, {"X_bnds": 400.0}, {"G_bnds": 400.0}, {"X_cutoff": 20.0}, {"gamma_gap": 4.223637}, {"num_gw_calc": 7}, {"wall_time": 185}, {"num_cores": 8}, {"z-factor": "None"}], [{"kppa": 0}, {"kpt_grid": "1x1x1"}, {"num_kpts": 1}, {"X_bnds": 200}, {"G_bnds": 200}, {"X_cutoff": 4}, {"gamma_gap": 8}, {"num_gw_calc": 1}, {"wall_time": 13}, {"num_cores": 8}, {"z-factor": "None"}], [{"kppa": 10}, {"kpt_grid": "2x2x2"}, {"num_kpts": 1}, {"X_bnds": 200}, {"G_bnds": 200}, {"X_cutoff": 4}, {"gamma_gap": 4.825907}, {"num_gw_calc": 2}, {"wall_time": 23}, {"num_cores": 8}, {"z-factor": {"@module": "numpy", "@class": "array", "dtype": "float64", "data": [[16.0, 0.81, -0.108734], [17.0, 0.83, -0.974377]]}}], [{"kppa": 70}, {"kpt_grid": "4x4x2"}, {"num_kpts": 1}, {"X_bnds": 200}, {"G_bnds": 200}, {"X_cutoff": 4}, {"gamma_gap": 5.065291}, {"num_gw_calc": 3}, {"wall_time": 48}, {"num_cores": 8}, {"z-factor": {"@module": "numpy", "@class": "array", "dtype": "float64", "data": [[16.0, 0.81, -0.106831], [17.0, 0.84, -0.925398]]}}], [{"kppa": 280}, {"kpt_grid": "4x4x4"}, {"num_kpts": 1}, {"X_bnds": 200}, {"G_bnds": 200}, {"X_cutoff": 4}, {"gamma_gap": 5.051195}, {"num_gw_calc": 4}, {"wall_time": 43}, {"num_cores": 32}, {"z-factor": {"@module": "numpy", "@class": "array", "dtype": "float64", "data": [[16.0, 0.81, -0.106252], [17.0, 0.84, -0.920635]]}}]], "conv_time": 297.4894485473633}, "gw_band_range_pbe": [1, 19], "gw_conv_lda": {"gw_conv_thr": 0.025, "gw_bnd_start": 200, "gw_bnd_step": 100, "gw_cut_start": 4, "gw_cut_step": 4, "kpt_bnd_idx": {"@module": "numpy", "@class": "array", "dtype": "int64", "data": [1, 1, 8, 9]}, "gw_bands": 200, "gw_cutoff": 4, "w_conv_grid": [[200, 4, 3.842795], [300, 4, 3.84207], [300, 8, 4.447157], [300, 8, 4.447157], [300, 12, 4.545377], [300, 12, 4.545377], [300, 16, 4.568761], [300, 16, 4.568761], [400, 16, 4.571096], [400, 20, 4.579369], [400, 20, 4.579369]], "pwcutoff": 82, "w_conv_time": [12.571658849716187, 12.535033464431763, 12.682846307754517, 12.685065031051636, 12.834531545639038, 12.836233377456665, 12.839896440505981, 12.841675758361816, 13.394652366638184, 13.90104627609253, 13.902603149414062], "w_ngw": 7, "w_z_factor": [{"@module": "numpy", "@class": "array", "dtype": "float64", "data": [[8.0, 0.79, -0.11618], [9.0, 0.81, -0.112158]]}, {"@module": "numpy", "@class": "array", "dtype": "float64", "data": [[8.0, 0.79, -0.116135], [9.0, 0.81, -0.112134]]}, {"@module": "numpy", "@class": "array", "dtype": "float64", "data": [[8.0, 0.78, -0.913816], [9.0, 0.8, -0.105549]]}, {"@module": "numpy", "@class": "array", "dtype": "float64", "data": [[8.0, 0.78, -0.106961], [9.0, 0.8, -0.1112]]}, {"@module": "numpy", "@class": "array", "dtype": "float64", "data": [[8.0, 0.78, -0.106855], [9.0, 0.79, -0.111363]]}, {"@module": "numpy", "@class": "array", "dtype": "float64", "data": [[8.0, 0.78, -0.107663], [9.0, 0.79, -0.111422]]}, {"@module": "numpy", "@class": "array", "dtype": "float64", "data": [[8.0, 0.78, -0.108253], [9.0, 0.79, -0.111554]]}], "gw_kppa": 280, "gw_kpt_grid": {"@module": "numpy", "@class": "array", "dtype": "int64", "data": [4, 4, 4]}, "conv_list": [[{"kppa": 0}, {"kpt_grid": "1x1x1"}, {"num_kpts": 1}, {"X_bnds": 400.0}, {"G_bnds": 400.0}, {"X_cutoff": 20.0}, {"gamma_gap": 4.579369}, {"num_gw_calc": 7}, {"wall_time": 148}, {"num_cores": 8}, {"z-factor": "None"}], [{"kppa": 0}, {"kpt_grid": "1x1x1"}, {"num_kpts": 1}, {"X_bnds": 200}, {"G_bnds": 200}, {"X_cutoff": 4}, {"gamma_gap": 8}, {"num_gw_calc": 1}, {"wall_time": 13}, {"num_cores": 8}, {"z-factor": "None"}], [{"kppa": 10}, {"kpt_grid": "2x2x2"}, {"num_kpts": 1}, {"X_bnds": 200}, {"G_bnds": 200}, {"X_cutoff": 4}, {"gamma_gap": 5.116204}, {"num_gw_calc": 2}, {"wall_time": 22}, {"num_cores": 8}, {"z-factor": {"@module": "numpy", "@class": "array", "dtype": "float64", "data": [[8.0, 0.8, -0.118299], [9.0, 0.82, -0.107699]]}}], [{"kppa": 70}, {"kpt_grid": "4x4x2"}, {"num_kpts": 1}, {"X_bnds": 200}, {"G_bnds": 200}, {"X_cutoff": 4}, {"gamma_gap": 5.335079}, {"num_gw_calc": 3}, {"wall_time": 39}, {"num_cores": 8}, {"z-factor": {"@module": "numpy", "@class": "array", "dtype": "float64", "data": [[8.0, 0.81, -0.117333], [9.0, 0.83, -0.103052]]}}], [{"kppa": 280}, {"kpt_grid": "4x4x4"}, {"num_kpts": 1}, {"X_bnds": 200}, {"G_bnds": 200}, {"X_cutoff": 4}, {"gamma_gap": 5.322210999999999}, {"num_gw_calc": 4}, {"wall_time": 36}, {"num_cores": 32}, {"z-factor": {"@module": "numpy", "@class": "array", "dtype": "float64",