{"@module": "pymatgen.entries.computed_entries", "@class": "ComputedEntry", "energy": 0.0, "composition": {"B": 1.0, "P": 1.0}, "entry_id": "602964", "correction": 0.0, "energy_adjustments": [], "parameters": {"id": "602964", "name": "BP", "ibrav": {"celldm(1)": 8.585025825535627, "ibrav": 2}, "vol": 158.1848279601226, "lda_pw_cutoff_Ry": 68, "qe_conv_pbe": {"qe_conv_maxiter": 20, "qe_delta_kppa": 1500, "qe_delta_cutoff": 5, "qe_conv_thresh": 7.349865078089427e-05, "qe_conv_steps": [[60, 1500, -9.463361637607747], [65, 1500, -9.463402357384783], [65, 3000, -9.463411612867372]], "qe_conv_time": 11.862557888031006}, "num_elec_pbe": 8.0, "max_mem": 22121.0, "qe_conv_lda": {"qe_conv_maxiter": 20, "qe_delta_kppa": 1500, "qe_delta_cutoff": 5, "qe_conv_thresh": 7.349865078089427e-05, "qe_conv_steps": [[68, 1500, -9.947047119379235], [73, 1500, -9.94711868864437], [73, 3000, -9.947128562344748]], "qe_conv_time": 11.71016812324524}, "num_elec_lda": 8.0, "bg_conv_pbe": {"bg_conv_maxiter": 20, "bg_delta_kppa": 1500, "bg_delta_cutoff": 5, "bg_conv_thresh": 0.025, "bg_conv_steps": [[65, 3000, 1.2771405952298418], [65, 4500, 1.2827504662038018]], "bg_conv_time": 7.5599141120910645}, "indirect_gap_pbe": 1.2771416283226018, "bg_conv_lda": {"bg_conv_maxiter": 20, "bg_delta_kppa": 1500, "bg_delta_cutoff": 5, "bg_conv_thresh": 0.025, "bg_conv_steps": [[73, 3000, 1.1982974322103792], [73, 4500, 1.2043772739883212]], "bg_conv_time": 7.644553899765015}, "indirect_gap_lda": 1.1983014370249638, "gw_conv_pbe": {"gw_conv_thr": 0.025, "gw_bnd_start": 200, "gw_bnd_step": 100, "gw_cut_start": 4, "gw_cut_step": 4, "kpt_bnd_idx": {"@module": "numpy", "@class": "array", "dtype": "int64", "data": [1, 1, 4, 5]}, "gw_bands": 200, "gw_cutoff": 4, "w_conv_grid": [[200, 4, 3.3592669999999996], [300, 4, 3.3592500000000003], [300, 8, 3.622295], [300, 8, 3.622295], [300, 12, 3.725211], [300, 12, 3.725211], [300, 16, 3.74543], [300, 16, 3.74543], [400, 16, 3.745546], [400, 20, 3.761757], [400, 20, 3.761757]], "pwcutoff": 83, "w_conv_time": [10.506668329238892, 9.853524446487427, 9.947638273239136, 9.949794292449951, 10.176631689071655, 10.1775643825531, 10.422515392303467, 10.42466425895691, 10.332361221313477, 10.813586950302124, 10.815777063369751], "w_ngw": 7, "w_z_factor": [{"@module": "numpy", "@class": "array", "dtype": "float64", "data": [[4.0, 0.81, -0.749], [5.0, 0.82, -0.710098]]}, {"@module": "numpy", "@class": "array", "dtype": "float64", "data": [[4.0, 0.81, -0.748836], [5.0, 0.82, -0.710187]]}, {"@module": "numpy", "@class": "array", "dtype": "float64", "data": [[4.0, 0.81, -0.777807], [5.0, 0.81, -0.796217]]}, {"@module": "numpy", "@class": "array", "dtype": "float64", "data": [[4.0, 0.81, -0.737051], [5.0, 0.81, -0.79475]]}, {"@module": "numpy", "@class": "array", "dtype": "float64", "data": [[4.0, 0.81, -0.736261], [5.0, 0.81, -0.79476]]}, {"@module": "numpy", "@class": "array", "dtype": "float64", "data": [[4.0, 0.81, -0.735928], [5.0, 0.81, -0.795052]]}, {"@module": "numpy", "@class": "array", "dtype": "float64", "data": [[4.0, 0.81, -0.736352], [5.0, 0.81, -0.795385]]}], "gw_kppa": 260, "gw_kpt_grid": {"@module": "numpy", "@class": "array", "dtype": "int64", "data": [6, 6, 6]}, "conv_list": [[{"kppa": 0}, {"kpt_grid": "1x1x1"}, {"num_kpts": 1}, {"X_bnds": 400.0}, {"G_bnds": 400.0}, {"X_cutoff": 20.0}, {"gamma_gap": 3.761757}, {"num_gw_calc": 7}, {"wall_time": 120}, {"num_cores": 8}, {"z-factor": "None"}], [{"kppa": 0}, {"kpt_grid": "1x1x1"}, {"num_kpts": 1}, {"X_bnds": 200}, {"G_bnds": 200}, {"X_cutoff": 4}, {"gamma_gap": 8}, {"num_gw_calc": 1}, {"wall_time": 11}, {"num_cores": 8}, {"z-factor": "None"}], [{"kppa": 10}, {"kpt_grid": "2x2x2"}, {"num_kpts": 1}, {"X_bnds": 200}, {"G_bnds": 200}, {"X_cutoff": 4}, {"gamma_gap": 4.05811}, {"num_gw_calc": 2}, {"wall_time": 16}, {"num_cores": 8}, {"z-factor": {"@module": "numpy", "@class": "array", "dtype": "float64", "data": [[4.0, 0.81, -0.102149], [5.0, 0.81, -0.104562]]}}], [{"kppa": 60}, {"kpt_grid": "4x4x4"}, {"num_kpts": 1}, {"X_bnds": 200}, {"G_bnds": 200}, {"X_cutoff": 4}, {"gamma_gap": 4.091488}, {"num_gw_calc": 3}, {"wall_time": 30}, {"num_cores": 8}, {"z-factor": {"@module": "numpy", "@class": "array", "dtype": "float64", "data": [[4.0, 0.8, -0.115183], [5.0, 0.8, -0.870614]]}}], [{"kppa": 260}, {"kpt_grid": "6x6x6"}, {"num_kpts": 1}, {"X_bnds": 200}, {"G_bnds": 200}, {"X_cutoff": 4}, {"gamma_gap": 4.102588}, {"num_gw_calc": 4}, {"wall_time": 79}, {"num_cores": 32}, {"z-factor": {"@module": "numpy", "@class": "array", "dtype": "float64", "data": [[4.0, 0.8, -0.116658], [5.0, 0.8, -0.119677]]}}]], "conv_time": 242.56077551841736}, "gw_band_range_pbe": [1, 8], "gw_conv_lda": {"gw_conv_thr": 0.025, "gw_bnd_start": 200, "gw_bnd_step": 100, "gw_cut_start": 4, "gw_cut_step": 4, "kpt_bnd_idx": {"@module": "numpy", "@class": "array", "dtype": "int64", "data": [1, 1, 4, 5]}, "gw_bands": 200, "gw_cutoff": 4, "w_conv_grid": [[200, 4, 3.569597], [300, 4, 3.569564], [300, 8, 3.835078], [300, 8, 3.835078], [300, 12, 3.937351], [300, 12, 3.937351], [300, 16, 3.9574360000000004], [300, 16, 3.9574360000000004], [400, 16, 3.9575430000000003], [400, 20, 3.973827], [400, 20, 3.973827]], "pwcutoff": 83, "w_conv_time": [10.462498903274536, 10.4561607837677, 10.563089609146118, 10.565227508544922, 10.629194974899292, 10.630582332611084, 10.177218675613403, 10.178825378417969, 11.15440821647644, 11.246357440948486, 11.247293949127197], "w_ngw": 7, "w_z_factor": [{"@module": "numpy", "@class": "array", "dtype": "float64", "data": [[4.0, 0.81, -0.743224], [5.0, 0.82, -0.715362]]}, {"@module": "numpy", "@class": "array", "dtype": "float64", "data": [[4.0, 0.81, -0.743262], [5.0, 0.82, -0.715304]]}, {"@module": "numpy", "@class": "array", "dtype": "float64", "data": [[4.0, 0.81, -0.739601], [5.0, 0.81, -0.766383]]}, {"@module": "numpy", "@class": "array", "dtype": "float64", "data": [[4.0, 0.81, -0.753385], [5.0, 0.81, -0.767539]]}, {"@module": "numpy", "@class": "array", "dtype": "float64", "data": [[4.0, 0.81, -0.753216], [5.0, 0.81, -0.767409]]}, {"@module": "numpy", "@class": "array", "dtype": "float64", "data": [[4.0, 0.81, -0.753067], [5.0, 0.81, -0.767443]]}, {"@module": "numpy", "@class": "array", "dtype": "float64", "data": [[4.0, 0.81, -0.750737], [5.0, 0.81, -0.765153]]}], "gw_kppa": 60, "gw_kpt_grid": {"@module": "numpy", "@class": "array", "dtype": "int64", "data": [4, 4, 4]}, "conv_list": [[{"kppa": 0}, {"kpt_grid": "1x1x1"}, {"num_kpts": 1}, {"X_bnds": 400.0}, {"G_bnds": 400.0}, {"X_cutoff": 20.0}, {"gamma_gap": 3.973827}, {"num_gw_calc": 7}, {"wall_time": 119}, {"num_cores": 8}, {"z-factor": "None"}], [{"kppa": 0}, {"kpt_grid": "1x1x1"}, {"num_kpts": 1}, {"X_bnds": 200}, {"G_bnds": 200}, {"X_cutoff": 4}, {"gamma_gap": 8}, {"num_gw_calc": 1}, {"wall_time": 11}, {"num_cores": 8}, {"z-factor": "None"}], [{"kppa": 10}, {"kpt_grid": "2x2x2"}, {"num_kpts": 1}, {"X_bnds": 200}, {"G_bnds": 200}, {"X_cutoff": 4}, {"gamma_gap": 4.095471}, {"num_gw_calc": 2}, {"wall_time": 16}, {"num_cores": 8}, {"z-factor": {"@module": "numpy", "@class": "array", "dtype": "float64", "data": [[4.0, 0.81, -0.102532], [5.0, 0.81, -0.10454]]}}], [{"kppa": 60}, {"kpt_grid": "4x4x4"}, {"num_kpts": 1}, {"X_bnds": 200}, {"G_bnds": 200}, {"X_cutoff": 4}, {"gamma_gap": 4.096258000000001}, {"num_gw_calc": 3}, {"wall_time": 28}, {"num_cores": 8}, {"z-factor": {"@module": "numpy", "@class": "array", "dtype": "float64", "data": [[4.0, 0.8, -0.115883], [5.0, 0.8, -0.119035]]}}]], "conv_time": 162.34071326255798}, "gw_band_range_lda": [1, 8], "g0w0_ppa_pbe": {"gw_direct_gap": 4.319298, "kppa": 690, "kpt_grid": "8x8x8", "num_kpt": 29, "bands_in X": 500, "bands_in_G": 500, "cutoff": 24, "z_factor": [[4.0, 0.8, -0.00117548], [5.0, 0.8, -0.00120994]], "scissor": 0.898311, "ncpu": 32, "calc_time": 1184.0235993862152}, "g0w0_ppa_lda": {"gw_direct_gap": 4.309692, "kppa": 260, "kpt_grid": "6x6x6", "num_kpt": 16, "bands_in X": 500, "bands_in_G": 500, "cutoff": 24,