{"@module": "pymatgen.entries.computed_entries", "@class": "ComputedEntry", "energy": 0.0, "composition": {"Ca": 1.0, "S": 1.0}, "entry_id": "603165", "correction": 0.0, "energy_adjustments": [], "parameters": {"id": "603165", "name": "CaS", "ibrav": {"celldm(1)": 10.771438962261298, "ibrav": 2}, "vol": 312.4360820303754, "lda_pw_cutoff_Ry": 60, "qe_conv_pbe": {"qe_conv_maxiter": 20, "qe_delta_kppa": 1500, "qe_delta_cutoff": 5, "qe_conv_thresh": 7.349865078089427e-05, "qe_conv_steps": [[60, 1500, -47.25946745911819], [65, 1500, -47.25949620011302], [65, 3000, -47.25949629307621]], "qe_conv_time": 12.569079875946045}, "num_elec_pbe": 16.0, "max_mem": 33317.0, "qe_conv_lda": {"qe_conv_maxiter": 20, "qe_delta_kppa": 1500, "qe_delta_cutoff": 5, "qe_conv_thresh": 7.349865078089427e-05, "qe_conv_steps": [[60, 1500, -49.89594382202881], [65, 1500, -49.89604107812966], [70, 1500, -49.89606393820036], [70, 3000, -49.89606406920133]], "qe_conv_time": 19.369730710983276}, "num_elec_lda": 16.0, "bg_conv_pbe": {"bg_conv_maxiter": 20, "bg_delta_kppa": 1500, "bg_delta_cutoff": 5, "bg_conv_thresh": 0.025, "bg_conv_steps": [[65, 3000, 2.372971215216424], [65, 4500, 2.373008124660259]], "bg_conv_time": 10.176141738891602}, "indirect_gap_pbe": 2.373007216012112, "bg_conv_lda": {"bg_conv_maxiter": 20, "bg_delta_kppa": 1500, "bg_delta_cutoff": 5, "bg_conv_thresh": 0.025, "bg_conv_steps": [[70, 3000, 2.157488751072549], [70, 4500, 2.1574707176303387]], "bg_conv_time": 10.447984218597412}, "indirect_gap_lda": 2.1574731089871664, "gw_conv_pbe": {"gw_conv_thr": 0.025, "gw_bnd_start": 200, "gw_bnd_step": 100, "gw_cut_start": 4, "gw_cut_step": 4, "kpt_bnd_idx": {"@module": "numpy", "@class": "array", "dtype": "int64", "data": [1, 1, 8, 9]}, "gw_bands": 200, "gw_cutoff": 4, "w_conv_grid": [[200, 4, 3.755744], [300, 4, 3.753352], [300, 8, 3.957741], [300, 8, 3.957741], [300, 12, 4.022353], [300, 12, 4.022353], [300, 16, 4.035491], [300, 16, 4.035491], [400, 16, 4.040099], [400, 20, 4.049799], [400, 20, 4.049799]], "pwcutoff": 65, "w_conv_time": [12.170080423355103, 11.992440700531006, 12.292510271072388, 12.294291019439697, 12.522063970565796, 12.523535966873169, 12.774638414382935, 12.776018619537354, 13.06231951713562, 14.572752952575684, 14.57375955581665], "w_ngw": 7, "w_z_factor": [{"@module": "numpy", "@class": "array", "dtype": "float64", "data": [[8.0, 0.78, -0.146402], [9.0, 0.81, -0.117277]]}, {"@module": "numpy", "@class": "array", "dtype": "float64", "data": [[8.0, 0.78, -0.149999], [9.0, 0.81, -0.118643]]}, {"@module": "numpy", "@class": "array", "dtype": "float64", "data": [[8.0, 0.77, -0.139716], [9.0, 0.81, -0.116999]]}, {"@module": "numpy", "@class": "array", "dtype": "float64", "data": [[8.0, 0.77, -0.137193], [9.0, 0.81, -0.116392]]}, {"@module": "numpy", "@class": "array", "dtype": "float64", "data": [[8.0, 0.77, -0.137075], [9.0, 0.81, -0.116402]]}, {"@module": "numpy", "@class": "array", "dtype": "float64", "data": [[8.0, 0.77, -0.136814], [9.0, 0.81, -0.11651]]}, {"@module": "numpy", "@class": "array", "dtype": "float64", "data": [[8.0, 0.77, -0.137074], [9.0, 0.81, -0.116371]]}], "gw_kppa": 260, "gw_kpt_grid": {"@module": "numpy", "@class": "array", "dtype": "int64", "data": [6, 6, 6]}, "conv_list": [[{"kppa": 0}, {"kpt_grid": "1x1x1"}, {"num_kpts": 1}, {"X_bnds": 400.0}, {"G_bnds": 400.0}, {"X_cutoff": 20.0}, {"gamma_gap": 4.049799}, {"num_gw_calc": 7}, {"wall_time": 139}, {"num_cores": 8}, {"z-factor": "None"}], [{"kppa": 0}, {"kpt_grid": "1x1x1"}, {"num_kpts": 1}, {"X_bnds": 200}, {"G_bnds": 200}, {"X_cutoff": 4}, {"gamma_gap": 8}, {"num_gw_calc": 1}, {"wall_time": 13}, {"num_cores": 8}, {"z-factor": "None"}], [{"kppa": 10}, {"kpt_grid": "2x2x2"}, {"num_kpts": 1}, {"X_bnds": 200}, {"G_bnds": 200}, {"X_cutoff": 4}, {"gamma_gap": 5.176063}, {"num_gw_calc": 2}, {"wall_time": 19}, {"num_cores": 8}, {"z-factor": {"@module": "numpy", "@class": "array", "dtype": "float64", "data": [[8.0, 0.79, -0.142608], [9.0, 0.82, -0.118228]]}}], [{"kppa": 60}, {"kpt_grid": "4x4x4"}, {"num_kpts": 1}, {"X_bnds": 200}, {"G_bnds": 200}, {"X_cutoff": 4}, {"gamma_gap": 5.340277}, {"num_gw_calc": 3}, {"wall_time": 46}, {"num_cores": 8}, {"z-factor": {"@module": "numpy", "@class": "array", "dtype": "float64", "data": [[8.0, 0.8, -0.1455], [9.0, 0.83, -0.116768]]}}], [{"kppa": 260}, {"kpt_grid": "6x6x6"}, {"num_kpts": 1}, {"X_bnds": 200}, {"G_bnds": 200}, {"X_cutoff": 4}, {"gamma_gap": 5.341554}, {"num_gw_calc": 4}, {"wall_time": 67}, {"num_cores": 32}, {"z-factor": {"@module": "numpy", "@class": "array", "dtype": "float64", "data": [[8.0, 0.8, -0.147702], [9.0, 0.83, -0.114278]]}}]], "conv_time": 268.4773337841034}, "gw_band_range_pbe": [1, 15], "gw_conv_lda": {"gw_conv_thr": 0.025, "gw_bnd_start": 200, "gw_bnd_step": 100, "gw_cut_start": 4, "gw_cut_step": 4, "kpt_bnd_idx": {"@module": "numpy", "@class": "array", "dtype": "int64", "data": [1, 1, 8, 9]}, "gw_bands": 200, "gw_cutoff": 4, "w_conv_grid": [[200, 4, 4.055559000000001], [300, 4, 4.05472], [300, 8, 4.2596799999999995], [300, 8, 4.2596799999999995], [300, 12, 4.317707], [300, 12, 4.317707], [300, 16, 4.329109], [300, 16, 4.329109], [400, 16, 4.333278], [400, 20, 4.341921], [400, 20, 4.341921]], "pwcutoff": 70, "w_conv_time": [12.054840087890625, 12.212110996246338, 12.144183158874512, 12.145179033279419, 12.436782836914062, 12.438061952590942, 12.987326622009277, 12.988783121109009, 13.153629541397095, 14.81283187866211, 14.8203284740448], "w_ngw": 7, "w_z_factor": [{"@module": "numpy", "@class": "array", "dtype": "float64", "data": [[8.0, 0.78, -0.156714], [9.0, 0.81, -0.120388]]}, {"@module": "numpy", "@class": "array", "dtype": "float64", "data": [[8.0, 0.77, -0.16164], [9.0, 0.81, -0.122381]]}, {"@module": "numpy", "@class": "array", "dtype": "float64", "data": [[8.0, 0.77, -0.138703], [9.0, 0.81, -0.116928]]}, {"@module": "numpy", "@class": "array", "dtype": "float64", "data": [[8.0, 0.77, -0.133306], [9.0, 0.81, -0.119288]]}, {"@module": "numpy", "@class": "array", "dtype": "float64", "data": [[8.0, 0.77, -0.135094], [9.0, 0.81, -0.115958]]}, {"@module": "numpy", "@class": "array", "dtype": "float64", "data": [[8.0, 0.77, -0.134687], [9.0, 0.81, -0.115946]]}, {"@module": "numpy", "@class": "array", "dtype": "float64", "data": [[8.0, 0.77, -0.115336], [9.0, 0.81, -0.115426]]}], "gw_kppa": 260, "gw_kpt_grid": {"@module": "numpy", "@class": "array", "dtype": "int64", "data": [6, 6, 6]}, "conv_list": [[{"kppa": 0}, {"kpt_grid": "1x1x1"}, {"num_kpts": 1}, {"X_bnds": 400.0}, {"G_bnds": 400.0}, {"X_cutoff": 20.0}, {"gamma_gap": 4.341921}, {"num_gw_calc": 7}, {"wall_time": 139}, {"num_cores": 8}, {"z-factor": "None"}], [{"kppa": 0}, {"kpt_grid": "1x1x1"}, {"num_kpts": 1}, {"X_bnds": 200}, {"G_bnds": 200}, {"X_cutoff": 4}, {"gamma_gap": 8}, {"num_gw_calc": 1}, {"wall_time": 13}, {"num_cores": 8}, {"z-factor": "None"}], [{"kppa": 10}, {"kpt_grid": "2x2x2"}, {"num_kpts": 1}, {"X_bnds": 200}, {"G_bnds": 200}, {"X_cutoff": 4}, {"gamma_gap": 5.273122000000001}, {"num_gw_calc": 2}, {"wall_time": 20}, {"num_cores": 8}, {"z-factor": {"@module": "numpy", "@class": "array", "dtype": "float64", "data": [[8.0, 0.79, -0.14411], [9.0, 0.82, -0.120368]]}}], [{"kppa": 60}, {"kpt_grid": "4x4x4"}, {"num_kpts": 1}, {"X_bnds": 200}, {"G_bnds": 200}, {"X_cutoff": 4}, {"gamma_gap": 5.384494}, {"num_gw_calc": 3}, {"wall_time": 49}, {"num_cores": 8}, {"z-factor": {"@module": "numpy", "@class": "array", "dtype": "float64", "data": [[8.0, 0.79, -0.146945], [9.0, 0.82, -0.120174]]}}], [{"kppa": 260}, {"kpt_grid": "6x6x6"}, {"num_kpts": 1}, {"X_bnds": 200}, {"G_bnds": 200}, {"X_cutoff": 4}, {"gamma_gap": 5.373613000000001}, {"num_gw_calc": 4}, {"wall_time": 69}, {"num_cores": 32}, {"z-factor": {"@module": "numpy", "@class": "array", "dtype": "float64", "data": [[8.0, 0.79, -0.15186], [9.0, 0.82, -0.528008]]}}]], "conv_time": 275.23534536361694}, "gw_band_range_lda": [1, 15], "g0w0_ppa_pbe": {"gw_direct_gap": 5.585442, "kppa": 690,