{"@module": "pymatgen.entries.computed_entries", "@class": "ComputedEntry", "energy": 0.0, "composition": {"Si": 1.0, "C": 1.0}, "entry_id": "603798", "correction": 0.0, "energy_adjustments": [], "parameters": {"id": "603798", "name": "SiC", "ibrav": {"celldm(1)": 8.235615463408944, "ibrav": 2}, "vol": 139.64590015050976, "lda_pw_cutoff_Ry": 74, "qe_conv_pbe": {"qe_conv_maxiter": 20, "qe_delta_kppa": 1500, "qe_delta_cutoff": 5, "qe_conv_thresh": 7.349865078089427e-05, "qe_conv_steps": [[60, 1500, -9.657097569931192], [65, 1500, -9.65765704595689], [70, 1500, -9.657883465632837], [75, 1500, -9.657967455551304], [80, 1500, -9.657991309824807], [80, 3000, -9.65799604311286]], "qe_conv_time": 20.12833833694458}, "num_elec_pbe": 8.0, "max_mem": 22112.0, "qe_conv_lda": {"qe_conv_maxiter": 20, "qe_delta_kppa": 1500, "qe_delta_cutoff": 5, "qe_conv_thresh": 7.349865078089427e-05, "qe_conv_steps": [[74, 1500, -10.31752570718717], [79, 1500, -10.31763591016256], [84, 1500, -10.31767446913298], [84, 3000, -10.31767965793073]], "qe_conv_time": 13.800998449325562}, "num_elec_lda": 8.0, "bg_conv_pbe": {"bg_conv_maxiter": 20, "bg_delta_kppa": 1500, "bg_delta_cutoff": 5, "bg_conv_thresh": 0.025, "bg_conv_steps": [[80, 3000, 1.3849636556543017], [80, 4500, 1.3849636454089742]], "bg_conv_time": 7.792559623718262}, "indirect_gap_pbe": 1.3849411980187991, "bg_conv_lda": {"bg_conv_maxiter": 20, "bg_delta_kppa": 1500, "bg_delta_cutoff": 5, "bg_conv_thresh": 0.025, "bg_conv_steps": [[84, 3000, 1.3239161635389152], [84, 4500, 1.323953219558701]], "bg_conv_time": 7.401369333267212}, "indirect_gap_lda": 1.3238970910834023, "gw_conv_pbe": {"gw_conv_thr": 0.025, "gw_bnd_start": 200, "gw_bnd_step": 100, "gw_cut_start": 4, "gw_cut_step": 4, "kpt_bnd_idx": {"@module": "numpy", "@class": "array", "dtype": "int64", "data": [1, 1, 4, 5]}, "gw_bands": 200, "gw_cutoff": 4, "w_conv_grid": [[200, 4, 5.567506999999999], [300, 4, 5.56762], [300, 8, 5.952389999999999], [300, 8, 5.952389999999999], [300, 12, 5.994401999999999], [300, 12, 5.994401999999999], [300, 16, 5.999588999999999], [300, 16, 5.999588999999999], [400, 16, 5.999598], [400, 20, 6.000284], [400, 20, 6.000284]], "pwcutoff": 90, "w_conv_time": [11.37990951538086, 11.219618797302246, 10.769567489624023, 10.770742893218994, 11.569159746170044, 11.570640802383423, 10.93528127670288, 10.936154842376709, 10.947782516479492, 12.666099548339844, 12.668361902236938], "w_ngw": 7, "w_z_factor": [{"@module": "numpy", "@class": "array", "dtype": "float64", "data": [[4.0, 0.8, -0.921145], [5.0, 0.8, -0.915662]]}, {"@module": "numpy", "@class": "array", "dtype": "float64", "data": [[4.0, 0.8, -0.921206], [5.0, 0.8, -0.91576]]}, {"@module": "numpy", "@class": "array", "dtype": "float64", "data": [[4.0, 0.79, -0.859918], [5.0, 0.8, -0.897401]]}, {"@module": "numpy", "@class": "array", "dtype": "float64", "data": [[4.0, 0.79, -0.855443], [5.0, 0.79, -0.900387]]}, {"@module": "numpy", "@class": "array", "dtype": "float64", "data": [[4.0, 0.79, -0.854913], [5.0, 0.79, -0.900374]]}, {"@module": "numpy", "@class": "array", "dtype": "float64", "data": [[4.0, 0.79, -0.855678], [5.0, 0.79, -0.901324]]}, {"@module": "numpy", "@class": "array", "dtype": "float64", "data": [[4.0, 0.79, -0.855715], [5.0, 0.79, -0.901436]]}], "gw_kppa": 260, "gw_kpt_grid": {"@module": "numpy", "@class": "array", "dtype": "int64", "data": [6, 6, 6]}, "conv_list": [[{"kppa": 0}, {"kpt_grid": "1x1x1"}, {"num_kpts": 1}, {"X_bnds": 400.0}, {"G_bnds": 400.0}, {"X_cutoff": 20.0}, {"gamma_gap": 6.000284}, {"num_gw_calc": 7}, {"wall_time": 137}, {"num_cores": 8}, {"z-factor": "None"}], [{"kppa": 0}, {"kpt_grid": "1x1x1"}, {"num_kpts": 1}, {"X_bnds": 200}, {"G_bnds": 200}, {"X_cutoff": 4}, {"gamma_gap": 8}, {"num_gw_calc": 1}, {"wall_time": 12}, {"num_cores": 8}, {"z-factor": "None"}], [{"kppa": 10}, {"kpt_grid": "2x2x2"}, {"num_kpts": 1}, {"X_bnds": 200}, {"G_bnds": 200}, {"X_cutoff": 4}, {"gamma_gap": 6.806328}, {"num_gw_calc": 2}, {"wall_time": 17}, {"num_cores": 8}, {"z-factor": {"@module": "numpy", "@class": "array", "dtype": "float64", "data": [[4.0, 0.81, -0.991216], [5.0, 0.8, -0.107056]]}}], [{"kppa": 60}, {"kpt_grid": "4x4x4"}, {"num_kpts": 1}, {"X_bnds": 200}, {"G_bnds": 200}, {"X_cutoff": 4}, {"gamma_gap": 6.968406000000001}, {"num_gw_calc": 3}, {"wall_time": 30}, {"num_cores": 8}, {"z-factor": {"@module": "numpy", "@class": "array", "dtype": "float64", "data": [[4.0, 0.8, -0.110706], [5.0, 0.8, -0.11593]]}}], [{"kppa": 260}, {"kpt_grid": "6x6x6"}, {"num_kpts": 1}, {"X_bnds": 200}, {"G_bnds": 200}, {"X_cutoff": 4}, {"gamma_gap": 6.983426}, {"num_gw_calc": 4}, {"wall_time": 35}, {"num_cores": 32}, {"z-factor": {"@module": "numpy", "@class": "array", "dtype": "float64", "data": [[4.0, 0.8, -0.111788], [5.0, 0.8, -0.116322]]}}]], "conv_time": 217.50176692008972}, "gw_band_range_pbe": [1, 7], "gw_conv_lda": {"gw_conv_thr": 0.025, "gw_bnd_start": 200, "gw_bnd_step": 100, "gw_cut_start": 4, "gw_cut_step": 4, "kpt_bnd_idx": {"@module": "numpy", "@class": "array", "dtype": "int64", "data": [1, 1, 4, 5]}, "gw_bands": 200, "gw_cutoff": 4, "w_conv_grid": [[200, 4, 5.928667], [300, 4, 5.928788], [300, 8, 6.317228000000001], [300, 8, 6.317228000000001], [300, 12, 6.360453], [300, 12, 6.360453], [300, 16, 6.365729], [300, 16, 6.365729], [400, 16, 6.3657140000000005], [400, 20, 6.366366], [400, 20, 6.366366]], "pwcutoff": 90, "w_conv_time": [10.689373254776001, 10.543119430541992, 10.703747749328613, 10.704537153244019, 12.00660753250122, 12.008288383483887, 11.111382246017456, 11.11277985572815, 11.127354145050049, 11.32451581954956, 11.326324939727783], "w_ngw": 7, "w_z_factor": [{"@module": "numpy", "@class": "array", "dtype": "float64", "data": [[4.0, 0.8, -0.924916], [5.0, 0.8, -0.918019]]}, {"@module": "numpy", "@class": "array", "dtype": "float64", "data": [[4.0, 0.8, -0.92492], [5.0, 0.8, -0.917937]]}, {"@module": "numpy", "@class": "array", "dtype": "float64", "data": [[4.0, 0.79, -0.862841], [5.0, 0.8, -0.891742]]}, {"@module": "numpy", "@class": "array", "dtype": "float64", "data": [[4.0, 0.79, -0.855665], [5.0, 0.79, -0.904923]]}, {"@module": "numpy", "@class": "array", "dtype": "float64", "data": [[4.0, 0.79, -0.855361], [5.0, 0.79, -0.905557]]}, {"@module": "numpy", "@class": "array", "dtype": "float64", "data": [[4.0, 0.79, -0.855908], [5.0, 0.79, -0.906222]]}, {"@module": "numpy", "@class": "array", "dtype": "float64", "data": [[4.0, 0.79, -0.855903], [5.0, 0.79, -0.906545]]}], "gw_kppa": 260, "gw_kpt_grid": {"@module": "numpy", "@class": "array", "dtype": "int64", "data": [6, 6, 6]}, "conv_list": [[{"kppa": 0}, {"kpt_grid": "1x1x1"}, {"num_kpts": 1}, {"X_bnds": 400.0}, {"G_bnds": 400.0}, {"X_cutoff": 20.0}, {"gamma_gap": 6.366366}, {"num_gw_calc": 7}, {"wall_time": 138}, {"num_cores": 8}, {"z-factor": "None"}], [{"kppa": 0}, {"kpt_grid": "1x1x1"}, {"num_kpts": 1}, {"X_bnds": 200}, {"G_bnds": 200}, {"X_cutoff": 4}, {"gamma_gap": 8}, {"num_gw_calc": 1}, {"wall_time": 11}, {"num_cores": 8}, {"z-factor": "None"}], [{"kppa": 10}, {"kpt_grid": "2x2x2"}, {"num_kpts": 1}, {"X_bnds": 200}, {"G_bnds": 200}, {"X_cutoff": 4}, {"gamma_gap": 6.974175}, {"num_gw_calc": 2}, {"wall_time": 18}, {"num_cores": 8}, {"z-factor": {"@module": "numpy", "@class": "array", "dtype": "float64", "data": [[4.0, 0.81, -0.996383], [5.0, 0.8, -0.107605]]}}], [{"kppa": 60}, {"kpt_grid": "4x4x4"}, {"num_kpts": 1}, {"X_bnds": 200}, {"G_bnds": 200}, {"X_cutoff": 4}, {"gamma_gap": 7.075759}, {"num_gw_calc": 3}, {"wall_time": 30}, {"num_cores": 8}, {"z-factor": {"@module": "numpy", "@class": "array", "dtype": "float64", "data": [[4.0, 0.8, -0.111563], [5.0, 0.8, -0.117207]]}}], [{"kppa": 260}, {"kpt_grid": "6x6x6"}, {"num_kpts": 1}, {"X_bnds": 200}, {"G_bnds": 200}, {"X_cutoff": 4}, {"gamma_gap": 7.09206}, {"num_gw_calc": 4}, {"wall_time": 35}, {"num_cores": 32}, {"z-factor": {"@module": "numpy", "@class": "array", "dtype": "float64", "data": [[4.0, 0.8, -0.112305], [5.0, 0.8, -0.117404]]}}]],