{"@module": "pymatgen.entries.computed_entries", "@class": "ComputedEntry", "energy": 0.0, "composition": {"Zr": 1.0, "S": 2.0}, "entry_id": "604434", "correction": 0.0, "energy_adjustments": [], "parameters": {"id": "604434", "name": "ZrS2", "ibrav": {"celldm(1)": 6.920744019559571, "ibrav": 4, "celldm(3)": 1.590748982879611}, "vol": 456.65755202709835, "lda_pw_cutoff_Ry": 58, "qe_conv_pbe": {"qe_conv_maxiter": 20, "qe_delta_kppa": 1500, "qe_delta_cutoff": 5, "qe_conv_thresh": 0.00011024797617134141, "qe_conv_steps": [[60, 1500, -68.0608046383467], [65, 1500, -68.06090225935354], [65, 3000, -68.06091110930774]], "qe_conv_time": 21.03934645652771}, "num_elec_pbe": 24.0, "max_mem": 36271.0, "qe_conv_lda": {"qe_conv_maxiter": 20, "qe_delta_kppa": 1500, "qe_delta_cutoff": 5, "qe_conv_thresh": 0.00011024797617134141, "qe_conv_steps": [[58, 1500, -72.97007513860693], [63, 1500, -72.97024077964753], [68, 1500, -72.97026728270649], [68, 3000, -72.97027878231737]], "qe_conv_time": 28.22655725479126}, "num_elec_lda": 24.0, "bg_conv_pbe": {"bg_conv_maxiter": 20, "bg_delta_kppa": 1500, "bg_delta_cutoff": 5, "bg_conv_thresh": 0.025, "bg_conv_steps": [[65, 3000, 0.8034251529016861], [65, 4500, 0.801468996750659]], "bg_conv_time": 17.11962103843689}, "indirect_gap_pbe": 0.8033713431961491, "bg_conv_lda": {"bg_conv_maxiter": 20, "bg_delta_kppa": 1500, "bg_delta_cutoff": 5, "bg_conv_thresh": 0.025, "bg_conv_steps": [[68, 3000, 0.678147440865337], [68, 4500, 0.6753237441814164]], "bg_conv_time": 16.502472639083862}, "indirect_gap_lda": 0.6781403115679531, "gw_conv_pbe": {"gw_conv_thr": 0.025, "gw_bnd_start": 200, "gw_bnd_step": 100, "gw_cut_start": 4, "gw_cut_step": 4, "kpt_bnd_idx": {"@module": "numpy", "@class": "array", "dtype": "int64", "data": [1, 1, 12, 13]}, "gw_bands": 200, "gw_cutoff": 4, "w_conv_grid": [[200, 4, 1.8132249999999999], [300, 4, 1.812171], [300, 8, 2.0474509999999997], [300, 8, 2.0474509999999997], [300, 12, 2.096391], [300, 12, 2.096391], [300, 16, 2.112771], [300, 16, 2.112771], [400, 16, 2.115487], [400, 20, 2.118217], [400, 20, 2.118217]], "pwcutoff": 65, "w_conv_time": [11.082108497619629, 10.812498331069946, 10.858232498168945, 10.859714984893799, 11.530315399169922, 11.532376289367676, 12.266820669174194, 12.26835298538208, 13.177431583404541, 15.606680870056152, 15.608405828475952], "w_ngw": 7, "w_z_factor": [{"@module": "numpy", "@class": "array", "dtype": "float64", "data": [[12.0, 0.77, -0.141938], [13.0, 0.79, -0.118493]]}, {"@module": "numpy", "@class": "array", "dtype": "float64", "data": [[12.0, 0.77, -0.142118], [13.0, 0.79, -0.125703]]}, {"@module": "numpy", "@class": "array", "dtype": "float64", "data": [[12.0, 0.77, -0.142527], [13.0, 0.79, -0.591552]]}, {"@module": "numpy", "@class": "array", "dtype": "float64", "data": [[12.0, 0.76, -0.142887], [13.0, 0.79, -0.278724]]}, {"@module": "numpy", "@class": "array", "dtype": "float64", "data": [[12.0, 0.76, -0.142174], [13.0, 0.79, -0.89832]]}, {"@module": "numpy", "@class": "array", "dtype": "float64", "data": [[12.0, 0.76, -0.131941], [13.0, 0.79, -0.702923]]}, {"@module": "numpy", "@class": "array", "dtype": "float64", "data": [[12.0, 0.76, -0.135015]]}], "gw_kppa": 240, "gw_kpt_grid": {"@module": "numpy", "@class": "array", "dtype": "int64", "data": [6, 6, 4]}, "conv_list": [[{"kppa": 0}, {"kpt_grid": "1x1x1"}, {"num_kpts": 1}, {"X_bnds": 400.0}, {"G_bnds": 400.0}, {"X_cutoff": 20.0}, {"gamma_gap": 2.118217}, {"num_gw_calc": 7}, {"wall_time": 184}, {"num_cores": 8}, {"z-factor": "None"}], [{"kppa": 0}, {"kpt_grid": "1x1x1"}, {"num_kpts": 1}, {"X_bnds": 200}, {"G_bnds": 200}, {"X_cutoff": 4}, {"gamma_gap": 8}, {"num_gw_calc": 1}, {"wall_time": 12}, {"num_cores": 8}, {"z-factor": "None"}], [{"kppa": 10}, {"kpt_grid": "2x2x2"}, {"num_kpts": 1}, {"X_bnds": 200}, {"G_bnds": 200}, {"X_cutoff": 4}, {"gamma_gap": 2.528568}, {"num_gw_calc": 2}, {"wall_time": 22}, {"num_cores": 8}, {"z-factor": {"@module": "numpy", "@class": "array", "dtype": "float64", "data": [[12.0, 0.78, -0.160097]]}}], [{"kppa": 60}, {"kpt_grid": "4x4x2"}, {"num_kpts": 1}, {"X_bnds": 200}, {"G_bnds": 200}, {"X_cutoff": 4}, {"gamma_gap": 2.425418}, {"num_gw_calc": 3}, {"wall_time": 46}, {"num_cores": 8}, {"z-factor": {"@module": "numpy", "@class": "array", "dtype": "float64", "data": [[12.0, 0.78, -0.14738], [13.0, 0.79, -0.148004]]}}], [{"kppa": 210}, {"kpt_grid": "4x4x4"}, {"num_kpts": 1}, {"X_bnds": 200}, {"G_bnds": 200}, {"X_cutoff": 4}, {"gamma_gap": 2.474104}, {"num_gw_calc": 4}, {"wall_time": 36}, {"num_cores": 32}, {"z-factor": {"@module": "numpy", "@class": "array", "dtype": "float64", "data": [[12.0, 0.78, -0.144443], [13.0, 0.79, -0.11375]]}}], [{"kppa": 240}, {"kpt_grid": "6x6x4"}, {"num_kpts": 1}, {"X_bnds": 200}, {"G_bnds": 200}, {"X_cutoff": 4}, {"gamma_gap": 2.4548520000000003}, {"num_gw_calc": 5}, {"wall_time": 89}, {"num_cores": 32}, {"z-factor": {"@module": "numpy", "@class": "array", "dtype": "float64", "data": [[12.0, 0.78, -0.140629], [13.0, 0.79, -0.147053]]}}]], "conv_time": 374.2978456020355}, "gw_band_range_pbe": [1, 16], "gw_conv_lda": {"gw_conv_thr": 0.025, "gw_bnd_start": 200, "gw_bnd_step": 100, "gw_cut_start": 4, "gw_cut_step": 4, "kpt_bnd_idx": {"@module": "numpy", "@class": "array", "dtype": "int64", "data": [1, 1, 12, 13]}, "gw_bands": 200, "gw_cutoff": 4, "w_conv_grid": [[200, 4, 1.9758719999999999], [300, 4, 1.9734440000000002], [300, 8, 2.20803], [300, 8, 2.20803], [300, 12, 2.258704], [300, 12, 2.258704], [300, 16, 2.27607], [300, 16, 2.27607], [400, 16, 2.277722], [400, 20, 2.280981], [400, 20, 2.280981]], "pwcutoff": 68, "w_conv_time": [10.847850561141968, 10.966280460357666, 11.443928956985474, 11.445801019668579, 11.86031436920166, 11.861306190490723, 12.94561219215393, 12.946784734725952, 13.636153221130371, 15.531880140304565, 15.533334493637085], "w_ngw": 7, "w_z_factor": [{"@module": "numpy", "@class": "array", "dtype": "float64", "data": [[12.0, 0.77, -0.147591], [13.0, 0.8, -0.429509]]}, {"@module": "numpy", "@class": "array", "dtype": "float64", "data": [[12.0, 0.77, -0.157472], [13.0, 0.79, -0.525418]]}, {"@module": "numpy", "@class": "array", "dtype": "float64", "data": [[12.0, 0.77, -0.137506], [13.0, 0.79, -0.973323]]}, {"@module": "numpy", "@class": "array", "dtype": "float64", "data": [[12.0, 0.76, -0.139289], [13.0, 0.79, -0.607426]]}, {"@module": "numpy", "@class": "array", "dtype": "float64", "data": [[12.0, 0.76, -0.135999], [13.0, 0.79, -0.891582]]}, {"@module": "numpy", "@class": "array", "dtype": "float64", "data": [[12.0, 0.76, -0.138477], [13.0, 0.79, -0.830303]]}, {"@module": "numpy", "@class": "array", "dtype": "float64", "data": [[12.0, 0.76, -0.140493], [13.0, 0.79, -0.944902]]}], "gw_kppa": 240, "gw_kpt_grid": {"@module": "numpy", "@class": "array", "dtype": "int64", "data": [6, 6, 4]}, "conv_list": [[{"kppa": 0}, {"kpt_grid": "1x1x1"}, {"num_kpts": 1}, {"X_bnds": 400.0}, {"G_bnds": 400.0}, {"X_cutoff": 20.0}, {"gamma_gap": 2.280981}, {"num_gw_calc": 7}, {"wall_time": 168}, {"num_cores": 8}, {"z-factor": "None"}], [{"kppa": 0}, {"kpt_grid": "1x1x1"}, {"num_kpts": 1}, {"X_bnds": 200}, {"G_bnds": 200}, {"X_cutoff": 4}, {"gamma_gap": 8}, {"num_gw_calc": 1}, {"wall_time": 11}, {"num_cores": 8}, {"z-factor": "None"}], [{"kppa": 10}, {"kpt_grid": "2x2x2"}, {"num_kpts": 1}, {"X_bnds": 200}, {"G_bnds": 200}, {"X_cutoff": 4}, {"gamma_gap": 2.554393}, {"num_gw_calc": 2}, {"wall_time": 21}, {"num_cores": 8}, {"z-factor": {"@module": "numpy", "@class": "array", "dtype": "float64", "data": [[12.0, 0.78, -0.159561], [13.0, 0.79, -0.196169]]}}], [{"kppa": 60}, {"kpt_grid": "4x4x2"}, {"num_kpts": 1}, {"X_bnds": 200}, {"G_bnds": 200}, {"X_cutoff": 4}, {"gamma_gap": 2.444959}, {"num_gw_calc": 3}, {"wall_time": 39}, {"num_cores": 8}, {"z-factor": {"@module": "numpy", "@class": "array", "dtype": "float64",