{"@module": "pymatgen.entries.computed_entries", "@class": "ComputedEntry", "energy": 0.0, "composition": {"Al": 2.0, "Ag": 2.0, "S": 4.0}, "entry_id": "604692", "correction": 0.0, "energy_adjustments": [], "parameters": {"id": "604692", "name": "AlAgS2", "ibrav": {"celldm(1)": 10.813012937203359, "ibrav": 7, "celldm(3)": 1.7848654316672492}, "vol": 1128.276780387766, "lda_pw_cutoff_Ry": 78, "qe_conv_pbe": {"qe_conv_maxiter": 20, "qe_delta_kppa": 1500, "qe_delta_cutoff": 5, "qe_conv_thresh": 0.00029399460312357707, "qe_conv_steps": [[60, 1500, -467.1763104273077], [65, 1500, -467.1774141671256], [70, 1500, -467.1778888899818], [75, 1500, -467.1780828160519], [75, 3000, -467.1780832887761]], "qe_conv_time": 161.51628875732422}, "num_elec_pbe": 84.0, "max_mem": 61439.0, "qe_conv_lda": {"qe_conv_maxiter": 20, "qe_delta_kppa": 1500, "qe_delta_cutoff": 5, "qe_conv_thresh": 0.00029399460312357707, "qe_conv_steps": [[78, 1500, -359.1373535923095], [83, 1500, -359.1376219691381], [83, 3000, -359.1376231404315]], "qe_conv_time": 92.33179473876953}, "num_elec_lda": 68.00000000000001, "bg_conv_pbe": {"bg_conv_maxiter": 20, "bg_delta_kppa": 1500, "bg_delta_cutoff": 5, "bg_conv_thresh": 0.025, "bg_conv_steps": [[75, 3000, 2.105998504955881], [75, 6000, 2.088138144795605]], "bg_conv_time": 136.411705493927}, "indirect_gap_pbe": 2.1059706713296906, "bg_conv_lda": {"bg_conv_maxiter": 20, "bg_delta_kppa": 1500, "bg_delta_cutoff": 5, "bg_conv_thresh": 0.025, "bg_conv_steps": [[83, 3000, 1.8656797540421084], [83, 6000, 1.84725029080356]], "bg_conv_time": 100.40997624397278}, "indirect_gap_lda": 1.8656914825173387, "gw_conv_pbe": {"gw_conv_thr": 0.025, "gw_bnd_start": 200, "gw_bnd_step": 100, "gw_cut_start": 4, "gw_cut_step": 4, "kpt_bnd_idx": {"@module": "numpy", "@class": "array", "dtype": "int64", "data": [1, 1, 42, 43]}, "gw_bands": 200, "gw_cutoff": 4, "w_conv_grid": [[200, 4, 2.566091], [300, 4, 2.537341], [400, 4, 2.534566], [400, 8, 2.62463], [400, 8, 2.62463], [400, 12, 2.6411610000000003], [400, 12, 2.6411610000000003], [500, 12, 2.6384809999999996], [500, 16, 2.651606], [500, 16, 2.651606]], "pwcutoff": 75, "w_conv_time": [12.463511228561401, 12.290143728256226, 13.245412826538086, 14.742509126663208, 14.743970155715942, 21.528401613235474, 21.53027606010437, 23.034388542175293, 38.15904426574707, 38.16102313995361], "w_ngw": 7, "w_z_factor": [{"@module": "numpy", "@class": "array", "dtype": "float64", "data": [[42.0, 0.78, -0.150936], [43.0, 0.8, -0.145849]]}, {"@module": "numpy", "@class": "array", "dtype": "float64", "data": [[42.0, 0.78, -0.148912], [43.0, 0.8, -0.143691]]}, {"@module": "numpy", "@class": "array", "dtype": "float64", "data": [[42.0, 0.78, -0.147299], [43.0, 0.8, -0.142485]]}, {"@module": "numpy", "@class": "array", "dtype": "float64", "data": [[42.0, 0.77, -0.147869], [43.0, 0.79, -0.142785]]}, {"@module": "numpy", "@class": "array", "dtype": "float64", "data": [[42.0, 0.77, -0.147854], [43.0, 0.79, -0.142799]]}, {"@module": "numpy", "@class": "array", "dtype": "float64", "data": [[42.0, 0.77, -0.147702], [43.0, 0.79, -0.142637]]}, {"@module": "numpy", "@class": "array", "dtype": "float64", "data": [[42.0, 0.77, -0.147668], [43.0, 0.79, -0.142592]]}], "gw_kppa": 1000, "gw_kpt_grid": {"@module": "numpy", "@class": "array", "dtype": "int64", "data": [6, 6, 6]}, "conv_list": [[{"kppa": 0}, {"kpt_grid": "1x1x1"}, {"num_kpts": 1}, {"X_bnds": 500.0}, {"G_bnds": 500.0}, {"X_cutoff": 16.0}, {"gamma_gap": 2.651606}, {"num_gw_calc": 7}, {"wall_time": 316}, {"num_cores": 8}, {"z-factor": "None"}], [{"kppa": 0}, {"kpt_grid": "1x1x1"}, {"num_kpts": 1}, {"X_bnds": 200}, {"G_bnds": 200}, {"X_cutoff": 4}, {"gamma_gap": 4}, {"num_gw_calc": 1}, {"wall_time": 13}, {"num_cores": 8}, {"z-factor": "None"}], [{"kppa": 10}, {"kpt_grid": "2x2x2"}, {"num_kpts": 1}, {"X_bnds": 200}, {"G_bnds": 200}, {"X_cutoff": 4}, {"gamma_gap": 3.093995}, {"num_gw_calc": 2}, {"wall_time": 40}, {"num_cores": 8}, {"z-factor": {"@module": "numpy", "@class": "array", "dtype": "float64", "data": [[42.0, 0.8, -0.133324], [43.0, 0.82, -0.120187]]}}], [{"kppa": 220}, {"kpt_grid": "4x4x4"}, {"num_kpts": 1}, {"X_bnds": 200}, {"G_bnds": 200}, {"X_cutoff": 4}, {"gamma_gap": 3.127846}, {"num_gw_calc": 3}, {"wall_time": 1263}, {"num_cores": 8}, {"z-factor": {"@module": "numpy", "@class": "array", "dtype": "float64", "data": [[42.0, 0.8, -0.133825], [43.0, 0.82, -0.118764]]}}], [{"kppa": 1000}, {"kpt_grid": "6x6x6"}, {"num_kpts": 1}, {"X_bnds": 200}, {"G_bnds": 200}, {"X_cutoff": 4}, {"gamma_gap": 3.123074}, {"num_gw_calc": 4}, {"wall_time": 2925}, {"num_cores": 32}, {"z-factor": {"@module": "numpy", "@class": "array", "dtype": "float64", "data": [[42.0, 0.8, -0.134126], [43.0, 0.82, -0.118695]]}}]], "conv_time": 4542.012132644653}, "gw_band_range_pbe": [1, 49], "gw_conv_lda": {"gw_conv_thr": 0.025, "gw_bnd_start": 200, "gw_bnd_step": 100, "gw_cut_start": 4, "gw_cut_step": 4, "kpt_bnd_idx": {"@module": "numpy", "@class": "array", "dtype": "int64", "data": [1, 1, 34, 35]}, "gw_bands": 200, "gw_cutoff": 4, "w_conv_grid": [[200, 4, 2.637769], [300, 4, 2.616787], [300, 8, 2.6928039999999998], [300, 8, 2.6928039999999998], [300, 12, 2.709336], [300, 12, 2.709336], [400, 12, 2.7106649999999997], [400, 16, 2.724834], [400, 16, 2.724834]], "pwcutoff": 83, "w_conv_time": [11.945825815200806, 12.33668327331543, 14.234382390975952, 14.23587441444397, 19.420344591140747, 19.421716451644897, 21.408812761306763, 33.6804621219635, 33.681906938552856], "w_ngw": 6, "w_z_factor": [{"@module": "numpy", "@class": "array", "dtype": "float64", "data": [[34.0, 0.77, -0.156848], [35.0, 0.79, -0.149044]]}, {"@module": "numpy", "@class": "array", "dtype": "float64", "data": [[34.0, 0.77, -0.15347], [35.0, 0.79, -0.145396]]}, {"@module": "numpy", "@class": "array", "dtype": "float64", "data": [[34.0, 0.77, -0.154217], [35.0, 0.79, -0.145886]]}, {"@module": "numpy", "@class": "array", "dtype": "float64", "data": [[34.0, 0.77, -0.154442], [35.0, 0.79, -0.145965]]}, {"@module": "numpy", "@class": "array", "dtype": "float64", "data": [[34.0, 0.77, -0.153674], [35.0, 0.79, -0.143676]]}, {"@module": "numpy", "@class": "array", "dtype": "float64", "data": [[34.0, 0.77, -0.153741], [35.0, 0.79, -0.143961]]}], "gw_kppa": 1000, "gw_kpt_grid": {"@module": "numpy", "@class": "array", "dtype": "int64", "data": [6, 6, 6]}, "conv_list": [[{"kppa": 0}, {"kpt_grid": "1x1x1"}, {"num_kpts": 1}, {"X_bnds": 400.0}, {"G_bnds": 400.0}, {"X_cutoff": 16.0}, {"gamma_gap": 2.724834}, {"num_gw_calc": 6}, {"wall_time": 269}, {"num_cores": 8}, {"z-factor": "None"}], [{"kppa": 0}, {"kpt_grid": "1x1x1"}, {"num_kpts": 1}, {"X_bnds": 200}, {"G_bnds": 200}, {"X_cutoff": 4}, {"gamma_gap": 8}, {"num_gw_calc": 1}, {"wall_time": 12}, {"num_cores": 8}, {"z-factor": "None"}], [{"kppa": 10}, {"kpt_grid": "2x2x2"}, {"num_kpts": 1}, {"X_bnds": 200}, {"G_bnds": 200}, {"X_cutoff": 4}, {"gamma_gap": 3.1710380000000002}, {"num_gw_calc": 2}, {"wall_time": 65}, {"num_cores": 8}, {"z-factor": {"@module": "numpy", "@class": "array", "dtype": "float64", "data": [[34.0, 0.79, -0.139711], [35.0, 0.81, -0.128253]]}}], [{"kppa": 220}, {"kpt_grid": "4x4x4"}, {"num_kpts": 1}, {"X_bnds": 200}, {"G_bnds": 200}, {"X_cutoff": 4}, {"gamma_gap": 3.211245}, {"num_gw_calc": 3}, {"wall_time": 679}, {"num_cores": 8}, {"z-factor": {"@module": "numpy", "@class": "array", "dtype": "float64", "data": [[34.0, 0.79, -0.13901], [35.0, 0.82, -0.12424]]}}], [{"kppa": 1000}, {"kpt_grid": "6x6x6"}, {"num_kpts": 1}, {"X_bnds": 200}, {"G_bnds": 200}, {"X_cutoff": 4}, {"gamma_gap": 3.205596}, {"num_gw_calc": 4}, {"wall_time": 1610}, {"num_cores": 32}, {"z-factor": {"@module": "numpy", "@class": "array", "dtype": "float64", "data": [[34.0, 0.79, -0.138623], [35.0, 0.82, -0.124174]]}}]], "conv_time": 2621.1544938087463}, "gw_band_range_lda": [1, 41]}, "data": {}}