{"@module": "pymatgen.entries.computed_entries", "@class": "ComputedEntry", "energy": 0.0, "composition": {"Al": 2.0, "Ag": 2.0, "Se": 4.0}, "entry_id": "604704", "correction": 0.0, "energy_adjustments": [], "parameters": {"id": "604704", "name": "AlAgSe2", "ibrav": {"celldm(1)": 11.277885566100952, "ibrav": 7, "celldm(3)": 1.7999329758713138}, "vol": 1290.9499014332912, "lda_pw_cutoff_Ry": 78, "qe_conv_pbe": {"qe_conv_maxiter": 20, "qe_delta_kppa": 1500, "qe_delta_cutoff": 5, "qe_conv_thresh": 0.00029399460312357707, "qe_conv_steps": [[60, 1500, -464.0430349120536], [65, 1500, -464.0439631802583], [70, 1500, -464.044331943657], [75, 1500, -464.0444685604753], [75, 3000, -464.0444761447006]], "qe_conv_time": 170.27058720588684}, "num_elec_pbe": 84.0, "max_mem": 150097.0, "qe_conv_lda": {"qe_conv_maxiter": 20, "qe_delta_kppa": 1500, "qe_delta_cutoff": 5, "qe_conv_thresh": 0.00029399460312357707, "qe_conv_steps": [[78, 1500, -799.5444617846292], [83, 1500, -799.5452689280538], [88, 1500, -799.5453548541491], [88, 3000, -799.5453667902073]], "qe_conv_time": 215.76316571235657}, "num_elec_lda": 108.0, "bg_conv_pbe": {"bg_conv_maxiter": 20, "bg_delta_kppa": 1500, "bg_delta_cutoff": 5, "bg_conv_thresh": 0.025, "bg_conv_steps": [[75, 3000, 1.0222281801531279], [75, 6000, 1.0222290327825339]], "bg_conv_time": 134.73727107048035}, "indirect_gap_pbe": 1.0222239099128776, "bg_conv_lda": {"bg_conv_maxiter": 20, "bg_delta_kppa": 1500, "bg_delta_cutoff": 5, "bg_conv_thresh": 0.025, "bg_conv_steps": [[88, 3000, 0.7810409434424339], [88, 6000, 0.7810639640817071]], "bg_conv_time": 196.08444333076477}, "indirect_gap_lda": 0.7810477425129618, "gw_conv_pbe": {"gw_conv_thr": 0.025, "gw_bnd_start": 200, "gw_bnd_step": 100, "gw_cut_start": 4, "gw_cut_step": 4, "kpt_bnd_idx": {"@module": "numpy", "@class": "array", "dtype": "int64", "data": [1, 1, 42, 43]}, "gw_bands": 200, "gw_cutoff": 4, "w_conv_grid": [[200, 4, 1.142436], [300, 4, 1.124396], [300, 8, 1.212192], [300, 8, 1.212192], [300, 12, 1.2325819999999998], [300, 12, 1.2325819999999998], [400, 12, 1.232443], [400, 16, 1.244708], [400, 16, 1.244708]], "pwcutoff": 75, "w_conv_time": [11.637593746185303, 12.167008638381958, 14.405935764312744, 14.407316207885742, 20.44662046432495, 20.4476478099823, 22.636709213256836, 37.392271280288696, 37.394126892089844], "w_ngw": 6, "w_z_factor": [{"@module": "numpy", "@class": "array", "dtype": "float64", "data": [[42.0, 0.78, -0.150643], [43.0, 0.79, -0.145952]]}, {"@module": "numpy", "@class": "array", "dtype": "float64", "data": [[42.0, 0.78, -0.148373], [43.0, 0.8, -0.141979]]}, {"@module": "numpy", "@class": "array", "dtype": "float64", "data": [[42.0, 0.78, -0.14934], [43.0, 0.79, -0.142518]]}, {"@module": "numpy", "@class": "array", "dtype": "float64", "data": [[42.0, 0.78, -0.149246], [43.0, 0.79, -0.14264]]}, {"@module": "numpy", "@class": "array", "dtype": "float64", "data": [[42.0, 0.78, -0.148777], [43.0, 0.79, -0.134929]]}, {"@module": "numpy", "@class": "array", "dtype": "float64", "data": [[42.0, 0.78, -0.148668], [43.0, 0.79, -0.135981]]}], "gw_kppa": 1000, "gw_kpt_grid": {"@module": "numpy", "@class": "array", "dtype": "int64", "data": [6, 6, 6]}, "conv_list": [[{"kppa": 0}, {"kpt_grid": "1x1x1"}, {"num_kpts": 1}, {"X_bnds": 400.0}, {"G_bnds": 400.0}, {"X_cutoff": 16.0}, {"gamma_gap": 1.244708}, {"num_gw_calc": 6}, {"wall_time": 302}, {"num_cores": 8}, {"z-factor": "None"}], [{"kppa": 0}, {"kpt_grid": "1x1x1"}, {"num_kpts": 1}, {"X_bnds": 200}, {"G_bnds": 200}, {"X_cutoff": 4}, {"gamma_gap": 8}, {"num_gw_calc": 1}, {"wall_time": 12}, {"num_cores": 8}, {"z-factor": "None"}], [{"kppa": 10}, {"kpt_grid": "2x2x2"}, {"num_kpts": 1}, {"X_bnds": 200}, {"G_bnds": 200}, {"X_cutoff": 4}, {"gamma_gap": 1.618365}, {"num_gw_calc": 2}, {"wall_time": 69}, {"num_cores": 8}, {"z-factor": {"@module": "numpy", "@class": "array", "dtype": "float64", "data": [[42.0, 0.79, -0.145167], [43.0, 0.81, -0.137371]]}}], [{"kppa": 220}, {"kpt_grid": "4x4x4"}, {"num_kpts": 1}, {"X_bnds": 200}, {"G_bnds": 200}, {"X_cutoff": 4}, {"gamma_gap": 1.733705}, {"num_gw_calc": 3}, {"wall_time": 780}, {"num_cores": 8}, {"z-factor": {"@module": "numpy", "@class": "array", "dtype": "float64", "data": [[42.0, 0.8, -0.140591], [43.0, 0.82, -0.128779]]}}], [{"kppa": 1000}, {"kpt_grid": "6x6x6"}, {"num_kpts": 1}, {"X_bnds": 200}, {"G_bnds": 200}, {"X_cutoff": 4}, {"gamma_gap": 1.733151}, {"num_gw_calc": 4}, {"wall_time": 1880}, {"num_cores": 32}, {"z-factor": {"@module": "numpy", "@class": "array", "dtype": "float64", "data": [[42.0, 0.8, -0.140017], [43.0, 0.82, -0.127861]]}}]], "conv_time": 3029.2664635181427}, "gw_band_range_pbe": [1, 49], "gw_conv_lda": {"gw_conv_thr": 0.025, "gw_bnd_start": 200, "gw_bnd_step": 100, "gw_cut_start": 4, "gw_cut_step": 4, "kpt_bnd_idx": {"@module": "numpy", "@class": "array", "dtype": "int64", "data": [1, 1, 54, 55]}, "gw_bands": 200, "gw_cutoff": 4, "w_conv_grid": [[200, 4, 1.403816], [300, 4, 1.3744589999999999], [400, 4, 1.365915], [400, 8, 1.4465979999999998], [400, 8, 1.4465979999999998], [400, 12, 1.472536], [400, 12, 1.472536], [400, 16, 1.4897039999999997], [400, 16, 1.4897039999999997], [500, 16, 1.488399], [500, 20, 1.50082], [500, 20, 1.50082]], "pwcutoff": 88, "w_conv_time": [12.348798990249634, 12.918210744857788, 13.919742345809937, 17.631530284881592, 17.633455514907837, 25.01110315322876, 25.012850046157837, 41.629246950149536, 41.63067984580994, 49.48412895202637, 82.9723551273346, 82.9741427898407], "w_ngw": 8, "w_z_factor": [{"@module": "numpy", "@class": "array", "dtype": "float64", "data": [[54.0, 0.78, -0.147922], [55.0, 0.8, -0.143983]]}, {"@module": "numpy", "@class": "array", "dtype": "float64", "data": [[54.0, 0.78, -0.144556], [55.0, 0.8, -0.140913]]}, {"@module": "numpy", "@class": "array", "dtype": "float64", "data": [[54.0, 0.79, -0.144773], [55.0, 0.8, -0.139808]]}, {"@module": "numpy", "@class": "array", "dtype": "float64", "data": [[54.0, 0.78, -0.143553], [55.0, 0.79, -0.139747]]}, {"@module": "numpy", "@class": "array", "dtype": "float64", "data": [[54.0, 0.78, -0.143297], [55.0, 0.79, -0.139858]]}, {"@module": "numpy", "@class": "array", "dtype": "float64", "data": [[54.0, 0.78, -0.143223], [55.0, 0.79, -0.139733]]}, {"@module": "numpy", "@class": "array", "dtype": "float64", "data": [[54.0, 0.78, -0.14254], [55.0, 0.79, -0.139261]]}, {"@module": "numpy", "@class": "array", "dtype": "float64", "data": [[54.0, 0.78, -0.142411], [55.0, 0.79, -0.139188]]}], "gw_kppa": 1000, "gw_kpt_grid": {"@module": "numpy", "@class": "array", "dtype": "int64", "data": [6, 6, 6]}, "conv_list": [[{"kppa": 0}, {"kpt_grid": "1x1x1"}, {"num_kpts": 1}, {"X_bnds": 500.0}, {"G_bnds": 500.0}, {"X_cutoff": 20.0}, {"gamma_gap": 1.50082}, {"num_gw_calc": 8}, {"wall_time": 521}, {"num_cores": 8}, {"z-factor": "None"}], [{"kppa": 0}, {"kpt_grid": "1x1x1"}, {"num_kpts": 1}, {"X_bnds": 200}, {"G_bnds": 200}, {"X_cutoff": 4}, {"gamma_gap": 4}, {"num_gw_calc": 1}, {"wall_time": 13}, {"num_cores": 8}, {"z-factor": "None"}], [{"kppa": 10}, {"kpt_grid": "2x2x2"}, {"num_kpts": 1}, {"X_bnds": 200}, {"G_bnds": 200}, {"X_cutoff": 4}, {"gamma_gap": 1.840694}, {"num_gw_calc": 2}, {"wall_time": 57}, {"num_cores": 8}, {"z-factor": {"@module": "numpy", "@class": "array", "dtype": "float64", "data": [[54.0, 0.79, -0.149206], [55.0, 0.81, -0.141788]]}}], [{"kppa": 220}, {"kpt_grid": "4x4x4"}, {"num_kpts": 1}, {"X_bnds": 200}, {"G_bnds": 200}, {"X_cutoff": 4}, {"gamma_gap": 1.9700069999999998}, {"num_gw_calc": 3}, {"wall_time": 819}, {"num_cores": 8}, {"z-factor": {"@module": "numpy", "@class": "array", "dtype": "float64", "data": [[54.0, 0.8, -0.143878], [55.0, 0.81, -0.132405]]}}], [{"kppa": 1000}, {"kpt_grid": "6x6x6"}, {"num_kpts": 1}, {"X_bnds": 200}, {"G_bnds": 200}, {"X_cutoff": 4}, {"gamma_gap": 1.9770750000000001}, {"num_gw_calc": 4}, {"wall_time": 2268}, {"num_cores": 32}, {"z-factor": {"@module": "numpy", "@class": "array", "dtype": "float64",