{"@module": "pymatgen.entries.computed_entries", "@class": "ComputedEntry", "energy": 0.0, "composition": {"Ga": 2.0, "Ag": 2.0, "S": 4.0}, "entry_id": "605187", "correction": 0.0, "energy_adjustments": [], "parameters": {"id": "605187", "name": "GaAgS2", "ibrav": {"celldm(1)": 10.877830543590303, "ibrav": 7, "celldm(3)": 1.7893959661588168}, "vol": 1151.6044261453733, "lda_pw_cutoff_Ry": 78, "qe_conv_pbe": {"qe_conv_maxiter": 20, "qe_delta_kppa": 1500, "qe_delta_cutoff": 5, "qe_conv_thresh": 0.00029399460312357707, "qe_conv_steps": [[60, 1500, -459.9817739394195], [65, 1500, -459.9828919862495], [70, 1500, -459.9843655069241], [75, 1500, -459.9864771348822], [80, 1500, -459.9877337817268], [85, 1500, -459.9880564846569], [90, 1500, -459.9881123064202], [90, 3000, -459.9881164092822]], "qe_conv_time": 288.8664376735687}, "num_elec_pbe": 88.00000000000001, "max_mem": 74756.0, "qe_conv_lda": {"qe_conv_maxiter": 20, "qe_delta_kppa": 1500, "qe_delta_cutoff": 5, "qe_conv_thresh": 0.00029399460312357707, "qe_conv_steps": [[78, 1500, -507.0470243168671], [83, 1500, -507.0473331317927], [88, 1500, -507.047380975157], [88, 3000, -507.047388077918]], "qe_conv_time": 157.00639033317566}, "num_elec_lda": 88.00000000000001, "bg_conv_pbe": {"bg_conv_maxiter": 20, "bg_delta_kppa": 1500, "bg_delta_cutoff": 5, "bg_conv_thresh": 0.025, "bg_conv_steps": [[90, 3000, 1.2361318285362892], [90, 6000, 1.2361286341203666]], "bg_conv_time": 170.8060495853424}, "indirect_gap_pbe": 1.2361257903509797, "bg_conv_lda": {"bg_conv_maxiter": 20, "bg_delta_kppa": 1500, "bg_delta_cutoff": 5, "bg_conv_thresh": 0.025, "bg_conv_steps": [[88, 3000, 0.9814530276566279], [88, 6000, 0.9814633699868749]], "bg_conv_time": 145.181254863739}, "indirect_gap_lda": 0.9814544326378148, "gw_conv_pbe": {"gw_conv_thr": 0.025, "gw_bnd_start": 200, "gw_bnd_step": 100, "gw_cut_start": 4, "gw_cut_step": 4, "kpt_bnd_idx": {"@module": "numpy", "@class": "array", "dtype": "int64", "data": [1, 1, 44, 45]}, "gw_bands": 200, "gw_cutoff": 4, "w_conv_grid": [[200, 4, 1.339228], [300, 4, 1.307203], [400, 4, 1.296796], [400, 8, 1.3696990000000002], [400, 8, 1.3696990000000002], [400, 12, 1.3948], [400, 12, 1.3948], [400, 16, 1.410606], [400, 16, 1.410606], [500, 16, 1.406561], [500, 20, 1.417584], [500, 20, 1.417584]], "pwcutoff": 90, "w_conv_time": [13.18218994140625, 14.648139715194702, 15.691394329071045, 18.3307843208313, 18.357759952545166, 24.994160413742065, 24.995620727539062, 38.87597942352295, 38.8774950504303, 44.06822991371155, 72.32535338401794, 72.32714819908142], "w_ngw": 8, "w_z_factor": [{"@module": "numpy", "@class": "array", "dtype": "float64", "data": [[44.0, 0.78, -0.149914], [45.0, 0.79, -0.144691]]}, {"@module": "numpy", "@class": "array", "dtype": "float64", "data": [[44.0, 0.78, -0.146876], [45.0, 0.79, -0.141962]]}, {"@module": "numpy", "@class": "array", "dtype": "float64", "data": [[44.0, 0.78, -0.145197], [45.0, 0.79, -0.140824]]}, {"@module": "numpy", "@class": "array", "dtype": "float64", "data": [[44.0, 0.77, -0.145726], [45.0, 0.79, -0.141318]]}, {"@module": "numpy", "@class": "array", "dtype": "float64", "data": [[44.0, 0.77, -0.14577], [45.0, 0.79, -0.14142]]}, {"@module": "numpy", "@class": "array", "dtype": "float64", "data": [[44.0, 0.77, -0.145901], [45.0, 0.79, -0.141403]]}, {"@module": "numpy", "@class": "array", "dtype": "float64", "data": [[44.0, 0.77, -0.145316], [45.0, 0.79, -0.140897]]}, {"@module": "numpy", "@class": "array", "dtype": "float64", "data": [[44.0, 0.77, -0.145302], [45.0, 0.79, -0.140895]]}], "gw_kppa": 1000, "gw_kpt_grid": {"@module": "numpy", "@class": "array", "dtype": "int64", "data": [6, 6, 6]}, "conv_list": [[{"kppa": 0}, {"kpt_grid": "1x1x1"}, {"num_kpts": 1}, {"X_bnds": 500.0}, {"G_bnds": 500.0}, {"X_cutoff": 20.0}, {"gamma_gap": 1.417584}, {"num_gw_calc": 8}, {"wall_time": 478}, {"num_cores": 8}, {"z-factor": "None"}], [{"kppa": 0}, {"kpt_grid": "1x1x1"}, {"num_kpts": 1}, {"X_bnds": 200}, {"G_bnds": 200}, {"X_cutoff": 4}, {"gamma_gap": 4}, {"num_gw_calc": 1}, {"wall_time": 14}, {"num_cores": 8}, {"z-factor": "None"}], [{"kppa": 10}, {"kpt_grid": "2x2x2"}, {"num_kpts": 1}, {"X_bnds": 200}, {"G_bnds": 200}, {"X_cutoff": 4}, {"gamma_gap": 1.849021}, {"num_gw_calc": 2}, {"wall_time": 60}, {"num_cores": 8}, {"z-factor": {"@module": "numpy", "@class": "array", "dtype": "float64", "data": [[44.0, 0.79, -0.138519], [45.0, 0.81, -0.129031]]}}], [{"kppa": 220}, {"kpt_grid": "4x4x4"}, {"num_kpts": 1}, {"X_bnds": 200}, {"G_bnds": 200}, {"X_cutoff": 4}, {"gamma_gap": 1.9405260000000002}, {"num_gw_calc": 3}, {"wall_time": 744}, {"num_cores": 8}, {"z-factor": {"@module": "numpy", "@class": "array", "dtype": "float64", "data": [[44.0, 0.79, -0.13506], [45.0, 0.82, -0.121672]]}}], [{"kppa": 1000}, {"kpt_grid": "6x6x6"}, {"num_kpts": 1}, {"X_bnds": 200}, {"G_bnds": 200}, {"X_cutoff": 4}, {"gamma_gap": 1.934835}, {"num_gw_calc": 4}, {"wall_time": 1790}, {"num_cores": 32}, {"z-factor": {"@module": "numpy", "@class": "array", "dtype": "float64", "data": [[44.0, 0.79, -0.134262], [45.0, 0.82, -0.121182]]}}]], "conv_time": 3068.757601737976}, "gw_band_range_pbe": [1, 51], "gw_conv_lda": {"gw_conv_thr": 0.025, "gw_bnd_start": 200, "gw_bnd_step": 100, "gw_cut_start": 4, "gw_cut_step": 4, "kpt_bnd_idx": {"@module": "numpy", "@class": "array", "dtype": "int64", "data": [1, 1, 44, 45]}, "gw_bands": 200, "gw_cutoff": 4, "w_conv_grid": [[200, 4, 1.501108], [300, 4, 1.468898], [400, 4, 1.457338], [400, 8, 1.515707], [400, 8, 1.515707], [400, 12, 1.5389430000000002], [400, 12, 1.5389430000000002], [500, 12, 1.5329400000000002], [500, 16, 1.5510760000000001], [500, 16, 1.5510760000000001]], "pwcutoff": 88, "w_conv_time": [13.34481930732727, 14.725837230682373, 16.0836923122406, 17.9090096950531, 17.91085720062256, 25.254332780838013, 25.255120992660522, 27.187028408050537, 44.45363092422485, 44.455838680267334], "w_ngw": 7, "w_z_factor": [{"@module": "numpy", "@class": "array", "dtype": "float64", "data": [[44.0, 0.77, -0.149101], [45.0, 0.79, -0.143281]]}, {"@module": "numpy", "@class": "array", "dtype": "float64", "data": [[44.0, 0.78, -0.145493], [45.0, 0.79, -0.140436]]}, {"@module": "numpy", "@class": "array", "dtype": "float64", "data": [[44.0, 0.78, -0.144244], [45.0, 0.79, -0.139485]]}, {"@module": "numpy", "@class": "array", "dtype": "float64", "data": [[44.0, 0.77, -0.145182], [45.0, 0.79, -0.140169]]}, {"@module": "numpy", "@class": "array", "dtype": "float64", "data": [[44.0, 0.77, -0.145154], [45.0, 0.79, -0.140224]]}, {"@module": "numpy", "@class": "array", "dtype": "float64", "data": [[44.0, 0.77, -0.144493], [45.0, 0.79, -0.139602]]}, {"@module": "numpy", "@class": "array", "dtype": "float64", "data": [[44.0, 0.77, -0.14451], [45.0, 0.79, -0.13962]]}], "gw_kppa": 1000, "gw_kpt_grid": {"@module": "numpy", "@class": "array", "dtype": "int64", "data": [6, 6, 6]}, "conv_list": [[{"kppa": 0}, {"kpt_grid": "1x1x1"}, {"num_kpts": 1}, {"X_bnds": 500.0}, {"G_bnds": 500.0}, {"X_cutoff": 16.0}, {"gamma_gap": 1.5510760000000001}, {"num_gw_calc": 7}, {"wall_time": 366}, {"num_cores": 8}, {"z-factor": "None"}], [{"kppa": 0}, {"kpt_grid": "1x1x1"}, {"num_kpts": 1}, {"X_bnds": 200}, {"G_bnds": 200}, {"X_cutoff": 4}, {"gamma_gap": 4}, {"num_gw_calc": 1}, {"wall_time": 14}, {"num_cores": 8}, {"z-factor": "None"}], [{"kppa": 10}, {"kpt_grid": "2x2x2"}, {"num_kpts": 1}, {"X_bnds": 200}, {"G_bnds": 200}, {"X_cutoff": 4}, {"gamma_gap": 1.962292}, {"num_gw_calc": 2}, {"wall_time": 57}, {"num_cores": 8}, {"z-factor": {"@module": "numpy", "@class": "array", "dtype": "float64", "data": [[44.0, 0.79, -0.142755], [45.0, 0.81, -0.13271]]}}], [{"kppa": 220}, {"kpt_grid": "4x4x4"}, {"num_kpts": 1}, {"X_bnds": 200}, {"G_bnds": 200}, {"X_cutoff": 4}, {"gamma_gap": 2.0746529999999996}, {"num_gw_calc": 3}, {"wall_time": 826}, {"num_cores": 8}, {"z-factor": {"@module": "numpy", "@class": "array", "dtype": "float64",