{"@module": "pymatgen.entries.computed_entries", "@class": "ComputedEntry", "energy": 0.0, "composition": {"Ga": 1.0, "Cu": 1.0, "O": 2.0}, "entry_id": "60846", "correction": 0.0, "energy_adjustments": [], "parameters": {"id": "60846", "name": "GaCuO2", "ibrav": {"celldm(1)": 11.293313336035862, "ibrav": 5, "celldm(4)": 0.8759254650583795}, "vol": 296.45531560454685, "lda_pw_cutoff_Ry": 76, "qe_conv_pbe": {"qe_conv_maxiter": 20, "qe_delta_kppa": 1500, "qe_delta_cutoff": 5, "qe_conv_thresh": 0.00014699730156178854, "qe_conv_steps": [[60, 1500, -280.1832191411275], [65, 1500, -280.2246341396553], [70, 1500, -280.239722344182], [75, 1500, -280.2450799680102], [80, 1500, -280.2467394373314], [85, 1500, -280.2471005534862], [90, 1500, -280.2471707044208], [90, 3000, -280.2471742063797]], "qe_conv_time": 160.55782270431519}, "num_elec_pbe": 44.0, "max_mem": 5409.0, "qe_conv_lda": {"qe_conv_maxiter": 20, "qe_delta_kppa": 1500, "qe_delta_cutoff": 5, "qe_conv_thresh": 0.00014699730156178854, "qe_conv_steps": [[76, 1500, -298.8623851717789], [81, 1500, -298.8651223623982], [86, 1500, -298.8657475151088], [91, 1500, -298.8658476324904], [91, 3000, -298.8658518854617]], "qe_conv_time": 119.20259928703308}, "num_elec_lda": 44.0, "bg_conv_pbe": {"bg_conv_maxiter": 20, "bg_delta_kppa": 1500, "bg_delta_cutoff": 5, "bg_conv_thresh": 0.025, "bg_conv_steps": [[90, 3000, 0.9418005703311496], [90, 6000, 0.9418181521671873]], "bg_conv_time": 77.44859385490417}, "indirect_gap_pbe": 0.9418008713977888, "bg_conv_lda": {"bg_conv_maxiter": 20, "bg_delta_kppa": 1500, "bg_delta_cutoff": 5, "bg_conv_thresh": 0.025, "bg_conv_steps": [[91, 3000, 0.9210621349643685], [91, 6000, 0.921042320462927]], "bg_conv_time": 69.53316164016724}, "indirect_gap_lda": 0.9210621238225004}, "data": {}}