{"@module": "pymatgen.entries.computed_entries", "@class": "ComputedEntry", "energy": 0.0, "composition": {"Al": 1.0, "Cu": 1.0, "O": 2.0}, "entry_id": "60844", "correction": 0.0, "energy_adjustments": [], "parameters": {"id": "60844", "name": "AlCuO2", "ibrav": {"celldm(1)": 11.127801488606266, "ibrav": 5, "celldm(4)": 0.8822194840770964}, "vol": 269.83921465911817, "lda_pw_cutoff_Ry": 76, "qe_conv_pbe": {"qe_conv_maxiter": 20, "qe_delta_kppa": 1500, "qe_delta_cutoff": 5, "qe_conv_thresh": 0.00014699730156178854, "qe_conv_steps": [[60, 1500, -283.8547391550551], [65, 1500, -283.8961353665979], [70, 1500, -283.910818555055], [75, 1500, -283.9152284484616], [80, 1500, -283.9163103381221], [85, 1500, -283.9165241376941], [90, 1500, -283.9165734706875], [90, 3000, -283.9165754262384]], "qe_conv_time": 150.03281378746033}, "num_elec_pbe": 42.0, "max_mem": 5426.0, "qe_conv_lda": {"qe_conv_maxiter": 20, "qe_delta_kppa": 1500, "qe_delta_cutoff": 5, "qe_conv_thresh": 0.00014699730156178854, "qe_conv_steps": [[76, 1500, -224.9866798357846], [81, 1500, -224.9893889195599], [86, 1500, -224.9900146274038], [91, 1500, -224.9901131412333], [91, 3000, -224.9901157922161]], "qe_conv_time": 95.88436818122864}, "num_elec_lda": 34.0, "bg_conv_pbe": {"bg_conv_maxiter": 20, "bg_delta_kppa": 1500, "bg_delta_cutoff": 5, "bg_conv_thresh": 0.025, "bg_conv_steps": [[90, 3000, 1.941078878327501], [90, 6000, 1.9388819408097133]], "bg_conv_time": 73.0441083908081}, "indirect_gap_pbe": 1.9388805272420973, "bg_conv_lda": {"bg_conv_maxiter": 20, "bg_delta_kppa": 1500, "bg_delta_cutoff": 5, "bg_conv_thresh": 0.025, "bg_conv_steps": [[91, 3000, 1.9338555638039414], [91, 6000, 1.9338508122945066]], "bg_conv_time": 57.15973401069641}, "indirect_gap_lda": 1.933855660446713}, "data": {}}