{"@module": "pymatgen.entries.computed_entries", "@class": "ComputedEntry", "energy": 0.0, "composition": {"Al": 1.0, "Sb": 1.0}, "entry_id": "609288", "correction": 0.0, "energy_adjustments": [], "parameters": {"id": "609288", "name": "AlSb", "ibrav": {"celldm(1)": 11.593469830433872, "ibrav": 2}, "vol": 389.5653462128664, "lda_pw_cutoff_Ry": 72, "qe_conv_pbe": {"qe_conv_maxiter": 20, "qe_delta_kppa": 1500, "qe_delta_cutoff": 5, "qe_conv_thresh": 7.349865078089427e-05, "qe_conv_steps": [[60, 1500, -139.7529137130563], [65, 1500, -139.7533810169971], [70, 1500, -139.7535638712576], [75, 1500, -139.7536302841386], [75, 3000, -139.7536441411828]], "qe_conv_time": 26.744471549987793}, "num_elec_pbe": 26.0, "max_mem": 44436.0, "qe_conv_lda": {"qe_conv_maxiter": 20, "qe_delta_kppa": 1500, "qe_delta_cutoff": 5, "qe_conv_thresh": 7.349865078089427e-05, "qe_conv_steps": [[72, 1500, -93.10581363715102], [77, 1500, -93.10635928545521], [82, 1500, -93.10645344756226], [87, 1500, -93.10646096507003], [87, 3000, -93.10647699780546]], "qe_conv_time": 24.574812650680542}, "num_elec_lda": 18.0, "bg_conv_pbe": {"bg_conv_maxiter": 20, "bg_delta_kppa": 1500, "bg_delta_cutoff": 5, "bg_conv_thresh": 0.025, "bg_conv_steps": [[75, 3000, 1.2179480110997896], [75, 4500, 1.2117853078124297]], "bg_conv_time": 12.567134380340576}, "indirect_gap_pbe": 1.217943757522403, "bg_conv_lda": {"bg_conv_maxiter": 20, "bg_delta_kppa": 1500, "bg_delta_cutoff": 5, "bg_conv_thresh": 0.025, "bg_conv_steps": [[87, 3000, 1.1558309781010476], [87, 4500, 1.1488832613839937]], "bg_conv_time": 10.530603885650635}, "indirect_gap_lda": 1.155811832174999, "gw_conv_pbe": {"gw_conv_thr": 0.025, "gw_bnd_start": 200, "gw_bnd_step": 100, "gw_cut_start": 4, "gw_cut_step": 4, "kpt_bnd_idx": {"@module": "numpy", "@class": "array", "dtype": "int64", "data": [1, 1, 13, 14]}, "gw_bands": 200, "gw_cutoff": 4, "w_conv_grid": [[200, 4, 1.930692], [300, 4, 1.928199], [300, 8, 2.083914], [300, 8, 2.083914], [300, 12, 2.096825], [300, 12, 2.096825], [400, 12, 2.098647], [400, 16, 2.0865489999999998], [400, 16, 2.0865489999999998]], "pwcutoff": 75, "w_conv_time": [11.155585050582886, 11.2166588306427, 11.512211084365845, 11.514155387878418, 11.745715856552124, 11.747168779373169, 11.570956468582153, 12.734572410583496, 12.736448764801025], "w_ngw": 6, "w_z_factor": [{"@module": "numpy", "@class": "array", "dtype": "float64", "data": [[13.0, 0.81, -0.910506], [14.0, 0.82, -0.919858]]}, {"@module": "numpy", "@class": "array", "dtype": "float64", "data": [[13.0, 0.81, -0.918543], [14.0, 0.82, -0.915686]]}, {"@module": "numpy", "@class": "array", "dtype": "float64", "data": [[13.0, 0.81, -0.922258], [14.0, 0.82, -0.916773]]}, {"@module": "numpy", "@class": "array", "dtype": "float64", "data": [[13.0, 0.81, -0.921191], [14.0, 0.82, -0.917034]]}, {"@module": "numpy", "@class": "array", "dtype": "float64", "data": [[13.0, 0.81, -0.915823], [14.0, 0.82, -0.917676]]}, {"@module": "numpy", "@class": "array", "dtype": "float64", "data": [[13.0, 0.81, -0.915473], [14.0, 0.81, -0.916257]]}], "gw_kppa": 250, "gw_kpt_grid": {"@module": "numpy", "@class": "array", "dtype": "int64", "data": [6, 6, 6]}, "conv_list": [[{"kppa": 0}, {"kpt_grid": "1x1x1"}, {"num_kpts": 1}, {"X_bnds": 400.0}, {"G_bnds": 400.0}, {"X_cutoff": 16.0}, {"gamma_gap": 2.0865489999999998}, {"num_gw_calc": 6}, {"wall_time": 149}, {"num_cores": 8}, {"z-factor": "None"}], [{"kppa": 0}, {"kpt_grid": "1x1x1"}, {"num_kpts": 1}, {"X_bnds": 200}, {"G_bnds": 200}, {"X_cutoff": 4}, {"gamma_gap": 8}, {"num_gw_calc": 1}, {"wall_time": 12}, {"num_cores": 8}, {"z-factor": "None"}], [{"kppa": 10}, {"kpt_grid": "2x2x2"}, {"num_kpts": 1}, {"X_bnds": 200}, {"G_bnds": 200}, {"X_cutoff": 4}, {"gamma_gap": 2.705202}, {"num_gw_calc": 2}, {"wall_time": 19}, {"num_cores": 8}, {"z-factor": {"@module": "numpy", "@class": "array", "dtype": "float64", "data": [[13.0, 0.81, -0.120816], [14.0, 0.8, -0.127165]]}}], [{"kppa": 60}, {"kpt_grid": "4x4x4"}, {"num_kpts": 1}, {"X_bnds": 200}, {"G_bnds": 200}, {"X_cutoff": 4}, {"gamma_gap": 2.633639}, {"num_gw_calc": 3}, {"wall_time": 55}, {"num_cores": 8}, {"z-factor": {"@module": "numpy", "@class": "array", "dtype": "float64", "data": [[13.0, 0.8, -0.139801], [14.0, 0.8, -0.141872]]}}], [{"kppa": 250}, {"kpt_grid": "6x6x6"}, {"num_kpts": 1}, {"X_bnds": 200}, {"G_bnds": 200}, {"X_cutoff": 4}, {"gamma_gap": 2.6103899999999998}, {"num_gw_calc": 4}, {"wall_time": 74}, {"num_cores": 32}, {"z-factor": {"@module": "numpy", "@class": "array", "dtype": "float64", "data": [[13.0, 0.8, -0.142206], [14.0, 0.8, -0.142833]]}}]], "conv_time": 295.3792772293091}, "gw_band_range_pbe": [1, 18], "gw_conv_lda": {"gw_conv_thr": 0.025, "gw_bnd_start": 200, "gw_bnd_step": 100, "gw_cut_start": 4, "gw_cut_step": 4, "kpt_bnd_idx": {"@module": "numpy", "@class": "array", "dtype": "int64", "data": [1, 1, 9, 10]}, "gw_bands": 200, "gw_cutoff": 4, "w_conv_grid": [[200, 4, 1.7789010000000003], [300, 4, 1.78023], [300, 8, 1.913063], [300, 8, 1.913063], [300, 12, 1.9339480000000002], [300, 12, 1.9339480000000002], [400, 12, 1.9387], [400, 16, 1.93913], [400, 16, 1.93913]], "pwcutoff": 87, "w_conv_time": [11.014410257339478, 11.585858583450317, 11.769314527511597, 11.770788431167603, 11.96529221534729, 11.966882944107056, 12.02595329284668, 12.872449159622192, 12.87373971939087], "w_ngw": 6, "w_z_factor": [{"@module": "numpy", "@class": "array", "dtype": "float64", "data": [[9.0, 0.81, -0.107989], [10.0, 0.82, -0.959546]]}, {"@module": "numpy", "@class": "array", "dtype": "float64", "data": [[9.0, 0.81, -0.105755], [10.0, 0.82, -0.954349]]}, {"@module": "numpy", "@class": "array", "dtype": "float64", "data": [[9.0, 0.8, -0.107037], [10.0, 0.81, -0.954829]]}, {"@module": "numpy", "@class": "array", "dtype": "float64", "data": [[9.0, 0.8, -0.106502], [10.0, 0.81, -0.956067]]}, {"@module": "numpy", "@class": "array", "dtype": "float64", "data": [[9.0, 0.8, -0.105757], [10.0, 0.81, -0.952242]]}, {"@module": "numpy", "@class": "array", "dtype": "float64", "data": [[9.0, 0.8, -0.105687], [10.0, 0.81, -0.952131]]}], "gw_kppa": 250, "gw_kpt_grid": {"@module": "numpy", "@class": "array", "dtype": "int64", "data": [6, 6, 6]}, "conv_list": [[{"kppa": 0}, {"kpt_grid": "1x1x1"}, {"num_kpts": 1}, {"X_bnds": 400.0}, {"G_bnds": 400.0}, {"X_cutoff": 16.0}, {"gamma_gap": 1.93913}, {"num_gw_calc": 6}, {"wall_time": 143}, {"num_cores": 8}, {"z-factor": "None"}], [{"kppa": 0}, {"kpt_grid": "1x1x1"}, {"num_kpts": 1}, {"X_bnds": 200}, {"G_bnds": 200}, {"X_cutoff": 4}, {"gamma_gap": 8}, {"num_gw_calc": 1}, {"wall_time": 12}, {"num_cores": 8}, {"z-factor": "None"}], [{"kppa": 10}, {"kpt_grid": "2x2x2"}, {"num_kpts": 1}, {"X_bnds": 200}, {"G_bnds": 200}, {"X_cutoff": 4}, {"gamma_gap": 2.419246}, {"num_gw_calc": 2}, {"wall_time": 20}, {"num_cores": 8}, {"z-factor": {"@module": "numpy", "@class": "array", "dtype": "float64", "data": [[9.0, 0.8, -0.130759], [10.0, 0.8, -0.13716]]}}], [{"kppa": 60}, {"kpt_grid": "4x4x4"}, {"num_kpts": 1}, {"X_bnds": 200}, {"G_bnds": 200}, {"X_cutoff": 4}, {"gamma_gap": 2.304131}, {"num_gw_calc": 3}, {"wall_time": 47}, {"num_cores": 8}, {"z-factor": {"@module": "numpy", "@class": "array", "dtype": "float64", "data": [[9.0, 0.79, -0.155324], [10.0, 0.79, -0.15579]]}}], [{"kppa": 250}, {"kpt_grid": "6x6x6"}, {"num_kpts": 1}, {"X_bnds": 200}, {"G_bnds": 200}, {"X_cutoff": 4}, {"gamma_gap": 2.282241}, {"num_gw_calc": 4}, {"wall_time": 105}, {"num_cores": 32}, {"z-factor": {"@module": "numpy", "@class": "array", "dtype": "float64", "data": [[9.0, 0.79, -0.158421], [10.0, 0.79, -0.157957]]}}]], "conv_time": 313.80187797546387}, "gw_band_range_lda": [1, 14], "g0w0_ppa_pbe": {"gw_direct_gap": 2.613972, "kppa": 690, "kpt_grid": "8x8x8", "num_kpt": 29, "bands_in X": 500, "bands_in_G": 500, "cutoff": 20, "z_factor": [[13.0, 0.79, -0.00142334], [14.0, 0.79, -0.00142262]], "scissor": 0.9966910000000001, "ncpu": 32, "calc_time": 2659.417455673218},