{"@module": "pymatgen.entries.computed_entries", "@class": "ComputedEntry", "energy": 0.0, "composition": {"Cd": 2.0, "As": 4.0}, "entry_id": "609931", "correction": 0.0, "energy_adjustments": [], "parameters": {"id": "609931", "name": "CdAs2", "ibrav": {"celldm(1)": 15.028991941555109, "ibrav": 7, "celldm(3)": 0.587954231107758}, "vol": 997.936894502943, "lda_pw_cutoff_Ry": 94, "qe_conv_pbe": {"qe_conv_maxiter": 20, "qe_delta_kppa": 1500, "qe_delta_cutoff": 5, "qe_conv_thresh": 0.00022049595234268282, "qe_conv_steps": [[60, 1500, -336.2494766533969], [65, 1500, -336.249479634721], [65, 3000, -336.249629892101]], "qe_conv_time": 42.865609884262085}, "num_elec_pbe": 60.0, "max_mem": 112061.0, "qe_conv_lda": {"qe_conv_maxiter": 20, "qe_delta_kppa": 1500, "qe_delta_cutoff": 5, "qe_conv_thresh": 0.00022049595234268282, "qe_conv_steps": [[94, 1500, -774.4265408687842], [99, 1500, -774.4269595836008], [104, 1500, -774.4270753580253], [104, 3000, -774.427256493464]], "qe_conv_time": 188.26216840744019}, "num_elec_lda": 100.0, "bg_conv_pbe": {"bg_conv_maxiter": 20, "bg_delta_kppa": 1500, "bg_delta_cutoff": 5, "bg_conv_thresh": 0.025, "bg_conv_steps": [[65, 3000, 0.2867197888760819], [65, 4500, 0.28675447300579887]], "bg_conv_time": 48.44948053359985}, "indirect_gap_pbe": 0.28671944744362243, "bg_conv_lda": {"bg_conv_maxiter": 20, "bg_delta_kppa": 1500, "bg_delta_cutoff": 5, "bg_conv_thresh": 0.025, "bg_conv_steps": [[104, 3000, 0.1768013855106943], [104, 4500, 0.1768425398417479]], "bg_conv_time": 185.81063151359558}, "indirect_gap_lda": 0.17680138784517818, "gw_conv_pbe": {"gw_conv_thr": 0.025, "gw_bnd_start": 200, "gw_bnd_step": 100, "gw_cut_start": 4, "gw_cut_step": 4, "kpt_bnd_idx": {"@module": "numpy", "@class": "array", "dtype": "int64", "data": [1, 1, 30, 31]}, "gw_bands": 200, "gw_cutoff": 4, "w_conv_grid": [[200, 4, 1.258714], [300, 4, 1.257192], [300, 8, 1.3337590000000001], [300, 8, 1.3337590000000001], [300, 12, 1.338761], [300, 12, 1.338761], [400, 12, 1.3453910000000002], [400, 16, 1.348964], [400, 16, 1.348964]], "pwcutoff": 65, "w_conv_time": [12.590916156768799, 12.629601955413818, 14.326146364212036, 14.3275728225708, 17.835151195526123, 17.83933401107788, 20.00271964073181, 30.077157258987427, 30.078890323638916], "w_ngw": 6, "w_z_factor": [{"@module": "numpy", "@class": "array", "dtype": "float64", "data": [[30.0, 0.78, -0.160954], [31.0, 0.78, -0.163159]]}, {"@module": "numpy", "@class": "array", "dtype": "float64", "data": [[30.0, 0.78, -0.160319], [31.0, 0.78, -0.161355]]}, {"@module": "numpy", "@class": "array", "dtype": "float64", "data": [[30.0, 0.78, -0.159288], [31.0, 0.78, -0.161298]]}, {"@module": "numpy", "@class": "array", "dtype": "float64", "data": [[30.0, 0.78, -0.159282], [31.0, 0.78, -0.161308]]}, {"@module": "numpy", "@class": "array", "dtype": "float64", "data": [[30.0, 0.78, -0.158507], [31.0, 0.78, -0.160783]]}, {"@module": "numpy", "@class": "array", "dtype": "float64", "data": [[30.0, 0.78, -0.158559], [31.0, 0.78, -0.160854]]}], "gw_kppa": 760, "gw_kpt_grid": {"@module": "numpy", "@class": "array", "dtype": "int64", "data": [6, 6, 6]}, "conv_list": [[{"kppa": 0}, {"kpt_grid": "1x1x1"}, {"num_kpts": 1}, {"X_bnds": 400.0}, {"G_bnds": 400.0}, {"X_cutoff": 16.0}, {"gamma_gap": 1.348964}, {"num_gw_calc": 6}, {"wall_time": 260}, {"num_cores": 8}, {"z-factor": "None"}], [{"kppa": 0}, {"kpt_grid": "1x1x1"}, {"num_kpts": 1}, {"X_bnds": 200}, {"G_bnds": 200}, {"X_cutoff": 4}, {"gamma_gap": 8}, {"num_gw_calc": 1}, {"wall_time": 13}, {"num_cores": 8}, {"z-factor": "None"}], [{"kppa": 10}, {"kpt_grid": "2x2x2"}, {"num_kpts": 1}, {"X_bnds": 200}, {"G_bnds": 200}, {"X_cutoff": 4}, {"gamma_gap": 1.3010419999999998}, {"num_gw_calc": 2}, {"wall_time": 50}, {"num_cores": 8}, {"z-factor": {"@module": "numpy", "@class": "array", "dtype": "float64", "data": [[30.0, 0.79, -0.153166], [31.0, 0.8, -0.14628]]}}], [{"kppa": 170}, {"kpt_grid": "4x4x4"}, {"num_kpts": 1}, {"X_bnds": 200}, {"G_bnds": 200}, {"X_cutoff": 4}, {"gamma_gap": 1.402729}, {"num_gw_calc": 3}, {"wall_time": 692}, {"num_cores": 8}, {"z-factor": {"@module": "numpy", "@class": "array", "dtype": "float64", "data": [[30.0, 0.79, -0.157343], [31.0, 0.8, -0.140844]]}}], [{"kppa": 760}, {"kpt_grid": "6x6x6"}, {"num_kpts": 1}, {"X_bnds": 200}, {"G_bnds": 200}, {"X_cutoff": 4}, {"gamma_gap": 1.4010340000000001}, {"num_gw_calc": 4}, {"wall_time": 1388}, {"num_cores": 32}, {"z-factor": {"@module": "numpy", "@class": "array", "dtype": "float64", "data": [[30.0, 0.79, -0.146372], [31.0, 0.8, -0.13982]]}}]], "conv_time": 2388.2336053848267}, "gw_band_range_pbe": [1, 37], "gw_conv_lda": {"gw_conv_thr": 0.025, "gw_bnd_start": 200, "gw_bnd_step": 100, "gw_cut_start": 4, "gw_cut_step": 4, "kpt_bnd_idx": {"@module": "numpy", "@class": "array", "dtype": "int64", "data": [1, 1, 50, 51]}, "gw_bands": 200, "gw_cutoff": 4, "w_conv_grid": [[200, 4, 1.8020710000000002], [300, 4, 1.777673], [300, 8, 1.816114], [300, 8, 1.816114], [300, 12, 1.8194970000000001], [300, 12, 1.8194970000000001]], "pwcutoff": 104, "w_conv_time": [14.88474726676941, 16.124642848968506, 18.20387840270996, 18.20560622215271, 22.837860345840454, 22.83956027030945], "w_ngw": 4, "w_z_factor": [{"@module": "numpy", "@class": "array", "dtype": "float64", "data": [[50.0, 0.78, -0.160025], [51.0, 0.78, -0.157648]]}, {"@module": "numpy", "@class": "array", "dtype": "float64", "data": [[50.0, 0.78, -0.157067], [51.0, 0.78, -0.15735]]}, {"@module": "numpy", "@class": "array", "dtype": "float64", "data": [[50.0, 0.78, -0.155886], [51.0, 0.78, -0.158325]]}, {"@module": "numpy", "@class": "array", "dtype": "float64", "data": [[50.0, 0.78, -0.155814], [51.0, 0.78, -0.158574]]}], "gw_kppa": 10, "gw_kpt_grid": {"@module": "numpy", "@class": "array", "dtype": "int64", "data": [2, 2, 2]}, "conv_list": [[{"kppa": 0}, {"kpt_grid": "1x1x1"}, {"num_kpts": 1}, {"X_bnds": 300.0}, {"G_bnds": 300.0}, {"X_cutoff": 12.0}, {"gamma_gap": 1.8194970000000001}, {"num_gw_calc": 4}, {"wall_time": 375}, {"num_cores": 8}, {"z-factor": "None"}], [{"kppa": 0}, {"kpt_grid": "1x1x1"}, {"num_kpts": 1}, {"X_bnds": 200}, {"G_bnds": 200}, {"X_cutoff": 4}, {"gamma_gap": 8}, {"num_gw_calc": 1}, {"wall_time": 15}, {"num_cores": 8}, {"z-factor": "None"}], [{"kppa": 10}, {"kpt_grid": "2x2x2"}, {"num_kpts": 1}, {"X_bnds": 200}, {"G_bnds": 200}, {"X_cutoff": 4}, {"gamma_gap": 1.80246}, {"num_gw_calc": 2}, {"wall_time": 81}, {"num_cores": 8}, {"z-factor": {"@module": "numpy", "@class": "array", "dtype": "float64", "data": [[50.0, 0.79, -0.154825], [51.0, 0.8, -0.143991]]}}]], "conv_time": 455.34625720977783}, "gw_band_range_lda": [1, 57], "g0w0_ppa_pbe": {"gw_direct_gap": 1.4735559999999999, "kppa": 2060, "kpt_grid": "8x8x8", "num_kpt": 95, "bands_in X": 500, "bands_in_G": 500, "cutoff": 20, "z_factor": [[30.0, 0.79, -0.00149761], [31.0, 0.8, -0.00137232]], "scissor": 0.29664499999999994, "ncpu": 16, "calc_time": 201743.38499951363}, "g0w0_ppa_lda": {"gw_direct_gap": 1.898917, "kppa": 170, "kpt_grid": "4x4x4", "num_kpt": 18, "bands_in X": 400, "bands_in_G": 400, "cutoff": 16, "z_factor": [[50.0, 0.79, -0.00147343], [51.0, 0.8, -0.0013399]], "scissor": 0.8415170000000001, "ncpu": 16, "calc_time": 6690.551147222519}}, "data": {}}