{"@module": "pymatgen.entries.computed_entries", "@class": "ComputedEntry", "energy": 0.0, "composition": {"Bi": 2.0, "Br": 2.0, "O": 2.0}, "entry_id": "61225", "correction": 0.0, "energy_adjustments": [], "parameters": {"id": "61225", "name": "BiBrO", "ibrav": {"celldm(1)": 7.413962540463114, "ibrav": 6, "celldm(3)": 2.065862921520149}, "vol": 841.8847895115263, "lda_pw_cutoff_Ry": 62, "qe_conv_pbe": {"qe_conv_maxiter": 20, "qe_delta_kppa": 1500, "qe_delta_cutoff": 5, "qe_conv_thresh": 0.00022049595234268282, "qe_conv_steps": [[60, 1500, -194.9061416328915], [65, 1500, -194.9172198102921], [70, 1500, -194.9223109344945], [75, 1500, -194.924511283628], [80, 1500, -194.9252657185641], [85, 1500, -194.925461822136], [85, 3000, -194.9254627196615]], "qe_conv_time": 174.4284164905548}, "num_elec_pbe": 56.00000000000001, "max_mem": 60404.0, "qe_conv_lda": {"qe_conv_maxiter": 20, "qe_delta_kppa": 1500, "qe_delta_cutoff": 5, "qe_conv_thresh": 0.00022049595234268282, "qe_conv_steps": [[62, 1500, -228.487459769971], [67, 1500, -228.4917027330938], [72, 1500, -228.4932892095188], [77, 1500, -228.4938292949833], [82, 1500, -228.4939790692349], [82, 3000, -228.4939802065413]], "qe_conv_time": 110.6937530040741}, "num_elec_lda": 56.00000000000001, "bg_conv_pbe": {"bg_conv_maxiter": 20, "bg_delta_kppa": 1500, "bg_delta_cutoff": 5, "bg_conv_thresh": 0.025, "bg_conv_steps": [[85, 3000, 2.139525103749244], [85, 4500, 2.140553660269184]], "bg_conv_time": 78.36045980453491}, "indirect_gap_pbe": 2.1394503533217266, "bg_conv_lda": {"bg_conv_maxiter": 20, "bg_delta_kppa": 1500, "bg_delta_cutoff": 5, "bg_conv_thresh": 0.025, "bg_conv_steps": [[82, 3000, 2.0204347536842526], [82, 4500, 2.0200216542693803]], "bg_conv_time": 54.28396034240723}, "indirect_gap_lda": 2.0204392948319434, "gw_conv_pbe": {"gw_conv_thr": 0.025, "gw_bnd_start": 200, "gw_bnd_step": 100, "gw_cut_start": 4, "gw_cut_step": 4, "kpt_bnd_idx": {"@module": "numpy", "@class": "array", "dtype": "int64", "data": [1, 1, 28, 29]}, "gw_bands": 200, "gw_cutoff": 4, "w_conv_grid": [[200, 4, 3.242262], [300, 4, 3.237037], [300, 8, 3.438061], [300, 8, 3.438061], [300, 12, 3.4908520000000003], [300, 12, 3.4908520000000003], [300, 16, 3.5087089999999996], [300, 16, 3.5087089999999996], [400, 16, 3.513059], [400, 20, 3.5160910000000003], [400, 20, 3.5160910000000003]], "pwcutoff": 85, "w_conv_time": [11.38658094406128, 12.075647354125977, 12.766916513442993, 12.768479108810425, 15.064501285552979, 15.065982341766357, 21.629282474517822, 21.63114833831787, 23.712008476257324, 32.86035990715027, 32.86217474937439], "w_ngw": 7, "w_z_factor": [{"@module": "numpy", "@class": "array", "dtype": "float64", "data": [[28.0, 0.8, -0.13241], [29.0, 0.81, -0.126619]]}, {"@module": "numpy", "@class": "array", "dtype": "float64", "data": [[28.0, 0.8, -0.132225], [29.0, 0.81, -0.126225]]}, {"@module": "numpy", "@class": "array", "dtype": "float64", "data": [[28.0, 0.79, -0.132656], [29.0, 0.8, -0.126426]]}, {"@module": "numpy", "@class": "array", "dtype": "float64", "data": [[28.0, 0.79, -0.135019], [29.0, 0.8, -0.125104]]}, {"@module": "numpy", "@class": "array", "dtype": "float64", "data": [[28.0, 0.79, -0.132861], [29.0, 0.8, -0.126517]]}, {"@module": "numpy", "@class": "array", "dtype": "float64", "data": [[28.0, 0.79, -0.134299], [29.0, 0.8, -0.126526]]}, {"@module": "numpy", "@class": "array", "dtype": "float64", "data": [[28.0, 0.79, -0.133824], [29.0, 0.8, -0.126099]]}], "gw_kppa": 370, "gw_kpt_grid": {"@module": "numpy", "@class": "array", "dtype": "int64", "data": [6, 6, 2]}, "conv_list": [[{"kppa": 0}, {"kpt_grid": "1x1x1"}, {"num_kpts": 1}, {"X_bnds": 400.0}, {"G_bnds": 400.0}, {"X_cutoff": 20.0}, {"gamma_gap": 3.5160910000000003}, {"num_gw_calc": 7}, {"wall_time": 260}, {"num_cores": 8}, {"z-factor": "None"}], [{"kppa": 0}, {"kpt_grid": "1x1x1"}, {"num_kpts": 1}, {"X_bnds": 200}, {"G_bnds": 200}, {"X_cutoff": 4}, {"gamma_gap": 8}, {"num_gw_calc": 1}, {"wall_time": 12}, {"num_cores": 8}, {"z-factor": "None"}], [{"kppa": 10}, {"kpt_grid": "2x2x2"}, {"num_kpts": 1}, {"X_bnds": 200}, {"G_bnds": 200}, {"X_cutoff": 4}, {"gamma_gap": 3.661353}, {"num_gw_calc": 2}, {"wall_time": 41}, {"num_cores": 8}, {"z-factor": {"@module": "numpy", "@class": "array", "dtype": "float64", "data": [[28.0, 0.81, -0.126615], [29.0, 0.83, -0.108848]]}}], [{"kppa": 80}, {"kpt_grid": "4x4x2"}, {"num_kpts": 1}, {"X_bnds": 200}, {"G_bnds": 200}, {"X_cutoff": 4}, {"gamma_gap": 3.691506}, {"num_gw_calc": 3}, {"wall_time": 118}, {"num_cores": 8}, {"z-factor": {"@module": "numpy", "@class": "array", "dtype": "float64", "data": [[28.0, 0.81, -0.118896], [29.0, 0.83, -0.105977]]}}], [{"kppa": 370}, {"kpt_grid": "6x6x2"}, {"num_kpts": 1}, {"X_bnds": 200}, {"G_bnds": 200}, {"X_cutoff": 4}, {"gamma_gap": 3.686973}, {"num_gw_calc": 4}, {"wall_time": 130}, {"num_cores": 32}, {"z-factor": {"@module": "numpy", "@class": "array", "dtype": "float64", "data": [[28.0, 0.81, -0.123264], [29.0, 0.83, -0.104519]]}}]], "conv_time": 547.4533159732819}, "gw_band_range_pbe": [1, 34], "gw_conv_lda": {"gw_conv_thr": 0.025, "gw_bnd_start": 200, "gw_bnd_step": 100, "gw_cut_start": 4, "gw_cut_step": 4, "kpt_bnd_idx": {"@module": "numpy", "@class": "array", "dtype": "int64", "data": [1, 1, 28, 29]}, "gw_bands": 200, "gw_cutoff": 4, "w_conv_grid": [[200, 4, 3.3937939999999998], [300, 4, 3.392737], [300, 8, 3.5530809999999997], [300, 8, 3.5530809999999997], [300, 12, 3.599943], [300, 12, 3.599943], [300, 16, 3.616688], [300, 16, 3.616688], [400, 16, 3.638621], [400, 20, 3.641081], [400, 20, 3.641081]], "pwcutoff": 82, "w_conv_time": [11.148062705993652, 11.63023567199707, 11.99390983581543, 11.995407104492188, 14.922840356826782, 14.924194574356079, 20.79635262489319, 20.798173189163208, 23.96021556854248, 33.562971353530884, 33.56449317932129], "w_ngw": 7, "w_z_factor": [{"@module": "numpy", "@class": "array", "dtype": "float64", "data": [[28.0, 0.79, -0.138453], [29.0, 0.8, -0.13168]]}, {"@module": "numpy", "@class": "array", "dtype": "float64", "data": [[28.0, 0.79, -0.138746], [29.0, 0.8, -0.132544]]}, {"@module": "numpy", "@class": "array", "dtype": "float64", "data": [[28.0, 0.79, -0.131921], [29.0, 0.8, -0.15457]]}, {"@module": "numpy", "@class": "array", "dtype": "float64", "data": [[28.0, 0.79, -0.146242], [29.0, 0.8, -0.132218]]}, {"@module": "numpy", "@class": "array", "dtype": "float64", "data": [[28.0, 0.79, -0.142419], [29.0, 0.8, -0.124622]]}, {"@module": "numpy", "@class": "array", "dtype": "float64", "data": [[28.0, 0.79, -0.14311], [29.0, 0.8, -0.130815]]}, {"@module": "numpy", "@class": "array", "dtype": "float64", "data": [[28.0, 0.79, -0.142466], [29.0, 0.8, -0.130549]]}], "gw_kppa": 370, "gw_kpt_grid": {"@module": "numpy", "@class": "array", "dtype": "int64", "data": [6, 6, 2]}, "conv_list": [[{"kppa": 0}, {"kpt_grid": "1x1x1"}, {"num_kpts": 1}, {"X_bnds": 400.0}, {"G_bnds": 400.0}, {"X_cutoff": 20.0}, {"gamma_gap": 3.641081}, {"num_gw_calc": 7}, {"wall_time": 242}, {"num_cores": 8}, {"z-factor": "None"}], [{"kppa": 0}, {"kpt_grid": "1x1x1"}, {"num_kpts": 1}, {"X_bnds": 200}, {"G_bnds": 200}, {"X_cutoff": 4}, {"gamma_gap": 8}, {"num_gw_calc": 1}, {"wall_time": 12}, {"num_cores": 8}, {"z-factor": "None"}], [{"kppa": 10}, {"kpt_grid": "2x2x2"}, {"num_kpts": 1}, {"X_bnds": 200}, {"G_bnds": 200}, {"X_cutoff": 4}, {"gamma_gap": 3.803477}, {"num_gw_calc": 2}, {"wall_time": 39}, {"num_cores": 8}, {"z-factor": {"@module": "numpy", "@class": "array", "dtype": "float64", "data": [[28.0, 0.81, -0.124415], [29.0, 0.82, -0.111929]]}}], [{"kppa": 80}, {"kpt_grid": "4x4x2"}, {"num_kpts": 1}, {"X_bnds": 200}, {"G_bnds": 200}, {"X_cutoff": 4}, {"gamma_gap": 3.8425649999999996}, {"num_gw_calc": 3}, {"wall_time": 116}, {"num_cores": 8}, {"z-factor": {"@module": "numpy", "@class": "array", "dtype": "float64",