{"@module": "pymatgen.entries.computed_entries", "@class": "ComputedEntry", "energy": 0.0, "composition": {"Na": 1.0, "I": 1.0}, "entry_id": "61502", "correction": 0.0, "energy_adjustments": [], "parameters": {"id": "61502", "name": "NaI", "ibrav": {"celldm(1)": 12.24542534657074, "ibrav": 2}, "vol": 459.0517355493782, "lda_pw_cutoff_Ry": 76, "qe_conv_pbe": {"qe_conv_maxiter": 20, "qe_delta_kppa": 1500, "qe_delta_cutoff": 5, "qe_conv_thresh": 7.349865078089427e-05, "qe_conv_steps": [[60, 1500, -142.0336659690968], [65, 1500, -142.034005118037], [70, 1500, -142.0342249310379], [75, 1500, -142.0343756387239], [80, 1500, -142.0344738422939], [85, 1500, -142.0345322928499], [85, 3000, -142.0345323873409]], "qe_conv_time": 33.41282248497009}, "num_elec_pbe": 26.0, "max_mem": 45125.0, "qe_conv_lda": {"qe_conv_maxiter": 20, "qe_delta_kppa": 1500, "qe_delta_cutoff": 5, "qe_conv_thresh": 7.349865078089427e-05, "qe_conv_steps": [[76, 1500, -58.71919874481829], [81, 1500, -58.71934396473354], [86, 1500, -58.7193626838221], [86, 3000, -58.71936269515053]], "qe_conv_time": 15.042213678359985}, "num_elec_lda": 16.0, "bg_conv_pbe": {"bg_conv_maxiter": 20, "bg_delta_kppa": 1500, "bg_delta_cutoff": 5, "bg_conv_thresh": 0.025, "bg_conv_steps": [[85, 3000, 3.62866100270134], [85, 4500, 3.628659311707245]], "bg_conv_time": 13.508744955062866}, "indirect_gap_pbe": 3.6286591469246186, "bg_conv_lda": {"bg_conv_maxiter": 20, "bg_delta_kppa": 1500, "bg_delta_cutoff": 5, "bg_conv_thresh": 0.025, "bg_conv_steps": [[86, 3000, 3.3199392370772247], [86, 4500, 3.3199418060327877]], "bg_conv_time": 8.816708087921143}, "indirect_gap_lda": 3.319941502958461, "gw_conv_pbe": {"gw_conv_thr": 0.025, "gw_bnd_start": 200, "gw_bnd_step": 100, "gw_cut_start": 4, "gw_cut_step": 4, "kpt_bnd_idx": {"@module": "numpy", "@class": "array", "dtype": "int64", "data": [1, 1, 13, 14]}, "gw_bands": 200, "gw_cutoff": 4, "w_conv_grid": [[200, 4, 4.461565], [300, 4, 4.456034], [300, 8, 4.660193], [300, 8, 4.660193], [300, 12, 4.738447000000001], [300, 12, 4.738447000000001], [300, 16, 4.757619], [300, 16, 4.757619], [400, 16, 4.770559], [400, 20, 4.776493], [400, 20, 4.776493]], "pwcutoff": 85, "w_conv_time": [32.24706149101257, 33.974419355392456, 34.595646381378174, 34.59760665893555, 36.514883518218994, 36.517499685287476, 40.36541247367859, 40.367146492004395, 41.945051431655884, 48.5850293636322, 48.58839678764343], "w_ngw": 7, "w_z_factor": [{"@module": "numpy", "@class": "array", "dtype": "float64", "data": [[13.0, 0.79, -0.153294], [14.0, 0.81, -0.15197]]}, {"@module": "numpy", "@class": "array", "dtype": "float64", "data": [[13.0, 0.79, -0.133688], [14.0, 0.81, -0.151152]]}, {"@module": "numpy", "@class": "array", "dtype": "float64", "data": [[13.0, 0.78, -0.127789], [14.0, 0.81, -0.151893]]}, {"@module": "numpy", "@class": "array", "dtype": "float64", "data": [[13.0, 0.78, -0.151784], [14.0, 0.81, -0.151944]]}, {"@module": "numpy", "@class": "array", "dtype": "float64", "data": [[13.0, 0.78, -0.151098], [14.0, 0.81, -0.151619]]}, {"@module": "numpy", "@class": "array", "dtype": "float64", "data": [[13.0, 0.78, -0.151454], [14.0, 0.81, -0.151462]]}, {"@module": "numpy", "@class": "array", "dtype": "float64", "data": [[13.0, 0.78, -0.151573], [14.0, 0.81, -0.151409]]}], "gw_kppa": 260, "gw_kpt_grid": {"@module": "numpy", "@class": "array", "dtype": "int64", "data": [6, 6, 6]}, "conv_list": [[{"kppa": 0}, {"kpt_grid": "1x1x1"}, {"num_kpts": 1}, {"X_bnds": 400.0}, {"G_bnds": 400.0}, {"X_cutoff": 20.0}, {"gamma_gap": 4.776493}, {"num_gw_calc": 7}, {"wall_time": 523}, {"num_cores": 8}, {"z-factor": "None"}], [{"kppa": 0}, {"kpt_grid": "1x1x1"}, {"num_kpts": 1}, {"X_bnds": 200}, {"G_bnds": 200}, {"X_cutoff": 4}, {"gamma_gap": 8}, {"num_gw_calc": 1}, {"wall_time": 33}, {"num_cores": 8}, {"z-factor": "None"}], [{"kppa": 10}, {"kpt_grid": "2x2x2"}, {"num_kpts": 1}, {"X_bnds": 200}, {"G_bnds": 200}, {"X_cutoff": 4}, {"gamma_gap": 6.139133}, {"num_gw_calc": 2}, {"wall_time": 60}, {"num_cores": 8}, {"z-factor": {"@module": "numpy", "@class": "array", "dtype": "float64", "data": [[13.0, 0.83, -0.13257], [14.0, 0.84, -0.12907]]}}], [{"kppa": 60}, {"kpt_grid": "4x4x4"}, {"num_kpts": 1}, {"X_bnds": 200}, {"G_bnds": 200}, {"X_cutoff": 4}, {"gamma_gap": 6.242165000000001}, {"num_gw_calc": 3}, {"wall_time": 275}, {"num_cores": 8}, {"z-factor": {"@module": "numpy", "@class": "array", "dtype": "float64", "data": [[13.0, 0.83, -0.128762], [14.0, 0.85, -0.114253]]}}], [{"kppa": 260}, {"kpt_grid": "6x6x6"}, {"num_kpts": 1}, {"X_bnds": 200}, {"G_bnds": 200}, {"X_cutoff": 4}, {"gamma_gap": 6.23347}, {"num_gw_calc": 4}, {"wall_time": 381}, {"num_cores": 32}, {"z-factor": {"@module": "numpy", "@class": "array", "dtype": "float64", "data": [[13.0, 0.83, -0.131483], [14.0, 0.85, -0.112421]]}}]], "conv_time": 1236.9228920936584}, "gw_band_range_pbe": [1, 16], "gw_conv_lda": {"gw_conv_thr": 0.025, "gw_bnd_start": 200, "gw_bnd_step": 100, "gw_cut_start": 4, "gw_cut_step": 4, "kpt_bnd_idx": {"@module": "numpy", "@class": "array", "dtype": "int64", "data": [1, 1, 8, 9]}, "gw_bands": 200, "gw_cutoff": 4, "w_conv_grid": [[200, 4, 3.548642], [300, 4, 3.546147], [300, 8, 3.777644], [300, 8, 3.777644], [300, 12, 3.850345], [300, 12, 3.850345], [300, 16, 3.8708869999999997], [300, 16, 3.8708869999999997], [400, 16, 3.88186], [400, 20, 3.889229], [400, 20, 3.889229]], "pwcutoff": 86, "w_conv_time": [28.09867548942566, 33.4505295753479, 34.20692300796509, 34.209290504455566, 35.91043424606323, 35.913747787475586, 39.5844464302063, 39.58655643463135, 41.38685131072998, 47.57720446586609, 47.57907009124756], "w_ngw": 7, "w_z_factor": [{"@module": "numpy", "@class": "array", "dtype": "float64", "data": [[8.0, 0.78, -0.154327], [9.0, 0.8, -0.158572]]}, {"@module": "numpy", "@class": "array", "dtype": "float64", "data": [[8.0, 0.78, -0.156729], [9.0, 0.8, -0.158642]]}, {"@module": "numpy", "@class": "array", "dtype": "float64", "data": [[8.0, 0.77, -0.155978], [9.0, 0.8, -0.158912]]}, {"@module": "numpy", "@class": "array", "dtype": "float64", "data": [[8.0, 0.77, -0.780945], [9.0, 0.8, -0.159524]]}, {"@module": "numpy", "@class": "array", "dtype": "float64", "data": [[8.0, 0.77, -0.153791], [9.0, 0.8, -0.158268]]}, {"@module": "numpy", "@class": "array", "dtype": "float64", "data": [[8.0, 0.77, -0.151067], [9.0, 0.8, -0.158383]]}, {"@module": "numpy", "@class": "array", "dtype": "float64", "data": [[8.0, 0.77, -0.152173], [9.0, 0.8, -0.158163]]}], "gw_kppa": 260, "gw_kpt_grid": {"@module": "numpy", "@class": "array", "dtype": "int64", "data": [6, 6, 6]}, "conv_list": [[{"kppa": 0}, {"kpt_grid": "1x1x1"}, {"num_kpts": 1}, {"X_bnds": 400.0}, {"G_bnds": 400.0}, {"X_cutoff": 20.0}, {"gamma_gap": 3.889229}, {"num_gw_calc": 7}, {"wall_time": 486}, {"num_cores": 8}, {"z-factor": "None"}], [{"kppa": 0}, {"kpt_grid": "1x1x1"}, {"num_kpts": 1}, {"X_bnds": 200}, {"G_bnds": 200}, {"X_cutoff": 4}, {"gamma_gap": 8}, {"num_gw_calc": 1}, {"wall_time": 29}, {"num_cores": 8}, {"z-factor": "None"}], [{"kppa": 10}, {"kpt_grid": "2x2x2"}, {"num_kpts": 1}, {"X_bnds": 200}, {"G_bnds": 200}, {"X_cutoff": 4}, {"gamma_gap": 5.241914}, {"num_gw_calc": 2}, {"wall_time": 57}, {"num_cores": 8}, {"z-factor": {"@module": "numpy", "@class": "array", "dtype": "float64", "data": [[8.0, 0.81, -0.15118], [9.0, 0.83, -0.144252]]}}], [{"kppa": 60}, {"kpt_grid": "4x4x4"}, {"num_kpts": 1}, {"X_bnds": 200}, {"G_bnds": 200}, {"X_cutoff": 4}, {"gamma_gap": 5.3190729999999995}, {"num_gw_calc": 3}, {"wall_time": 191}, {"num_cores": 8}, {"z-factor": {"@module": "numpy", "@class": "array", "dtype": "float64", "data": [[8.0, 0.81, -0.150482], [9.0, 0.84, -0.130909]]}}], [{"kppa": 260}, {"kpt_grid": "6x6x6"}, {"num_kpts": 1}, {"X_bnds": 200}, {"G_bnds": 200}, {"X_cutoff": 4}, {"gamma_gap": 5.320734999999999}, {"num_gw_calc": 4}, {"wall_time": 259}, {"num_cores": 32}, {"z-factor": {"@module": "numpy", "@class": "array", "dtype": "float64",