{"@module": "pymatgen.entries.computed_entries", "@class": "ComputedEntry", "energy": 0.0, "composition": {"Tl": 1.0, "I": 1.0}, "entry_id": "61520", "correction": 0.0, "energy_adjustments": [], "parameters": {"id": "61520", "name": "TlI", "ibrav": {"celldm(1)": 7.94629839233487, "ibrav": 1}, "vol": 501.75834916421326, "lda_pw_cutoff_Ry": 62, "qe_conv_pbe": {"qe_conv_maxiter": 20, "qe_delta_kppa": 1500, "qe_delta_cutoff": 5, "qe_conv_thresh": 7.349865078089427e-05, "qe_conv_steps": [[60, 1500, -147.3476873800049], [65, 1500, -147.3477418715893], [65, 3000, -147.3477422972963]], "qe_conv_time": 20.21983814239502}, "num_elec_pbe": 30.0, "max_mem": 39683.0, "qe_conv_lda": {"qe_conv_maxiter": 20, "qe_delta_kppa": 1500, "qe_delta_cutoff": 5, "qe_conv_thresh": 7.349865078089427e-05, "qe_conv_steps": [[62, 1500, -73.72007927132383], [67, 1500, -73.7201760943406], [72, 1500, -73.72019307073757], [72, 3000, -73.72019365411217]], "qe_conv_time": 19.887070178985596}, "num_elec_lda": 20.0, "bg_conv_pbe": {"bg_conv_maxiter": 20, "bg_delta_kppa": 1500, "bg_delta_cutoff": 5, "bg_conv_thresh": 0.025, "bg_conv_steps": [[65, 3000, 1.6371744748925283], [65, 4500, 1.6535578489647855]], "bg_conv_time": 16.742918729782104}, "indirect_gap_pbe": 1.6535436716204033, "bg_conv_lda": {"bg_conv_maxiter": 20, "bg_delta_kppa": 1500, "bg_delta_cutoff": 5, "bg_conv_thresh": 0.025, "bg_conv_steps": [[72, 3000, 1.4853336560425998], [72, 4500, 1.5021460980408334]], "bg_conv_time": 11.974494218826294}, "indirect_gap_lda": 1.5021468541762948, "gw_conv_pbe": {"gw_conv_thr": 0.025, "gw_bnd_start": 200, "gw_bnd_step": 100, "gw_cut_start": 4, "gw_cut_step": 4, "kpt_bnd_idx": {"@module": "numpy", "@class": "array", "dtype": "int64", "data": [1, 1, 15, 16]}, "gw_bands": 200, "gw_cutoff": 4, "w_conv_grid": [[200, 4, 9.314321], [300, 4, 9.306874], [300, 8, 9.416584], [300, 8, 9.416584], [300, 12, 9.469517], [300, 12, 9.469517], [300, 16, 9.484828], [300, 16, 9.484828], [400, 16, 9.495472], [400, 20, 9.501408], [400, 20, 9.501408]], "pwcutoff": 65, "w_conv_time": [11.899504661560059, 13.235502243041992, 11.98951244354248, 11.991014242172241, 12.849467039108276, 12.850514650344849, 14.482378244400024, 14.483611106872559, 16.035008430480957, 16.25145387649536, 16.253291845321655], "w_ngw": 7, "w_z_factor": [{"@module": "numpy", "@class": "array", "dtype": "float64", "data": [[15.0, 0.82, -0.13206], [16.0, 0.83, -0.122307]]}, {"@module": "numpy", "@class": "array", "dtype": "float64", "data": [[15.0, 0.82, -0.132718], [16.0, 0.83, -0.12237]]}, {"@module": "numpy", "@class": "array", "dtype": "float64", "data": [[15.0, 0.81, -0.132337], [16.0, 0.83, -0.12209]]}, {"@module": "numpy", "@class": "array", "dtype": "float64", "data": [[15.0, 0.81, -0.132421], [16.0, 0.83, -0.122076]]}, {"@module": "numpy", "@class": "array", "dtype": "float64", "data": [[15.0, 0.81, -0.132134], [16.0, 0.83, -0.12185]]}, {"@module": "numpy", "@class": "array", "dtype": "float64", "data": [[15.0, 0.81, -0.132745], [16.0, 0.83, -0.122527]]}, {"@module": "numpy", "@class": "array", "dtype": "float64", "data": [[15.0, 0.81, -0.132655], [16.0, 0.83, -0.12198]]}], "gw_kppa": 250, "gw_kpt_grid": {"@module": "numpy", "@class": "array", "dtype": "int64", "data": [6, 6, 6]}, "conv_list": [[{"kppa": 0}, {"kpt_grid": "1x1x1"}, {"num_kpts": 1}, {"X_bnds": 400.0}, {"G_bnds": 400.0}, {"X_cutoff": 20.0}, {"gamma_gap": 9.501408}, {"num_gw_calc": 7}, {"wall_time": 176}, {"num_cores": 8}, {"z-factor": "None"}], [{"kppa": 0}, {"kpt_grid": "1x1x1"}, {"num_kpts": 1}, {"X_bnds": 200}, {"G_bnds": 200}, {"X_cutoff": 4}, {"gamma_gap": 8}, {"num_gw_calc": 1}, {"wall_time": 12}, {"num_cores": 8}, {"z-factor": "None"}], [{"kppa": 10}, {"kpt_grid": "2x2x2"}, {"num_kpts": 1}, {"X_bnds": 200}, {"G_bnds": 200}, {"X_cutoff": 4}, {"gamma_gap": 8.568635}, {"num_gw_calc": 2}, {"wall_time": 23}, {"num_cores": 8}, {"z-factor": {"@module": "numpy", "@class": "array", "dtype": "float64", "data": [[15.0, 0.8, -0.137706], [16.0, 0.82, -0.139341]]}}], [{"kppa": 60}, {"kpt_grid": "4x4x4"}, {"num_kpts": 1}, {"X_bnds": 200}, {"G_bnds": 200}, {"X_cutoff": 4}, {"gamma_gap": 8.750671}, {"num_gw_calc": 3}, {"wall_time": 65}, {"num_cores": 8}, {"z-factor": {"@module": "numpy", "@class": "array", "dtype": "float64", "data": [[15.0, 0.8, -0.137419]]}}], [{"kppa": 250}, {"kpt_grid": "6x6x6"}, {"num_kpts": 1}, {"X_bnds": 200}, {"G_bnds": 200}, {"X_cutoff": 4}, {"gamma_gap": 8.766751}, {"num_gw_calc": 4}, {"wall_time": 82}, {"num_cores": 32}, {"z-factor": {"@module": "numpy", "@class": "array", "dtype": "float64", "data": [[15.0, 0.8, -0.140898], [16.0, 0.83, -0.183519]]}}]], "conv_time": 344.0052180290222}, "gw_band_range_pbe": [1, 19], "gw_conv_lda": {"gw_conv_thr": 0.025, "gw_bnd_start": 200, "gw_bnd_step": 100, "gw_cut_start": 4, "gw_cut_step": 4, "kpt_bnd_idx": {"@module": "numpy", "@class": "array", "dtype": "int64", "data": [1, 1, 10, 11]}, "gw_bands": 200, "gw_cutoff": 4, "w_conv_grid": [[200, 4, 8.50713], [300, 4, 8.511217], [300, 8, 8.649823999999999], [300, 8, 8.649823999999999], [300, 12, 8.705479], [300, 12, 8.705479], [300, 16, 8.716732], [300, 16, 8.716732], [400, 16, 8.727619], [400, 20, 8.73088], [400, 20, 8.73088]], "pwcutoff": 72, "w_conv_time": [11.726228952407837, 11.721336841583252, 12.741123676300049, 12.742586135864258, 13.135702133178711, 13.137205839157104, 15.040215492248535, 15.042041540145874, 14.427616834640503, 17.326515913009644, 17.328084707260132], "w_ngw": 7, "w_z_factor": [{"@module": "numpy", "@class": "array", "dtype": "float64", "data": [[10.0, 0.81, -0.156175], [11.0, 0.83, -0.137614]]}, {"@module": "numpy", "@class": "array", "dtype": "float64", "data": [[10.0, 0.81, -0.14735], [11.0, 0.83, -0.135524]]}, {"@module": "numpy", "@class": "array", "dtype": "float64", "data": [[10.0, 0.8, -0.158194], [11.0, 0.83, -0.137008]]}, {"@module": "numpy", "@class": "array", "dtype": "float64", "data": [[10.0, 0.8, -0.150664], [11.0, 0.83, -0.134703]]}, {"@module": "numpy", "@class": "array", "dtype": "float64", "data": [[10.0, 0.8, -0.15001], [11.0, 0.83, -0.134523]]}, {"@module": "numpy", "@class": "array", "dtype": "float64", "data": [[10.0, 0.8, -0.149025], [11.0, 0.83, -0.134153]]}, {"@module": "numpy", "@class": "array", "dtype": "float64", "data": [[10.0, 0.8, -0.149114], [11.0, 0.83, -0.134122]]}], "gw_kppa": 250, "gw_kpt_grid": {"@module": "numpy", "@class": "array", "dtype": "int64", "data": [6, 6, 6]}, "conv_list": [[{"kppa": 0}, {"kpt_grid": "1x1x1"}, {"num_kpts": 1}, {"X_bnds": 400.0}, {"G_bnds": 400.0}, {"X_cutoff": 20.0}, {"gamma_gap": 8.73088}, {"num_gw_calc": 7}, {"wall_time": 178}, {"num_cores": 8}, {"z-factor": "None"}], [{"kppa": 0}, {"kpt_grid": "1x1x1"}, {"num_kpts": 1}, {"X_bnds": 200}, {"G_bnds": 200}, {"X_cutoff": 4}, {"gamma_gap": 8}, {"num_gw_calc": 1}, {"wall_time": 12}, {"num_cores": 8}, {"z-factor": "None"}], [{"kppa": 10}, {"kpt_grid": "2x2x2"}, {"num_kpts": 1}, {"X_bnds": 200}, {"G_bnds": 200}, {"X_cutoff": 4}, {"gamma_gap": 7.680883}, {"num_gw_calc": 2}, {"wall_time": 24}, {"num_cores": 8}, {"z-factor": {"@module": "numpy", "@class": "array", "dtype": "float64", "data": [[10.0, 0.79, -0.14912], [11.0, 0.81, -0.13969]]}}], [{"kppa": 60}, {"kpt_grid": "4x4x4"}, {"num_kpts": 1}, {"X_bnds": 200}, {"G_bnds": 200}, {"X_cutoff": 4}, {"gamma_gap": 7.84312}, {"num_gw_calc": 3}, {"wall_time": 59}, {"num_cores": 8}, {"z-factor": {"@module": "numpy", "@class": "array", "dtype": "float64", "data": [[10.0, 0.79, -0.157665], [11.0, 0.82, -0.130492]]}}], [{"kppa": 250}, {"kpt_grid": "6x6x6"}, {"num_kpts": 1}, {"X_bnds": 200}, {"G_bnds": 200}, {"X_cutoff": 4}, {"gamma_gap": 7.842492999999999}, {"num_gw_calc": 4}, {"wall_time": 69}, {"num_cores": 32}, {"z-factor": {"@module": "numpy", "@class": "array", "dtype": "float64", "data": [[10.0, 0.79, -0.153765], [11.0, 0.82, -0.22987]]}}]], "conv_time": 327.5394175052643}, "gw_band_range_lda": [1, 14], "g0w0_ppa_pbe": {"gw_direct_gap": 8.957842, "kppa": 690, "kpt_grid": "8x8x8",