{"@module": "pymatgen.entries.computed_entries", "@class": "ComputedEntry", "energy": 0.0, "composition": {"Ba": 1.0, "O": 1.0}, "entry_id": "616005", "correction": 0.0, "energy_adjustments": [], "parameters": {"id": "616005", "name": "BaO", "ibrav": {"celldm(1)": 10.467382027344133, "ibrav": 2}, "vol": 286.71752117579456, "lda_pw_cutoff_Ry": 60, "qe_conv_pbe": {"qe_conv_maxiter": 20, "qe_delta_kppa": 1500, "qe_delta_cutoff": 5, "qe_conv_thresh": 7.349865078089427e-05, "qe_conv_steps": [[60, 1500, -41.81045695491773], [65, 1500, -41.81594851646066], [70, 1500, -41.81849437240646], [75, 1500, -41.81959712259392], [80, 1500, -41.81997867799359], [85, 1500, -41.82007735687034], [90, 1500, -41.82009023027144], [90, 3000, -41.820090237507]], "qe_conv_time": 37.40381050109863}, "num_elec_pbe": 16.0, "max_mem": 36819.0, "qe_conv_lda": {"qe_conv_maxiter": 20, "qe_delta_kppa": 1500, "qe_delta_cutoff": 5, "qe_conv_thresh": 7.349865078089427e-05, "qe_conv_steps": [[60, 1500, -44.77949380724541], [65, 1500, -44.78239198093766], [70, 1500, -44.78355938883538], [75, 1500, -44.78397765342783], [80, 1500, -44.78410545704258], [85, 1500, -44.78413481173376], [85, 3000, -44.7841348175175]], "qe_conv_time": 33.16073942184448}, "num_elec_lda": 16.0, "bg_conv_pbe": {"bg_conv_maxiter": 20, "bg_delta_kppa": 1500, "bg_delta_cutoff": 5, "bg_conv_thresh": 0.025, "bg_conv_steps": [[90, 3000, 2.047656234309792], [90, 4500, 2.0476571654077094]], "bg_conv_time": 13.39168381690979}, "indirect_gap_pbe": 2.047655670363695, "bg_conv_lda": {"bg_conv_maxiter": 20, "bg_delta_kppa": 1500, "bg_delta_cutoff": 5, "bg_conv_thresh": 0.025, "bg_conv_steps": [[85, 3000, 1.8737556946824945], [85, 4500, 1.8737381426581101]], "bg_conv_time": 9.949425220489502}, "indirect_gap_lda": 1.8737389916870857, "gw_conv_pbe": {"gw_conv_thr": 0.025, "gw_bnd_start": 200, "gw_bnd_step": 100, "gw_cut_start": 4, "gw_cut_step": 4, "kpt_bnd_idx": {"@module": "numpy", "@class": "array", "dtype": "int64", "data": [1, 1, 8, 9]}, "gw_bands": 200, "gw_cutoff": 4, "w_conv_grid": [[200, 4, 3.64364], [300, 4, 3.6431430000000002], [300, 8, 3.811082], [300, 8, 3.811082], [300, 12, 3.867269], [300, 12, 3.867269], [300, 16, 3.9049310000000004], [300, 16, 3.9049310000000004], [300, 20, 3.920967], [300, 20, 3.920967], [400, 20, 3.928933], [400, 24, 3.940072], [400, 24, 3.940072]], "pwcutoff": 90, "w_conv_time": [12.253817558288574, 12.190692663192749, 12.69660496711731, 12.697636365890503, 12.561403036117554, 12.563062191009521, 13.237302541732788, 13.238851547241211, 13.642134666442871, 13.64337706565857, 14.043217658996582, 15.045050144195557, 15.046011924743652], "w_ngw": 8, "w_z_factor": [{"@module": "numpy", "@class": "array", "dtype": "float64", "data": [[8.0, 0.77, -0.125988], [9.0, 0.82, -0.111399]]}, {"@module": "numpy", "@class": "array", "dtype": "float64", "data": [[8.0, 0.77, -0.1278], [9.0, 0.82, -0.111699]]}, {"@module": "numpy", "@class": "array", "dtype": "float64", "data": [[8.0, 0.77, -0.113492], [9.0, 0.82, -0.109966]]}, {"@module": "numpy", "@class": "array", "dtype": "float64", "data": [[8.0, 0.77, -0.136756], [9.0, 0.82, -0.110525]]}, {"@module": "numpy", "@class": "array", "dtype": "float64", "data": [[8.0, 0.77, -0.115387], [9.0, 0.82, -0.110278]]}, {"@module": "numpy", "@class": "array", "dtype": "float64", "data": [[8.0, 0.77, -0.114444], [9.0, 0.82, -0.110184]]}, {"@module": "numpy", "@class": "array", "dtype": "float64", "data": [[8.0, 0.77, -0.115532], [9.0, 0.82, -0.11024]]}, {"@module": "numpy", "@class": "array", "dtype": "float64", "data": [[8.0, 0.77, -0.117249], [9.0, 0.82, -0.110402]]}], "gw_kppa": 260, "gw_kpt_grid": {"@module": "numpy", "@class": "array", "dtype": "int64", "data": [6, 6, 6]}, "conv_list": [[{"kppa": 0}, {"kpt_grid": "1x1x1"}, {"num_kpts": 1}, {"X_bnds": 400.0}, {"G_bnds": 400.0}, {"X_cutoff": 24.0}, {"gamma_gap": 3.940072}, {"num_gw_calc": 8}, {"wall_time": 182}, {"num_cores": 8}, {"z-factor": "None"}], [{"kppa": 0}, {"kpt_grid": "1x1x1"}, {"num_kpts": 1}, {"X_bnds": 200}, {"G_bnds": 200}, {"X_cutoff": 4}, {"gamma_gap": 8}, {"num_gw_calc": 1}, {"wall_time": 13}, {"num_cores": 8}, {"z-factor": "None"}], [{"kppa": 10}, {"kpt_grid": "2x2x2"}, {"num_kpts": 1}, {"X_bnds": 200}, {"G_bnds": 200}, {"X_cutoff": 4}, {"gamma_gap": 4.623098000000001}, {"num_gw_calc": 2}, {"wall_time": 21}, {"num_cores": 8}, {"z-factor": {"@module": "numpy", "@class": "array", "dtype": "float64", "data": [[8.0, 0.77, -0.156256], [9.0, 0.84, -0.111664]]}}], [{"kppa": 60}, {"kpt_grid": "4x4x4"}, {"num_kpts": 1}, {"X_bnds": 200}, {"G_bnds": 200}, {"X_cutoff": 4}, {"gamma_gap": 4.838108}, {"num_gw_calc": 3}, {"wall_time": 43}, {"num_cores": 8}, {"z-factor": {"@module": "numpy", "@class": "array", "dtype": "float64", "data": [[8.0, 0.77, -0.156901], [9.0, 0.85, -0.942225]]}}], [{"kppa": 260}, {"kpt_grid": "6x6x6"}, {"num_kpts": 1}, {"X_bnds": 200}, {"G_bnds": 200}, {"X_cutoff": 4}, {"gamma_gap": 4.83408}, {"num_gw_calc": 4}, {"wall_time": 71}, {"num_cores": 32}, {"z-factor": {"@module": "numpy", "@class": "array", "dtype": "float64", "data": [[8.0, 0.77, -0.162275], [9.0, 0.85, -0.9525]]}}]], "conv_time": 314.2837839126587}, "gw_band_range_pbe": [1, 13], "gw_conv_lda": {"gw_conv_thr": 0.025, "gw_bnd_start": 200, "gw_bnd_step": 100, "gw_cut_start": 4, "gw_cut_step": 4, "kpt_bnd_idx": {"@module": "numpy", "@class": "array", "dtype": "int64", "data": [1, 1, 8, 9]}, "gw_bands": 200, "gw_cutoff": 4, "w_conv_grid": [[200, 4, 4.013222], [300, 4, 4.012792], [300, 8, 4.2030650000000005], [300, 8, 4.2030650000000005], [300, 12, 4.2793980000000005], [300, 12, 4.2793980000000005], [300, 16, 4.329416999999999], [300, 16, 4.329416999999999], [300, 20, 4.356977], [300, 20, 4.356977], [300, 24, 4.369675], [300, 24, 4.369675], [400, 24, 4.376663000000001], [400, 28, 4.388888], [400, 28, 4.388888]], "pwcutoff": 85, "w_conv_time": [12.33968186378479, 12.230581283569336, 12.367244720458984, 12.368100881576538, 12.63416075706482, 12.63520884513855, 13.108973026275635, 13.110331296920776, 13.443639039993286, 13.447386264801025, 14.467369794845581, 14.468528270721436, 15.280508995056152, 17.23236632347107, 17.233880758285522], "w_ngw": 9, "w_z_factor": [{"@module": "numpy", "@class": "array", "dtype": "float64", "data": [[8.0, 0.78, -0.903559], [9.0, 0.82, -0.107559]]}, {"@module": "numpy", "@class": "array", "dtype": "float64", "data": [[8.0, 0.78, -0.836079], [9.0, 0.82, -0.106971]]}, {"@module": "numpy", "@class": "array", "dtype": "float64", "data": [[8.0, 0.78, -0.104641], [9.0, 0.82, -0.108017]]}, {"@module": "numpy", "@class": "array", "dtype": "float64", "data": [[8.0, 0.78, -0.981664], [9.0, 0.82, -0.107943]]}, {"@module": "numpy", "@class": "array", "dtype": "float64", "data": [[8.0, 0.77, -0.97321], [9.0, 0.82, -0.107936]]}, {"@module": "numpy", "@class": "array", "dtype": "float64", "data": [[8.0, 0.78, -0.833281], [9.0, 0.82, -0.107463]]}, {"@module": "numpy", "@class": "array", "dtype": "float64", "data": [[8.0, 0.78, -0.297978], [9.0, 0.82, -0.102823]]}, {"@module": "numpy", "@class": "array", "dtype": "float64", "data": [[8.0, 0.77, -0.103534], [9.0, 0.82, -0.108163]]}, {"@module": "numpy", "@class": "array", "dtype": "float64", "data": [[8.0, 0.77, -0.102962], [9.0, 0.82, -0.108116]]}], "gw_kppa": 260, "gw_kpt_grid": {"@module": "numpy", "@class": "array", "dtype": "int64", "data": [6, 6, 6]},