{"@module": "pymatgen.entries.computed_entries", "@class": "ComputedEntry", "energy": 0.0, "composition": {"Ba": 1.0, "Te": 1.0}, "entry_id": "616165", "correction": 0.0, "energy_adjustments": [], "parameters": {"id": "616165", "name": "BaTe", "ibrav": {"celldm(1)": 13.237531566779015, "ibrav": 2}, "vol": 579.910583686795, "lda_pw_cutoff_Ry": 68, "qe_conv_pbe": {"qe_conv_maxiter": 20, "qe_delta_kppa": 1500, "qe_delta_cutoff": 5, "qe_conv_thresh": 7.349865078089427e-05, "qe_conv_steps": [[60, 1500, -113.2563182289772], [65, 1500, -113.2563255174334], [65, 3000, -113.2563256200052]], "qe_conv_time": 25.324731826782227}, "num_elec_pbe": 26.0, "max_mem": 58266.0, "qe_conv_lda": {"qe_conv_maxiter": 20, "qe_delta_kppa": 1500, "qe_delta_cutoff": 5, "qe_conv_thresh": 7.349865078089427e-05, "qe_conv_steps": [[68, 1500, -132.9225112860502], [73, 1500, -132.9226825421207], [78, 1500, -132.9226915543527], [78, 3000, -132.9226917207561]], "qe_conv_time": 29.954734086990356}, "num_elec_lda": 26.0, "bg_conv_pbe": {"bg_conv_maxiter": 20, "bg_delta_kppa": 1500, "bg_delta_cutoff": 5, "bg_conv_thresh": 0.025, "bg_conv_steps": [[65, 3000, 1.6061834755689361], [65, 4500, 1.606181691403896]], "bg_conv_time": 38.74278688430786}, "indirect_gap_pbe": 1.60618438153023, "bg_conv_lda": {"bg_conv_maxiter": 20, "bg_delta_kppa": 1500, "bg_delta_cutoff": 5, "bg_conv_thresh": 0.025, "bg_conv_steps": [[78, 3000, 1.4396935850321435], [78, 4500, 1.4396924394140331]], "bg_conv_time": 17.160844564437866}, "indirect_gap_lda": 1.4396884664036071, "gw_conv_pbe": {"gw_conv_thr": 0.025, "gw_bnd_start": 200, "gw_bnd_step": 100, "gw_cut_start": 4, "gw_cut_step": 4, "kpt_bnd_idx": {"@module": "numpy", "@class": "array", "dtype": "int64", "data": [1, 1, 13, 14]}, "gw_bands": 200, "gw_cutoff": 4, "w_conv_grid": [[200, 4, 3.020824], [300, 4, 3.0366470000000003], [300, 8, 3.190461], [300, 8, 3.190461], [300, 12, 3.206867], [300, 12, 3.206867], [400, 12, 3.225099], [400, 16, 3.224418], [400, 16, 3.224418]], "pwcutoff": 65, "w_conv_time": [12.140104293823242, 12.367443561553955, 12.683765411376953, 12.685328722000122, 13.778379201889038, 13.779598474502563, 14.317956447601318, 16.090641260147095, 16.09162163734436], "w_ngw": 6, "w_z_factor": [{"@module": "numpy", "@class": "array", "dtype": "float64", "data": [[13.0, 0.79, -0.132927], [14.0, 0.82, -0.122425]]}, {"@module": "numpy", "@class": "array", "dtype": "float64", "data": [[13.0, 0.79, -0.137419], [14.0, 0.82, -0.122135]]}, {"@module": "numpy", "@class": "array", "dtype": "float64", "data": [[13.0, 0.79, -0.123], [14.0, 0.82, -0.117138]]}, {"@module": "numpy", "@class": "array", "dtype": "float64", "data": [[13.0, 0.79, -0.121617], [14.0, 0.82, -0.102442]]}, {"@module": "numpy", "@class": "array", "dtype": "float64", "data": [[13.0, 0.79, -0.141674], [14.0, 0.82, -0.115413]]}, {"@module": "numpy", "@class": "array", "dtype": "float64", "data": [[13.0, 0.79, -0.142552], [14.0, 0.82, -0.114625]]}], "gw_kppa": 260, "gw_kpt_grid": {"@module": "numpy", "@class": "array", "dtype": "int64", "data": [6, 6, 6]}, "conv_list": [[{"kppa": 0}, {"kpt_grid": "1x1x1"}, {"num_kpts": 1}, {"X_bnds": 400.0}, {"G_bnds": 400.0}, {"X_cutoff": 16.0}, {"gamma_gap": 3.224418}, {"num_gw_calc": 6}, {"wall_time": 171}, {"num_cores": 8}, {"z-factor": "None"}], [{"kppa": 0}, {"kpt_grid": "1x1x1"}, {"num_kpts": 1}, {"X_bnds": 200}, {"G_bnds": 200}, {"X_cutoff": 4}, {"gamma_gap": 8}, {"num_gw_calc": 1}, {"wall_time": 13}, {"num_cores": 8}, {"z-factor": "None"}], [{"kppa": 10}, {"kpt_grid": "2x2x2"}, {"num_kpts": 1}, {"X_bnds": 200}, {"G_bnds": 200}, {"X_cutoff": 4}, {"gamma_gap": 4.117362}, {"num_gw_calc": 2}, {"wall_time": 22}, {"num_cores": 8}, {"z-factor": {"@module": "numpy", "@class": "array", "dtype": "float64", "data": [[13.0, 0.8, -0.14173], [14.0, 0.82, -0.134495]]}}], [{"kppa": 60}, {"kpt_grid": "4x4x4"}, {"num_kpts": 1}, {"X_bnds": 200}, {"G_bnds": 200}, {"X_cutoff": 4}, {"gamma_gap": 4.246593}, {"num_gw_calc": 3}, {"wall_time": 65}, {"num_cores": 8}, {"z-factor": {"@module": "numpy", "@class": "array", "dtype": "float64", "data": [[13.0, 0.81, -0.141551], [14.0, 0.82, -0.133707]]}}], [{"kppa": 260}, {"kpt_grid": "6x6x6"}, {"num_kpts": 1}, {"X_bnds": 200}, {"G_bnds": 200}, {"X_cutoff": 4}, {"gamma_gap": 4.249112}, {"num_gw_calc": 4}, {"wall_time": 91}, {"num_cores": 32}, {"z-factor": {"@module": "numpy", "@class": "array", "dtype": "float64", "data": [[13.0, 0.81, -0.144407], [14.0, 0.83, -0.124189]]}}]], "conv_time": 347.06190395355225}, "gw_band_range_pbe": [1, 20], "gw_conv_lda": {"gw_conv_thr": 0.025, "gw_bnd_start": 200, "gw_bnd_step": 100, "gw_cut_start": 4, "gw_cut_step": 4, "kpt_bnd_idx": {"@module": "numpy", "@class": "array", "dtype": "int64", "data": [1, 1, 13, 14]}, "gw_bands": 200, "gw_cutoff": 4, "w_conv_grid": [[200, 4, 3.011952], [300, 4, 3.0278289999999997], [300, 8, 3.199211], [300, 8, 3.199211], [300, 12, 3.228526], [300, 12, 3.228526], [300, 16, 3.231477], [300, 16, 3.231477], [400, 16, 3.249037], [400, 20, 3.248674], [400, 20, 3.248674]], "pwcutoff": 78, "w_conv_time": [12.44981598854065, 12.48449182510376, 12.918335676193237, 12.919757604598999, 13.999901294708252, 14.000922918319702, 15.295714855194092, 15.29723310470581, 16.276308059692383, 20.369397401809692, 20.37052345275879], "w_ngw": 7, "w_z_factor": [{"@module": "numpy", "@class": "array", "dtype": "float64", "data": [[13.0, 0.8, -0.135234], [14.0, 0.82, -0.113105]]}, {"@module": "numpy", "@class": "array", "dtype": "float64", "data": [[13.0, 0.8, -0.1348], [14.0, 0.82, -0.120147]]}, {"@module": "numpy", "@class": "array", "dtype": "float64", "data": [[13.0, 0.79, -0.135487], [14.0, 0.82, -0.113729]]}, {"@module": "numpy", "@class": "array", "dtype": "float64", "data": [[13.0, 0.79, -0.114397], [14.0, 0.82, -0.124195]]}, {"@module": "numpy", "@class": "array", "dtype": "float64", "data": [[13.0, 0.79, -0.12473], [14.0, 0.82, -0.119224]]}, {"@module": "numpy", "@class": "array", "dtype": "float64", "data": [[13.0, 0.79, -0.14219], [14.0, 0.82, -0.113895]]}, {"@module": "numpy", "@class": "array", "dtype": "float64", "data": [[13.0, 0.79, -0.146557], [14.0, 0.82, -0.108973]]}], "gw_kppa": 260, "gw_kpt_grid": {"@module": "numpy", "@class": "array", "dtype": "int64", "data": [6, 6, 6]}, "conv_list": [[{"kppa": 0}, {"kpt_grid": "1x1x1"}, {"num_kpts": 1}, {"X_bnds": 400.0}, {"G_bnds": 400.0}, {"X_cutoff": 20.0}, {"gamma_gap": 3.248674}, {"num_gw_calc": 7}, {"wall_time": 182}, {"num_cores": 8}, {"z-factor": "None"}], [{"kppa": 0}, {"kpt_grid": "1x1x1"}, {"num_kpts": 1}, {"X_bnds": 200}, {"G_bnds": 200}, {"X_cutoff": 4}, {"gamma_gap": 8}, {"num_gw_calc": 1}, {"wall_time": 13}, {"num_cores": 8}, {"z-factor": "None"}], [{"kppa": 10}, {"kpt_grid": "2x2x2"}, {"num_kpts": 1}, {"X_bnds": 200}, {"G_bnds": 200}, {"X_cutoff": 4}, {"gamma_gap": 3.932778}, {"num_gw_calc": 2}, {"wall_time": 24}, {"num_cores": 8}, {"z-factor": {"@module": "numpy", "@class": "array", "dtype": "float64", "data": [[13.0, 0.8, -0.142593], [14.0, 0.82, -0.131799]]}}], [{"kppa": 60}, {"kpt_grid": "4x4x4"}, {"num_kpts": 1}, {"X_bnds": 200}, {"G_bnds": 200}, {"X_cutoff": 4}, {"gamma_gap": 4.017916}, {"num_gw_calc": 3}, {"wall_time": 106}, {"num_cores": 8}, {"z-factor": {"@module": "numpy", "@class": "array", "dtype": "float64", "data": [[13.0, 0.8, -0.138327], [14.0, 0.82, -0.12758]]}}], [{"kppa": 260}, {"kpt_grid": "6x6x6"}, {"num_kpts": 1}, {"X_bnds": 200}, {"G_bnds": 200}, {"X_cutoff": 4}, {"gamma_gap": 4.019247}, {"num_gw_calc": 4}, {"wall_time": 143}, {"num_cores": 32}, {"z-factor": {"@module": "numpy", "@class": "array", "dtype": "float64", "data": [[13.0, 0.8, -0.141593], [14.0, 0.82, -0.131282]]}}]], "conv_time": 453.66339683532715}, "gw_band_range_lda": [1, 20], "g0w0_ppa_pbe": {"gw_direct_gap": 4.415152, "kppa": 690, "kpt_grid": "8x8x8", "num_kpt": 29, "bands_in X": 500, "bands_in_G": 500, "cutoff": 20, "z_factor": [[13.0, 0.8, -0.00143927], [14.0, 0.82, -0.00133137]], "scissor": 1.445802, "ncpu": 32,