{"@module": "pymatgen.entries.computed_entries", "@class": "ComputedEntry", "energy": 0.0, "composition": {"Be": 1.0, "Se": 1.0}, "entry_id": "616419", "correction": 0.0, "energy_adjustments": [], "parameters": {"id": "616419", "name": "BeSe", "ibrav": {"celldm(1)": 9.727743218602189, "ibrav": 2}, "vol": 230.1316243840509, "lda_pw_cutoff_Ry": 78, "qe_conv_pbe": {"qe_conv_maxiter": 20, "qe_delta_kppa": 1500, "qe_delta_cutoff": 5, "qe_conv_thresh": 7.349865078089427e-05, "qe_conv_steps": [[60, 1500, -22.8174470204871], [65, 1500, -22.81746275977325], [65, 3000, -22.81746396205024]], "qe_conv_time": 11.522969007492065}, "num_elec_pbe": 10.0, "max_mem": 22545.0, "qe_conv_lda": {"qe_conv_maxiter": 20, "qe_delta_kppa": 1500, "qe_delta_cutoff": 5, "qe_conv_thresh": 7.349865078089427e-05, "qe_conv_steps": [[78, 1500, -135.0634390140566], [83, 1500, -135.0636650734712], [88, 1500, -135.0636963370031], [88, 3000, -135.063697634661]], "qe_conv_time": 18.21379065513611}, "num_elec_lda": 20.0, "bg_conv_pbe": {"bg_conv_maxiter": 20, "bg_delta_kppa": 1500, "bg_delta_cutoff": 5, "bg_conv_thresh": 0.025, "bg_conv_steps": [[65, 3000, 2.6175113589938666], [65, 4500, 2.6175019944883657]], "bg_conv_time": 7.283024311065674}, "indirect_gap_pbe": 2.6174990939833442, "bg_conv_lda": {"bg_conv_maxiter": 20, "bg_delta_kppa": 1500, "bg_delta_cutoff": 5, "bg_conv_thresh": 0.025, "bg_conv_steps": [[88, 3000, 2.4824789716610076], [88, 4500, 2.482485797524017]], "bg_conv_time": 13.056978464126587}, "indirect_gap_lda": 2.4824794558973635, "gw_conv_pbe": {"gw_conv_thr": 0.025, "gw_bnd_start": 200, "gw_bnd_step": 100, "gw_cut_start": 4, "gw_cut_step": 4, "kpt_bnd_idx": {"@module": "numpy", "@class": "array", "dtype": "int64", "data": [1, 1, 5, 6]}, "gw_bands": 200, "gw_cutoff": 4, "w_conv_grid": [[200, 4, 3.898085], [300, 4, 3.8979169999999996], [300, 8, 4.08027], [300, 8, 4.08027], [300, 12, 4.129279], [300, 12, 4.129279], [300, 16, 4.152234999999999], [300, 16, 4.152234999999999], [400, 16, 4.154367000000001], [400, 20, 4.160486], [400, 20, 4.160486]], "pwcutoff": 65, "w_conv_time": [12.094383955001831, 12.071976900100708, 12.300039291381836, 12.301357746124268, 12.295896768569946, 12.2976553440094, 12.769265174865723, 12.771427392959595, 12.995342254638672, 13.090105056762695, 13.091610193252563], "w_ngw": 7, "w_z_factor": [{"@module": "numpy", "@class": "array", "dtype": "float64", "data": [[5.0, 0.8, -0.881747], [6.0, 0.82, -0.818077]]}, {"@module": "numpy", "@class": "array", "dtype": "float64", "data": [[5.0, 0.8, -0.877899], [6.0, 0.82, -0.817822]]}, {"@module": "numpy", "@class": "array", "dtype": "float64", "data": [[5.0, 0.8, -0.868181], [6.0, 0.82, -0.841006]]}, {"@module": "numpy", "@class": "array", "dtype": "float64", "data": [[5.0, 0.8, -0.875876], [6.0, 0.82, -0.843065]]}, {"@module": "numpy", "@class": "array", "dtype": "float64", "data": [[5.0, 0.8, -0.876518], [6.0, 0.82, -0.845921]]}, {"@module": "numpy", "@class": "array", "dtype": "float64", "data": [[5.0, 0.8, -0.87545], [6.0, 0.82, -0.844636]]}, {"@module": "numpy", "@class": "array", "dtype": "float64", "data": [[5.0, 0.8, -0.875191], [6.0, 0.82, -0.844695]]}], "gw_kppa": 260, "gw_kpt_grid": {"@module": "numpy", "@class": "array", "dtype": "int64", "data": [6, 6, 6]}, "conv_list": [[{"kppa": 0}, {"kpt_grid": "1x1x1"}, {"num_kpts": 1}, {"X_bnds": 400.0}, {"G_bnds": 400.0}, {"X_cutoff": 20.0}, {"gamma_gap": 4.160486}, {"num_gw_calc": 7}, {"wall_time": 135}, {"num_cores": 8}, {"z-factor": "None"}], [{"kppa": 0}, {"kpt_grid": "1x1x1"}, {"num_kpts": 1}, {"X_bnds": 200}, {"G_bnds": 200}, {"X_cutoff": 4}, {"gamma_gap": 8}, {"num_gw_calc": 1}, {"wall_time": 13}, {"num_cores": 8}, {"z-factor": "None"}], [{"kppa": 10}, {"kpt_grid": "2x2x2"}, {"num_kpts": 1}, {"X_bnds": 200}, {"G_bnds": 200}, {"X_cutoff": 4}, {"gamma_gap": 5.483354}, {"num_gw_calc": 2}, {"wall_time": 18}, {"num_cores": 8}, {"z-factor": {"@module": "numpy", "@class": "array", "dtype": "float64", "data": [[5.0, 0.81, -0.110667], [6.0, 0.82, -0.112356]]}}], [{"kppa": 60}, {"kpt_grid": "4x4x4"}, {"num_kpts": 1}, {"X_bnds": 200}, {"G_bnds": 200}, {"X_cutoff": 4}, {"gamma_gap": 5.56828}, {"num_gw_calc": 3}, {"wall_time": 35}, {"num_cores": 8}, {"z-factor": {"@module": "numpy", "@class": "array", "dtype": "float64", "data": [[5.0, 0.81, -0.123486], [6.0, 0.82, -0.123294]]}}], [{"kppa": 260}, {"kpt_grid": "6x6x6"}, {"num_kpts": 1}, {"X_bnds": 200}, {"G_bnds": 200}, {"X_cutoff": 4}, {"gamma_gap": 5.567835}, {"num_gw_calc": 4}, {"wall_time": 44}, {"num_cores": 32}, {"z-factor": {"@module": "numpy", "@class": "array", "dtype": "float64", "data": [[5.0, 0.81, -0.12388], [6.0, 0.82, -0.122901]]}}]], "conv_time": 230.60986328125}, "gw_band_range_pbe": [1, 10], "gw_conv_lda": {"gw_conv_thr": 0.025, "gw_bnd_start": 200, "gw_bnd_step": 100, "gw_cut_start": 4, "gw_cut_step": 4, "kpt_bnd_idx": {"@module": "numpy", "@class": "array", "dtype": "int64", "data": [1, 1, 10, 11]}, "gw_bands": 200, "gw_cutoff": 4, "w_conv_grid": [[200, 4, 4.440647], [300, 4, 4.447376], [300, 8, 4.618869], [300, 8, 4.618869], [300, 12, 4.674487], [300, 12, 4.674487], [300, 16, 4.709026], [300, 16, 4.709026], [300, 20, 4.717388], [300, 20, 4.717388], [400, 20, 4.72286], [400, 24, 4.7309079999999994], [400, 24, 4.7309079999999994]], "pwcutoff": 88, "w_conv_time": [12.48986291885376, 12.19399118423462, 12.530588388442993, 12.532482862472534, 12.671935319900513, 12.672817945480347, 13.02047085762024, 13.02275562286377, 13.043787002563477, 13.045108318328857, 13.855010271072388, 15.534493684768677, 15.5355384349823], "w_ngw": 8, "w_z_factor": [{"@module": "numpy", "@class": "array", "dtype": "float64", "data": [[10.0, 0.8, -0.958204], [11.0, 0.82, -0.839217]]}, {"@module": "numpy", "@class": "array", "dtype": "float64", "data": [[10.0, 0.81, -0.92516], [11.0, 0.82, -0.855837]]}, {"@module": "numpy", "@class": "array", "dtype": "float64", "data": [[10.0, 0.8, -0.937873], [11.0, 0.82, -0.854954]]}, {"@module": "numpy", "@class": "array", "dtype": "float64", "data": [[10.0, 0.8, -0.937778], [11.0, 0.82, -0.855677]]}, {"@module": "numpy", "@class": "array", "dtype": "float64", "data": [[10.0, 0.8, -0.935423], [11.0, 0.82, -0.855227]]}, {"@module": "numpy", "@class": "array", "dtype": "float64", "data": [[10.0, 0.8, -0.935289], [11.0, 0.82, -0.855176]]}, {"@module": "numpy", "@class": "array", "dtype": "float64", "data": [[10.0, 0.8, -0.948122], [11.0, 0.82, -0.853576]]}, {"@module": "numpy", "@class": "array", "dtype": "float64", "data": [[10.0, 0.8, -0.947768], [11.0, 0.82, -0.853251]]}], "gw_kppa": 60, "gw_kpt_grid": {"@module": "numpy", "@class": "array", "dtype": "int64", "data": [4, 4, 4]}, "conv_list": [[{"kppa": 0}, {"kpt_grid": "1x1x1"}, {"num_kpts": 1}, {"X_bnds": 400.0}, {"G_bnds": 400.0}, {"X_cutoff": 24.0}, {"gamma_gap": 4.7309079999999994}, {"num_gw_calc": 8}, {"wall_time": 168}, {"num_cores": 8}, {"z-factor": "None"}], [{"kppa": 0}, {"kpt_grid": "1x1x1"}, {"num_kpts": 1}, {"X_bnds": 200}, {"G_bnds": 200}, {"X_cutoff": 4}, {"gamma_gap": 8}, {"num_gw_calc": 1}, {"wall_time": 13}, {"num_cores": 8}, {"z-factor": "None"}], [{"kppa": 10}, {"kpt_grid": "2x2x2"}, {"num_kpts": 1}, {"X_bnds": 200}, {"G_bnds": 200}, {"X_cutoff": 4}, {"gamma_gap": 5.870108999999999}, {"num_gw_calc": 2}, {"wall_time": 21}, {"num_cores": 8}, {"z-factor": {"@module": "numpy", "@class": "array", "dtype": "float64", "data": [[10.0, 0.82, -0.110438], [11.0, 0.82, -0.111843]]}}], [{"kppa": 60}, {"kpt_grid": "4x4x4"}, {"num_kpts": 1}, {"X_bnds": 200}, {"G_bnds": 200}, {"X_cutoff": 4}, {"gamma_gap": 5.866702}, {"num_gw_calc": 3}, {"wall_time": 43}, {"num_cores": 8}, {"z-factor": {"@module": "numpy", "@class": "array", "dtype": "float64", "data": [[10.0, 0.81, -0.119339], [11.0, 0.82, -0.119744]]}}]], "conv_time": 229.68986296653748}, "gw_band_range_lda": [1, 15], "g0w0_ppa_pbe": {"gw_direct_gap": 5.769005999999999, "kppa": 690, "kpt_grid": "8x8x8", "num_kpt": 29, "bands_in X": 500, "bands_in_G": 500, "cutoff": 24,