{"@module": "pymatgen.entries.computed_entries", "@class": "ComputedEntry", "energy": 0.0, "composition": {"Be": 1.0, "Te": 1.0}, "entry_id": "616439", "correction": 0.0, "energy_adjustments": [], "parameters": {"id": "616439", "name": "BeTe", "ibrav": {"celldm(1)": 10.63329998188563, "ibrav": 2}, "vol": 300.5690143709052, "lda_pw_cutoff_Ry": 76, "qe_conv_pbe": {"qe_conv_maxiter": 20, "qe_delta_kppa": 1500, "qe_delta_cutoff": 5, "qe_conv_thresh": 7.349865078089427e-05, "qe_conv_steps": [[60, 1500, -100.7218704347206], [65, 1500, -100.7218913651069], [65, 3000, -100.7218938889024]], "qe_conv_time": 16.96666932106018}, "num_elec_pbe": 20.0, "max_mem": 22116.0, "qe_conv_lda": {"qe_conv_maxiter": 20, "qe_delta_kppa": 1500, "qe_delta_cutoff": 5, "qe_conv_thresh": 7.349865078089427e-05, "qe_conv_steps": [[76, 1500, -118.4792898030163], [81, 1500, -118.4794677356603], [86, 1500, -118.4795218655537], [86, 3000, -118.4795246352366]], "qe_conv_time": 24.286965370178223}, "num_elec_lda": 20.0, "bg_conv_pbe": {"bg_conv_maxiter": 20, "bg_delta_kppa": 1500, "bg_delta_cutoff": 5, "bg_conv_thresh": 0.025, "bg_conv_steps": [[65, 3000, 1.9872182953782291], [65, 4500, 1.9872265903988524]], "bg_conv_time": 13.401638746261597}, "indirect_gap_pbe": 1.9872227241479345, "bg_conv_lda": {"bg_conv_maxiter": 20, "bg_delta_kppa": 1500, "bg_delta_cutoff": 5, "bg_conv_thresh": 0.025, "bg_conv_steps": [[86, 3000, 1.884715609079796], [86, 4500, 1.8847224992304243]], "bg_conv_time": 12.131845235824585}, "indirect_gap_lda": 1.884715734668104, "gw_conv_pbe": {"gw_conv_thr": 0.025, "gw_bnd_start": 200, "gw_bnd_step": 100, "gw_cut_start": 4, "gw_cut_step": 4, "kpt_bnd_idx": {"@module": "numpy", "@class": "array", "dtype": "int64", "data": [1, 1, 10, 11]}, "gw_bands": 200, "gw_cutoff": 4, "w_conv_grid": [[200, 4, 4.092784], [300, 4, 4.0929269999999995], [300, 8, 4.2413170000000004], [300, 8, 4.2413170000000004], [300, 12, 4.295523], [300, 12, 4.295523], [300, 16, 4.3228349999999995], [300, 16, 4.3228349999999995], [300, 20, 4.335398], [300, 20, 4.335398], [400, 20, 4.346576], [400, 24, 4.3517470000000005], [400, 24, 4.3517470000000005]], "pwcutoff": 65, "w_conv_time": [10.694761753082275, 10.835545778274536, 10.418368577957153, 10.420253992080688, 10.998061895370483, 10.99942135810852, 11.629112005233765, 11.631006717681885, 13.070666074752808, 13.072474241256714, 13.12336254119873, 13.961814880371094, 13.96422028541565], "w_ngw": 8, "w_z_factor": [{"@module": "numpy", "@class": "array", "dtype": "float64", "data": [[10.0, 0.81, -0.11198], [11.0, 0.82, -0.790566]]}, {"@module": "numpy", "@class": "array", "dtype": "float64", "data": [[10.0, 0.81, -0.999644], [11.0, 0.82, -0.936115]]}, {"@module": "numpy", "@class": "array", "dtype": "float64", "data": [[10.0, 0.81, -0.100529], [11.0, 0.82, -0.931785]]}, {"@module": "numpy", "@class": "array", "dtype": "float64", "data": [[10.0, 0.8, -0.100432], [11.0, 0.82, -0.933063]]}, {"@module": "numpy", "@class": "array", "dtype": "float64", "data": [[10.0, 0.8, -0.100392], [11.0, 0.82, -0.933786]]}, {"@module": "numpy", "@class": "array", "dtype": "float64", "data": [[10.0, 0.8, -0.100227], [11.0, 0.82, -0.935998]]}, {"@module": "numpy", "@class": "array", "dtype": "float64", "data": [[10.0, 0.8, -0.99031], [11.0, 0.82, -0.949168]]}, {"@module": "numpy", "@class": "array", "dtype": "float64", "data": [[10.0, 0.8, -0.989347], [11.0, 0.82, -0.949637]]}], "gw_kppa": 60, "gw_kpt_grid": {"@module": "numpy", "@class": "array", "dtype": "int64", "data": [4, 4, 4]}, "conv_list": [[{"kppa": 0}, {"kpt_grid": "1x1x1"}, {"num_kpts": 1}, {"X_bnds": 400.0}, {"G_bnds": 400.0}, {"X_cutoff": 24.0}, {"gamma_gap": 4.3517470000000005}, {"num_gw_calc": 8}, {"wall_time": 140}, {"num_cores": 8}, {"z-factor": "None"}], [{"kppa": 0}, {"kpt_grid": "1x1x1"}, {"num_kpts": 1}, {"X_bnds": 200}, {"G_bnds": 200}, {"X_cutoff": 4}, {"gamma_gap": 8}, {"num_gw_calc": 1}, {"wall_time": 11}, {"num_cores": 8}, {"z-factor": "None"}], [{"kppa": 10}, {"kpt_grid": "2x2x2"}, {"num_kpts": 1}, {"X_bnds": 200}, {"G_bnds": 200}, {"X_cutoff": 4}, {"gamma_gap": 5.325856999999999}, {"num_gw_calc": 2}, {"wall_time": 18}, {"num_cores": 8}, {"z-factor": {"@module": "numpy", "@class": "array", "dtype": "float64", "data": [[10.0, 0.81, -0.114682], [11.0, 0.81, -0.119891]]}}], [{"kppa": 60}, {"kpt_grid": "4x4x4"}, {"num_kpts": 1}, {"X_bnds": 200}, {"G_bnds": 200}, {"X_cutoff": 4}, {"gamma_gap": 5.327836}, {"num_gw_calc": 3}, {"wall_time": 46}, {"num_cores": 8}, {"z-factor": {"@module": "numpy", "@class": "array", "dtype": "float64", "data": [[10.0, 0.81, -0.124524], [11.0, 0.81, -0.131337]]}}]], "conv_time": 202.3816168308258}, "gw_band_range_pbe": [1, 15], "gw_conv_lda": {"gw_conv_thr": 0.025, "gw_bnd_start": 200, "gw_bnd_step": 100, "gw_cut_start": 4, "gw_cut_step": 4, "kpt_bnd_idx": {"@module": "numpy", "@class": "array", "dtype": "int64", "data": [1, 1, 10, 11]}, "gw_bands": 200, "gw_cutoff": 4, "w_conv_grid": [[200, 4, 4.171964], [300, 4, 4.176724999999999], [300, 8, 4.334733], [300, 8, 4.334733], [300, 12, 4.388101], [300, 12, 4.388101], [300, 16, 4.411781], [300, 16, 4.411781], [400, 16, 4.421258], [400, 20, 4.435268], [400, 20, 4.435268]], "pwcutoff": 86, "w_conv_time": [10.957573413848877, 11.114221811294556, 11.151323080062866, 11.153230905532837, 11.936997890472412, 11.94003701210022, 11.86913514137268, 11.870882749557495, 12.228608846664429, 13.733320236206055, 13.736363172531128], "w_ngw": 7, "w_z_factor": [{"@module": "numpy", "@class": "array", "dtype": "float64", "data": [[10.0, 0.81, -0.109284], [11.0, 0.82, -0.101213]]}, {"@module": "numpy", "@class": "array", "dtype": "float64", "data": [[10.0, 0.81, -0.927897], [11.0, 0.81, -0.102773]]}, {"@module": "numpy", "@class": "array", "dtype": "float64", "data": [[10.0, 0.8, -0.993817], [11.0, 0.81, -0.964113]]}, {"@module": "numpy", "@class": "array", "dtype": "float64", "data": [[10.0, 0.8, -0.98661], [11.0, 0.81, -0.963265]]}, {"@module": "numpy", "@class": "array", "dtype": "float64", "data": [[10.0, 0.8, -0.100684], [11.0, 0.81, -0.955822]]}, {"@module": "numpy", "@class": "array", "dtype": "float64", "data": [[10.0, 0.8, -0.147452]]}, {"@module": "numpy", "@class": "array", "dtype": "float64", "data": [[10.0, 0.8, -0.150752]]}], "gw_kppa": 60, "gw_kpt_grid": {"@module": "numpy", "@class": "array", "dtype": "int64", "data": [4, 4, 4]}, "conv_list": [[{"kppa": 0}, {"kpt_grid": "1x1x1"}, {"num_kpts": 1}, {"X_bnds": 400.0}, {"G_bnds": 400.0}, {"X_cutoff": 20.0}, {"gamma_gap": 4.435268}, {"num_gw_calc": 7}, {"wall_time": 140}, {"num_cores": 8}, {"z-factor": "None"}], [{"kppa": 0}, {"kpt_grid": "1x1x1"}, {"num_kpts": 1}, {"X_bnds": 200}, {"G_bnds": 200}, {"X_cutoff": 4}, {"gamma_gap": 8}, {"num_gw_calc": 1}, {"wall_time": 11}, {"num_cores": 8}, {"z-factor": "None"}], [{"kppa": 10}, {"kpt_grid": "2x2x2"}, {"num_kpts": 1}, {"X_bnds": 200}, {"G_bnds": 200}, {"X_cutoff": 4}, {"gamma_gap": 5.154126}, {"num_gw_calc": 2}, {"wall_time": 18}, {"num_cores": 8}, {"z-factor": {"@module": "numpy", "@class": "array", "dtype": "float64", "data": [[10.0, 0.81, -0.11773], [11.0, 0.81, -0.122694]]}}], [{"kppa": 60}, {"kpt_grid": "4x4x4"}, {"num_kpts": 1}, {"X_bnds": 200}, {"G_bnds": 200}, {"X_cutoff": 4}, {"gamma_gap": 5.1517100000000005}, {"num_gw_calc": 3}, {"wall_time": 40}, {"num_cores": 8}, {"z-factor": {"@module": "numpy", "@class": "array", "dtype": "float64", "data": [[10.0, 0.81, -0.128345], [11.0, 0.81, -0.13603]]}}]], "conv_time": 196.64315032958984}, "gw_band_range_lda": [1, 15], "g0w0_ppa_pbe": {"gw_direct_gap": 5.52809, "kppa": 260, "kpt_grid": "6x6x6", "num_kpt": 16, "bands_in X": 500, "bands_in_G": 500, "cutoff": 28, "z_factor": [[10.0, 0.81, -0.00124471], [11.0, 0.81, -0.00132016]], "scissor": 1.884552, "ncpu": 32, "calc_time": 961.9383118152618}, "g0w0_ppa_lda": {"gw_direct_gap": 5.339247, "kppa": 260, "kpt_grid": "6x6x6", "num_kpt": 16, "bands_in X": 500, "bands_in_G": 500, "cutoff": 24,