{"@module": "pymatgen.entries.computed_entries", "@class": "ComputedEntry", "energy": 0.0, "composition": {"Pb": 1.0, "S": 1.0}, "entry_id": "62190", "correction": 0.0, "energy_adjustments": [], "parameters": {"id": "62190", "name": "PbS", "ibrav": {"celldm(1)": 11.176407272719649, "ibrav": 2}, "vol": 349.01706851539393, "lda_pw_cutoff_Ry": 48, "qe_conv_pbe": {"qe_conv_maxiter": 20, "qe_delta_kppa": 1500, "qe_delta_cutoff": 5, "qe_conv_thresh": 7.349865078089427e-05, "qe_conv_steps": [[60, 1500, -66.71263840725842], [65, 1500, -66.7126773322827], [65, 3000, -66.71267360352779]], "qe_conv_time": 17.764522314071655}, "num_elec_pbe": 20.0, "max_mem": 73733.0, "qe_conv_lda": {"qe_conv_maxiter": 20, "qe_delta_kppa": 1500, "qe_delta_cutoff": 5, "qe_conv_thresh": 7.349865078089427e-05, "qe_conv_steps": [[48, 1500, -81.35006469995265], [53, 1500, -81.35032855196837], [58, 1500, -81.35033886470843], [58, 3000, -81.35033337930687]], "qe_conv_time": 20.183327674865723}, "num_elec_lda": 20.0, "bg_conv_pbe": {"bg_conv_maxiter": 20, "bg_delta_kppa": 1500, "bg_delta_cutoff": 5, "bg_conv_thresh": 0.025, "bg_conv_steps": [[65, 3000, 0.33149861111480894], [65, 4500, 0.3314813289879437]], "bg_conv_time": 12.448033809661865}, "indirect_gap_pbe": 0.3315005996824633, "bg_conv_lda": {"bg_conv_maxiter": 20, "bg_delta_kppa": 1500, "bg_delta_cutoff": 5, "bg_conv_thresh": 0.025, "bg_conv_steps": [[58, 3000, 0.20565945745661854], [58, 4500, 0.20560323292961766]], "bg_conv_time": 10.764539003372192}, "indirect_gap_lda": 0.20566341406379407, "gw_conv_pbe": {"gw_conv_thr": 0.025, "gw_bnd_start": 200, "gw_bnd_step": 100, "gw_cut_start": 4, "gw_cut_step": 4, "kpt_bnd_idx": {"@module": "numpy", "@class": "array", "dtype": "int64", "data": [1, 1, 10, 11]}, "gw_bands": 200, "gw_cutoff": 4, "w_conv_grid": [[200, 4, 9.551613], [300, 4, 9.54265], [300, 8, 9.649451], [300, 8, 9.649451], [300, 12, 9.693633], [300, 12, 9.693633], [300, 16, 9.709278999999999], [300, 16, 9.709278999999999], [400, 16, 9.708077], [400, 20, 9.717348999999999], [400, 20, 9.717348999999999]], "pwcutoff": 65, "w_conv_time": [10.968713760375977, 11.341525316238403, 11.415945768356323, 11.417484283447266, 11.92518949508667, 11.927236795425415, 12.207297801971436, 12.208915710449219, 12.676263570785522, 13.297599077224731, 13.299596786499023], "w_ngw": 7, "w_z_factor": [{"@module": "numpy", "@class": "array", "dtype": "float64", "data": [[10.0, 0.82, -0.107919], [11.0, 0.83, -0.103661]]}, {"@module": "numpy", "@class": "array", "dtype": "float64", "data": [[10.0, 0.82, -0.107431], [11.0, 0.83, -0.103463]]}, {"@module": "numpy", "@class": "array", "dtype": "float64", "data": [[10.0, 0.82, -0.108557], [11.0, 0.83, -0.103506]]}, {"@module": "numpy", "@class": "array", "dtype": "float64", "data": [[10.0, 0.81, -0.109082], [11.0, 0.83, -0.103537]]}, {"@module": "numpy", "@class": "array", "dtype": "float64", "data": [[10.0, 0.81, -0.108974], [11.0, 0.83, -0.103462]]}, {"@module": "numpy", "@class": "array", "dtype": "float64", "data": [[10.0, 0.81, -0.108024], [11.0, 0.83, -0.104496]]}, {"@module": "numpy", "@class": "array", "dtype": "float64", "data": [[10.0, 0.81, -0.110714], [11.0, 0.83, -0.105062]]}], "gw_kppa": 1460, "gw_kpt_grid": {"@module": "numpy", "@class": "array", "dtype": "int64", "data": [10, 10, 10]}, "conv_list": [[{"kppa": 0}, {"kpt_grid": "1x1x1"}, {"num_kpts": 1}, {"X_bnds": 400.0}, {"G_bnds": 400.0}, {"X_cutoff": 20.0}, {"gamma_gap": 9.717348999999999}, {"num_gw_calc": 7}, {"wall_time": 151}, {"num_cores": 8}, {"z-factor": "None"}], [{"kppa": 0}, {"kpt_grid": "1x1x1"}, {"num_kpts": 1}, {"X_bnds": 200}, {"G_bnds": 200}, {"X_cutoff": 4}, {"gamma_gap": 8}, {"num_gw_calc": 1}, {"wall_time": 11}, {"num_cores": 8}, {"z-factor": "None"}], [{"kppa": 10}, {"kpt_grid": "2x2x2"}, {"num_kpts": 1}, {"X_bnds": 200}, {"G_bnds": 200}, {"X_cutoff": 4}, {"gamma_gap": 7.670471999999999}, {"num_gw_calc": 2}, {"wall_time": 19}, {"num_cores": 8}, {"z-factor": {"@module": "numpy", "@class": "array", "dtype": "float64", "data": [[10.0, 0.8, -0.109847], [11.0, 0.81, -0.191064]]}}], [{"kppa": 60}, {"kpt_grid": "4x4x4"}, {"num_kpts": 1}, {"X_bnds": 200}, {"G_bnds": 200}, {"X_cutoff": 4}, {"gamma_gap": 7.600929000000001}, {"num_gw_calc": 3}, {"wall_time": 52}, {"num_cores": 8}, {"z-factor": {"@module": "numpy", "@class": "array", "dtype": "float64", "data": [[10.0, 0.78, -0.149553]]}}], [{"kppa": 260}, {"kpt_grid": "6x6x6"}, {"num_kpts": 1}, {"X_bnds": 200}, {"G_bnds": 200}, {"X_cutoff": 4}, {"gamma_gap": 7.661876999999999}, {"num_gw_calc": 4}, {"wall_time": 68}, {"num_cores": 32}, {"z-factor": {"@module": "numpy", "@class": "array", "dtype": "float64", "data": [[10.0, 0.78, -0.154438]]}}], [{"kppa": 690}, {"kpt_grid": "8x8x8"}, {"num_kpts": 1}, {"X_bnds": 200}, {"G_bnds": 200}, {"X_cutoff": 4}, {"gamma_gap": 7.694375}, {"num_gw_calc": 5}, {"wall_time": 166}, {"num_cores": 32}, {"z-factor": {"@module": "numpy", "@class": "array", "dtype": "float64", "data": [[10.0, 0.78, -0.168312]]}}], [{"kppa": 1460}, {"kpt_grid": "10x10x10"}, {"num_kpts": 1}, {"X_bnds": 200}, {"G_bnds": 200}, {"X_cutoff": 4}, {"gamma_gap": 7.708072}, {"num_gw_calc": 6}, {"wall_time": 464}, {"num_cores": 32}, {"z-factor": {"@module": "numpy", "@class": "array", "dtype": "float64", "data": [[10.0, 0.78, -0.114903], [11.0, 0.79, -0.616445]]}}]], "conv_time": 917.2310771942139}, "gw_band_range_pbe": [1, 14], "gw_conv_lda": {"gw_conv_thr": 0.025, "gw_bnd_start": 200, "gw_bnd_step": 100, "gw_cut_start": 4, "gw_cut_step": 4, "kpt_bnd_idx": {"@module": "numpy", "@class": "array", "dtype": "int64", "data": [1, 1, 10, 11]}, "gw_bands": 200, "gw_cutoff": 4, "w_conv_grid": [[200, 4, 9.717877000000001], [300, 4, 9.715405], [300, 8, 9.813202], [300, 8, 9.813202], [300, 12, 9.85452], [300, 12, 9.85452], [300, 16, 9.869639], [300, 16, 9.869639], [400, 16, 9.874156], [400, 20, 9.884331], [400, 20, 9.884331]], "pwcutoff": 58, "w_conv_time": [10.919702291488647, 11.204468011856079, 10.668223857879639, 10.670119047164917, 11.64628791809082, 11.647383689880371, 11.247814893722534, 11.248975038528442, 11.893000841140747, 13.118882656097412, 13.120662689208984], "w_ngw": 7, "w_z_factor": [{"@module": "numpy", "@class": "array", "dtype": "float64", "data": [[10.0, 0.82, -0.121115], [11.0, 0.83, -0.119899]]}, {"@module": "numpy", "@class": "array", "dtype": "float64", "data": [[10.0, 0.82, -0.112554], [11.0, 0.83, -0.109909]]}, {"@module": "numpy", "@class": "array", "dtype": "float64", "data": [[10.0, 0.81, -0.113734], [11.0, 0.83, -0.110201]]}, {"@module": "numpy", "@class": "array", "dtype": "float64", "data": [[10.0, 0.81, -0.114645], [11.0, 0.83, -0.110332]]}, {"@module": "numpy", "@class": "array", "dtype": "float64", "data": [[10.0, 0.81, -0.114049], [11.0, 0.83, -0.110116]]}, {"@module": "numpy", "@class": "array", "dtype": "float64", "data": [[10.0, 0.81, -0.114244], [11.0, 0.83, -0.110305]]}, {"@module": "numpy", "@class": "array", "dtype": "float64", "data": [[10.0, 0.81, -0.114177], [11.0, 0.83, -0.110037]]}], "gw_kppa": 1460, "gw_kpt_grid": {"@module": "numpy", "@class": "array", "dtype": "int64", "data": [10, 10, 10]}, "conv_list": [[{"kppa": 0}, {"kpt_grid": "1x1x1"}, {"num_kpts": 1}, {"X_bnds": 400.0}, {"G_bnds": 400.0}, {"X_cutoff": 20.0}, {"gamma_gap": 9.884331}, {"num_gw_calc": 7}, {"wall_time": 125}, {"num_cores": 8}, {"z-factor": "None"}], [{"kppa": 0}, {"kpt_grid": "1x1x1"}, {"num_kpts": 1}, {"X_bnds": 200}, {"G_bnds": 200}, {"X_cutoff": 4}, {"gamma_gap": 8}, {"num_gw_calc": 1}, {"wall_time": 11}, {"num_cores": 8}, {"z-factor": "None"}], [{"kppa": 10}, {"kpt_grid": "2x2x2"}, {"num_kpts": 1}, {"X_bnds": 200}, {"G_bnds": 200}, {"X_cutoff": 4}, {"gamma_gap": 7.8067210000000005}, {"num_gw_calc": 2}, {"wall_time": 18}, {"num_cores": 8}, {"z-factor": {"@module": "numpy", "@class": "array", "dtype": "float64",