{"@module": "pymatgen.entries.computed_entries", "@class": "ComputedEntry", "energy": 0.0, "composition": {"Pb": 1.0, "Se": 1.0}, "entry_id": "62195", "correction": 0.0, "energy_adjustments": [], "parameters": {"id": "62195", "name": "PbSe", "ibrav": {"celldm(1)": 11.537533936875462, "ibrav": 2}, "vol": 383.9538114523537, "lda_pw_cutoff_Ry": 78, "qe_conv_pbe": {"qe_conv_maxiter": 20, "qe_delta_kppa": 1500, "qe_delta_cutoff": 5, "qe_conv_thresh": 7.349865078089427e-05, "qe_conv_steps": [[60, 1500, -65.94234761828913], [65, 1500, -65.94234772556806], [65, 3000, -65.94234072552156]], "qe_conv_time": 16.93879532814026}, "num_elec_pbe": 20.0, "max_mem": 73856.0, "qe_conv_lda": {"qe_conv_maxiter": 20, "qe_delta_kppa": 1500, "qe_delta_cutoff": 5, "qe_conv_thresh": 7.349865078089427e-05, "qe_conv_steps": [[78, 1500, -191.4648396231671], [83, 1500, -191.4649727095734], [88, 1500, -191.4649905903312], [88, 3000, -191.4649811898289]], "qe_conv_time": 28.02434730529785}, "num_elec_lda": 30.0, "bg_conv_pbe": {"bg_conv_maxiter": 20, "bg_delta_kppa": 1500, "bg_delta_cutoff": 5, "bg_conv_thresh": 0.025, "bg_conv_steps": [[65, 3000, 0.2561949979393934], [65, 4500, 0.25615192109323925]], "bg_conv_time": 13.027655839920044}, "indirect_gap_pbe": 0.2561937048561468, "bg_conv_lda": {"bg_conv_maxiter": 20, "bg_delta_kppa": 1500, "bg_delta_cutoff": 5, "bg_conv_thresh": 0.025, "bg_conv_steps": [[88, 3000, 0.1624551098263238], [88, 4500, 0.1623266956292938]], "bg_conv_time": 17.241692304611206}, "indirect_gap_lda": 0.16243165880999796, "gw_conv_pbe": {"gw_conv_thr": 0.025, "gw_bnd_start": 200, "gw_bnd_step": 100, "gw_cut_start": 4, "gw_cut_step": 4, "kpt_bnd_idx": {"@module": "numpy", "@class": "array", "dtype": "int64", "data": [1, 1, 10, 11]}, "gw_bands": 200, "gw_cutoff": 4, "w_conv_grid": [[200, 4, 8.402874], [300, 4, 8.394358], [300, 8, 8.487518], [300, 8, 8.487518], [300, 12, 8.522708], [300, 12, 8.522708], [300, 16, 8.533612], [300, 16, 8.533612], [400, 16, 8.528566], [400, 20, 8.531585], [400, 20, 8.531585]], "pwcutoff": 65, "w_conv_time": [11.391422510147095, 11.218706846237183, 12.02865481376648, 12.0309898853302, 11.814582109451294, 11.815705299377441, 11.903007745742798, 11.904468297958374, 12.988165378570557, 14.43506932258606, 14.436544418334961], "w_ngw": 7, "w_z_factor": [{"@module": "numpy", "@class": "array", "dtype": "float64", "data": [[10.0, 0.82, -0.113332], [11.0, 0.83, -0.112646]]}, {"@module": "numpy", "@class": "array", "dtype": "float64", "data": [[10.0, 0.82, -0.122099], [11.0, 0.83, -0.119906]]}, {"@module": "numpy", "@class": "array", "dtype": "float64", "data": [[10.0, 0.82, -0.113789], [11.0, 0.83, -0.111298]]}, {"@module": "numpy", "@class": "array", "dtype": "float64", "data": [[10.0, 0.82, -0.11383], [11.0, 0.83, -0.111875]]}, {"@module": "numpy", "@class": "array", "dtype": "float64", "data": [[10.0, 0.82, -0.114184], [11.0, 0.82, -0.111901]]}, {"@module": "numpy", "@class": "array", "dtype": "float64", "data": [[10.0, 0.82, -0.122273], [11.0, 0.82, -0.109429]]}, {"@module": "numpy", "@class": "array", "dtype": "float64", "data": [[10.0, 0.82, -0.113885], [11.0, 0.82, -0.111487]]}], "gw_kppa": 1460, "gw_kpt_grid": {"@module": "numpy", "@class": "array", "dtype": "int64", "data": [10, 10, 10]}, "conv_list": [[{"kppa": 0}, {"kpt_grid": "1x1x1"}, {"num_kpts": 1}, {"X_bnds": 400.0}, {"G_bnds": 400.0}, {"X_cutoff": 20.0}, {"gamma_gap": 8.531585}, {"num_gw_calc": 7}, {"wall_time": 166}, {"num_cores": 8}, {"z-factor": "None"}], [{"kppa": 0}, {"kpt_grid": "1x1x1"}, {"num_kpts": 1}, {"X_bnds": 200}, {"G_bnds": 200}, {"X_cutoff": 4}, {"gamma_gap": 8}, {"num_gw_calc": 1}, {"wall_time": 12}, {"num_cores": 8}, {"z-factor": "None"}], [{"kppa": 10}, {"kpt_grid": "2x2x2"}, {"num_kpts": 1}, {"X_bnds": 200}, {"G_bnds": 200}, {"X_cutoff": 4}, {"gamma_gap": 6.770728}, {"num_gw_calc": 2}, {"wall_time": 20}, {"num_cores": 8}, {"z-factor": {"@module": "numpy", "@class": "array", "dtype": "float64", "data": [[10.0, 0.81, -0.966969], [11.0, 0.81, -0.124337]]}}], [{"kppa": 60}, {"kpt_grid": "4x4x4"}, {"num_kpts": 1}, {"X_bnds": 200}, {"G_bnds": 200}, {"X_cutoff": 4}, {"gamma_gap": 6.690538}, {"num_gw_calc": 3}, {"wall_time": 44}, {"num_cores": 8}, {"z-factor": {"@module": "numpy", "@class": "array", "dtype": "float64", "data": [[10.0, 0.78, -0.132796], [11.0, 0.79, -0.20078]]}}], [{"kppa": 260}, {"kpt_grid": "6x6x6"}, {"num_kpts": 1}, {"X_bnds": 200}, {"G_bnds": 200}, {"X_cutoff": 4}, {"gamma_gap": 6.7484649999999995}, {"num_gw_calc": 4}, {"wall_time": 60}, {"num_cores": 32}, {"z-factor": {"@module": "numpy", "@class": "array", "dtype": "float64", "data": [[10.0, 0.78, -0.160434], [11.0, 0.79, -0.161511]]}}], [{"kppa": 690}, {"kpt_grid": "8x8x8"}, {"num_kpts": 1}, {"X_bnds": 200}, {"G_bnds": 200}, {"X_cutoff": 4}, {"gamma_gap": 6.783327}, {"num_gw_calc": 5}, {"wall_time": 170}, {"num_cores": 32}, {"z-factor": {"@module": "numpy", "@class": "array", "dtype": "float64", "data": [[10.0, 0.78, -0.167455]]}}], [{"kppa": 1460}, {"kpt_grid": "10x10x10"}, {"num_kpts": 1}, {"X_bnds": 200}, {"G_bnds": 200}, {"X_cutoff": 4}, {"gamma_gap": 6.783964}, {"num_gw_calc": 6}, {"wall_time": 486}, {"num_cores": 32}, {"z-factor": {"@module": "numpy", "@class": "array", "dtype": "float64", "data": [[11.0, 0.79, -0.271624]]}}]], "conv_time": 942.1679437160492}, "gw_band_range_pbe": [1, 14], "gw_conv_lda": {"gw_conv_thr": 0.025, "gw_bnd_start": 200, "gw_bnd_step": 100, "gw_cut_start": 4, "gw_cut_step": 4, "kpt_bnd_idx": {"@module": "numpy", "@class": "array", "dtype": "int64", "data": [1, 1, 15, 16]}, "gw_bands": 200, "gw_cutoff": 4, "w_conv_grid": [[200, 4, 8.866197], [300, 4, 8.857495], [300, 8, 8.90602], [300, 8, 8.90602], [300, 12, 8.926306], [300, 12, 8.926306], [400, 12, 8.922091], [400, 16, 8.932981], [400, 16, 8.932981]], "pwcutoff": 88, "w_conv_time": [13.100038051605225, 11.359599113464355, 12.33917498588562, 12.341859817504883, 13.012917518615723, 13.014299631118774, 13.290713548660278, 13.369882822036743, 13.371261358261108], "w_ngw": 6, "w_z_factor": [{"@module": "numpy", "@class": "array", "dtype": "float64", "data": [[15.0, 0.82, -0.115546], [16.0, 0.83, -0.113805]]}, {"@module": "numpy", "@class": "array", "dtype": "float64", "data": [[15.0, 0.82, -0.11514], [16.0, 0.83, -0.113165]]}, {"@module": "numpy", "@class": "array", "dtype": "float64", "data": [[15.0, 0.82, -0.115709], [16.0, 0.83, -0.112959]]}, {"@module": "numpy", "@class": "array", "dtype": "float64", "data": [[15.0, 0.82, -0.114341], [16.0, 0.83, -0.113684]]}, {"@module": "numpy", "@class": "array", "dtype": "float64", "data": [[15.0, 0.82, -0.11589], [16.0, 0.83, -0.112574]]}, {"@module": "numpy", "@class": "array", "dtype": "float64", "data": [[15.0, 0.82, -0.115548], [16.0, 0.83, -0.112446]]}], "gw_kppa": 690, "gw_kpt_grid": {"@module": "numpy", "@class": "array", "dtype": "int64", "data": [8, 8, 8]}, "conv_list": [[{"kppa": 0}, {"kpt_grid": "1x1x1"}, {"num_kpts": 1}, {"X_bnds": 400.0}, {"G_bnds": 400.0}, {"X_cutoff": 16.0}, {"gamma_gap": 8.932981}, {"num_gw_calc": 6}, {"wall_time": 141}, {"num_cores": 8}, {"z-factor": "None"}], [{"kppa": 0}, {"kpt_grid": "1x1x1"}, {"num_kpts": 1}, {"X_bnds": 200}, {"G_bnds": 200}, {"X_cutoff": 4}, {"gamma_gap": 8}, {"num_gw_calc": 1}, {"wall_time": 14}, {"num_cores": 8}, {"z-factor": "None"}], [{"kppa": 10}, {"kpt_grid": "2x2x2"}, {"num_kpts": 1}, {"X_bnds": 200}, {"G_bnds": 200}, {"X_cutoff": 4}, {"gamma_gap": 7.130667000000001}, {"num_gw_calc": 2}, {"wall_time": 22}, {"num_cores": 8}, {"z-factor": {"@module": "numpy", "@class": "array", "dtype": "float64", "data": [[15.0, 0.81, -0.115354], [16.0, 0.81, -0.127164]]}}], [{"kppa": 60}, {"kpt_grid": "4x4x4"}, {"num_kpts": 1}, {"X_bnds": 200}, {"G_bnds": 200}, {"X_cutoff": 4}, {"gamma_gap": 7.049169999999999}, {"num_gw_calc": 3}, {"wall_time": 61}, {"num_cores": 8}, {"z-factor": {"@module": "numpy", "@class": "array", "dtype": "float64",