{"@module": "pymatgen.entries.computed_entries", "@class": "ComputedEntry", "energy": 0.0, "composition": {"Te": 1.0, "Pb": 1.0}, "entry_id": "63098", "correction": 0.0, "energy_adjustments": [], "parameters": {"id": "63098", "name": "TePb", "ibrav": {"celldm(1)": 12.166812739407566, "ibrav": 2}, "vol": 450.26737471953265, "lda_pw_cutoff_Ry": 68, "qe_conv_pbe": {"qe_conv_maxiter": 20, "qe_delta_kppa": 1500, "qe_delta_cutoff": 5, "qe_conv_thresh": 7.349865078089427e-05, "qe_conv_steps": [[60, 1500, -143.8667342551569], [65, 1500, -143.8667409971507], [65, 3000, -143.8667411964277]], "qe_conv_time": 21.00824284553528}, "num_elec_pbe": 30.0, "max_mem": 57328.0, "qe_conv_lda": {"qe_conv_maxiter": 20, "qe_delta_kppa": 1500, "qe_delta_cutoff": 5, "qe_conv_thresh": 7.349865078089427e-05, "qe_conv_steps": [[68, 1500, -174.9027053974514], [73, 1500, -174.9028834728258], [78, 1500, -174.9028942122353], [78, 3000, -174.9028934937246]], "qe_conv_time": 25.47319769859314}, "num_elec_lda": 30.0, "bg_conv_pbe": {"bg_conv_maxiter": 20, "bg_delta_kppa": 1500, "bg_delta_cutoff": 5, "bg_conv_thresh": 0.025, "bg_conv_steps": [[65, 3000, 0.7073121693514455], [65, 4500, 0.7073096503869116]], "bg_conv_time": 15.696206092834473}, "indirect_gap_pbe": 0.707308702063805, "bg_conv_lda": {"bg_conv_maxiter": 20, "bg_delta_kppa": 1500, "bg_delta_cutoff": 5, "bg_conv_thresh": 0.025, "bg_conv_steps": [[78, 3000, 0.6317549236863664], [78, 4500, 0.6317393769706174]], "bg_conv_time": 15.249183654785156}, "indirect_gap_lda": 0.6317567505526155, "gw_conv_pbe": {"gw_conv_thr": 0.025, "gw_bnd_start": 200, "gw_bnd_step": 100, "gw_cut_start": 4, "gw_cut_step": 4, "kpt_bnd_idx": {"@module": "numpy", "@class": "array", "dtype": "int64", "data": [1, 1, 15, 16]}, "gw_bands": 200, "gw_cutoff": 4, "w_conv_grid": [[200, 4, 7.1793629999999995], [300, 4, 7.171845], [300, 8, 7.222806], [300, 8, 7.222806], [300, 12, 7.2385459999999995], [300, 12, 7.2385459999999995], [400, 12, 7.233625], [400, 16, 7.238706], [400, 16, 7.238706]], "pwcutoff": 65, "w_conv_time": [11.008204460144043, 11.082892656326294, 11.342042207717896, 11.34337306022644, 11.99083662033081, 11.992130994796753, 12.458534479141235, 13.811781883239746, 13.8125319480896], "w_ngw": 6, "w_z_factor": [{"@module": "numpy", "@class": "array", "dtype": "float64", "data": [[15.0, 0.82, -0.12109], [16.0, 0.82, -0.121687]]}, {"@module": "numpy", "@class": "array", "dtype": "float64", "data": [[15.0, 0.82, -0.120323], [16.0, 0.82, -0.120956]]}, {"@module": "numpy", "@class": "array", "dtype": "float64", "data": [[15.0, 0.81, -0.121072], [16.0, 0.82, -0.127116]]}, {"@module": "numpy", "@class": "array", "dtype": "float64", "data": [[15.0, 0.81, -0.120599], [16.0, 0.81, -0.129744]]}, {"@module": "numpy", "@class": "array", "dtype": "float64", "data": [[15.0, 0.81, -0.120667], [16.0, 0.82, -0.122589]]}, {"@module": "numpy", "@class": "array", "dtype": "float64", "data": [[15.0, 0.81, -0.120791], [16.0, 0.82, -0.122391]]}], "gw_kppa": 690, "gw_kpt_grid": {"@module": "numpy", "@class": "array", "dtype": "int64", "data": [8, 8, 8]}, "conv_list": [[{"kppa": 0}, {"kpt_grid": "1x1x1"}, {"num_kpts": 1}, {"X_bnds": 400.0}, {"G_bnds": 400.0}, {"X_cutoff": 16.0}, {"gamma_gap": 7.238706}, {"num_gw_calc": 6}, {"wall_time": 144}, {"num_cores": 8}, {"z-factor": "None"}], [{"kppa": 0}, {"kpt_grid": "1x1x1"}, {"num_kpts": 1}, {"X_bnds": 200}, {"G_bnds": 200}, {"X_cutoff": 4}, {"gamma_gap": 8}, {"num_gw_calc": 1}, {"wall_time": 12}, {"num_cores": 8}, {"z-factor": "None"}], [{"kppa": 10}, {"kpt_grid": "2x2x2"}, {"num_kpts": 1}, {"X_bnds": 200}, {"G_bnds": 200}, {"X_cutoff": 4}, {"gamma_gap": 6.000066}, {"num_gw_calc": 2}, {"wall_time": 19}, {"num_cores": 8}, {"z-factor": {"@module": "numpy", "@class": "array", "dtype": "float64", "data": [[15.0, 0.81, -0.112617], [16.0, 0.81, -0.808109]]}}], [{"kppa": 60}, {"kpt_grid": "4x4x4"}, {"num_kpts": 1}, {"X_bnds": 200}, {"G_bnds": 200}, {"X_cutoff": 4}, {"gamma_gap": 5.954046}, {"num_gw_calc": 3}, {"wall_time": 47}, {"num_cores": 8}, {"z-factor": {"@module": "numpy", "@class": "array", "dtype": "float64", "data": [[15.0, 0.79, -0.141544], [16.0, 0.79, -0.151179]]}}], [{"kppa": 260}, {"kpt_grid": "6x6x6"}, {"num_kpts": 1}, {"X_bnds": 200}, {"G_bnds": 200}, {"X_cutoff": 4}, {"gamma_gap": 5.9892959999999995}, {"num_gw_calc": 4}, {"wall_time": 63}, {"num_cores": 32}, {"z-factor": {"@module": "numpy", "@class": "array", "dtype": "float64", "data": [[15.0, 0.79, -0.144917], [16.0, 0.79, -0.338884]]}}], [{"kppa": 690}, {"kpt_grid": "8x8x8"}, {"num_kpts": 1}, {"X_bnds": 200}, {"G_bnds": 200}, {"X_cutoff": 4}, {"gamma_gap": 5.9953769999999995}, {"num_gw_calc": 5}, {"wall_time": 200}, {"num_cores": 32}, {"z-factor": {"@module": "numpy", "@class": "array", "dtype": "float64", "data": [[15.0, 0.79, -0.147795], [16.0, 0.79, -0.243505]]}}]], "conv_time": 470.8344187736511}, "gw_band_range_pbe": [1, 19], "gw_conv_lda": {"gw_conv_thr": 0.025, "gw_bnd_start": 200, "gw_bnd_step": 100, "gw_cut_start": 4, "gw_cut_step": 4, "kpt_bnd_idx": {"@module": "numpy", "@class": "array", "dtype": "int64", "data": [1, 1, 15, 16]}, "gw_bands": 200, "gw_cutoff": 4, "w_conv_grid": [[200, 4, 7.141762999999999], [300, 4, 7.138953], [300, 8, 7.1908840000000005], [300, 8, 7.1908840000000005], [300, 12, 7.204272], [300, 12, 7.204272], [400, 12, 7.202256], [400, 16, 7.207553], [400, 16, 7.207553]], "pwcutoff": 78, "w_conv_time": [11.14174199104309, 11.25265908241272, 11.389580965042114, 11.391348600387573, 11.683647871017456, 11.684561729431152, 12.223318099975586, 13.561861515045166, 13.563296556472778], "w_ngw": 6, "w_z_factor": [{"@module": "numpy", "@class": "array", "dtype": "float64", "data": [[15.0, 0.81, -0.127319], [16.0, 0.81, -0.128222]]}, {"@module": "numpy", "@class": "array", "dtype": "float64", "data": [[15.0, 0.81, -0.126831], [16.0, 0.82, -0.127544]]}, {"@module": "numpy", "@class": "array", "dtype": "float64", "data": [[15.0, 0.81, -0.131897], [16.0, 0.81, -0.507974]]}, {"@module": "numpy", "@class": "array", "dtype": "float64", "data": [[15.0, 0.81, -0.126718], [16.0, 0.81, -0.283308]]}, {"@module": "numpy", "@class": "array", "dtype": "float64", "data": [[15.0, 0.81, -0.127274], [16.0, 0.81, -0.131308]]}, {"@module": "numpy", "@class": "array", "dtype": "float64", "data": [[15.0, 0.81, -0.12664], [16.0, 0.81, -0.134299]]}], "gw_kppa": 690, "gw_kpt_grid": {"@module": "numpy", "@class": "array", "dtype": "int64", "data": [8, 8, 8]}, "conv_list": [[{"kppa": 0}, {"kpt_grid": "1x1x1"}, {"num_kpts": 1}, {"X_bnds": 400.0}, {"G_bnds": 400.0}, {"X_cutoff": 16.0}, {"gamma_gap": 7.207553}, {"num_gw_calc": 6}, {"wall_time": 140}, {"num_cores": 8}, {"z-factor": "None"}], [{"kppa": 0}, {"kpt_grid": "1x1x1"}, {"num_kpts": 1}, {"X_bnds": 200}, {"G_bnds": 200}, {"X_cutoff": 4}, {"gamma_gap": 8}, {"num_gw_calc": 1}, {"wall_time": 12}, {"num_cores": 8}, {"z-factor": "None"}], [{"kppa": 10}, {"kpt_grid": "2x2x2"}, {"num_kpts": 1}, {"X_bnds": 200}, {"G_bnds": 200}, {"X_cutoff": 4}, {"gamma_gap": 5.917433000000001}, {"num_gw_calc": 2}, {"wall_time": 20}, {"num_cores": 8}, {"z-factor": {"@module": "numpy", "@class": "array", "dtype": "float64", "data": [[16.0, 0.81, -0.952636]]}}], [{"kppa": 60}, {"kpt_grid": "4x4x4"}, {"num_kpts": 1}, {"X_bnds": 200}, {"G_bnds": 200}, {"X_cutoff": 4}, {"gamma_gap": 5.846248}, {"num_gw_calc": 3}, {"wall_time": 56}, {"num_cores": 8}, {"z-factor": {"@module": "numpy", "@class": "array", "dtype": "float64", "data": [[15.0, 0.79, -0.148014], [16.0, 0.79, -0.733719]]}}], [{"kppa": 260}, {"kpt_grid": "6x6x6"}, {"num_kpts": 1}, {"X_bnds": 200}, {"G_bnds": 200}, {"X_cutoff": 4}, {"gamma_gap": 5.878834}, {"num_gw_calc": 4}, {"wall_time": 85}, {"num_cores": 32}, {"z-factor": {"@module": "numpy", "@class": "array", "dtype": "float64",