{"@module": "pymatgen.entries.computed_entries", "@class": "ComputedEntry", "energy": 0.0, "composition": {"Ga": 4.0, "Se": 4.0}, "entry_id": "63122", "correction": 0.0, "energy_adjustments": [], "parameters": {"id": "63122", "name": "GaSe", "ibrav": {"celldm(1)": 7.086473001487695, "ibrav": 4, "celldm(3)": 4.265333333333333}, "vol": 1314.5406453912299, "lda_pw_cutoff_Ry": 78, "qe_conv_pbe": {"qe_conv_maxiter": 20, "qe_delta_kppa": 1500, "qe_delta_cutoff": 5, "qe_conv_thresh": 0.00029399460312357707, "qe_conv_steps": [[60, 1500, -300.5654117859387], [65, 1500, -300.5670129743852], [70, 1500, -300.5696377710693], [75, 1500, -300.573763010731], [80, 1500, -300.5762254513507], [85, 1500, -300.576816761466], [90, 1500, -300.576869441487], [90, 3000, -300.5768833357346]], "qe_conv_time": 217.13023686408997}, "num_elec_pbe": 76.00000000000001, "max_mem": 92433.0, "qe_conv_lda": {"qe_conv_maxiter": 20, "qe_delta_kppa": 1500, "qe_delta_cutoff": 5, "qe_conv_thresh": 0.00029399460312357707, "qe_conv_steps": [[78, 1500, -790.281904542046], [83, 1500, -790.2825268457455], [88, 1500, -790.2825877603505], [88, 3000, -790.282604155941]], "qe_conv_time": 177.41929125785828}, "num_elec_lda": 116.0, "bg_conv_pbe": {"bg_conv_maxiter": 20, "bg_delta_kppa": 1500, "bg_delta_cutoff": 5, "bg_conv_thresh": 0.025, "bg_conv_steps": [[90, 3000, 0.9329115933447848], [90, 4500, 0.9329963553371573]], "bg_conv_time": 95.8847348690033}, "indirect_gap_pbe": 0.9329100003776511, "bg_conv_lda": {"bg_conv_maxiter": 20, "bg_delta_kppa": 1500, "bg_delta_cutoff": 5, "bg_conv_thresh": 0.025, "bg_conv_steps": [[88, 3000, 0.6916976523587499], [88, 4500, 0.6918857003997462]], "bg_conv_time": 131.79620480537415}, "indirect_gap_lda": 0.6916965332611764, "gw_conv_pbe": {"gw_conv_thr": 0.025, "gw_bnd_start": 200, "gw_bnd_step": 100, "gw_cut_start": 4, "gw_cut_step": 4, "kpt_bnd_idx": {"@module": "numpy", "@class": "array", "dtype": "int64", "data": [1, 1, 38, 39]}, "gw_bands": 200, "gw_cutoff": 4, "w_conv_grid": [[200, 4, 1.265237], [300, 4, 1.2348999999999999], [400, 4, 1.220856], [400, 8, 1.340664], [400, 8, 1.340664], [400, 12, 1.363853], [400, 12, 1.363853], [500, 12, 1.355907], [500, 16, 1.3665180000000001], [500, 16, 1.3665180000000001]], "pwcutoff": 90, "w_conv_time": [12.420873880386353, 12.514266729354858, 14.08650255203247, 16.84358549118042, 16.84423828125, 23.414812564849854, 23.41697859764099, 26.57979393005371, 43.24427318572998, 43.24614858627319], "w_ngw": 7, "w_z_factor": [{"@module": "numpy", "@class": "array", "dtype": "float64", "data": [[38.0, 0.79, -0.131546], [39.0, 0.78, -0.148396]]}, {"@module": "numpy", "@class": "array", "dtype": "float64", "data": [[38.0, 0.79, -0.130161], [39.0, 0.78, -0.150109]]}, {"@module": "numpy", "@class": "array", "dtype": "float64", "data": [[38.0, 0.79, -0.125695], [39.0, 0.78, -0.145894]]}, {"@module": "numpy", "@class": "array", "dtype": "float64", "data": [[38.0, 0.79, -0.132208], [39.0, 0.78, -0.160001]]}, {"@module": "numpy", "@class": "array", "dtype": "float64", "data": [[38.0, 0.78, -0.13255], [39.0, 0.78, -0.155336]]}, {"@module": "numpy", "@class": "array", "dtype": "float64", "data": [[38.0, 0.79, -0.126195], [39.0, 0.78, -0.146695]]}, {"@module": "numpy", "@class": "array", "dtype": "float64", "data": [[38.0, 0.79, -0.126525], [39.0, 0.78, -0.147232]]}], "gw_kppa": 240, "gw_kpt_grid": {"@module": "numpy", "@class": "array", "dtype": "int64", "data": [6, 6, 2]}, "conv_list": [[{"kppa": 0}, {"kpt_grid": "1x1x1"}, {"num_kpts": 1}, {"X_bnds": 500.0}, {"G_bnds": 500.0}, {"X_cutoff": 16.0}, {"gamma_gap": 1.3665180000000001}, {"num_gw_calc": 7}, {"wall_time": 334}, {"num_cores": 8}, {"z-factor": "None"}], [{"kppa": 0}, {"kpt_grid": "1x1x1"}, {"num_kpts": 1}, {"X_bnds": 200}, {"G_bnds": 200}, {"X_cutoff": 4}, {"gamma_gap": 4}, {"num_gw_calc": 1}, {"wall_time": 13}, {"num_cores": 8}, {"z-factor": "None"}], [{"kppa": 10}, {"kpt_grid": "2x2x2"}, {"num_kpts": 1}, {"X_bnds": 200}, {"G_bnds": 200}, {"X_cutoff": 4}, {"gamma_gap": 1.4770050000000001}, {"num_gw_calc": 2}, {"wall_time": 54}, {"num_cores": 8}, {"z-factor": {"@module": "numpy", "@class": "array", "dtype": "float64", "data": [[38.0, 0.79, -0.145716], [39.0, 0.8, -0.146791]]}}], [{"kppa": 60}, {"kpt_grid": "4x4x2"}, {"num_kpts": 1}, {"X_bnds": 200}, {"G_bnds": 200}, {"X_cutoff": 4}, {"gamma_gap": 1.586575}, {"num_gw_calc": 3}, {"wall_time": 172}, {"num_cores": 8}, {"z-factor": {"@module": "numpy", "@class": "array", "dtype": "float64", "data": [[38.0, 0.8, -0.140225], [39.0, 0.81, -0.135202]]}}], [{"kppa": 240}, {"kpt_grid": "6x6x2"}, {"num_kpts": 1}, {"X_bnds": 200}, {"G_bnds": 200}, {"X_cutoff": 4}, {"gamma_gap": 1.600767}, {"num_gw_calc": 4}, {"wall_time": 179}, {"num_cores": 32}, {"z-factor": {"@module": "numpy", "@class": "array", "dtype": "float64", "data": [[38.0, 0.8, -0.141532], [39.0, 0.81, -0.13347]]}}]], "conv_time": 737.4272723197937}, "gw_band_range_pbe": [1, 47], "gw_conv_lda": {"gw_conv_thr": 0.025, "gw_bnd_start": 200, "gw_bnd_step": 100, "gw_cut_start": 4, "gw_cut_step": 4, "kpt_bnd_idx": {"@module": "numpy", "@class": "array", "dtype": "int64", "data": [1, 1, 58, 59]}, "gw_bands": 200, "gw_cutoff": 4, "w_conv_grid": [[200, 4, 1.5125950000000001], [300, 4, 1.468668], [400, 4, 1.4557250000000002], [400, 8, 1.560129], [400, 8, 1.560129], [400, 12, 1.58652], [400, 12, 1.58652], [400, 16, 1.5988129999999998], [400, 16, 1.5988129999999998], [500, 16, 1.5782479999999999], [500, 20, 1.580926], [500, 20, 1.580926]], "pwcutoff": 88, "w_conv_time": [12.257602214813232, 13.275786876678467, 13.925736665725708, 17.473759412765503, 17.474606037139893, 25.08737063407898, 25.089516401290894, 40.31524348258972, 40.31690835952759, 48.33274459838867, 81.4169454574585, 81.42106771469116], "w_ngw": 8, "w_z_factor": [{"@module": "numpy", "@class": "array", "dtype": "float64", "data": [[58.0, 0.79, -0.131551], [59.0, 0.78, -0.152553]]}, {"@module": "numpy", "@class": "array", "dtype": "float64", "data": [[58.0, 0.79, -0.128422], [59.0, 0.78, -0.140647]]}, {"@module": "numpy", "@class": "array", "dtype": "float64", "data": [[58.0, 0.79, -0.128448], [59.0, 0.78, -0.144058]]}, {"@module": "numpy", "@class": "array", "dtype": "float64", "data": [[58.0, 0.79, -0.13045], [59.0, 0.78, -0.145007]]}, {"@module": "numpy", "@class": "array", "dtype": "float64", "data": [[58.0, 0.79, -0.130487], [59.0, 0.78, -0.145735]]}, {"@module": "numpy", "@class": "array", "dtype": "float64", "data": [[58.0, 0.79, -0.130904], [59.0, 0.78, -0.146146]]}, {"@module": "numpy", "@class": "array", "dtype": "float64", "data": [[58.0, 0.79, -0.130409], [59.0, 0.78, -0.139902]]}, {"@module": "numpy", "@class": "array", "dtype": "float64", "data": [[58.0, 0.79, -0.130453], [59.0, 0.78, -0.139838]]}], "gw_kppa": 240, "gw_kpt_grid": {"@module": "numpy", "@class": "array", "dtype": "int64", "data": [6, 6, 2]}, "conv_list": [[{"kppa": 0}, {"kpt_grid": "1x1x1"}, {"num_kpts": 1}, {"X_bnds": 500.0}, {"G_bnds": 500.0}, {"X_cutoff": 20.0}, {"gamma_gap": 1.580926}, {"num_gw_calc": 8}, {"wall_time": 479}, {"num_cores": 8}, {"z-factor": "None"}], [{"kppa": 0}, {"kpt_grid": "1x1x1"}, {"num_kpts": 1}, {"X_bnds": 200}, {"G_bnds": 200}, {"X_cutoff": 4}, {"gamma_gap": 4}, {"num_gw_calc": 1}, {"wall_time": 13}, {"num_cores": 8}, {"z-factor": "None"}], [{"kppa": 10}, {"kpt_grid": "2x2x2"}, {"num_kpts": 1}, {"X_bnds": 200}, {"G_bnds": 200}, {"X_cutoff": 4}, {"gamma_gap": 1.659476}, {"num_gw_calc": 2}, {"wall_time": 73}, {"num_cores": 8}, {"z-factor": {"@module": "numpy", "@class": "array", "dtype": "float64", "data": [[58.0, 0.79, -0.14776], [59.0, 0.79, -0.146985]]}}], [{"kppa": 60}, {"kpt_grid": "4x4x2"}, {"num_kpts": 1}, {"X_bnds": 200}, {"G_bnds": 200}, {"X_cutoff": 4}, {"gamma_gap": 1.779398}, {"num_gw_calc": 3}, {"wall_time": 341}, {"num_cores": 8}, {"z-factor": {"@module": "numpy", "@class": "array", "dtype": "float64",