{"@module": "pymatgen.entries.computed_entries", "@class": "ComputedEntry", "energy": 0.0, "composition": {"Ga": 1.0, "Sb": 1.0}, "entry_id": "635318", "correction": 0.0, "energy_adjustments": [], "parameters": {"id": "635318", "name": "GaSb", "ibrav": {"celldm(1)": 11.517880785084667, "ibrav": 2}, "vol": 381.99505940615666, "lda_pw_cutoff_Ry": 72, "qe_conv_pbe": {"qe_conv_maxiter": 20, "qe_delta_kppa": 1500, "qe_delta_cutoff": 5, "qe_conv_thresh": 7.349865078089427e-05, "qe_conv_steps": [[60, 1500, -136.191956432293], [65, 1500, -136.1923191141113], [70, 1500, -136.1929742817926], [75, 1500, -136.1939827157375], [80, 1500, -136.1945832413096], [85, 1500, -136.194732398642], [90, 1500, -136.1947479616122], [90, 3000, -136.1948001829081]], "qe_conv_time": 52.670905351638794}, "num_elec_pbe": 28.0, "max_mem": 69110.0, "qe_conv_lda": {"qe_conv_maxiter": 20, "qe_delta_kppa": 1500, "qe_delta_cutoff": 5, "qe_conv_thresh": 7.349865078089427e-05, "qe_conv_steps": [[72, 1500, -167.0963752623518], [77, 1500, -167.0973304113242], [82, 1500, -167.0974637436474], [87, 1500, -167.0974747238277], [87, 3000, -167.0975329818009]], "qe_conv_time": 34.81348443031311}, "num_elec_lda": 28.0, "bg_conv_pbe": {"bg_conv_maxiter": 20, "bg_delta_kppa": 1500, "bg_delta_cutoff": 5, "bg_conv_thresh": 0.025, "bg_conv_steps": [[90, 3000, 0.12974712694504217], [90, 4500, 0.12981566393369567]], "bg_conv_time": 18.77943730354309}, "indirect_gap_pbe": 0.12974232593558802, "bg_conv_lda": {"bg_conv_maxiter": 20, "bg_delta_kppa": 1500, "bg_delta_cutoff": 5, "bg_conv_thresh": 0.025, "bg_conv_steps": [[87, 3000, 4.591348914393446e-09], [87, 4500, 8.111574265505927e-13]], "bg_conv_time": 15.753538846969604}, "indirect_gap_lda": 1.1298803632399317e-12, "gw_conv_pbe": {"gw_conv_thr": 0.025, "gw_bnd_start": 200, "gw_bnd_step": 100, "gw_cut_start": 4, "gw_cut_step": 4, "kpt_bnd_idx": {"@module": "numpy", "@class": "array", "dtype": "int64", "data": [1, 1, 14, 15]}, "gw_bands": 200, "gw_cutoff": 4, "w_conv_grid": [[200, 4, 0.6429180000000001], [300, 4, 0.628689], [300, 8, 0.7518419999999999], [300, 8, 0.7518419999999999], [300, 12, 0.7858409999999999], [300, 12, 0.7858409999999999], [300, 16, 0.7866819999999999], [300, 16, 0.7866819999999999], [400, 16, 0.7852879999999999], [400, 20, 0.781884], [400, 20, 0.781884]], "pwcutoff": 90, "w_conv_time": [12.601769208908081, 12.736570835113525, 12.729004144668579, 12.730765581130981, 13.518109560012817, 13.51980996131897, 14.001472234725952, 14.003489971160889, 14.57369327545166, 16.02253246307373, 16.024194478988647], "w_ngw": 7, "w_z_factor": [{"@module": "numpy", "@class": "array", "dtype": "float64", "data": [[14.0, 0.87, -0.478515], [15.0, 0.86, -0.679093]]}, {"@module": "numpy", "@class": "array", "dtype": "float64", "data": [[14.0, 0.87, -0.425266], [15.0, 0.86, -0.658633]]}, {"@module": "numpy", "@class": "array", "dtype": "float64", "data": [[14.0, 0.87, -0.488794], [15.0, 0.85, -0.680411]]}, {"@module": "numpy", "@class": "array", "dtype": "float64", "data": [[14.0, 0.86, -0.489183], [15.0, 0.85, -0.681961]]}, {"@module": "numpy", "@class": "array", "dtype": "float64", "data": [[14.0, 0.86, -0.488974], [15.0, 0.85, -0.682186]]}, {"@module": "numpy", "@class": "array", "dtype": "float64", "data": [[14.0, 0.86, -0.485485], [15.0, 0.85, -0.679983]]}, {"@module": "numpy", "@class": "array", "dtype": "float64", "data": [[14.0, 0.86, -0.485368], [15.0, 0.85, -0.680048]]}], "gw_kppa": 690, "gw_kpt_grid": {"@module": "numpy", "@class": "array", "dtype": "int64", "data": [8, 8, 8]}, "conv_list": [[{"kppa": 0}, {"kpt_grid": "1x1x1"}, {"num_kpts": 1}, {"X_bnds": 400.0}, {"G_bnds": 400.0}, {"X_cutoff": 20.0}, {"gamma_gap": 0.781884}, {"num_gw_calc": 7}, {"wall_time": 187}, {"num_cores": 8}, {"z-factor": "None"}], [{"kppa": 0}, {"kpt_grid": "1x1x1"}, {"num_kpts": 1}, {"X_bnds": 200}, {"G_bnds": 200}, {"X_cutoff": 4}, {"gamma_gap": 8}, {"num_gw_calc": 1}, {"wall_time": 13}, {"num_cores": 8}, {"z-factor": "None"}], [{"kppa": 10}, {"kpt_grid": "2x2x2"}, {"num_kpts": 1}, {"X_bnds": 200}, {"G_bnds": 200}, {"X_cutoff": 4}, {"gamma_gap": 0.85556}, {"num_gw_calc": 2}, {"wall_time": 23}, {"num_cores": 8}, {"z-factor": {"@module": "numpy", "@class": "array", "dtype": "float64", "data": [[14.0, 0.83, -0.916469], [15.0, 0.82, -0.981423]]}}], [{"kppa": 60}, {"kpt_grid": "4x4x4"}, {"num_kpts": 1}, {"X_bnds": 200}, {"G_bnds": 200}, {"X_cutoff": 4}, {"gamma_gap": 0.794949}, {"num_gw_calc": 3}, {"wall_time": 111}, {"num_cores": 8}, {"z-factor": {"@module": "numpy", "@class": "array", "dtype": "float64", "data": [[14.0, 0.81, -0.123207], [15.0, 0.8, -0.124976]]}}], [{"kppa": 260}, {"kpt_grid": "6x6x6"}, {"num_kpts": 1}, {"X_bnds": 200}, {"G_bnds": 200}, {"X_cutoff": 4}, {"gamma_gap": 0.7530160000000001}, {"num_gw_calc": 4}, {"wall_time": 169}, {"num_cores": 32}, {"z-factor": {"@module": "numpy", "@class": "array", "dtype": "float64", "data": [[14.0, 0.8, -0.131393], [15.0, 0.8, -0.131847]]}}], [{"kppa": 690}, {"kpt_grid": "8x8x8"}, {"num_kpts": 1}, {"X_bnds": 200}, {"G_bnds": 200}, {"X_cutoff": 4}, {"gamma_gap": 0.7428120000000001}, {"num_gw_calc": 5}, {"wall_time": 675}, {"num_cores": 32}, {"z-factor": {"@module": "numpy", "@class": "array", "dtype": "float64", "data": [[14.0, 0.8, -0.132959], [15.0, 0.8, -0.132831]]}}]], "conv_time": 1162.3644058704376}, "gw_band_range_pbe": [1, 19], "gw_conv_lda": {"gw_conv_thr": 0.025, "gw_bnd_start": 200, "gw_bnd_step": 100, "gw_cut_start": 4, "gw_cut_step": 4, "kpt_bnd_idx": {"@module": "numpy", "@class": "array", "dtype": "int64", "data": [1, 1, 14, 15]}, "gw_bands": 200, "gw_cutoff": 4, "w_conv_grid": [[200, 4, -0.01139599999999999], [300, 4, -0.011365999999999987], [300, 8, -0.012369000000000019], [300, 8, -0.012369000000000019]], "pwcutoff": 87, "w_conv_time": [12.593368768692017, 12.686126708984375, 12.909501791000366, 12.910753965377808], "w_ngw": 3, "w_z_factor": [{"@module": "numpy", "@class": "array", "dtype": "float64", "data": [[14.0, 0.85, -0.545767], [15.0, 0.85, -0.53681]]}, {"@module": "numpy", "@class": "array", "dtype": "float64", "data": [[14.0, 0.85, -0.532087], [15.0, 0.85, -0.521094]]}, {"@module": "numpy", "@class": "array", "dtype": "float64", "data": [[14.0, 0.85, -0.553858], [15.0, 0.85, -0.541691]]}], "gw_kppa": 10, "gw_kpt_grid": {"@module": "numpy", "@class": "array", "dtype": "int64", "data": [2, 2, 2]}, "conv_list": [[{"kppa": 0}, {"kpt_grid": "1x1x1"}, {"num_kpts": 1}, {"X_bnds": 300.0}, {"G_bnds": 300.0}, {"X_cutoff": 8.0}, {"gamma_gap": -0.012369000000000019}, {"num_gw_calc": 3}, {"wall_time": 127}, {"num_cores": 8}, {"z-factor": "None"}], [{"kppa": 0}, {"kpt_grid": "1x1x1"}, {"num_kpts": 1}, {"X_bnds": 200}, {"G_bnds": 200}, {"X_cutoff": 4}, {"gamma_gap": 8}, {"num_gw_calc": 1}, {"wall_time": 13}, {"num_cores": 8}, {"z-factor": "None"}], [{"kppa": 10}, {"kpt_grid": "2x2x2"}, {"num_kpts": 1}, {"X_bnds": 200}, {"G_bnds": 200}, {"X_cutoff": 4}, {"gamma_gap": 0.011689000000000005}, {"num_gw_calc": 2}, {"wall_time": 23}, {"num_cores": 8}, {"z-factor": {"@module": "numpy", "@class": "array", "dtype": "float64", "data": [[14.0, 0.81, -0.112367], [15.0, 0.81, -0.112374]]}}]], "conv_time": 148.87551999092102}, "gw_band_range_lda": [1, 19], "g0w0_ppa_pbe": {"gw_direct_gap": 0.6904699999999999, "kppa": 1460, "kpt_grid": "10x10x10", "num_kpt": 47, "bands_in X": 500, "bands_in_G": 500, "cutoff": 24, "z_factor": [[14.0, 0.8, -0.00133232], [15.0, 0.79, -0.00132547]], "scissor": 0.5608949999999999, "ncpu": 32, "calc_time": 18870.034083366394}, "g0w0_ppa_lda": {"gw_direct_gap": -0.0002329999999999277, "kppa": 60, "kpt_grid": "4x4x4", "num_kpt": 8, "bands_in X": 400, "bands_in_G": 400, "cutoff": 12, "z_factor": [[14.0, 0.8, -0.00134495], [15.0, 0.8, -0.001345]], "scissor": -0.0002329999999999277, "ncpu": 32, "calc_time": 109.21150493621826}}, "data": {}}