{"@module": "pymatgen.entries.computed_entries", "@class": "ComputedEntry", "energy": 0.0, "composition": {"Sr": 3.0, "Ti": 2.0, "O": 7.0}, "entry_id": "63704", "correction": 0.0, "energy_adjustments": [], "parameters": {"id": "63704", "name": "Sr3Ti2O7", "ibrav": {"celldm(1)": 7.374845209494904, "ibrav": 7, "celldm(3)": 5.220007174704043}, "vol": 1046.8870612967041, "lda_pw_cutoff_Ry": 76, "qe_conv_pbe": {"qe_conv_maxiter": 20, "qe_delta_kppa": 1500, "qe_delta_cutoff": 5, "qe_conv_thresh": 0.00044099190468536564, "qe_conv_steps": [[60, 1500, -321.4039654166767], [65, 1500, -321.4426795490932], [70, 1500, -321.4604244622251], [75, 1500, -321.467945470742], [80, 1500, -321.4705768114009], [85, 1500, -321.4712453170493], [90, 1500, -321.4713329246748], [90, 3000, -321.4720001694586], [90, 4500, -321.4720266456216]], "qe_conv_time": 577.9707567691803}, "num_elec_pbe": 96.00000000000001, "max_mem": 31120.0, "qe_conv_lda": {"qe_conv_maxiter": 20, "qe_delta_kppa": 1500, "qe_delta_cutoff": 5, "qe_conv_thresh": 0.00044099190468536564, "qe_conv_steps": [[76, 1500, -337.9062397502268], [81, 1500, -337.9069763032771], [86, 1500, -337.9071292968189], [86, 3000, -337.9078009410951], [86, 4500, -337.9078274546831]], "qe_conv_time": 307.702490568161}, "num_elec_lda": 96.00000000000001, "bg_conv_pbe": {"bg_conv_maxiter": 20, "bg_delta_kppa": 1500, "bg_delta_cutoff": 5, "bg_conv_thresh": 0.025, "bg_conv_steps": [[90, 4500, 1.9966592607233686], [90, 9000, 1.9966633320369593]], "bg_conv_time": 419.9693741798401}, "indirect_gap_pbe": 1.9962240156432336, "bg_conv_lda": {"bg_conv_maxiter": 20, "bg_delta_kppa": 1500, "bg_delta_cutoff": 5, "bg_conv_thresh": 0.025, "bg_conv_steps": [[86, 4500, 1.8830153172301693], [86, 9000, 1.8830081687322224]], "bg_conv_time": 273.3737816810608}, "indirect_gap_lda": 1.8825504303956924, "gw_conv_pbe": {"gw_conv_thr": 0.025, "gw_bnd_start": 200, "gw_bnd_step": 100, "gw_cut_start": 4, "gw_cut_step": 4, "kpt_bnd_idx": {"@module": "numpy", "@class": "array", "dtype": "int64", "data": [1, 1, 48, 49]}, "gw_bands": 200, "gw_cutoff": 4, "w_conv_grid": [[200, 4, 3.7600050000000005], [300, 4, 3.718403], [400, 4, 3.704896], [400, 8, 3.757589], [400, 8, 3.757589], [400, 12, 3.761626], [400, 12, 3.761626]], "pwcutoff": 90, "w_conv_time": [32.49365425109863, 40.84648585319519, 49.07053232192993, 51.359965324401855, 51.36200475692749, 56.168076276779175, 56.169756174087524], "w_ngw": 5, "w_z_factor": [{"@module": "numpy", "@class": "array", "dtype": "float64", "data": [[48.0, 0.78, -0.131971], [49.0, 0.77, -0.161048]]}, {"@module": "numpy", "@class": "array", "dtype": "float64", "data": [[48.0, 0.78, -0.130376], [49.0, 0.77, -0.167076]]}, {"@module": "numpy", "@class": "array", "dtype": "float64", "data": [[48.0, 0.78, -0.136494], [49.0, 0.77, -0.176319]]}, {"@module": "numpy", "@class": "array", "dtype": "float64", "data": [[48.0, 0.77, -0.129805], [49.0, 0.77, -0.166564]]}, {"@module": "numpy", "@class": "array", "dtype": "float64", "data": [[48.0, 0.77, -0.131366], [49.0, 0.77, -0.172923]]}], "gw_kppa": 330, "gw_kpt_grid": {"@module": "numpy", "@class": "array", "dtype": "int64", "data": [4, 4, 4]}, "conv_list": [[{"kppa": 0}, {"kpt_grid": "1x1x1"}, {"num_kpts": 1}, {"X_bnds": 400.0}, {"G_bnds": 400.0}, {"X_cutoff": 12.0}, {"gamma_gap": 3.761626}, {"num_gw_calc": 5}, {"wall_time": 855}, {"num_cores": 8}, {"z-factor": "None"}], [{"kppa": 0}, {"kpt_grid": "1x1x1"}, {"num_kpts": 1}, {"X_bnds": 200}, {"G_bnds": 200}, {"X_cutoff": 4}, {"gamma_gap": 4}, {"num_gw_calc": 1}, {"wall_time": 33}, {"num_cores": 8}, {"z-factor": "None"}], [{"kppa": 10}, {"kpt_grid": "2x2x2"}, {"num_kpts": 1}, {"X_bnds": 200}, {"G_bnds": 200}, {"X_cutoff": 4}, {"gamma_gap": 3.982348}, {"num_gw_calc": 2}, {"wall_time": 176}, {"num_cores": 8}, {"z-factor": {"@module": "numpy", "@class": "array", "dtype": "float64", "data": [[48.0, 0.78, -0.14015], [49.0, 0.79, -0.160011]]}}], [{"kppa": 330}, {"kpt_grid": "4x4x4"}, {"num_kpts": 1}, {"X_bnds": 200}, {"G_bnds": 200}, {"X_cutoff": 4}, {"gamma_gap": 3.9695650000000002}, {"num_gw_calc": 3}, {"wall_time": 7299}, {"num_cores": 8}, {"z-factor": {"@module": "numpy", "@class": "array", "dtype": "float64", "data": [[48.0, 0.78, -0.135304], [49.0, 0.79, -0.139778]]}}]], "conv_time": 8328.860040903091}, "gw_band_range_pbe": [1, 59], "gw_conv_lda": {"gw_conv_thr": 0.025, "gw_bnd_start": 200, "gw_bnd_step": 100, "gw_cut_start": 4, "gw_cut_step": 4, "kpt_bnd_idx": {"@module": "numpy", "@class": "array", "dtype": "int64", "data": [1, 1, 48, 49]}, "gw_bands": 200, "gw_cutoff": 4, "w_conv_grid": [[200, 4, 3.932511], [300, 4, 3.888956], [400, 4, 3.873989], [400, 8, 3.895127], [400, 8, 3.895127], [500, 8, 3.894205], [500, 12, 3.895793], [500, 12, 3.895793]], "pwcutoff": 86, "w_conv_time": [19.955398559570312, 23.932868242263794, 26.701334238052368, 30.72257900238037, 30.725334405899048, 33.859766244888306, 43.04323172569275, 43.045392990112305], "w_ngw": 6, "w_z_factor": [{"@module": "numpy", "@class": "array", "dtype": "float64", "data": [[48.0, 0.78, -0.133791], [49.0, 0.76, -0.166124]]}, {"@module": "numpy", "@class": "array", "dtype": "float64", "data": [[48.0, 0.78, -0.130914], [49.0, 0.77, -0.161802]]}, {"@module": "numpy", "@class": "array", "dtype": "float64", "data": [[48.0, 0.78, -0.134454], [49.0, 0.77, -0.170567]]}, {"@module": "numpy", "@class": "array", "dtype": "float64", "data": [[48.0, 0.77, -0.132092], [49.0, 0.76, -0.165048]]}, {"@module": "numpy", "@class": "array", "dtype": "float64", "data": [[48.0, 0.77, -0.141314], [49.0, 0.76, -0.163984]]}, {"@module": "numpy", "@class": "array", "dtype": "float64", "data": [[48.0, 0.76, -0.133221], [49.0, 0.76, -0.164753]]}], "gw_kppa": 330, "gw_kpt_grid": {"@module": "numpy", "@class": "array", "dtype": "int64", "data": [4, 4, 4]}, "conv_list": [[{"kppa": 0}, {"kpt_grid": "1x1x1"}, {"num_kpts": 1}, {"X_bnds": 500.0}, {"G_bnds": 500.0}, {"X_cutoff": 12.0}, {"gamma_gap": 3.895793}, {"num_gw_calc": 6}, {"wall_time": 682}, {"num_cores": 8}, {"z-factor": "None"}], [{"kppa": 0}, {"kpt_grid": "1x1x1"}, {"num_kpts": 1}, {"X_bnds": 200}, {"G_bnds": 200}, {"X_cutoff": 4}, {"gamma_gap": 4}, {"num_gw_calc": 1}, {"wall_time": 20}, {"num_cores": 8}, {"z-factor": "None"}], [{"kppa": 10}, {"kpt_grid": "2x2x2"}, {"num_kpts": 1}, {"X_bnds": 200}, {"G_bnds": 200}, {"X_cutoff": 4}, {"gamma_gap": 4.111376}, {"num_gw_calc": 2}, {"wall_time": 274}, {"num_cores": 8}, {"z-factor": {"@module": "numpy", "@class": "array", "dtype": "float64", "data": [[48.0, 0.78, -0.137822], [49.0, 0.78, -0.14262]]}}], [{"kppa": 330}, {"kpt_grid": "4x4x4"}, {"num_kpts": 1}, {"X_bnds": 200}, {"G_bnds": 200}, {"X_cutoff": 4}, {"gamma_gap": 4.099418}, {"num_gw_calc": 3}, {"wall_time": 7181}, {"num_cores": 8}, {"z-factor": {"@module": "numpy", "@class": "array", "dtype": "float64", "data": [[48.0, 0.78, -0.134275], [49.0, 0.79, -0.139671]]}}]], "conv_time": 8135.75700712204}, "gw_band_range_lda": [1, 59]}, "data": {}}