{"@module": "pymatgen.entries.computed_entries", "@class": "ComputedEntry", "energy": 0.0, "composition": {"In": 2.0, "Se": 3.0}, "entry_id": "640498", "correction": 0.0, "energy_adjustments": [], "parameters": {"id": "640498", "name": "In2Se3", "ibrav": {"celldm(1)": 18.642047144718223, "ibrav": 5, "celldm(4)": 0.9167637879139606}, "vol": 907.7303069115858, "lda_pw_cutoff_Ry": 78, "qe_conv_pbe": {"qe_conv_maxiter": 20, "qe_delta_kppa": 1500, "qe_delta_cutoff": 5, "qe_conv_thresh": 0.00018374662695223566, "qe_conv_steps": [[60, 1500, -132.9318162959062], [65, 1500, -132.9324657563275], [70, 1500, -132.9327105543664], [75, 1500, -132.9327513472131], [75, 3000, -132.9311037478935], [75, 4500, -132.931818019509], [75, 7500, -132.9322095550159], [75, 12000, -132.9320241028748], [75, 18000, -132.9321736346854]], "qe_conv_time": 859.976217508316}, "num_elec_pbe": 44.0, "max_mem": 114560.0, "qe_conv_lda": {"qe_conv_maxiter": 20, "qe_delta_kppa": 1500, "qe_delta_cutoff": 5, "qe_conv_thresh": 0.00018374662695223566, "qe_conv_steps": [[78, 1500, -495.9875819138218], [83, 1500, -495.9879955170051], [88, 1500, -495.988033340359], [88, 3000, -495.9865472539329], [88, 4500, -495.9872272662225], [88, 7500, -495.9876596771319], [88, 12000, -495.9874677583472], [88, 18000, -495.9876226040026]], "qe_conv_time": 1659.7344584465027}, "num_elec_lda": 74.0, "bg_conv_pbe": {"bg_conv_maxiter": 20, "bg_delta_kppa": 1500, "bg_delta_cutoff": 5, "bg_conv_thresh": 0.025, "bg_conv_steps": [[75, 18000, -0.49291902488347594], [75, 25500, -0.5463600540266891], [75, 34500, -0.48955165988218174], [75, 46500, -0.5208525229920651], [75, 61500, -0.4721409809026343], [75, 79500, -0.5110401203247941], [75, 99000, -0.5508928517236381], [75, 123000, -0.5429740701411986]], "bg_conv_time": 3517.3425393104553}, "indirect_gap_pbe": -0.5537608210810993, "bg_conv_lda": {"bg_conv_maxiter": 20, "bg_delta_kppa": 1500, "bg_delta_cutoff": 5, "bg_conv_thresh": 0.025, "bg_conv_steps": [[88, 18000, -0.4874198126293339], [88, 25500, -0.5415195923432341], [88, 34500, -0.48440738757928187], [88, 46500, -0.5138548169440439], [88, 61500, -0.4652319213822527], [88, 79500, -0.5071608893153513], [88, 99000, -0.5461418026185114], [88, 123000, -0.5376387854358812]], "bg_conv_time": 5801.669636726379}, "indirect_gap_lda": -0.548772369997722, "gw_conv_pbe": {"gw_conv_thr": 0.025, "gw_bnd_start": 200, "gw_bnd_step": 100, "gw_cut_start": 4, "gw_cut_step": 4, "kpt_bnd_idx": {"@module": "numpy", "@class": "array", "dtype": "int64", "data": [1, 1, 22, 23]}, "gw_bands": 200, "gw_cutoff": 4, "w_conv_grid": [[200, 4, 0.010733999999999994], [300, 4, 0.010124000000000008], [300, 8, 0.011019000000000001], [300, 8, 0.011019000000000001]], "pwcutoff": 75, "w_conv_time": [15.835967063903809, 18.224104404449463, 18.62514901161194, 18.62673544883728], "w_ngw": 3, "w_z_factor": [{"@module": "numpy", "@class": "array", "dtype": "float64", "data": [[22.0, 0.75, -0.186868], [23.0, 0.75, -0.177157]]}, {"@module": "numpy", "@class": "array", "dtype": "float64", "data": [[22.0, 0.75, -0.174703], [23.0, 0.75, -0.177264]]}, {"@module": "numpy", "@class": "array", "dtype": "float64", "data": [[22.0, 0.75, -0.171095], [23.0, 0.74, -0.175958]]}], "gw_kppa": 10, "gw_kpt_grid": {"@module": "numpy", "@class": "array", "dtype": "int64", "data": [2, 2, 2]}, "conv_list": [[{"kppa": 0}, {"kpt_grid": "1x1x1"}, {"num_kpts": 1}, {"X_bnds": 300.0}, {"G_bnds": 300.0}, {"X_cutoff": 8.0}, {"gamma_gap": 0.011019000000000001}, {"num_gw_calc": 3}, {"wall_time": 351}, {"num_cores": 8}, {"z-factor": "None"}], [{"kppa": 0}, {"kpt_grid": "1x1x1"}, {"num_kpts": 1}, {"X_bnds": 200}, {"G_bnds": 200}, {"X_cutoff": 4}, {"gamma_gap": 8}, {"num_gw_calc": 1}, {"wall_time": 16}, {"num_cores": 8}, {"z-factor": "None"}], [{"kppa": 10}, {"kpt_grid": "2x2x2"}, {"num_kpts": 1}, {"X_bnds": 200}, {"G_bnds": 200}, {"X_cutoff": 4}, {"gamma_gap": -0.013810000000000003}, {"num_gw_calc": 2}, {"wall_time": 80}, {"num_cores": 8}, {"z-factor": {"@module": "numpy", "@class": "array", "dtype": "float64", "data": [[22.0, 0.75, -0.194896], [23.0, 0.75, -0.197962]]}}]], "conv_time": 429.8365070819855}, "gw_band_range_pbe": [1, 26], "gw_conv_lda": {"gw_conv_thr": 0.025, "gw_bnd_start": 200, "gw_bnd_step": 100, "gw_cut_start": 4, "gw_cut_step": 4, "kpt_bnd_idx": {"@module": "numpy", "@class": "array", "dtype": "int64", "data": [1, 1, 37, 38]}, "gw_bands": 200, "gw_cutoff": 4, "w_conv_grid": [[200, 4, 0.003281000000000006], [300, 4, 0.0036510000000000153], [300, 8, 0.0047439999999999705], [300, 8, 0.0047439999999999705]], "pwcutoff": 88, "w_conv_time": [15.11642861366272, 16.658528327941895, 17.68909001350403, 17.690783262252808], "w_ngw": 3, "w_z_factor": [{"@module": "numpy", "@class": "array", "dtype": "float64", "data": [[37.0, 0.75, -0.178341], [38.0, 0.75, -0.177439]]}, {"@module": "numpy", "@class": "array", "dtype": "float64", "data": [[37.0, 0.75, -0.173992], [38.0, 0.75, -0.178162]]}, {"@module": "numpy", "@class": "array", "dtype": "float64", "data": [[37.0, 0.75, -0.190331], [38.0, 0.75, -0.186576]]}], "gw_kppa": 10, "gw_kpt_grid": {"@module": "numpy", "@class": "array", "dtype": "int64", "data": [2, 2, 2]}, "conv_list": [[{"kppa": 0}, {"kpt_grid": "1x1x1"}, {"num_kpts": 1}, {"X_bnds": 300.0}, {"G_bnds": 300.0}, {"X_cutoff": 8.0}, {"gamma_gap": 0.0047439999999999705}, {"num_gw_calc": 3}, {"wall_time": 524}, {"num_cores": 8}, {"z-factor": "None"}], [{"kppa": 0}, {"kpt_grid": "1x1x1"}, {"num_kpts": 1}, {"X_bnds": 200}, {"G_bnds": 200}, {"X_cutoff": 4}, {"gamma_gap": 8}, {"num_gw_calc": 1}, {"wall_time": 16}, {"num_cores": 8}, {"z-factor": "None"}], [{"kppa": 10}, {"kpt_grid": "2x2x2"}, {"num_kpts": 1}, {"X_bnds": 200}, {"G_bnds": 200}, {"X_cutoff": 4}, {"gamma_gap": -0.012970000000000037}, {"num_gw_calc": 2}, {"wall_time": 119}, {"num_cores": 8}, {"z-factor": {"@module": "numpy", "@class": "array", "dtype": "float64", "data": [[37.0, 0.75, -0.209257], [38.0, 0.75, -0.209119]]}}]], "conv_time": 641.390703201294}, "gw_band_range_lda": [1, 41], "g0w0_ppa_pbe": {"gw_direct_gap": -0.004345000000000043, "kppa": 140, "kpt_grid": "4x4x4", "num_kpt": 13, "bands_in X": 400, "bands_in_G": 400, "cutoff": 12, "z_factor": [[22.0, 0.74, -0.00203252], [23.0, 0.74, -0.0020321]], "scissor": -0.004345000000000043, "ncpu": 32, "calc_time": 1275.4415938854218}, "g0w0_ppa_lda": {"gw_direct_gap": 0.004254000000000091, "kppa": 140, "kpt_grid": "4x4x4", "num_kpt": 13, "bands_in X": 400, "bands_in_G": 400, "cutoff": 12, "z_factor": [[37.0, 0.74, -0.00195863], [38.0, 0.74, -0.00195863]], "scissor": 0.004254000000000091, "ncpu": 16, "calc_time": 3557.0573377609253}}, "data": {}}