{"@module": "pymatgen.entries.computed_entries", "@class": "ComputedEntry", "energy": 0.0, "composition": {"Li": 1.0, "Zn": 1.0, "P": 1.0}, "entry_id": "642242", "correction": 0.0, "energy_adjustments": [], "parameters": {"id": "642242", "name": "LiZnP", "ibrav": {"celldm(1)": 10.920727326825972, "ibrav": 2}, "vol": 325.60772466185705, "lda_pw_cutoff_Ry": 66, "qe_conv_pbe": {"qe_conv_maxiter": 20, "qe_delta_kppa": 1500, "qe_delta_cutoff": 5, "qe_conv_thresh": 0.00011024797617134141, "qe_conv_steps": [[60, 1500, -213.9472657191631], [65, 1500, -213.9486723840914], [70, 1500, -213.9487600242465], [70, 3000, -213.9487961731028]], "qe_conv_time": 20.410727500915527}, "num_elec_pbe": 28.0, "max_mem": 37409.0, "qe_conv_lda": {"qe_conv_maxiter": 20, "qe_delta_kppa": 1500, "qe_delta_cutoff": 5, "qe_conv_thresh": 0.00011024797617134141, "qe_conv_steps": [[66, 1500, -223.0396838845556], [71, 1500, -223.0450740351128], [76, 1500, -223.0461852469415], [81, 1500, -223.0463298683602], [86, 1500, -223.0463372252909], [86, 3000, -223.0463800349781]], "qe_conv_time": 29.42660093307495}, "num_elec_lda": 28.0, "bg_conv_pbe": {"bg_conv_maxiter": 20, "bg_delta_kppa": 1500, "bg_delta_cutoff": 5, "bg_conv_thresh": 0.025, "bg_conv_steps": [[70, 3000, 1.363987003770104], [70, 4500, 1.3640865673051146]], "bg_conv_time": 12.008625507354736}, "indirect_gap_pbe": 1.3639808227672536, "bg_conv_lda": {"bg_conv_maxiter": 20, "bg_delta_kppa": 1500, "bg_delta_cutoff": 5, "bg_conv_thresh": 0.025, "bg_conv_steps": [[86, 3000, 1.2224600029463886], [86, 4500, 1.2225670895975094]], "bg_conv_time": 11.529121160507202}, "indirect_gap_lda": 1.222461417067551, "gw_conv_pbe": {"gw_conv_thr": 0.025, "gw_bnd_start": 200, "gw_bnd_step": 100, "gw_cut_start": 4, "gw_cut_step": 4, "kpt_bnd_idx": {"@module": "numpy", "@class": "array", "dtype": "int64", "data": [1, 1, 14, 15]}, "gw_bands": 200, "gw_cutoff": 4, "w_conv_grid": [[200, 4, 1.469157], [300, 4, 1.462259], [300, 8, 1.513412], [300, 8, 1.513412], [300, 12, 1.520824], [300, 12, 1.520824], [400, 12, 1.514211], [400, 16, 1.516449], [400, 16, 1.516449]], "pwcutoff": 70, "w_conv_time": [11.260581254959106, 11.293768882751465, 12.54503345489502, 12.546800374984741, 12.093708038330078, 12.095958709716797, 12.811853408813477, 13.7721107006073, 13.773581743240356], "w_ngw": 6, "w_z_factor": [{"@module": "numpy", "@class": "array", "dtype": "float64", "data": [[14.0, 0.79, -0.102142], [15.0, 0.81, -0.10216]]}, {"@module": "numpy", "@class": "array", "dtype": "float64", "data": [[14.0, 0.79, -0.10168], [15.0, 0.81, -0.101871]]}, {"@module": "numpy", "@class": "array", "dtype": "float64", "data": [[14.0, 0.79, -0.994006], [15.0, 0.8, -0.103468]]}, {"@module": "numpy", "@class": "array", "dtype": "float64", "data": [[14.0, 0.79, -0.100423], [15.0, 0.8, -0.102962]]}, {"@module": "numpy", "@class": "array", "dtype": "float64", "data": [[14.0, 0.79, -0.986893], [15.0, 0.8, -0.103133]]}, {"@module": "numpy", "@class": "array", "dtype": "float64", "data": [[14.0, 0.79, -0.991219], [15.0, 0.8, -0.103097]]}], "gw_kppa": 90, "gw_kpt_grid": {"@module": "numpy", "@class": "array", "dtype": "int64", "data": [4, 4, 4]}, "conv_list": [[{"kppa": 0}, {"kpt_grid": "1x1x1"}, {"num_kpts": 1}, {"X_bnds": 400.0}, {"G_bnds": 400.0}, {"X_cutoff": 16.0}, {"gamma_gap": 1.516449}, {"num_gw_calc": 6}, {"wall_time": 154}, {"num_cores": 8}, {"z-factor": "None"}], [{"kppa": 0}, {"kpt_grid": "1x1x1"}, {"num_kpts": 1}, {"X_bnds": 200}, {"G_bnds": 200}, {"X_cutoff": 4}, {"gamma_gap": 8}, {"num_gw_calc": 1}, {"wall_time": 12}, {"num_cores": 8}, {"z-factor": "None"}], [{"kppa": 10}, {"kpt_grid": "2x2x2"}, {"num_kpts": 1}, {"X_bnds": 200}, {"G_bnds": 200}, {"X_cutoff": 4}, {"gamma_gap": 2.111665}, {"num_gw_calc": 2}, {"wall_time": 20}, {"num_cores": 8}, {"z-factor": {"@module": "numpy", "@class": "array", "dtype": "float64", "data": [[14.0, 0.79, -0.134583], [15.0, 0.8, -0.13223]]}}], [{"kppa": 90}, {"kpt_grid": "4x4x4"}, {"num_kpts": 1}, {"X_bnds": 200}, {"G_bnds": 200}, {"X_cutoff": 4}, {"gamma_gap": 2.129467}, {"num_gw_calc": 3}, {"wall_time": 50}, {"num_cores": 8}, {"z-factor": {"@module": "numpy", "@class": "array", "dtype": "float64", "data": [[14.0, 0.78, -0.147891], [15.0, 0.79, -0.144159]]}}]], "conv_time": 223.67578601837158}, "gw_band_range_pbe": [1, 19], "gw_conv_lda": {"gw_conv_thr": 0.025, "gw_bnd_start": 200, "gw_bnd_step": 100, "gw_cut_start": 4, "gw_cut_step": 4, "kpt_bnd_idx": {"@module": "numpy", "@class": "array", "dtype": "int64", "data": [1, 1, 14, 15]}, "gw_bands": 200, "gw_cutoff": 4, "w_conv_grid": [[200, 4, 1.798836], [300, 4, 1.790648], [300, 8, 1.8366410000000002], [300, 8, 1.8366410000000002], [300, 12, 1.840878], [300, 12, 1.840878], [400, 12, 1.8344560000000003], [400, 16, 1.83654], [400, 16, 1.83654]], "pwcutoff": 86, "w_conv_time": [12.214799404144287, 11.349177122116089, 11.505724430084229, 11.507902383804321, 11.245700359344482, 11.247594594955444, 11.68687105178833, 12.872984647750854, 12.87471890449524], "w_ngw": 6, "w_z_factor": [{"@module": "numpy", "@class": "array", "dtype": "float64", "data": [[14.0, 0.79, -0.998747], [15.0, 0.81, -0.10088]]}, {"@module": "numpy", "@class": "array", "dtype": "float64", "data": [[14.0, 0.79, -0.99113], [15.0, 0.81, -0.100582]]}, {"@module": "numpy", "@class": "array", "dtype": "float64", "data": [[14.0, 0.79, -0.971518], [15.0, 0.81, -0.101585]]}, {"@module": "numpy", "@class": "array", "dtype": "float64", "data": [[14.0, 0.79, -0.969938], [15.0, 0.8, -0.101811]]}, {"@module": "numpy", "@class": "array", "dtype": "float64", "data": [[14.0, 0.79, -0.961804], [15.0, 0.8, -0.10192]]}, {"@module": "numpy", "@class": "array", "dtype": "float64", "data": [[14.0, 0.79, -0.962067], [15.0, 0.8, -0.101924]]}], "gw_kppa": 380, "gw_kpt_grid": {"@module": "numpy", "@class": "array", "dtype": "int64", "data": [6, 6, 6]}, "conv_list": [[{"kppa": 0}, {"kpt_grid": "1x1x1"}, {"num_kpts": 1}, {"X_bnds": 400.0}, {"G_bnds": 400.0}, {"X_cutoff": 16.0}, {"gamma_gap": 1.83654}, {"num_gw_calc": 6}, {"wall_time": 134}, {"num_cores": 8}, {"z-factor": "None"}], [{"kppa": 0}, {"kpt_grid": "1x1x1"}, {"num_kpts": 1}, {"X_bnds": 200}, {"G_bnds": 200}, {"X_cutoff": 4}, {"gamma_gap": 8}, {"num_gw_calc": 1}, {"wall_time": 13}, {"num_cores": 8}, {"z-factor": "None"}], [{"kppa": 10}, {"kpt_grid": "2x2x2"}, {"num_kpts": 1}, {"X_bnds": 200}, {"G_bnds": 200}, {"X_cutoff": 4}, {"gamma_gap": 2.226873}, {"num_gw_calc": 2}, {"wall_time": 21}, {"num_cores": 8}, {"z-factor": {"@module": "numpy", "@class": "array", "dtype": "float64", "data": [[14.0, 0.78, -0.134329], [15.0, 0.79, -0.13217]]}}], [{"kppa": 90}, {"kpt_grid": "4x4x4"}, {"num_kpts": 1}, {"X_bnds": 200}, {"G_bnds": 200}, {"X_cutoff": 4}, {"gamma_gap": 2.187535}, {"num_gw_calc": 3}, {"wall_time": 58}, {"num_cores": 8}, {"z-factor": {"@module": "numpy", "@class": "array", "dtype": "float64", "data": [[14.0, 0.78, -0.148997], [15.0, 0.79, -0.145496]]}}], [{"kppa": 380}, {"kpt_grid": "6x6x6"}, {"num_kpts": 1}, {"X_bnds": 200}, {"G_bnds": 200}, {"X_cutoff": 4}, {"gamma_gap": 2.18199}, {"num_gw_calc": 4}, {"wall_time": 82}, {"num_cores": 32}, {"z-factor": {"@module": "numpy", "@class": "array", "dtype": "float64", "data": [[14.0, 0.78, -0.149581], [15.0, 0.79, -0.14536]]}}]], "conv_time": 291.7058119773865}, "gw_band_range_lda": [1, 19], "g0w0_ppa_pbe": {"gw_direct_gap": 2.116277, "kppa": 380, "kpt_grid": "6x6x6", "num_kpt": 16, "bands_in X": 500, "bands_in_G": 500, "cutoff": 20, "z_factor": [[14.0, 0.78, -0.00147801], [15.0, 0.79, -0.00143331]], "scissor": 0.706245, "ncpu": 32, "calc_time": 453.78230333328247}, "g0w0_ppa_lda": {"gw_direct_gap": 2.154421, "kppa": 1030, "kpt_grid": "8x8x8", "num_kpt": 29, "bands_in X": 500, "bands_in_G": 500, "cutoff": 20, "z_factor": [[14.0, 0.77, -0.0014899], [15.0, 0.79, -0.00144345]], "scissor": 0.932409, "ncpu": 32, "calc_time": 1776.143613576889}}, "data": {}}