{"@module": "pymatgen.entries.computed_entries", "@class": "ComputedEntry", "energy": 0.0, "composition": {"Mg": 2.0, "Te": 2.0}, "entry_id": "642882", "correction": 0.0, "energy_adjustments": [], "parameters": {"id": "642882", "name": "MgTe", "ibrav": {"celldm(1)": 8.560459385797136, "ibrav": 4, "celldm(3)": 1.6291390728476822}, "vol": 885.0748597579658, "lda_pw_cutoff_Ry": 76, "qe_conv_pbe": {"qe_conv_maxiter": 20, "qe_delta_kppa": 1500, "qe_delta_cutoff": 5, "qe_conv_thresh": 0.00014699730156178854, "qe_conv_steps": [[60, 1500, -283.5613183209299], [65, 1500, -283.5616949300752], [70, 1500, -283.5620930619438], [75, 1500, -283.5624341835418], [80, 1500, -283.5627069827733], [85, 1500, -283.562891763118], [90, 1500, -283.5630116531831], [90, 3000, -283.5630156546745]], "qe_conv_time": 149.69490885734558}, "num_elec_pbe": 52.0, "max_mem": 58931.0, "qe_conv_lda": {"qe_conv_maxiter": 20, "qe_delta_kppa": 1500, "qe_delta_cutoff": 5, "qe_conv_thresh": 0.00014699730156178854, "qe_conv_steps": [[76, 1500, -327.9242136833697], [81, 1500, -327.9246274280931], [86, 1500, -327.9246990583664], [86, 3000, -327.924704133707]], "qe_conv_time": 65.53219604492188}, "num_elec_lda": 52.0, "bg_conv_pbe": {"bg_conv_maxiter": 20, "bg_delta_kppa": 1500, "bg_delta_cutoff": 5, "bg_conv_thresh": 0.025, "bg_conv_steps": [[90, 3000, 2.550836142606681], [90, 4500, 2.5508343038837498]], "bg_conv_time": 59.025869846343994}, "indirect_gap_pbe": 2.5508319418184, "bg_conv_lda": {"bg_conv_maxiter": 20, "bg_delta_kppa": 1500, "bg_delta_cutoff": 5, "bg_conv_thresh": 0.025, "bg_conv_steps": [[86, 3000, 2.3186607535205677], [86, 4500, 2.3186555633844788]], "bg_conv_time": 48.69415998458862}, "indirect_gap_lda": 2.3186488272933583, "gw_conv_pbe": {"gw_conv_thr": 0.025, "gw_bnd_start": 200, "gw_bnd_step": 100, "gw_cut_start": 4, "gw_cut_step": 4, "kpt_bnd_idx": {"@module": "numpy", "@class": "array", "dtype": "int64", "data": [1, 1, 26, 27]}, "gw_bands": 200, "gw_cutoff": 4, "w_conv_grid": [[200, 4, 3.185981], [300, 4, 3.1765299999999996], [300, 8, 3.2988470000000003], [300, 8, 3.2988470000000003], [300, 12, 3.327264], [300, 12, 3.327264], [300, 16, 3.324996], [300, 16, 3.324996], [400, 16, 3.325663], [400, 20, 3.321438], [400, 20, 3.321438]], "pwcutoff": 90, "w_conv_time": [12.890496015548706, 13.195086002349854, 14.251179933547974, 14.252281427383423, 16.928057432174683, 16.93032717704773, 23.576432704925537, 23.57879662513733, 26.065595149993896, 36.826411724090576, 36.82866144180298], "w_ngw": 7, "w_z_factor": [{"@module": "numpy", "@class": "array", "dtype": "float64", "data": [[26.0, 0.8, -0.141251], [27.0, 0.81, -0.141337]]}, {"@module": "numpy", "@class": "array", "dtype": "float64", "data": [[26.0, 0.8, -0.138419], [27.0, 0.81, -0.139911]]}, {"@module": "numpy", "@class": "array", "dtype": "float64", "data": [[26.0, 0.79, -0.138626], [27.0, 0.81, -0.140083]]}, {"@module": "numpy", "@class": "array", "dtype": "float64", "data": [[26.0, 0.79, -0.138858], [27.0, 0.81, -0.140035]]}, {"@module": "numpy", "@class": "array", "dtype": "float64", "data": [[26.0, 0.79, -0.138778], [27.0, 0.81, -0.140349]]}, {"@module": "numpy", "@class": "array", "dtype": "float64", "data": [[26.0, 0.79, -0.138283], [27.0, 0.81, -0.139094]]}, {"@module": "numpy", "@class": "array", "dtype": "float64", "data": [[26.0, 0.79, -0.138278], [27.0, 0.81, -0.139087]]}], "gw_kppa": 290, "gw_kpt_grid": {"@module": "numpy", "@class": "array", "dtype": "int64", "data": [4, 4, 4]}, "conv_list": [[{"kppa": 0}, {"kpt_grid": "1x1x1"}, {"num_kpts": 1}, {"X_bnds": 400.0}, {"G_bnds": 400.0}, {"X_cutoff": 20.0}, {"gamma_gap": 3.321438}, {"num_gw_calc": 7}, {"wall_time": 281}, {"num_cores": 8}, {"z-factor": "None"}], [{"kppa": 0}, {"kpt_grid": "1x1x1"}, {"num_kpts": 1}, {"X_bnds": 200}, {"G_bnds": 200}, {"X_cutoff": 4}, {"gamma_gap": 8}, {"num_gw_calc": 1}, {"wall_time": 13}, {"num_cores": 8}, {"z-factor": "None"}], [{"kppa": 10}, {"kpt_grid": "2x2x2"}, {"num_kpts": 1}, {"X_bnds": 200}, {"G_bnds": 200}, {"X_cutoff": 4}, {"gamma_gap": 3.9743320000000004}, {"num_gw_calc": 2}, {"wall_time": 42}, {"num_cores": 8}, {"z-factor": {"@module": "numpy", "@class": "array", "dtype": "float64", "data": [[26.0, 0.8, -0.151309], [27.0, 0.81, -0.14904]]}}], [{"kppa": 70}, {"kpt_grid": "4x4x2"}, {"num_kpts": 1}, {"X_bnds": 200}, {"G_bnds": 200}, {"X_cutoff": 4}, {"gamma_gap": 4.1174029999999995}, {"num_gw_calc": 3}, {"wall_time": 149}, {"num_cores": 8}, {"z-factor": {"@module": "numpy", "@class": "array", "dtype": "float64", "data": [[26.0, 0.8, -0.153037], [27.0, 0.82, -0.144909]]}}], [{"kppa": 290}, {"kpt_grid": "4x4x4"}, {"num_kpts": 1}, {"X_bnds": 200}, {"G_bnds": 200}, {"X_cutoff": 4}, {"gamma_gap": 4.117621}, {"num_gw_calc": 4}, {"wall_time": 148}, {"num_cores": 32}, {"z-factor": {"@module": "numpy", "@class": "array", "dtype": "float64", "data": [[26.0, 0.8, -0.151412], [27.0, 0.82, -0.143911]]}}]], "conv_time": 618.4229774475098}, "gw_band_range_pbe": [1, 33], "gw_conv_lda": {"gw_conv_thr": 0.025, "gw_bnd_start": 200, "gw_bnd_step": 100, "gw_cut_start": 4, "gw_cut_step": 4, "kpt_bnd_idx": {"@module": "numpy", "@class": "array", "dtype": "int64", "data": [1, 1, 26, 27]}, "gw_bands": 200, "gw_cutoff": 4, "w_conv_grid": [[200, 4, 3.0802810000000003], [300, 4, 3.074113], [300, 8, 3.1970660000000004], [300, 8, 3.1970660000000004], [300, 12, 3.226676], [300, 12, 3.226676], [300, 16, 3.227919], [300, 16, 3.227919], [400, 16, 3.237734], [400, 20, 3.236039], [400, 20, 3.236039]], "pwcutoff": 86, "w_conv_time": [12.77039885520935, 13.183715343475342, 13.679938316345215, 13.681639909744263, 16.40942883491516, 16.411015510559082, 23.273942708969116, 23.275944471359253, 25.78427767753601, 36.49370789527893, 36.4956955909729], "w_ngw": 7, "w_z_factor": [{"@module": "numpy", "@class": "array", "dtype": "float64", "data": [[26.0, 0.79, -0.143857], [27.0, 0.81, -0.142773]]}, {"@module": "numpy", "@class": "array", "dtype": "float64", "data": [[26.0, 0.79, -0.141253], [27.0, 0.81, -0.142947]]}, {"@module": "numpy", "@class": "array", "dtype": "float64", "data": [[26.0, 0.79, -0.142281], [27.0, 0.81, -0.142551]]}, {"@module": "numpy", "@class": "array", "dtype": "float64", "data": [[26.0, 0.79, -0.14241], [27.0, 0.81, -0.142422]]}, {"@module": "numpy", "@class": "array", "dtype": "float64", "data": [[26.0, 0.79, -0.142056], [27.0, 0.81, -0.142437]]}, {"@module": "numpy", "@class": "array", "dtype": "float64", "data": [[26.0, 0.79, -0.141141], [27.0, 0.81, -0.141785]]}, {"@module": "numpy", "@class": "array", "dtype": "float64", "data": [[26.0, 0.79, -0.14125], [27.0, 0.81, -0.14178]]}], "gw_kppa": 290, "gw_kpt_grid": {"@module": "numpy", "@class": "array", "dtype": "int64", "data": [4, 4, 4]}, "conv_list": [[{"kppa": 0}, {"kpt_grid": "1x1x1"}, {"num_kpts": 1}, {"X_bnds": 400.0}, {"G_bnds": 400.0}, {"X_cutoff": 20.0}, {"gamma_gap": 3.236039}, {"num_gw_calc": 7}, {"wall_time": 262}, {"num_cores": 8}, {"z-factor": "None"}], [{"kppa": 0}, {"kpt_grid": "1x1x1"}, {"num_kpts": 1}, {"X_bnds": 200}, {"G_bnds": 200}, {"X_cutoff": 4}, {"gamma_gap": 8}, {"num_gw_calc": 1}, {"wall_time": 13}, {"num_cores": 8}, {"z-factor": "None"}], [{"kppa": 10}, {"kpt_grid": "2x2x2"}, {"num_kpts": 1}, {"X_bnds": 200}, {"G_bnds": 200}, {"X_cutoff": 4}, {"gamma_gap": 3.759779}, {"num_gw_calc": 2}, {"wall_time": 40}, {"num_cores": 8}, {"z-factor": {"@module": "numpy", "@class": "array", "dtype": "float64", "data": [[26.0, 0.8, -0.15867], [27.0, 0.81, -0.155597]]}}], [{"kppa": 70}, {"kpt_grid": "4x4x2"}, {"num_kpts": 1}, {"X_bnds": 200}, {"G_bnds": 200}, {"X_cutoff": 4}, {"gamma_gap": 3.8865100000000004}, {"num_gw_calc": 3}, {"wall_time": 135}, {"num_cores": 8}, {"z-factor": {"@module": "numpy", "@class": "array", "dtype": "float64",