{"@module": "pymatgen.entries.computed_entries", "@class": "ComputedEntry", "energy": 0.0, "composition": {"Sc": 1.0, "N": 1.0}, "entry_id": "644666", "correction": 0.0, "energy_adjustments": [], "parameters": {"id": "644666", "name": "ScN", "ibrav": {"celldm(1)": 8.521153082215552, "ibrav": 2}, "vol": 154.68033752096318, "lda_pw_cutoff_Ry": 72, "qe_conv_pbe": {"qe_conv_maxiter": 20, "qe_delta_kppa": 1500, "qe_delta_cutoff": 5, "qe_conv_thresh": 7.349865078089427e-05, "qe_conv_steps": [[60, 1500, -56.03415136073771], [65, 1500, -56.03558491653639], [70, 1500, -56.03619938224597], [75, 1500, -56.03644928637711], [80, 1500, -56.03653391367954], [85, 1500, -56.03655407916599], [85, 3000, -56.03656337899752]], "qe_conv_time": 29.07448935508728}, "num_elec_pbe": 16.0, "max_mem": 46948.0, "qe_conv_lda": {"qe_conv_maxiter": 20, "qe_delta_kppa": 1500, "qe_delta_cutoff": 5, "qe_conv_thresh": 7.349865078089427e-05, "qe_conv_steps": [[72, 1500, -58.88108326189545], [77, 1500, -58.88128657870746], [82, 1500, -58.88133238343451], [82, 3000, -58.88133899593217]], "qe_conv_time": 16.412893056869507}, "num_elec_lda": 16.0, "bg_conv_pbe": {"bg_conv_maxiter": 20, "bg_delta_kppa": 1500, "bg_delta_cutoff": 5, "bg_conv_thresh": 0.025, "bg_conv_steps": [[85, 3000, -0.019536606552149623], [85, 4500, -0.020192949345198045]], "bg_conv_time": 9.278219938278198}, "indirect_gap_pbe": -0.019577042189830716, "bg_conv_lda": {"bg_conv_maxiter": 20, "bg_delta_kppa": 1500, "bg_delta_cutoff": 5, "bg_conv_thresh": 0.025, "bg_conv_steps": [[82, 3000, -0.11928366517332047], [82, 4500, -0.11987518833803507]], "bg_conv_time": 9.892306804656982}, "indirect_gap_lda": -0.11924940310593148, "gw_conv_pbe": {"gw_conv_thr": 0.025, "gw_bnd_start": 200, "gw_bnd_step": 100, "gw_cut_start": 4, "gw_cut_step": 4, "kpt_bnd_idx": {"@module": "numpy", "@class": "array", "dtype": "int64", "data": [1, 1, 8, 9]}, "gw_bands": 200, "gw_cutoff": 4, "w_conv_grid": [[200, 4, 2.805054], [300, 4, 2.804741], [300, 8, 3.047244], [300, 8, 3.047244], [300, 12, 3.176102], [300, 12, 3.176102], [300, 16, 3.197973], [300, 16, 3.197973], [400, 16, 3.192227], [400, 20, 3.214263], [400, 20, 3.214263]], "pwcutoff": 85, "w_conv_time": [32.402602195739746, 32.129066467285156, 34.90855121612549, 34.911407232284546, 24.852547645568848, 24.85524296760559, 28.038551330566406, 28.041019439697266, 26.123337745666504, 32.702242612838745, 32.70431709289551], "w_ngw": 7, "w_z_factor": [{"@module": "numpy", "@class": "array", "dtype": "float64", "data": [[8.0, 0.8, -0.103736], [9.0, 0.84, -0.551069]]}, {"@module": "numpy", "@class": "array", "dtype": "float64", "data": [[8.0, 0.8, -0.103514], [9.0, 0.84, -0.551773]]}, {"@module": "numpy", "@class": "array", "dtype": "float64", "data": [[8.0, 0.8, -0.931798], [9.0, 0.84, -0.574448]]}, {"@module": "numpy", "@class": "array", "dtype": "float64", "data": [[8.0, 0.8, -0.901615], [9.0, 0.84, -0.581508]]}, {"@module": "numpy", "@class": "array", "dtype": "float64", "data": [[8.0, 0.8, -0.908978], [9.0, 0.84, -0.584144]]}, {"@module": "numpy", "@class": "array", "dtype": "float64", "data": [[8.0, 0.79, -0.305813], [9.0, 0.84, -0.17071]]}, {"@module": "numpy", "@class": "array", "dtype": "float64", "data": [[8.0, 0.79, -0.279952], [9.0, 0.84, -0.257572]]}], "gw_kppa": 1460, "gw_kpt_grid": {"@module": "numpy", "@class": "array", "dtype": "int64", "data": [10, 10, 10]}, "conv_list": [[{"kppa": 0}, {"kpt_grid": "1x1x1"}, {"num_kpts": 1}, {"X_bnds": 400.0}, {"G_bnds": 400.0}, {"X_cutoff": 20.0}, {"gamma_gap": 3.214263}, {"num_gw_calc": 7}, {"wall_time": 393}, {"num_cores": 8}, {"z-factor": "None"}], [{"kppa": 0}, {"kpt_grid": "1x1x1"}, {"num_kpts": 1}, {"X_bnds": 200}, {"G_bnds": 200}, {"X_cutoff": 4}, {"gamma_gap": 8}, {"num_gw_calc": 1}, {"wall_time": 33}, {"num_cores": 8}, {"z-factor": "None"}], [{"kppa": 10}, {"kpt_grid": "2x2x2"}, {"num_kpts": 1}, {"X_bnds": 200}, {"G_bnds": 200}, {"X_cutoff": 4}, {"gamma_gap": 2.6838650000000004}, {"num_gw_calc": 2}, {"wall_time": 39}, {"num_cores": 8}, {"z-factor": {"@module": "numpy", "@class": "array", "dtype": "float64", "data": [[8.0, 0.75, -0.170973]]}}], [{"kppa": 60}, {"kpt_grid": "4x4x4"}, {"num_kpts": 1}, {"X_bnds": 200}, {"G_bnds": 200}, {"X_cutoff": 4}, {"gamma_gap": 3.117497}, {"num_gw_calc": 3}, {"wall_time": 115}, {"num_cores": 8}, {"z-factor": {"@module": "numpy", "@class": "array", "dtype": "float64", "data": [[8.0, 0.78, -0.128549], [9.0, 0.79, -0.130794]]}}], [{"kppa": 260}, {"kpt_grid": "6x6x6"}, {"num_kpts": 1}, {"X_bnds": 200}, {"G_bnds": 200}, {"X_cutoff": 4}, {"gamma_gap": 3.2053169999999995}, {"num_gw_calc": 4}, {"wall_time": 131}, {"num_cores": 32}, {"z-factor": {"@module": "numpy", "@class": "array", "dtype": "float64", "data": [[8.0, 0.78, -0.124979], [9.0, 0.8, -0.120765]]}}], [{"kppa": 690}, {"kpt_grid": "8x8x8"}, {"num_kpts": 1}, {"X_bnds": 200}, {"G_bnds": 200}, {"X_cutoff": 4}, {"gamma_gap": 3.2378720000000003}, {"num_gw_calc": 5}, {"wall_time": 428}, {"num_cores": 32}, {"z-factor": {"@module": "numpy", "@class": "array", "dtype": "float64", "data": [[8.0, 0.78, -0.125998], [9.0, 0.8, -0.133675]]}}], [{"kppa": 1460}, {"kpt_grid": "10x10x10"}, {"num_kpts": 1}, {"X_bnds": 200}, {"G_bnds": 200}, {"X_cutoff": 4}, {"gamma_gap": 3.2565529999999994}, {"num_gw_calc": 6}, {"wall_time": 1298}, {"num_cores": 32}, {"z-factor": {"@module": "numpy", "@class": "array", "dtype": "float64", "data": [[8.0, 0.78, -0.122329], [9.0, 0.8, -0.121384]]}}]], "conv_time": 2401.7707121372223}, "gw_band_range_pbe": [1, 12], "gw_conv_lda": {"gw_conv_thr": 0.025, "gw_bnd_start": 200, "gw_bnd_step": 100, "gw_cut_start": 4, "gw_cut_step": 4, "kpt_bnd_idx": {"@module": "numpy", "@class": "array", "dtype": "int64", "data": [1, 1, 8, 9]}, "gw_bands": 200, "gw_cutoff": 4, "w_conv_grid": [[200, 4, 3.209515], [300, 4, 3.209405], [300, 8, 3.407878], [300, 8, 3.407878], [300, 12, 3.502712], [300, 12, 3.502712], [300, 16, 3.522386], [300, 16, 3.522386], [400, 16, 3.526097], [400, 20, 3.5412529999999998], [400, 20, 3.5412529999999998]], "pwcutoff": 84, "w_conv_time": [31.45259141921997, 29.978455305099487, 30.64377212524414, 30.645759105682373, 26.968212127685547, 26.96965217590332, 28.60136079788208, 28.60313892364502, 26.904388904571533, 31.8920476436615, 31.894973278045654], "w_ngw": 7, "w_z_factor": [{"@module": "numpy", "@class": "array", "dtype": "float64", "data": [[8.0, 0.81, -0.929083], [9.0, 0.84, -0.563645]]}, {"@module": "numpy", "@class": "array", "dtype": "float64", "data": [[8.0, 0.81, -0.929844], [9.0, 0.84, -0.564116]]}, {"@module": "numpy", "@class": "array", "dtype": "float64", "data": [[8.0, 0.8, -0.86168], [9.0, 0.84, -0.577296]]}, {"@module": "numpy", "@class": "array", "dtype": "float64", "data": [[8.0, 0.79, -0.976734], [9.0, 0.84, -0.520824]]}, {"@module": "numpy", "@class": "array", "dtype": "float64", "data": [[8.0, 0.79, -0.835753], [9.0, 0.83, -0.464969]]}, {"@module": "numpy", "@class": "array", "dtype": "float64", "data": [[8.0, 0.79, -0.939866], [9.0, 0.83, -0.650961]]}, {"@module": "numpy", "@class": "array", "dtype": "float64", "data": [[8.0, 0.79, -0.927591], [9.0, 0.83, -0.528743]]}], "gw_kppa": 1460, "gw_kpt_grid": {"@module": "numpy", "@class": "array", "dtype": "int64", "data": [10, 10, 10]}, "conv_list": [[{"kppa": 0}, {"kpt_grid": "1x1x1"}, {"num_kpts": 1}, {"X_bnds": 400.0}, {"G_bnds": 400.0}, {"X_cutoff": 20.0}, {"gamma_gap": 3.5412529999999998}, {"num_gw_calc": 7}, {"wall_time": 287}, {"num_cores": 8}, {"z-factor": "None"}], [{"kppa": 0}, {"kpt_grid": "1x1x1"}, {"num_kpts": 1}, {"X_bnds": 200}, {"G_bnds": 200}, {"X_cutoff": 4}, {"gamma_gap": 8}, {"num_gw_calc": 1}, {"wall_time": 32}, {"num_cores": 8}, {"z-factor": "None"}], [{"kppa": 10}, {"kpt_grid": "2x2x2"}, {"num_kpts": 1}, {"X_bnds": 200}, {"G_bnds": 200}, {"X_cutoff": 4}, {"gamma_gap": 2.7236400000000005}, {"num_gw_calc": 2}, {"wall_time": 41}, {"num_cores": 8}, {"z-factor": {"@module": "numpy", "@class": "array", "dtype": "float64",