{"@module": "pymatgen.entries.computed_entries", "@class": "ComputedEntry", "energy": 0.0, "composition": {"Ba": 1.0, "F": 2.0}, "entry_id": "64717", "correction": 0.0, "energy_adjustments": [], "parameters": {"id": "64717", "name": "BaF2", "ibrav": {"celldm(1)": 11.709499015044896, "ibrav": 2}, "vol": 401.3792821209408, "lda_pw_cutoff_Ry": 68, "qe_conv_pbe": {"qe_conv_maxiter": 20, "qe_delta_kppa": 1500, "qe_delta_cutoff": 5, "qe_conv_thresh": 0.00011024797617134141, "qe_conv_steps": [[60, 1500, -73.76173189250167], [65, 1500, -73.76668707032323], [70, 1500, -73.76821566682281], [75, 1500, -73.7685607360179], [80, 1500, -73.76862423418974], [80, 3000, -73.76862422983012]], "qe_conv_time": 22.559520959854126}, "num_elec_pbe": 24.0, "max_mem": 37747.0, "qe_conv_lda": {"qe_conv_maxiter": 20, "qe_delta_kppa": 1500, "qe_delta_cutoff": 5, "qe_conv_thresh": 0.00011024797617134141, "qe_conv_steps": [[68, 1500, -77.57378840028832], [73, 1500, -77.57563055772059], [78, 1500, -77.5761272548398], [83, 1500, -77.57621347219066], [83, 3000, -77.57621349156587]], "qe_conv_time": 17.589484214782715}, "num_elec_lda": 24.0, "bg_conv_pbe": {"bg_conv_maxiter": 20, "bg_delta_kppa": 1500, "bg_delta_cutoff": 5, "bg_conv_thresh": 0.025, "bg_conv_steps": [[80, 3000, 6.869152051372723], [80, 4500, 6.864707952727093]], "bg_conv_time": 9.824829578399658}, "indirect_gap_pbe": 6.869136555104955, "bg_conv_lda": {"bg_conv_maxiter": 20, "bg_delta_kppa": 1500, "bg_delta_cutoff": 5, "bg_conv_thresh": 0.025, "bg_conv_steps": [[83, 3000, 6.4363251872661165], [83, 4500, 6.4333222528800205]], "bg_conv_time": 8.803381204605103}, "indirect_gap_lda": 6.433312467040973, "gw_conv_pbe": {"gw_conv_thr": 0.025, "gw_bnd_start": 200, "gw_bnd_step": 100, "gw_cut_start": 4, "gw_cut_step": 4, "kpt_bnd_idx": {"@module": "numpy", "@class": "array", "dtype": "int64", "data": [1, 1, 12, 13]}, "gw_bands": 200, "gw_cutoff": 4, "w_conv_grid": [[200, 4, 9.161882], [300, 4, 9.157905], [300, 8, 9.174694], [300, 8, 9.174694]], "pwcutoff": 80, "w_conv_time": [20.494519233703613, 35.19651746749878, 33.05931639671326, 33.06264591217041], "w_ngw": 3, "w_z_factor": [{"@module": "numpy", "@class": "array", "dtype": "float64", "data": [[12.0, 0.8, -0.128513], [13.0, 0.86, -0.957041]]}, {"@module": "numpy", "@class": "array", "dtype": "float64", "data": [[12.0, 0.8, -0.129935], [13.0, 0.86, -0.956186]]}, {"@module": "numpy", "@class": "array", "dtype": "float64", "data": [[12.0, 0.79, -0.142327], [13.0, 0.86, -0.955384]]}], "gw_kppa": 380, "gw_kpt_grid": {"@module": "numpy", "@class": "array", "dtype": "int64", "data": [6, 6, 6]}, "conv_list": [[{"kppa": 0}, {"kpt_grid": "1x1x1"}, {"num_kpts": 1}, {"X_bnds": 300.0}, {"G_bnds": 300.0}, {"X_cutoff": 8.0}, {"gamma_gap": 9.174694}, {"num_gw_calc": 3}, {"wall_time": 337}, {"num_cores": 8}, {"z-factor": "None"}], [{"kppa": 0}, {"kpt_grid": "1x1x1"}, {"num_kpts": 1}, {"X_bnds": 200}, {"G_bnds": 200}, {"X_cutoff": 4}, {"gamma_gap": 8}, {"num_gw_calc": 1}, {"wall_time": 21}, {"num_cores": 8}, {"z-factor": "None"}], [{"kppa": 10}, {"kpt_grid": "2x2x2"}, {"num_kpts": 1}, {"X_bnds": 200}, {"G_bnds": 200}, {"X_cutoff": 4}, {"gamma_gap": 9.667932}, {"num_gw_calc": 2}, {"wall_time": 40}, {"num_cores": 8}, {"z-factor": {"@module": "numpy", "@class": "array", "dtype": "float64", "data": [[12.0, 0.81, -0.129521], [13.0, 0.89, -0.66166]]}}], [{"kppa": 90}, {"kpt_grid": "4x4x4"}, {"num_kpts": 1}, {"X_bnds": 200}, {"G_bnds": 200}, {"X_cutoff": 4}, {"gamma_gap": 9.621451}, {"num_gw_calc": 3}, {"wall_time": 162}, {"num_cores": 8}, {"z-factor": {"@module": "numpy", "@class": "array", "dtype": "float64", "data": [[12.0, 0.81, -0.156554], [13.0, 0.89, -0.620227]]}}], [{"kppa": 380}, {"kpt_grid": "6x6x6"}, {"num_kpts": 1}, {"X_bnds": 200}, {"G_bnds": 200}, {"X_cutoff": 4}, {"gamma_gap": 9.628043}, {"num_gw_calc": 4}, {"wall_time": 205}, {"num_cores": 32}, {"z-factor": {"@module": "numpy", "@class": "array", "dtype": "float64", "data": [[12.0, 0.81, -0.130565], [13.0, 0.89, -0.652229]]}}]], "conv_time": 742.4590616226196}, "gw_band_range_pbe": [1, 17], "gw_conv_lda": {"gw_conv_thr": 0.025, "gw_bnd_start": 200, "gw_bnd_step": 100, "gw_cut_start": 4, "gw_cut_step": 4, "kpt_bnd_idx": {"@module": "numpy", "@class": "array", "dtype": "int64", "data": [1, 1, 12, 13]}, "gw_bands": 200, "gw_cutoff": 4, "w_conv_grid": [[200, 4, 9.205903], [300, 4, 9.207477], [300, 8, 9.264029], [300, 8, 9.264029], [300, 12, 9.327977], [300, 12, 9.327977], [300, 16, 9.37619], [300, 16, 9.37619], [300, 20, 9.410301], [300, 20, 9.410301], [300, 24, 9.429104], [300, 24, 9.429104], [400, 24, 9.434725], [400, 28, 9.444105], [400, 28, 9.444105]], "pwcutoff": 83, "w_conv_time": [27.746989011764526, 32.17552995681763, 31.2006516456604, 31.203582763671875, 29.220831155776978, 29.222455263137817, 30.638073921203613, 30.639869451522827, 41.31659984588623, 41.31925630569458, 51.704594135284424, 51.707281827926636, 57.02653646469116, 54.6168167591095, 54.61961507797241], "w_ngw": 9, "w_z_factor": [{"@module": "numpy", "@class": "array", "dtype": "float64", "data": [[12.0, 0.79, -0.160319], [13.0, 0.86, -0.101548]]}, {"@module": "numpy", "@class": "array", "dtype": "float64", "data": [[12.0, 0.79, -0.161881], [13.0, 0.86, -0.101263]]}, {"@module": "numpy", "@class": "array", "dtype": "float64", "data": [[12.0, 0.78, -0.141129], [13.0, 0.86, -0.999904]]}, {"@module": "numpy", "@class": "array", "dtype": "float64", "data": [[12.0, 0.78, -0.25005], [13.0, 0.86, -0.102041]]}, {"@module": "numpy", "@class": "array", "dtype": "float64", "data": [[12.0, 0.78, -0.169325], [13.0, 0.86, -0.993052]]}, {"@module": "numpy", "@class": "array", "dtype": "float64", "data": [[12.0, 0.78, -0.147902], [13.0, 0.86, -0.999923]]}, {"@module": "numpy", "@class": "array", "dtype": "float64", "data": [[12.0, 0.78, -0.148201], [13.0, 0.86, -0.998266]]}, {"@module": "numpy", "@class": "array", "dtype": "float64", "data": [[12.0, 0.78, -0.189981], [13.0, 0.86, -0.101087]]}, {"@module": "numpy", "@class": "array", "dtype": "float64", "data": [[12.0, 0.78, -0.170402], [13.0, 0.86, -0.10854]]}], "gw_kppa": 380, "gw_kpt_grid": {"@module": "numpy", "@class": "array", "dtype": "int64", "data": [6, 6, 6]}, "conv_list": [[{"kppa": 0}, {"kpt_grid": "1x1x1"}, {"num_kpts": 1}, {"X_bnds": 400.0}, {"G_bnds": 400.0}, {"X_cutoff": 28.0}, {"gamma_gap": 9.444105}, {"num_gw_calc": 9}, {"wall_time": 594}, {"num_cores": 8}, {"z-factor": "None"}], [{"kppa": 0}, {"kpt_grid": "1x1x1"}, {"num_kpts": 1}, {"X_bnds": 200}, {"G_bnds": 200}, {"X_cutoff": 4}, {"gamma_gap": 8}, {"num_gw_calc": 1}, {"wall_time": 28}, {"num_cores": 8}, {"z-factor": "None"}], [{"kppa": 10}, {"kpt_grid": "2x2x2"}, {"num_kpts": 1}, {"X_bnds": 200}, {"G_bnds": 200}, {"X_cutoff": 4}, {"gamma_gap": 9.987157999999999}, {"num_gw_calc": 2}, {"wall_time": 45}, {"num_cores": 8}, {"z-factor": {"@module": "numpy", "@class": "array", "dtype": "float64", "data": [[12.0, 0.81, -0.176637], [13.0, 0.89, -0.67676]]}}], [{"kppa": 90}, {"kpt_grid": "4x4x4"}, {"num_kpts": 1}, {"X_bnds": 200}, {"G_bnds": 200}, {"X_cutoff": 4}, {"gamma_gap": 9.957488999999999}, {"num_gw_calc": 3}, {"wall_time": 171}, {"num_cores": 8}, {"z-factor": {"@module": "numpy", "@class": "array", "dtype": "float64", "data": [[12.0, 0.81, -0.136696], [13.0, 0.89, -0.661259]]}}], [{"kppa": 380}, {"kpt_grid": "6x6x6"}, {"num_kpts": 1}, {"X_bnds": 200}, {"G_bnds": 200}, {"X_cutoff": 4}, {"gamma_gap": 9.958662}, {"num_gw_calc": 4}, {"wall_time": 186}, {"num_cores": 32}, {"z-factor": {"@module": "numpy", "@class": "array", "dtype": "float64", "data": [[12.0, 0.81, -0.13883], [13.0, 0.89, -0.665156]]}}]], "conv_time": 994.087385892868}, "gw_band_range_lda": [1, 17], "g0w0_ppa_pbe": {"gw_direct_gap": 9.603146, "kppa": 1030, "kpt_grid": "8x8x8", "num_kpt": 29, "bands_in X": 400, "bands_in_G": 400, "cutoff": 12, "z_factor": [[12.0, 0.79, -0.00138387], [13.0, 0.89, -0.000642888]], "scissor": 2.641505, "ncpu": 32, "calc_time": 1741.1420497894287},