{"@module": "pymatgen.entries.computed_entries", "@class": "ComputedEntry", "energy": 0.0, "composition": {"Ag": 1.0, "Cl": 1.0}, "entry_id": "64734", "correction": 0.0, "energy_adjustments": [], "parameters": {"id": "64734", "name": "AgCl", "ibrav": {"celldm(1)": 10.48609031606806, "ibrav": 2}, "vol": 288.257615986612, "lda_pw_cutoff_Ry": 78, "qe_conv_pbe": {"qe_conv_maxiter": 20, "qe_delta_kppa": 1500, "qe_delta_cutoff": 5, "qe_conv_thresh": 7.349865078089427e-05, "qe_conv_steps": [[60, 1500, -158.9472658699683], [65, 1500, -158.9472824811917], [65, 3000, -158.9472825153121]], "qe_conv_time": 15.27081847190857}, "num_elec_pbe": 26.0, "max_mem": 39567.0, "qe_conv_lda": {"qe_conv_maxiter": 20, "qe_delta_kppa": 1500, "qe_delta_cutoff": 5, "qe_conv_thresh": 7.349865078089427e-05, "qe_conv_steps": [[78, 1500, -171.4004849783503], [83, 1500, -171.4006141884133], [88, 1500, -171.4006321183825], [88, 3000, -171.4006322410113]], "qe_conv_time": 20.976855754852295}, "num_elec_lda": 26.0, "bg_conv_pbe": {"bg_conv_maxiter": 20, "bg_delta_kppa": 1500, "bg_delta_cutoff": 5, "bg_conv_thresh": 0.025, "bg_conv_steps": [[65, 3000, 0.9687404653834983], [65, 4500, 0.96872889661672]], "bg_conv_time": 11.30629301071167}, "indirect_gap_pbe": 0.9687286895434069, "bg_conv_lda": {"bg_conv_maxiter": 20, "bg_delta_kppa": 1500, "bg_delta_cutoff": 5, "bg_conv_thresh": 0.025, "bg_conv_steps": [[88, 3000, 0.6081663703151577], [88, 4500, 0.6081465957208322]], "bg_conv_time": 12.594267845153809}, "indirect_gap_lda": 0.6081466867349311, "gw_conv_pbe": {"gw_conv_thr": 0.025, "gw_bnd_start": 200, "gw_bnd_step": 100, "gw_cut_start": 4, "gw_cut_step": 4, "kpt_bnd_idx": {"@module": "numpy", "@class": "array", "dtype": "int64", "data": [1, 1, 13, 14]}, "gw_bands": 200, "gw_cutoff": 4, "w_conv_grid": [[200, 4, 3.220683], [300, 4, 3.219627], [300, 8, 3.3826530000000004], [300, 8, 3.3826530000000004], [300, 12, 3.4447089999999996], [300, 12, 3.4447089999999996], [300, 16, 3.488524], [300, 16, 3.488524], [300, 20, 3.512417], [300, 20, 3.512417], [400, 20, 3.518363], [400, 24, 3.531791], [400, 24, 3.531791]], "pwcutoff": 65, "w_conv_time": [12.411109447479248, 12.8020658493042, 12.731657028198242, 12.73565936088562, 13.008371591567993, 13.009953260421753, 13.092213869094849, 13.093137502670288, 14.099157333374023, 14.10148811340332, 14.411468744277954, 15.672919988632202, 15.674567222595215], "w_ngw": 8, "w_z_factor": [{"@module": "numpy", "@class": "array", "dtype": "float64", "data": [[13.0, 0.77, -0.157017], [14.0, 0.78, -0.149623]]}, {"@module": "numpy", "@class": "array", "dtype": "float64", "data": [[13.0, 0.77, -0.149714], [14.0, 0.78, -0.146176]]}, {"@module": "numpy", "@class": "array", "dtype": "float64", "data": [[13.0, 0.76, -0.14668], [14.0, 0.78, -0.145418]]}, {"@module": "numpy", "@class": "array", "dtype": "float64", "data": [[13.0, 0.76, -0.137801], [14.0, 0.78, -0.144685]]}, {"@module": "numpy", "@class": "array", "dtype": "float64", "data": [[13.0, 0.76, -0.138491], [14.0, 0.78, -0.145405]]}, {"@module": "numpy", "@class": "array", "dtype": "float64", "data": [[13.0, 0.76, -0.139123], [14.0, 0.78, -0.145414]]}, {"@module": "numpy", "@class": "array", "dtype": "float64", "data": [[13.0, 0.76, -0.13742], [14.0, 0.78, -0.147229]]}, {"@module": "numpy", "@class": "array", "dtype": "float64", "data": [[13.0, 0.76, -0.144387], [14.0, 0.78, -0.145484]]}], "gw_kppa": 690, "gw_kpt_grid": {"@module": "numpy", "@class": "array", "dtype": "int64", "data": [8, 8, 8]}, "conv_list": [[{"kppa": 0}, {"kpt_grid": "1x1x1"}, {"num_kpts": 1}, {"X_bnds": 400.0}, {"G_bnds": 400.0}, {"X_cutoff": 24.0}, {"gamma_gap": 3.531791}, {"num_gw_calc": 8}, {"wall_time": 227}, {"num_cores": 8}, {"z-factor": "None"}], [{"kppa": 0}, {"kpt_grid": "1x1x1"}, {"num_kpts": 1}, {"X_bnds": 200}, {"G_bnds": 200}, {"X_cutoff": 4}, {"gamma_gap": 8}, {"num_gw_calc": 1}, {"wall_time": 13}, {"num_cores": 8}, {"z-factor": "None"}], [{"kppa": 10}, {"kpt_grid": "2x2x2"}, {"num_kpts": 1}, {"X_bnds": 200}, {"G_bnds": 200}, {"X_cutoff": 4}, {"gamma_gap": 4.390594}, {"num_gw_calc": 2}, {"wall_time": 21}, {"num_cores": 8}, {"z-factor": {"@module": "numpy", "@class": "array", "dtype": "float64", "data": [[13.0, 0.8, -0.873567], [14.0, 0.83, -0.107736]]}}], [{"kppa": 60}, {"kpt_grid": "4x4x4"}, {"num_kpts": 1}, {"X_bnds": 200}, {"G_bnds": 200}, {"X_cutoff": 4}, {"gamma_gap": 4.43966}, {"num_gw_calc": 3}, {"wall_time": 60}, {"num_cores": 8}, {"z-factor": {"@module": "numpy", "@class": "array", "dtype": "float64", "data": [[14.0, 0.83, -0.99838]]}}], [{"kppa": 260}, {"kpt_grid": "6x6x6"}, {"num_kpts": 1}, {"X_bnds": 200}, {"G_bnds": 200}, {"X_cutoff": 4}, {"gamma_gap": 4.327618}, {"num_gw_calc": 4}, {"wall_time": 89}, {"num_cores": 32}, {"z-factor": {"@module": "numpy", "@class": "array", "dtype": "float64", "data": [[13.0, 0.8, -0.234324], [14.0, 0.83, -0.993695]]}}], [{"kppa": 690}, {"kpt_grid": "8x8x8"}, {"num_kpts": 1}, {"X_bnds": 200}, {"G_bnds": 200}, {"X_cutoff": 4}, {"gamma_gap": 4.315041}, {"num_gw_calc": 5}, {"wall_time": 316}, {"num_cores": 32}, {"z-factor": {"@module": "numpy", "@class": "array", "dtype": "float64", "data": [[13.0, 0.8, -0.839884], [14.0, 0.83, -0.996679]]}}]], "conv_time": 710.4284996986389}, "gw_band_range_pbe": [1, 15], "gw_conv_lda": {"gw_conv_thr": 0.025, "gw_bnd_start": 200, "gw_bnd_step": 100, "gw_cut_start": 4, "gw_cut_step": 4, "kpt_bnd_idx": {"@module": "numpy", "@class": "array", "dtype": "int64", "data": [1, 1, 13, 14]}, "gw_bands": 200, "gw_cutoff": 4, "w_conv_grid": [[200, 4, 3.525157], [300, 4, 3.5240080000000003], [300, 8, 3.6875980000000004], [300, 8, 3.6875980000000004], [300, 12, 3.7533260000000004], [300, 12, 3.7533260000000004], [300, 16, 3.801708], [300, 16, 3.801708], [300, 20, 3.8287560000000003], [300, 20, 3.8287560000000003], [300, 24, 3.844519], [300, 24, 3.844519], [400, 24, 3.852868], [400, 28, 3.8713420000000003], [400, 28, 3.8713420000000003], [500, 28, 3.8774380000000006], [500, 32, 3.885846], [500, 32, 3.885846]], "pwcutoff": 88, "w_conv_time": [12.848684787750244, 12.695998668670654, 13.004567623138428, 13.006338357925415, 13.269471168518066, 13.270872354507446, 13.644765853881836, 13.646585702896118, 14.131868362426758, 14.133369207382202, 14.849362134933472, 14.850881814956665, 15.885071516036987, 17.995464086532593, 17.997108459472656, 19.294724702835083, 22.776838541030884, 22.778533220291138], "w_ngw": 11, "w_z_factor": [{"@module": "numpy", "@class": "array", "dtype": "float64", "data": [[13.0, 0.77, -0.140891], [14.0, 0.78, -0.143763]]}, {"@module": "numpy", "@class": "array", "dtype": "float64", "data": [[13.0, 0.76, -0.143094], [14.0, 0.78, -0.143544]]}, {"@module": "numpy", "@class": "array", "dtype": "float64", "data": [[13.0, 0.76, -0.122165], [14.0, 0.78, -0.144422]]}, {"@module": "numpy", "@class": "array", "dtype": "float64", "data": [[13.0, 0.76, -0.130548], [14.0, 0.78, -0.143877]]}, {"@module": "numpy", "@class": "array", "dtype": "float64", "data": [[13.0, 0.76, -0.130477], [14.0, 0.78, -0.144513]]}, {"@module": "numpy", "@class": "array", "dtype": "float64", "data": [[13.0, 0.76, -0.139014], [14.0, 0.78, -0.144241]]}, {"@module": "numpy", "@class": "array", "dtype": "float64", "data": [[13.0, 0.76, -0.13865], [14.0, 0.78, -0.143856]]}, {"@module": "numpy", "@class": "array", "dtype": "float64", "data": [[13.0, 0.76, -0.141405], [14.0, 0.78, -0.144304]]}, {"@module": "numpy", "@class": "array", "dtype": "float64", "data": [[13.0, 0.76, -0.145486], [14.0, 0.78, -0.144392]]}, {"@module": "numpy", "@class": "array", "dtype": "float64", "data": [[13.0, 0.76, -0.140313], [14.0, 0.78, -0.144427]]}, {"@module": "numpy", "@class": "array", "dtype": "float64", "data": [[13.0, 0.76, -0.140357], [14.0, 0.78, -0.144506]]}], "gw_kppa": 260, "gw_kpt_grid": {"@module": "numpy", "@class": "array", "dtype": "int64", "data": [6, 6, 6]},