{"@module": "pymatgen.entries.computed_entries", "@class": "ComputedEntry", "energy": 0.0, "composition": {"Pd": 4.0, "S": 8.0}, "entry_id": "648747", "correction": 0.0, "energy_adjustments": [], "parameters": {"id": "648747", "name": "PdS2", "ibrav": {"celldm(1)": 10.317904690166083, "ibrav": 8, "celldm(2)": 1.014835164835165, "celldm(3)": 1.3793040293040295}, "vol": 1537.5528331468624, "lda_pw_cutoff_Ry": 74, "qe_conv_pbe": {"qe_conv_maxiter": 20, "qe_delta_kppa": 1500, "qe_delta_cutoff": 5, "qe_conv_thresh": 0.00044099190468536564, "qe_conv_steps": [[60, 1500, -588.6847264870546], [65, 1500, -588.6855863809247], [70, 1500, -588.6860727583538], [75, 1500, -588.6864333644854], [75, 3000, -588.6864045199715]], "qe_conv_time": 432.1046402454376}, "num_elec_pbe": 120.0, "max_mem": 203737.0, "qe_conv_lda": {"qe_conv_maxiter": 20, "qe_delta_kppa": 1500, "qe_delta_cutoff": 5, "qe_conv_thresh": 0.00044099190468536564, "qe_conv_steps": [[74, 1500, -628.4250619284089], [79, 1500, -628.4257129091872], [84, 1500, -628.4257844066237], [84, 3000, -628.4257519607223]], "qe_conv_time": 424.8908908367157}, "num_elec_lda": 120.0, "bg_conv_pbe": {"bg_conv_maxiter": 20, "bg_delta_kppa": 1500, "bg_delta_cutoff": 5, "bg_conv_thresh": 0.025, "bg_conv_steps": [[75, 3000, -0.06662294341543212], [75, 4500, -0.06713038408249271]], "bg_conv_time": 307.56903982162476}, "indirect_gap_pbe": -0.06662323269472126, "bg_conv_lda": {"bg_conv_maxiter": 20, "bg_delta_kppa": 1500, "bg_delta_cutoff": 5, "bg_conv_thresh": 0.025, "bg_conv_steps": [[84, 3000, -0.10060230811517591], [84, 4500, -0.1012288452012162]], "bg_conv_time": 322.7718152999878}, "indirect_gap_lda": -0.10060194330879674, "gw_conv_pbe": {"gw_conv_thr": 0.025, "gw_bnd_start": 200, "gw_bnd_step": 100, "gw_cut_start": 4, "gw_cut_step": 4, "kpt_bnd_idx": {"@module": "numpy", "@class": "array", "dtype": "int64", "data": [1, 1, 60, 61]}, "gw_bands": 200, "gw_cutoff": 4, "w_conv_grid": [[200, 4, 2.308634], [300, 4, 2.311247], [300, 8, 2.360515], [300, 8, 2.360515], [300, 12, 2.3875599999999997], [300, 12, 2.3875599999999997], [300, 16, 2.4028869999999998], [300, 16, 2.4028869999999998], [400, 16, 2.397217], [400, 20, 2.405583], [400, 20, 2.405583]], "pwcutoff": 75, "w_conv_time": [12.930143356323242, 13.241421461105347, 18.673321962356567, 18.67409348487854, 32.06903600692749, 32.070292472839355, 56.886605739593506, 56.88809633255005, 63.79376554489136, 117.36345052719116, 117.36535000801086], "w_ngw": 7, "w_z_factor": [{"@module": "numpy", "@class": "array", "dtype": "float64", "data": [[60.0, 0.79, -0.143555], [61.0, 0.79, -0.142971]]}, {"@module": "numpy", "@class": "array", "dtype": "float64", "data": [[60.0, 0.79, -0.14504], [61.0, 0.79, -0.162168]]}, {"@module": "numpy", "@class": "array", "dtype": "float64", "data": [[60.0, 0.79, -0.13507], [61.0, 0.78, -0.136031]]}, {"@module": "numpy", "@class": "array", "dtype": "float64", "data": [[60.0, 0.78, -0.135598], [61.0, 0.78, -0.139922]]}, {"@module": "numpy", "@class": "array", "dtype": "float64", "data": [[60.0, 0.78, -0.135624], [61.0, 0.78, -0.13923]]}, {"@module": "numpy", "@class": "array", "dtype": "float64", "data": [[60.0, 0.78, -0.134204], [61.0, 0.78, -0.147142]]}, {"@module": "numpy", "@class": "array", "dtype": "float64", "data": [[60.0, 0.78, -0.134237], [61.0, 0.78, -0.138157]]}], "gw_kppa": 1080, "gw_kpt_grid": {"@module": "numpy", "@class": "array", "dtype": "int64", "data": [6, 4, 4]}, "conv_list": [[{"kppa": 0}, {"kpt_grid": "1x1x1"}, {"num_kpts": 1}, {"X_bnds": 400.0}, {"G_bnds": 400.0}, {"X_cutoff": 20.0}, {"gamma_gap": 2.405583}, {"num_gw_calc": 7}, {"wall_time": 635}, {"num_cores": 8}, {"z-factor": "None"}], [{"kppa": 0}, {"kpt_grid": "1x1x1"}, {"num_kpts": 1}, {"X_bnds": 200}, {"G_bnds": 200}, {"X_cutoff": 4}, {"gamma_gap": 8}, {"num_gw_calc": 1}, {"wall_time": 13}, {"num_cores": 8}, {"z-factor": "None"}], [{"kppa": 10}, {"kpt_grid": "2x2x2"}, {"num_kpts": 1}, {"X_bnds": 200}, {"G_bnds": 200}, {"X_cutoff": 4}, {"gamma_gap": 1.3936259999999998}, {"num_gw_calc": 2}, {"wall_time": 83}, {"num_cores": 8}, {"z-factor": {"@module": "numpy", "@class": "array", "dtype": "float64", "data": [[60.0, 0.77, -0.148754], [61.0, 0.77, -0.26803]]}}], [{"kppa": 240}, {"kpt_grid": "4x2x2"}, {"num_kpts": 1}, {"X_bnds": 200}, {"G_bnds": 200}, {"X_cutoff": 4}, {"gamma_gap": 1.426564}, {"num_gw_calc": 3}, {"wall_time": 170}, {"num_cores": 8}, {"z-factor": {"@module": "numpy", "@class": "array", "dtype": "float64", "data": [[60.0, 0.77, -0.149068], [61.0, 0.77, -0.13541]]}}], [{"kppa": 250}, {"kpt_grid": "4x4x2"}, {"num_kpts": 1}, {"X_bnds": 200}, {"G_bnds": 200}, {"X_cutoff": 4}, {"gamma_gap": 1.493575}, {"num_gw_calc": 4}, {"wall_time": 154}, {"num_cores": 32}, {"z-factor": {"@module": "numpy", "@class": "array", "dtype": "float64", "data": [[60.0, 0.78, -0.148855], [61.0, 0.77, -0.209068]]}}], [{"kppa": 610}, {"kpt_grid": "4x4x4"}, {"num_kpts": 1}, {"X_bnds": 200}, {"G_bnds": 200}, {"X_cutoff": 4}, {"gamma_gap": 1.5234420000000002}, {"num_gw_calc": 5}, {"wall_time": 426}, {"num_cores": 32}, {"z-factor": {"@module": "numpy", "@class": "array", "dtype": "float64", "data": [[60.0, 0.78, -0.148654], [61.0, 0.77, -0.177608]]}}], [{"kppa": 1080}, {"kpt_grid": "6x4x4"}, {"num_kpts": 1}, {"X_bnds": 200}, {"G_bnds": 200}, {"X_cutoff": 4}, {"gamma_gap": 1.5156169999999998}, {"num_gw_calc": 6}, {"wall_time": 828}, {"num_cores": 32}, {"z-factor": {"@module": "numpy", "@class": "array", "dtype": "float64", "data": [[60.0, 0.77, -0.149358], [61.0, 0.77, -0.176116]]}}]], "conv_time": 2292.791805744171}, "gw_band_range_pbe": [1, 69], "gw_conv_lda": {"gw_conv_thr": 0.025, "gw_bnd_start": 200, "gw_bnd_step": 100, "gw_cut_start": 4, "gw_cut_step": 4, "kpt_bnd_idx": {"@module": "numpy", "@class": "array", "dtype": "int64", "data": [1, 1, 60, 61]}, "gw_bands": 200, "gw_cutoff": 4, "w_conv_grid": [[200, 4, 2.200873], [300, 4, 2.2050340000000004], [300, 8, 2.248067], [300, 8, 2.248067], [300, 12, 2.276862], [300, 12, 2.276862], [300, 16, 2.294201], [300, 16, 2.294201], [400, 16, 2.2927809999999997], [400, 20, 2.302188], [400, 20, 2.302188]], "pwcutoff": 84, "w_conv_time": [13.365156412124634, 13.991242170333862, 19.676097869873047, 19.677865982055664, 34.59481906890869, 34.59678673744202, 61.143993616104126, 61.1459002494812, 66.73436856269836, 124.95792031288147, 124.95996308326721], "w_ngw": 7, "w_z_factor": [{"@module": "numpy", "@class": "array", "dtype": "float64", "data": [[60.0, 0.78, -0.144226], [61.0, 0.78, -0.146076]]}, {"@module": "numpy", "@class": "array", "dtype": "float64", "data": [[60.0, 0.79, -0.136652], [61.0, 0.79, -0.138496]]}, {"@module": "numpy", "@class": "array", "dtype": "float64", "data": [[60.0, 0.78, -0.138418], [61.0, 0.78, -0.139953]]}, {"@module": "numpy", "@class": "array", "dtype": "float64", "data": [[60.0, 0.78, -0.139425], [61.0, 0.78, -0.141995]]}, {"@module": "numpy", "@class": "array", "dtype": "float64", "data": [[60.0, 0.78, -0.141896], [61.0, 0.78, -0.149115]]}, {"@module": "numpy", "@class": "array", "dtype": "float64", "data": [[60.0, 0.78, -0.137986], [61.0, 0.78, -0.142519]]}, {"@module": "numpy", "@class": "array", "dtype": "float64", "data": [[60.0, 0.78, -0.137969], [61.0, 0.78, -0.138891]]}], "gw_kppa": 240, "gw_kpt_grid": {"@module": "numpy", "@class": "array", "dtype": "int64", "data": [4, 2, 2]}, "conv_list": [[{"kppa": 0}, {"kpt_grid": "1x1x1"}, {"num_kpts": 1}, {"X_bnds": 400.0}, {"G_bnds": 400.0}, {"X_cutoff": 20.0}, {"gamma_gap": 2.302188}, {"num_gw_calc": 7}, {"wall_time": 750}, {"num_cores": 8}, {"z-factor": "None"}], [{"kppa": 0}, {"kpt_grid": "1x1x1"}, {"num_kpts": 1}, {"X_bnds": 200}, {"G_bnds": 200}, {"X_cutoff": 4}, {"gamma_gap": 8}, {"num_gw_calc": 1}, {"wall_time": 14}, {"num_cores": 8}, {"z-factor": "None"}], [{"kppa": 10}, {"kpt_grid": "2x2x2"}, {"num_kpts": 1}, {"X_bnds": 200}, {"G_bnds": 200}, {"X_cutoff": 4}, {"gamma_gap": 1.332484}, {"num_gw_calc": 2}, {"wall_time": 98}, {"num_cores": 8}, {"z-factor": {"@module": "numpy",