{"@module": "pymatgen.entries.computed_entries", "@class": "ComputedEntry", "energy": 0.0, "composition": {"Ag": 1.0, "Br": 1.0}, "entry_id": "65061", "correction": 0.0, "energy_adjustments": [], "parameters": {"id": "65061", "name": "AgBr", "ibrav": {"celldm(1)": 10.84759492545062, "ibrav": 2}, "vol": 319.109979775464, "lda_pw_cutoff_Ry": 78, "qe_conv_pbe": {"qe_conv_maxiter": 20, "qe_delta_kppa": 1500, "qe_delta_cutoff": 5, "qe_conv_thresh": 7.349865078089427e-05, "qe_conv_steps": [[60, 1500, -157.3305741727825], [65, 1500, -157.3305915544484], [65, 3000, -157.3305918848513]], "qe_conv_time": 18.574821710586548}, "num_elec_pbe": 26.0, "max_mem": 37775.0, "qe_conv_lda": {"qe_conv_maxiter": 20, "qe_delta_kppa": 1500, "qe_delta_cutoff": 5, "qe_conv_thresh": 7.349865078089427e-05, "qe_conv_steps": [[78, 1500, -170.7754195601288], [83, 1500, -170.7755479824449], [88, 1500, -170.7755661609786], [88, 3000, -170.7755667222242]], "qe_conv_time": 21.708315134048462}, "num_elec_lda": 26.0, "bg_conv_pbe": {"bg_conv_maxiter": 20, "bg_delta_kppa": 1500, "bg_delta_cutoff": 5, "bg_conv_thresh": 0.025, "bg_conv_steps": [[65, 3000, 0.698432493262898], [65, 4500, 0.6984256891259443]], "bg_conv_time": 14.289210557937622}, "indirect_gap_pbe": 0.698404316497656, "bg_conv_lda": {"bg_conv_maxiter": 20, "bg_delta_kppa": 1500, "bg_delta_cutoff": 5, "bg_conv_thresh": 0.025, "bg_conv_steps": [[88, 3000, 0.36959613874630093], [88, 4500, 0.369568595014689]], "bg_conv_time": 12.886805057525635}, "indirect_gap_lda": 0.3695697792777878, "gw_conv_pbe": {"gw_conv_thr": 0.025, "gw_bnd_start": 200, "gw_bnd_step": 100, "gw_cut_start": 4, "gw_cut_step": 4, "kpt_bnd_idx": {"@module": "numpy", "@class": "array", "dtype": "int64", "data": [1, 1, 13, 14]}, "gw_bands": 200, "gw_cutoff": 4, "w_conv_grid": [[200, 4, 2.327511], [300, 4, 2.3201609999999997], [300, 8, 2.464187], [300, 8, 2.464187], [300, 12, 2.5242310000000003], [300, 12, 2.5242310000000003], [300, 16, 2.547753], [300, 16, 2.547753], [400, 16, 2.551393], [400, 20, 2.587849], [400, 20, 2.587849], [400, 24, 2.59466], [400, 24, 2.59466], [500, 24, 2.5982659999999997], [500, 28, 2.607846], [500, 28, 2.607846]], "pwcutoff": 65, "w_conv_time": [11.686502456665039, 11.076775550842285, 10.805177927017212, 10.807631015777588, 12.513836145401001, 12.51530647277832, 12.642436504364014, 12.644580364227295, 12.900402784347534, 14.40962553024292, 14.411046743392944, 15.153368711471558, 15.155213594436646, 15.406362771987915, 19.442904472351074, 19.444738149642944], "w_ngw": 10, "w_z_factor": [{"@module": "numpy", "@class": "array", "dtype": "float64", "data": [[13.0, 0.78, -0.126028], [14.0, 0.79, -0.132012]]}, {"@module": "numpy", "@class": "array", "dtype": "float64", "data": [[13.0, 0.78, -0.891029], [14.0, 0.79, -0.110285]]}, {"@module": "numpy", "@class": "array", "dtype": "float64", "data": [[13.0, 0.78, -0.102157], [14.0, 0.79, -0.128572]]}, {"@module": "numpy", "@class": "array", "dtype": "float64", "data": [[13.0, 0.78, -0.12933], [14.0, 0.79, -0.131555]]}, {"@module": "numpy", "@class": "array", "dtype": "float64", "data": [[13.0, 0.78, -0.12943], [14.0, 0.79, -0.131579]]}, {"@module": "numpy", "@class": "array", "dtype": "float64", "data": [[13.0, 0.78, -0.138708], [14.0, 0.79, -0.130411]]}, {"@module": "numpy", "@class": "array", "dtype": "float64", "data": [[13.0, 0.78, -0.13562], [14.0, 0.79, -0.13067]]}, {"@module": "numpy", "@class": "array", "dtype": "float64", "data": [[13.0, 0.78, -0.134955], [14.0, 0.79, -0.130533]]}, {"@module": "numpy", "@class": "array", "dtype": "float64", "data": [[13.0, 0.78, -0.129568], [14.0, 0.79, -0.131224]]}, {"@module": "numpy", "@class": "array", "dtype": "float64", "data": [[13.0, 0.78, -0.128967], [14.0, 0.79, -0.131084]]}], "gw_kppa": 260, "gw_kpt_grid": {"@module": "numpy", "@class": "array", "dtype": "int64", "data": [6, 6, 6]}, "conv_list": [[{"kppa": 0}, {"kpt_grid": "1x1x1"}, {"num_kpts": 1}, {"X_bnds": 500.0}, {"G_bnds": 500.0}, {"X_cutoff": 28.0}, {"gamma_gap": 2.607846}, {"num_gw_calc": 10}, {"wall_time": 195}, {"num_cores": 8}, {"z-factor": "None"}], [{"kppa": 0}, {"kpt_grid": "1x1x1"}, {"num_kpts": 1}, {"X_bnds": 200}, {"G_bnds": 200}, {"X_cutoff": 4}, {"gamma_gap": 8}, {"num_gw_calc": 1}, {"wall_time": 12}, {"num_cores": 8}, {"z-factor": "None"}], [{"kppa": 10}, {"kpt_grid": "2x2x2"}, {"num_kpts": 1}, {"X_bnds": 200}, {"G_bnds": 200}, {"X_cutoff": 4}, {"gamma_gap": 3.523182}, {"num_gw_calc": 2}, {"wall_time": 19}, {"num_cores": 8}, {"z-factor": {"@module": "numpy", "@class": "array", "dtype": "float64", "data": [[13.0, 0.81, -0.700286], [14.0, 0.82, -0.110713]]}}], [{"kppa": 60}, {"kpt_grid": "4x4x4"}, {"num_kpts": 1}, {"X_bnds": 200}, {"G_bnds": 200}, {"X_cutoff": 4}, {"gamma_gap": 3.4950330000000003}, {"num_gw_calc": 3}, {"wall_time": 56}, {"num_cores": 8}, {"z-factor": {"@module": "numpy", "@class": "array", "dtype": "float64", "data": [[13.0, 0.8, -0.135574], [14.0, 0.83, -0.107005]]}}], [{"kppa": 260}, {"kpt_grid": "6x6x6"}, {"num_kpts": 1}, {"X_bnds": 200}, {"G_bnds": 200}, {"X_cutoff": 4}, {"gamma_gap": 3.4819139999999997}, {"num_gw_calc": 4}, {"wall_time": 83}, {"num_cores": 32}, {"z-factor": {"@module": "numpy", "@class": "array", "dtype": "float64", "data": [[13.0, 0.8, -0.161169], [14.0, 0.83, -0.105428]]}}]], "conv_time": 350.5932967662811}, "gw_band_range_pbe": [1, 15], "gw_conv_lda": {"gw_conv_thr": 0.025, "gw_bnd_start": 200, "gw_bnd_step": 100, "gw_cut_start": 4, "gw_cut_step": 4, "kpt_bnd_idx": {"@module": "numpy", "@class": "array", "dtype": "int64", "data": [1, 1, 13, 14]}, "gw_bands": 200, "gw_cutoff": 4, "w_conv_grid": [[200, 4, 2.6268510000000003], [300, 4, 2.626611], [300, 8, 2.7586250000000003], [300, 8, 2.7586250000000003], [300, 12, 2.826103], [300, 12, 2.826103], [300, 16, 2.8577909999999997], [300, 16, 2.8577909999999997], [300, 20, 2.894251], [300, 20, 2.894251], [300, 24, 2.904334], [300, 24, 2.904334], [400, 24, 2.9130380000000002], [400, 28, 2.926604], [400, 28, 2.926604]], "pwcutoff": 88, "w_conv_time": [12.891999959945679, 11.509245157241821, 11.505382537841797, 11.508542776107788, 13.26145052909851, 13.263771772384644, 12.961294889450073, 12.963052749633789, 13.449242115020752, 13.450729846954346, 13.720922946929932, 13.722354650497437, 14.978808164596558, 17.37746238708496, 17.379214763641357], "w_ngw": 9, "w_z_factor": [{"@module": "numpy", "@class": "array", "dtype": "float64", "data": [[13.0, 0.78, -0.123674], [14.0, 0.79, -0.128723]]}, {"@module": "numpy", "@class": "array", "dtype": "float64", "data": [[13.0, 0.78, -0.124076], [14.0, 0.79, -0.128319]]}, {"@module": "numpy", "@class": "array", "dtype": "float64", "data": [[13.0, 0.78, -0.115771], [14.0, 0.79, -0.127855]]}, {"@module": "numpy", "@class": "array", "dtype": "float64", "data": [[13.0, 0.78, -0.10624], [14.0, 0.79, -0.127502]]}, {"@module": "numpy", "@class": "array", "dtype": "float64", "data": [[13.0, 0.78, -0.561529], [14.0, 0.79, -0.122793]]}, {"@module": "numpy", "@class": "array", "dtype": "float64", "data": [[13.0, 0.78, -0.103178], [14.0, 0.79, -0.127592]]}, {"@module": "numpy", "@class": "array", "dtype": "float64", "data": [[13.0, 0.78, -0.110123], [14.0, 0.79, -0.127947]]}, {"@module": "numpy", "@class": "array", "dtype": "float64", "data": [[13.0, 0.78, -0.119234], [14.0, 0.79, -0.125492]]}, {"@module": "numpy", "@class": "array", "dtype": "float64", "data": [[13.0, 0.78, -0.12459], [14.0, 0.79, -0.128437]]}], "gw_kppa": 260, "gw_kpt_grid": {"@module": "numpy", "@class": "array", "dtype": "int64", "data": [6, 6, 6]},