{"@module": "pymatgen.entries.computed_entries", "@class": "ComputedEntry", "energy": 0.0, "composition": {"Zn": 2.0, "Sn": 2.0, "Sb": 4.0}, "entry_id": "651588", "correction": 0.0, "energy_adjustments": [], "parameters": {"id": "651588", "name": "ZnSnSb2", "ibrav": {"celldm(1)": 11.873149298225918, "ibrav": 7, "celldm(3)": 2.0000000000000004}, "vol": 1673.7777352856617, "lda_pw_cutoff_Ry": 72, "qe_conv_pbe": {"qe_conv_maxiter": 20, "qe_delta_kppa": 1500, "qe_delta_cutoff": 5, "qe_conv_thresh": 0.00029399460312357707, "qe_conv_steps": [[60, 1500, -803.134224904877], [65, 1500, -803.1369244088344], [70, 1500, -803.1370617754112], [70, 3000, -803.1371471727745]], "qe_conv_time": 285.8634111881256}, "num_elec_pbe": 128.0, "max_mem": 207261.0, "qe_conv_lda": {"qe_conv_maxiter": 20, "qe_delta_kppa": 1500, "qe_delta_cutoff": 5, "qe_conv_thresh": 0.00029399460312357707, "qe_conv_steps": [[72, 1500, -937.891875866103], [77, 1500, -937.8955745257011], [82, 1500, -937.8961143339168], [87, 1500, -937.8961571610057], [87, 3000, -937.8962362420536]], "qe_conv_time": 383.34944105148315}, "num_elec_lda": 128.0, "bg_conv_pbe": {"bg_conv_maxiter": 20, "bg_delta_kppa": 1500, "bg_delta_cutoff": 5, "bg_conv_thresh": 0.025, "bg_conv_steps": [[70, 3000, 0.018277626729842445], [70, 6000, 0.018263064118471943]], "bg_conv_time": 284.75741147994995}, "indirect_gap_pbe": 0.01827767841903832, "bg_conv_lda": {"bg_conv_maxiter": 20, "bg_delta_kppa": 1500, "bg_delta_cutoff": 5, "bg_conv_thresh": 0.025, "bg_conv_steps": [[87, 3000, 0.02090774173061818], [87, 6000, 0.02087958887719135]], "bg_conv_time": 294.64837861061096}, "indirect_gap_lda": 0.020907380813625576, "gw_conv_pbe": {"gw_conv_thr": 0.025, "gw_bnd_start": 200, "gw_bnd_step": 100, "gw_cut_start": 4, "gw_cut_step": 4, "kpt_bnd_idx": {"@module": "numpy", "@class": "array", "dtype": "int64", "data": [1, 1, 64, 65]}, "gw_bands": 200, "gw_cutoff": 4, "w_conv_grid": [[200, 4, 0.088665], [300, 4, 0.08222599999999991], [300, 8, 0.0862639999999999], [300, 8, 0.0862639999999999]], "pwcutoff": 70, "w_conv_time": [13.493481874465942, 14.569130182266235, 17.21219563484192, 17.213584899902344], "w_ngw": 3, "w_z_factor": [{"@module": "numpy", "@class": "array", "dtype": "float64", "data": [[64.0, 0.81, -0.109757], [65.0, 0.81, -0.112559]]}, {"@module": "numpy", "@class": "array", "dtype": "float64", "data": [[64.0, 0.82, -0.105387], [65.0, 0.81, -0.107387]]}, {"@module": "numpy", "@class": "array", "dtype": "float64", "data": [[64.0, 0.81, -0.109586], [65.0, 0.81, -0.132373]]}], "gw_kppa": 220, "gw_kpt_grid": {"@module": "numpy", "@class": "array", "dtype": "int64", "data": [4, 4, 4]}, "conv_list": [[{"kppa": 0}, {"kpt_grid": "1x1x1"}, {"num_kpts": 1}, {"X_bnds": 300.0}, {"G_bnds": 300.0}, {"X_cutoff": 8.0}, {"gamma_gap": 0.0862639999999999}, {"num_gw_calc": 3}, {"wall_time": 369}, {"num_cores": 8}, {"z-factor": "None"}], [{"kppa": 0}, {"kpt_grid": "1x1x1"}, {"num_kpts": 1}, {"X_bnds": 200}, {"G_bnds": 200}, {"X_cutoff": 4}, {"gamma_gap": 8}, {"num_gw_calc": 1}, {"wall_time": 14}, {"num_cores": 8}, {"z-factor": "None"}], [{"kppa": 10}, {"kpt_grid": "2x2x2"}, {"num_kpts": 1}, {"X_bnds": 200}, {"G_bnds": 200}, {"X_cutoff": 4}, {"gamma_gap": 0.03198599999999996}, {"num_gw_calc": 2}, {"wall_time": 66}, {"num_cores": 8}, {"z-factor": {"@module": "numpy", "@class": "array", "dtype": "float64", "data": [[64.0, 0.8, -0.144153], [65.0, 0.8, -0.144808]]}}], [{"kppa": 220}, {"kpt_grid": "4x4x4"}, {"num_kpts": 1}, {"X_bnds": 200}, {"G_bnds": 200}, {"X_cutoff": 4}, {"gamma_gap": 0.029869000000000145}, {"num_gw_calc": 3}, {"wall_time": 950}, {"num_cores": 8}, {"z-factor": {"@module": "numpy", "@class": "array", "dtype": "float64", "data": [[64.0, 0.79, -0.152015], [65.0, 0.79, -0.152463]]}}]], "conv_time": 1383.532943725586}, "gw_band_range_pbe": [1, 73], "gw_conv_lda": {"gw_conv_thr": 0.025, "gw_bnd_start": 200, "gw_bnd_step": 100, "gw_cut_start": 4, "gw_cut_step": 4, "kpt_bnd_idx": {"@module": "numpy", "@class": "array", "dtype": "int64", "data": [1, 1, 64, 65]}, "gw_bands": 200, "gw_cutoff": 4, "w_conv_grid": [[200, 4, 0.092832], [300, 4, 0.09022099999999997], [300, 8, 0.093776], [300, 8, 0.093776]], "pwcutoff": 87, "w_conv_time": [14.181778192520142, 15.23861050605774, 19.121743202209473, 19.12325119972229], "w_ngw": 3, "w_z_factor": [{"@module": "numpy", "@class": "array", "dtype": "float64", "data": [[64.0, 0.79, -0.144032], [65.0, 0.79, -0.146311]]}, {"@module": "numpy", "@class": "array", "dtype": "float64", "data": [[64.0, 0.79, -0.138837], [65.0, 0.79, -0.141177]]}, {"@module": "numpy", "@class": "array", "dtype": "float64", "data": [[64.0, 0.79, -0.139167], [65.0, 0.79, -0.141806]]}], "gw_kppa": 220, "gw_kpt_grid": {"@module": "numpy", "@class": "array", "dtype": "int64", "data": [4, 4, 4]}, "conv_list": [[{"kppa": 0}, {"kpt_grid": "1x1x1"}, {"num_kpts": 1}, {"X_bnds": 300.0}, {"G_bnds": 300.0}, {"X_cutoff": 8.0}, {"gamma_gap": 0.093776}, {"num_gw_calc": 3}, {"wall_time": 470}, {"num_cores": 8}, {"z-factor": "None"}], [{"kppa": 0}, {"kpt_grid": "1x1x1"}, {"num_kpts": 1}, {"X_bnds": 200}, {"G_bnds": 200}, {"X_cutoff": 4}, {"gamma_gap": 8}, {"num_gw_calc": 1}, {"wall_time": 15}, {"num_cores": 8}, {"z-factor": "None"}], [{"kppa": 10}, {"kpt_grid": "2x2x2"}, {"num_kpts": 1}, {"X_bnds": 200}, {"G_bnds": 200}, {"X_cutoff": 4}, {"gamma_gap": 0.030411999999999995}, {"num_gw_calc": 2}, {"wall_time": 103}, {"num_cores": 8}, {"z-factor": {"@module": "numpy", "@class": "array", "dtype": "float64", "data": [[64.0, 0.79, -0.159708], [65.0, 0.79, -0.160225]]}}], [{"kppa": 220}, {"kpt_grid": "4x4x4"}, {"num_kpts": 1}, {"X_bnds": 200}, {"G_bnds": 200}, {"X_cutoff": 4}, {"gamma_gap": 0.030270999999999992}, {"num_gw_calc": 3}, {"wall_time": 2016}, {"num_cores": 8}, {"z-factor": {"@module": "numpy", "@class": "array", "dtype": "float64", "data": [[64.0, 0.79, -0.160775], [65.0, 0.79, -0.161331]]}}]], "conv_time": 2587.8209924697876}, "gw_band_range_lda": [1, 73], "g0w0_ppa_pbe": {"gw_direct_gap": 0.02481500000000003, "kppa": 1000, "kpt_grid": "6x6x6", "num_kpt": 36, "bands_in X": 400, "bands_in_G": 400, "cutoff": 12, "z_factor": [[64.0, 0.8, -0.00139912], [65.0, 0.8, -0.0014014]], "scissor": 0.0065150000000000485, "ncpu": 32, "calc_time": 17031.140696763992}, "g0w0_ppa_lda": {"gw_direct_gap": 0.030232000000000037, "kppa": 1000, "kpt_grid": "6x6x6", "num_kpt": 36, "bands_in X": 400, "bands_in_G": 400, "cutoff": 12, "z_factor": [[64.0, 0.79, -0.00149253], [65.0, 0.79, -0.00149489]], "scissor": 0.009285000000000099, "ncpu": 32, "calc_time": 22452.416608333588}}, "data": {}}