{"@module": "pymatgen.entries.computed_entries", "@class": "ComputedEntry", "energy": 0.0, "composition": {"Te": 8.0, "Ru": 4.0}, "entry_id": "65169", "correction": 0.0, "energy_adjustments": [], "parameters": {"id": "65169", "name": "Te2Ru", "ibrav": {"celldm(1)": 12.077239720668766, "ibrav": 1}, "vol": 1761.5827952192706, "lda_pw_cutoff_Ry": 80, "qe_conv_pbe": {"qe_conv_maxiter": 20, "qe_delta_kppa": 1500, "qe_delta_cutoff": 5, "qe_conv_thresh": 0.00044099190468536564, "qe_conv_steps": [[60, 1500, -1076.561858114702], [65, 1500, -1076.562320863562], [70, 1500, -1076.562315275315], [70, 3000, -1076.562330707775]], "qe_conv_time": 165.26429319381714}, "num_elec_pbe": 192.0, "max_mem": 183238.0, "qe_conv_lda": {"qe_conv_maxiter": 20, "qe_delta_kppa": 1500, "qe_delta_cutoff": 5, "qe_conv_thresh": 0.00044099190468536564, "qe_conv_steps": [[80, 1500, -1241.640911944287], [85, 1500, -1241.641206744883], [85, 3000, -1241.641213938693]], "qe_conv_time": 137.1745216846466}, "num_elec_lda": 192.0, "bg_conv_pbe": {"bg_conv_maxiter": 20, "bg_delta_kppa": 1500, "bg_delta_cutoff": 5, "bg_conv_thresh": 0.025, "bg_conv_steps": [[70, 3000, 0.11304181625054385], [70, 4500, 0.096982220218979]], "bg_conv_time": 199.99334406852722}, "indirect_gap_pbe": 0.09731642465354154, "bg_conv_lda": {"bg_conv_maxiter": 20, "bg_delta_kppa": 1500, "bg_delta_cutoff": 5, "bg_conv_thresh": 0.025, "bg_conv_steps": [[85, 3000, 0.06761351602368616], [85, 4500, 0.06485923467706506]], "bg_conv_time": 184.67830109596252}, "indirect_gap_lda": 0.06533557988746361, "gw_conv_pbe": {"gw_conv_thr": 0.025, "gw_bnd_start": 200, "gw_bnd_step": 100, "gw_cut_start": 4, "gw_cut_step": 4, "kpt_bnd_idx": {"@module": "numpy", "@class": "array", "dtype": "int64", "data": [1, 1, 96, 97]}, "gw_bands": 200, "gw_cutoff": 4, "w_conv_grid": [[200, 4, -0.5662719999999999], [300, 4, -0.615237], [400, 4, -0.611707], [400, 8, -0.5309010000000001], [400, 8, -0.5309010000000001], [400, 12, -0.496124], [400, 12, -0.496124], [400, 16, -0.465664], [400, 16, -0.465664], [400, 20, -0.443442], [400, 20, -0.443442], [500, 20, -0.44696300000000005], [500, 24, -0.43320499999999995], [500, 24, -0.43320499999999995]], "pwcutoff": 70, "w_conv_time": [14.147985935211182, 15.28806471824646, 16.735152006149292, 21.389728546142578, 21.391467809677124, 31.976653575897217, 31.978212118148804, 53.81410312652588, 53.817517042160034, 86.94946098327637, 86.95126557350159, 102.59324836730957, 167.0696816444397, 167.07121920585632], "w_ngw": 9, "w_z_factor": [{"@module": "numpy", "@class": "array", "dtype": "float64", "data": [[96.0, 0.75, -0.20352], [97.0, 0.8, -0.151977]]}, {"@module": "numpy", "@class": "array", "dtype": "float64", "data": [[96.0, 0.76, -0.176566], [97.0, 0.8, -0.137781]]}, {"@module": "numpy", "@class": "array", "dtype": "float64", "data": [[96.0, 0.77, -0.144855], [97.0, 0.8, -0.132457]]}, {"@module": "numpy", "@class": "array", "dtype": "float64", "data": [[96.0, 0.76, -0.148449], [97.0, 0.8, -0.13251]]}, {"@module": "numpy", "@class": "array", "dtype": "float64", "data": [[96.0, 0.76, -0.149508], [97.0, 0.8, -0.132537]]}, {"@module": "numpy", "@class": "array", "dtype": "float64", "data": [[96.0, 0.76, -0.149155], [97.0, 0.8, -0.132427]]}, {"@module": "numpy", "@class": "array", "dtype": "float64", "data": [[96.0, 0.76, -0.149877], [97.0, 0.8, -0.132562]]}, {"@module": "numpy", "@class": "array", "dtype": "float64", "data": [[96.0, 0.76, -0.148225], [97.0, 0.8, -0.131164]]}, {"@module": "numpy", "@class": "array", "dtype": "float64", "data": [[96.0, 0.76, -0.146531], [97.0, 0.8, -0.13118]]}], "gw_kppa": 330, "gw_kpt_grid": {"@module": "numpy", "@class": "array", "dtype": "int64", "data": [4, 4, 4]}, "conv_list": [[{"kppa": 0}, {"kpt_grid": "1x1x1"}, {"num_kpts": 1}, {"X_bnds": 500.0}, {"G_bnds": 500.0}, {"X_cutoff": 24.0}, {"gamma_gap": -0.43320499999999995}, {"num_gw_calc": 9}, {"wall_time": 890}, {"num_cores": 8}, {"z-factor": "None"}], [{"kppa": 0}, {"kpt_grid": "1x1x1"}, {"num_kpts": 1}, {"X_bnds": 200}, {"G_bnds": 200}, {"X_cutoff": 4}, {"gamma_gap": 4}, {"num_gw_calc": 1}, {"wall_time": 15}, {"num_cores": 8}, {"z-factor": "None"}], [{"kppa": 10}, {"kpt_grid": "2x2x2"}, {"num_kpts": 1}, {"X_bnds": 200}, {"G_bnds": 200}, {"X_cutoff": 4}, {"gamma_gap": -0.617477}, {"num_gw_calc": 2}, {"wall_time": 65}, {"num_cores": 8}, {"z-factor": {"@module": "numpy", "@class": "array", "dtype": "float64", "data": [[96.0, 0.77, -0.166529], [97.0, 0.81, -0.126885]]}}], [{"kppa": 330}, {"kpt_grid": "4x4x4"}, {"num_kpts": 1}, {"X_bnds": 200}, {"G_bnds": 200}, {"X_cutoff": 4}, {"gamma_gap": -0.62195}, {"num_gw_calc": 3}, {"wall_time": 868}, {"num_cores": 8}, {"z-factor": {"@module": "numpy", "@class": "array", "dtype": "float64", "data": [[96.0, 0.77, -0.156745], [97.0, 0.81, -0.12395]]}}]], "conv_time": 1822.0354070663452}, "gw_band_range_pbe": [1, 105], "gw_conv_lda": {"gw_conv_thr": 0.025, "gw_bnd_start": 200, "gw_bnd_step": 100, "gw_cut_start": 4, "gw_cut_step": 4, "kpt_bnd_idx": {"@module": "numpy", "@class": "array", "dtype": "int64", "data": [1, 1, 96, 97]}, "gw_bands": 200, "gw_cutoff": 4, "w_conv_grid": [[200, 4, -0.06518600000000002], [300, 4, -0.114627], [400, 4, -0.11704100000000005], [400, 8, -0.052808999999999995], [400, 8, -0.052808999999999995], [400, 12, -0.01729300000000003], [400, 12, -0.01729300000000003], [400, 16, 0.013034999999999963], [400, 16, 0.013034999999999963], [400, 20, 0.03514999999999999], [400, 20, 0.03514999999999999], [500, 20, 0.024112999999999996], [500, 24, 0.03955499999999998], [500, 24, 0.03955499999999998]], "pwcutoff": 85, "w_conv_time": [13.801650762557983, 15.073896169662476, 16.687291622161865, 21.510039806365967, 21.511809587478638, 31.580524682998657, 31.58203363418579, 53.32211446762085, 53.3242461681366, 85.889577627182, 85.89094829559326, 102.81350684165955, 168.07467126846313, 168.0775237083435], "w_ngw": 9, "w_z_factor": [{"@module": "numpy", "@class": "array", "dtype": "float64", "data": [[96.0, 0.75, -0.186587], [97.0, 0.79, -0.153297]]}, {"@module": "numpy", "@class": "array", "dtype": "float64", "data": [[96.0, 0.76, -0.200954], [97.0, 0.8, -0.14365]]}, {"@module": "numpy", "@class": "array", "dtype": "float64", "data": [[96.0, 0.76, -0.156214], [97.0, 0.8, -0.135649]]}, {"@module": "numpy", "@class": "array", "dtype": "float64", "data": [[96.0, 0.76, -0.156669], [97.0, 0.8, -0.136445]]}, {"@module": "numpy", "@class": "array", "dtype": "float64", "data": [[96.0, 0.76, -0.154792], [97.0, 0.8, -0.137]]}, {"@module": "numpy", "@class": "array", "dtype": "float64", "data": [[96.0, 0.76, -0.154007], [97.0, 0.8, -0.136685]]}, {"@module": "numpy", "@class": "array", "dtype": "float64", "data": [[96.0, 0.76, -0.153496], [97.0, 0.8, -0.136762]]}, {"@module": "numpy", "@class": "array", "dtype": "float64", "data": [[96.0, 0.76, -0.145784], [97.0, 0.8, -0.134334]]}, {"@module": "numpy", "@class": "array", "dtype": "float64", "data": [[96.0, 0.76, -0.144353], [97.0, 0.8, -0.132703]]}], "gw_kppa": 330, "gw_kpt_grid": {"@module": "numpy", "@class": "array", "dtype": "int64", "data": [4, 4, 4]}, "conv_list": [[{"kppa": 0}, {"kpt_grid": "1x1x1"}, {"num_kpts": 1}, {"X_bnds": 500.0}, {"G_bnds": 500.0}, {"X_cutoff": 24.0}, {"gamma_gap": 0.03955499999999998}, {"num_gw_calc": 9}, {"wall_time": 743}, {"num_cores": 8}, {"z-factor": "None"}], [{"kppa": 0}, {"kpt_grid": "1x1x1"}, {"num_kpts": 1}, {"X_bnds": 200}, {"G_bnds": 200}, {"X_cutoff": 4}, {"gamma_gap": 4}, {"num_gw_calc": 1}, {"wall_time": 14}, {"num_cores": 8}, {"z-factor": "None"}], [{"kppa": 10}, {"kpt_grid": "2x2x2"}, {"num_kpts": 1}, {"X_bnds": 200}, {"G_bnds": 200}, {"X_cutoff": 4}, {"gamma_gap": -0.16106700000000002}, {"num_gw_calc": 2}, {"wall_time": 109}, {"num_cores": 8}, {"z-factor": {"@module": "numpy", "@class": "array", "dtype": "float64",