{"@module": "pymatgen.entries.computed_entries", "@class": "ComputedEntry", "energy": 0.0, "composition": {"K": 6.0, "Sb": 2.0}, "entry_id": "656327", "correction": 0.0, "energy_adjustments": [], "parameters": {"id": "656327", "name": "K3Sb", "ibrav": {"celldm(1)": 11.408276669328325, "ibrav": 4, "celldm(3)": 1.77521947987411}, "vol": 2282.6683725759303, "lda_pw_cutoff_Ry": 72, "qe_conv_pbe": {"qe_conv_maxiter": 20, "qe_delta_kppa": 1500, "qe_delta_cutoff": 5, "qe_conv_thresh": 0.00029399460312357707, "qe_conv_steps": [[60, 1500, -311.6757940134459], [65, 1500, -311.6758282028342], [65, 3000, -311.6758439110404]], "qe_conv_time": 81.88598036766052}, "num_elec_pbe": 84.0, "max_mem": 41602.0, "qe_conv_lda": {"qe_conv_maxiter": 20, "qe_delta_kppa": 1500, "qe_delta_cutoff": 5, "qe_conv_thresh": 0.00029399460312357707, "qe_conv_steps": [[72, 1500, -361.1039808429529], [77, 1500, -361.1050847610636], [82, 1500, -361.1052824623281], [82, 3000, -361.1053039945076]], "qe_conv_time": 133.12016320228577}, "num_elec_lda": 84.0, "bg_conv_pbe": {"bg_conv_maxiter": 20, "bg_delta_kppa": 1500, "bg_delta_cutoff": 5, "bg_conv_thresh": 0.025, "bg_conv_steps": [[65, 3000, 0.4596916431236109], [65, 4500, 0.4593146526177341]], "bg_conv_time": 85.40267705917358}, "indirect_gap_pbe": 0.45968913821836727, "bg_conv_lda": {"bg_conv_maxiter": 20, "bg_delta_kppa": 1500, "bg_delta_cutoff": 5, "bg_conv_thresh": 0.025, "bg_conv_steps": [[82, 3000, 0.3331402818908795], [82, 4500, 0.3324872772421611]], "bg_conv_time": 109.37908506393433}, "indirect_gap_lda": 0.3331383087132047, "gw_conv_pbe": {"gw_conv_thr": 0.025, "gw_bnd_start": 200, "gw_bnd_step": 100, "gw_cut_start": 4, "gw_cut_step": 4, "kpt_bnd_idx": {"@module": "numpy", "@class": "array", "dtype": "int64", "data": [1, 1, 42, 43]}, "gw_bands": 200, "gw_cutoff": 4, "w_conv_grid": [[200, 4, 0.7419710000000002], [300, 4, 0.7661680000000001], [300, 8, 0.8218920000000001], [300, 8, 0.8218920000000001], [300, 12, 0.8269860000000001], [300, 12, 0.8269860000000001], [400, 12, 0.8441500000000001], [400, 16, 0.840776], [400, 16, 0.840776]], "pwcutoff": 65, "w_conv_time": [15.156960010528564, 16.396511793136597, 23.044625520706177, 23.0463228225708, 42.57223200798035, 42.573593616485596, 49.69044089317322, 98.69985151290894, 98.70193815231323], "w_ngw": 6, "w_z_factor": [{"@module": "numpy", "@class": "array", "dtype": "float64", "data": [[42.0, 0.77, -0.208006], [43.0, 0.79, -0.206719]]}, {"@module": "numpy", "@class": "array", "dtype": "float64", "data": [[42.0, 0.76, -0.247302], [43.0, 0.79, -0.196973]]}, {"@module": "numpy", "@class": "array", "dtype": "float64", "data": [[42.0, 0.76, -0.234098], [43.0, 0.79, -0.20273]]}, {"@module": "numpy", "@class": "array", "dtype": "float64", "data": [[42.0, 0.76, -0.236555], [43.0, 0.79, -0.199173]]}, {"@module": "numpy", "@class": "array", "dtype": "float64", "data": [[42.0, 0.76, -0.269188], [43.0, 0.79, -0.189662]]}, {"@module": "numpy", "@class": "array", "dtype": "float64", "data": [[42.0, 0.76, -0.251022], [43.0, 0.79, -0.194486]]}], "gw_kppa": 690, "gw_kpt_grid": {"@module": "numpy", "@class": "array", "dtype": "int64", "data": [6, 6, 4]}, "conv_list": [[{"kppa": 0}, {"kpt_grid": "1x1x1"}, {"num_kpts": 1}, {"X_bnds": 400.0}, {"G_bnds": 400.0}, {"X_cutoff": 16.0}, {"gamma_gap": 0.840776}, {"num_gw_calc": 6}, {"wall_time": 468}, {"num_cores": 8}, {"z-factor": "None"}], [{"kppa": 0}, {"kpt_grid": "1x1x1"}, {"num_kpts": 1}, {"X_bnds": 200}, {"G_bnds": 200}, {"X_cutoff": 4}, {"gamma_gap": 8}, {"num_gw_calc": 1}, {"wall_time": 16}, {"num_cores": 8}, {"z-factor": "None"}], [{"kppa": 10}, {"kpt_grid": "2x2x2"}, {"num_kpts": 1}, {"X_bnds": 200}, {"G_bnds": 200}, {"X_cutoff": 4}, {"gamma_gap": 1.133936}, {"num_gw_calc": 2}, {"wall_time": 67}, {"num_cores": 8}, {"z-factor": {"@module": "numpy", "@class": "array", "dtype": "float64", "data": [[42.0, 0.77, -0.226971], [43.0, 0.8, -0.204449]]}}], [{"kppa": 130}, {"kpt_grid": "4x4x2"}, {"num_kpts": 1}, {"X_bnds": 200}, {"G_bnds": 200}, {"X_cutoff": 4}, {"gamma_gap": 1.232912}, {"num_gw_calc": 3}, {"wall_time": 248}, {"num_cores": 8}, {"z-factor": {"@module": "numpy", "@class": "array", "dtype": "float64", "data": [[42.0, 0.77, -0.243235], [43.0, 0.8, -0.196697]]}}], [{"kppa": 570}, {"kpt_grid": "6x6x2"}, {"num_kpts": 1}, {"X_bnds": 200}, {"G_bnds": 200}, {"X_cutoff": 4}, {"gamma_gap": 1.2686009999999999}, {"num_gw_calc": 4}, {"wall_time": 274}, {"num_cores": 32}, {"z-factor": {"@module": "numpy", "@class": "array", "dtype": "float64", "data": [[42.0, 0.77, -0.225878], [43.0, 0.8, -0.192673]]}}], [{"kppa": 690}, {"kpt_grid": "6x6x4"}, {"num_kpts": 1}, {"X_bnds": 200}, {"G_bnds": 200}, {"X_cutoff": 4}, {"gamma_gap": 1.269945}, {"num_gw_calc": 5}, {"wall_time": 820}, {"num_cores": 32}, {"z-factor": {"@module": "numpy", "@class": "array", "dtype": "float64", "data": [[42.0, 0.77, -0.222287], [43.0, 0.81, -0.190813]]}}]], "conv_time": 1874.4788687229156}, "gw_band_range_pbe": [1, 51]}, "data": {}}