{"@module": "pymatgen.entries.computed_entries", "@class": "ComputedEntry", "energy": 0.0, "composition": {"Al": 1.0, "As": 1.0}, "entry_id": "656315", "correction": 0.0, "energy_adjustments": [], "parameters": {"id": "656315", "name": "AlAs", "ibrav": {"celldm(1)": 10.699629369179556, "ibrav": 2}, "vol": 306.2289259603847, "lda_pw_cutoff_Ry": 68, "qe_conv_pbe": {"qe_conv_maxiter": 20, "qe_delta_kppa": 1500, "qe_delta_cutoff": 5, "qe_conv_thresh": 7.349865078089427e-05, "qe_conv_steps": [[60, 1500, -75.58124253818495], [65, 1500, -75.58170385435696], [70, 1500, -75.58188870083292], [75, 1500, -75.58195545183088], [75, 3000, -75.58196353340597]], "qe_conv_time": 23.091575384140015}, "num_elec_pbe": 16.0, "max_mem": 36862.0, "qe_conv_lda": {"qe_conv_maxiter": 20, "qe_delta_kppa": 1500, "qe_delta_cutoff": 5, "qe_conv_thresh": 7.349865078089427e-05, "qe_conv_steps": [[68, 1500, -108.3582935201709], [73, 1500, -108.3645678150943], [78, 1500, -108.3657619544894], [83, 1500, -108.3658884843844], [88, 1500, -108.3658978591556], [88, 3000, -108.3659072889586]], "qe_conv_time": 27.66227126121521}, "num_elec_lda": 18.0, "bg_conv_pbe": {"bg_conv_maxiter": 20, "bg_delta_kppa": 1500, "bg_delta_cutoff": 5, "bg_conv_thresh": 0.025, "bg_conv_steps": [[75, 3000, 1.429953269550696], [75, 4500, 1.4299954906662362]], "bg_conv_time": 9.58772349357605}, "indirect_gap_pbe": 1.4299711112702231, "bg_conv_lda": {"bg_conv_maxiter": 20, "bg_delta_kppa": 1500, "bg_delta_cutoff": 5, "bg_conv_thresh": 0.025, "bg_conv_steps": [[88, 3000, 1.3532695259325225], [88, 4500, 1.3533162918314532]], "bg_conv_time": 11.312962055206299}, "indirect_gap_lda": 1.3532731210419022, "gw_conv_pbe": {"gw_conv_thr": 0.025, "gw_bnd_start": 200, "gw_bnd_step": 100, "gw_cut_start": 4, "gw_cut_step": 4, "kpt_bnd_idx": {"@module": "numpy", "@class": "array", "dtype": "int64", "data": [1, 1, 8, 9]}, "gw_bands": 200, "gw_cutoff": 4, "w_conv_grid": [[200, 4, 1.700405], [300, 4, 1.698332], [300, 8, 1.7834919999999999], [300, 8, 1.7834919999999999], [300, 12, 1.810212], [300, 12, 1.810212], [300, 16, 1.8214929999999998], [300, 16, 1.8214929999999998], [400, 16, 1.8214759999999999], [400, 20, 1.827219], [400, 20, 1.827219]], "pwcutoff": 75, "w_conv_time": [10.973313808441162, 11.073661804199219, 11.381616353988647, 11.383695840835571, 11.667815685272217, 11.670103311538696, 12.660318374633789, 12.662122011184692, 12.00311017036438, 14.599082708358765, 14.601125717163086], "w_ngw": 7, "w_z_factor": [{"@module": "numpy", "@class": "array", "dtype": "float64", "data": [[8.0, 0.8, -0.102873], [9.0, 0.81, -0.98451]]}, {"@module": "numpy", "@class": "array", "dtype": "float64", "data": [[8.0, 0.8, -0.102991], [9.0, 0.81, -0.984952]]}, {"@module": "numpy", "@class": "array", "dtype": "float64", "data": [[8.0, 0.8, -0.103242], [9.0, 0.81, -0.983527]]}, {"@module": "numpy", "@class": "array", "dtype": "float64", "data": [[8.0, 0.8, -0.103157], [9.0, 0.81, -0.983794]]}, {"@module": "numpy", "@class": "array", "dtype": "float64", "data": [[8.0, 0.8, -0.103064], [9.0, 0.81, -0.983758]]}, {"@module": "numpy", "@class": "array", "dtype": "float64", "data": [[8.0, 0.8, -0.103124], [9.0, 0.81, -0.983582]]}, {"@module": "numpy", "@class": "array", "dtype": "float64", "data": [[8.0, 0.8, -0.103146], [9.0, 0.81, -0.983674]]}], "gw_kppa": 260, "gw_kpt_grid": {"@module": "numpy", "@class": "array", "dtype": "int64", "data": [6, 6, 6]}, "conv_list": [[{"kppa": 0}, {"kpt_grid": "1x1x1"}, {"num_kpts": 1}, {"X_bnds": 400.0}, {"G_bnds": 400.0}, {"X_cutoff": 20.0}, {"gamma_gap": 1.827219}, {"num_gw_calc": 7}, {"wall_time": 163}, {"num_cores": 8}, {"z-factor": "None"}], [{"kppa": 0}, {"kpt_grid": "1x1x1"}, {"num_kpts": 1}, {"X_bnds": 200}, {"G_bnds": 200}, {"X_cutoff": 4}, {"gamma_gap": 8}, {"num_gw_calc": 1}, {"wall_time": 11}, {"num_cores": 8}, {"z-factor": "None"}], [{"kppa": 10}, {"kpt_grid": "2x2x2"}, {"num_kpts": 1}, {"X_bnds": 200}, {"G_bnds": 200}, {"X_cutoff": 4}, {"gamma_gap": 2.7016590000000003}, {"num_gw_calc": 2}, {"wall_time": 20}, {"num_cores": 8}, {"z-factor": {"@module": "numpy", "@class": "array", "dtype": "float64", "data": [[8.0, 0.8, -0.126258], [9.0, 0.81, -0.126705]]}}], [{"kppa": 60}, {"kpt_grid": "4x4x4"}, {"num_kpts": 1}, {"X_bnds": 200}, {"G_bnds": 200}, {"X_cutoff": 4}, {"gamma_gap": 2.66629}, {"num_gw_calc": 3}, {"wall_time": 40}, {"num_cores": 8}, {"z-factor": {"@module": "numpy", "@class": "array", "dtype": "float64", "data": [[8.0, 0.79, -0.149654], [9.0, 0.8, -0.145313]]}}], [{"kppa": 260}, {"kpt_grid": "6x6x6"}, {"num_kpts": 1}, {"X_bnds": 200}, {"G_bnds": 200}, {"X_cutoff": 4}, {"gamma_gap": 2.653186}, {"num_gw_calc": 4}, {"wall_time": 50}, {"num_cores": 32}, {"z-factor": {"@module": "numpy", "@class": "array", "dtype": "float64", "data": [[8.0, 0.79, -0.152305], [9.0, 0.8, -0.146322]]}}]], "conv_time": 270.21595525741577}, "gw_band_range_pbe": [1, 13], "gw_conv_lda": {"gw_conv_thr": 0.025, "gw_bnd_start": 200, "gw_bnd_step": 100, "gw_cut_start": 4, "gw_cut_step": 4, "kpt_bnd_idx": {"@module": "numpy", "@class": "array", "dtype": "int64", "data": [1, 1, 9, 10]}, "gw_bands": 200, "gw_cutoff": 4, "w_conv_grid": [[200, 4, 2.057759], [300, 4, 2.070906], [300, 8, 2.177636], [300, 8, 2.177636], [300, 12, 2.2079120000000003], [300, 12, 2.2079120000000003], [300, 16, 2.2277940000000003], [300, 16, 2.2277940000000003], [400, 16, 2.2361050000000002], [400, 20, 2.24275], [400, 20, 2.24275]], "pwcutoff": 88, "w_conv_time": [11.034170389175415, 11.165209293365479, 11.057805061340332, 11.059251070022583, 11.551856994628906, 11.553557395935059, 12.291954755783081, 12.293375492095947, 12.76371455192566, 14.576185464859009, 14.576867580413818], "w_ngw": 7, "w_z_factor": [{"@module": "numpy", "@class": "array", "dtype": "float64", "data": [[9.0, 0.8, -0.100656], [10.0, 0.82, -0.913799]]}, {"@module": "numpy", "@class": "array", "dtype": "float64", "data": [[9.0, 0.81, -0.9445], [10.0, 0.82, -0.942307]]}, {"@module": "numpy", "@class": "array", "dtype": "float64", "data": [[9.0, 0.8, -0.876342], [10.0, 0.82, -0.924049]]}, {"@module": "numpy", "@class": "array", "dtype": "float64", "data": [[9.0, 0.8, -0.716756], [10.0, 0.82, -0.892389]]}, {"@module": "numpy", "@class": "array", "dtype": "float64", "data": [[9.0, 0.8, -0.522477], [10.0, 0.81, -0.849452]]}, {"@module": "numpy", "@class": "array", "dtype": "float64", "data": [[9.0, 0.8, -0.978529], [10.0, 0.82, -0.800604]]}, {"@module": "numpy", "@class": "array", "dtype": "float64", "data": [[9.0, 0.8, -0.975466], [10.0, 0.82, -0.805253]]}], "gw_kppa": 260, "gw_kpt_grid": {"@module": "numpy", "@class": "array", "dtype": "int64", "data": [6, 6, 6]}, "conv_list": [[{"kppa": 0}, {"kpt_grid": "1x1x1"}, {"num_kpts": 1}, {"X_bnds": 400.0}, {"G_bnds": 400.0}, {"X_cutoff": 20.0}, {"gamma_gap": 2.24275}, {"num_gw_calc": 7}, {"wall_time": 148}, {"num_cores": 8}, {"z-factor": "None"}], [{"kppa": 0}, {"kpt_grid": "1x1x1"}, {"num_kpts": 1}, {"X_bnds": 200}, {"G_bnds": 200}, {"X_cutoff": 4}, {"gamma_gap": 8}, {"num_gw_calc": 1}, {"wall_time": 12}, {"num_cores": 8}, {"z-factor": "None"}], [{"kppa": 10}, {"kpt_grid": "2x2x2"}, {"num_kpts": 1}, {"X_bnds": 200}, {"G_bnds": 200}, {"X_cutoff": 4}, {"gamma_gap": 3.0172730000000003}, {"num_gw_calc": 2}, {"wall_time": 21}, {"num_cores": 8}, {"z-factor": {"@module": "numpy", "@class": "array", "dtype": "float64", "data": [[9.0, 0.8, -0.126682], [10.0, 0.8, -0.127778]]}}], [{"kppa": 60}, {"kpt_grid": "4x4x4"}, {"num_kpts": 1}, {"X_bnds": 200}, {"G_bnds": 200}, {"X_cutoff": 4}, {"gamma_gap": 2.893538}, {"num_gw_calc": 3}, {"wall_time": 48}, {"num_cores": 8}, {"z-factor": {"@module": "numpy", "@class": "array", "dtype": "float64", "data": [[9.0, 0.79, -0.149368], [10.0, 0.8, -0.147075]]}}], [{"kppa": 260}, {"kpt_grid": "6x6x6"}, {"num_kpts": 1}, {"X_bnds": 200}, {"G_bnds": 200}, {"X_cutoff": 4}, {"gamma_gap": 2.879055}, {"num_gw_calc": 4}, {"wall_time": 65}, {"num_cores": 32}, {"z-factor": {"@module": "numpy", "@class": "array", "dtype": "float64",