{"@module": "pymatgen.entries.computed_entries", "@class": "ComputedEntry", "energy": 0.0, "composition": {"Ga": 2.0, "Hg": 1.0, "S": 4.0}, "entry_id": "67220", "correction": 0.0, "energy_adjustments": [], "parameters": {"id": "67220", "name": "Ga2HgS4", "ibrav": {"celldm(1)": 10.413524832532827, "ibrav": 7, "celldm(3)": 1.8580916778572207}, "vol": 1049.1326757042334, "lda_pw_cutoff_Ry": 72, "qe_conv_pbe": {"qe_conv_maxiter": 20, "qe_delta_kppa": 1500, "qe_delta_cutoff": 5, "qe_conv_thresh": 0.0002572452777331299, "qe_conv_steps": [[60, 1500, -327.4711952479356], [65, 1500, -327.4722664239897], [70, 1500, -327.4737434766512], [75, 1500, -327.4758475235765], [80, 1500, -327.4771009313465], [85, 1500, -327.4774255877507], [90, 1500, -327.4775025385617], [90, 3000, -327.477505044892]], "qe_conv_time": 277.86380553245544}, "num_elec_pbe": 70.0, "max_mem": 149545.0, "qe_conv_lda": {"qe_conv_maxiter": 20, "qe_delta_kppa": 1500, "qe_delta_cutoff": 5, "qe_conv_thresh": 0.0002572452777331299, "qe_conv_steps": [[72, 1500, -363.8017094323449], [77, 1500, -363.8025317862662], [82, 1500, -363.8026242767277], [82, 3000, -363.8026278855225]], "qe_conv_time": 135.1401171684265}, "num_elec_lda": 70.0, "bg_conv_pbe": {"bg_conv_maxiter": 20, "bg_delta_kppa": 1500, "bg_delta_cutoff": 5, "bg_conv_thresh": 0.025, "bg_conv_steps": [[90, 3000, 1.7376012824423568], [90, 6000, 1.7376015977607306]], "bg_conv_time": 178.8056857585907}, "indirect_gap_pbe": 1.7375999285743275, "bg_conv_lda": {"bg_conv_maxiter": 20, "bg_delta_kppa": 1500, "bg_delta_cutoff": 5, "bg_conv_thresh": 0.025, "bg_conv_steps": [[82, 3000, 1.5200618767460057], [82, 6000, 1.5200644934545382]], "bg_conv_time": 124.70210409164429}, "indirect_gap_lda": 1.5200605527702267, "gw_conv_pbe": {"gw_conv_thr": 0.025, "gw_bnd_start": 200, "gw_bnd_step": 100, "gw_cut_start": 4, "gw_cut_step": 4, "kpt_bnd_idx": {"@module": "numpy", "@class": "array", "dtype": "int64", "data": [1, 1, 35, 36]}, "gw_bands": 200, "gw_cutoff": 4, "w_conv_grid": [[200, 4, 1.90445], [300, 4, 1.88252], [300, 8, 2.005641], [300, 8, 2.005641], [300, 12, 2.026258], [300, 12, 2.026258], [400, 12, 2.030304], [400, 16, 2.040193], [400, 16, 2.040193]], "pwcutoff": 90, "w_conv_time": [13.38956093788147, 14.382123231887817, 16.123485565185547, 16.12504768371582, 21.072142601013184, 21.074052810668945, 23.690536975860596, 33.568910360336304, 33.570435762405396], "w_ngw": 6, "w_z_factor": [{"@module": "numpy", "@class": "array", "dtype": "float64", "data": [[35.0, 0.77, -0.155681], [36.0, 0.78, -0.151037]]}, {"@module": "numpy", "@class": "array", "dtype": "float64", "data": [[35.0, 0.77, -0.161707], [36.0, 0.79, -0.129374]]}, {"@module": "numpy", "@class": "array", "dtype": "float64", "data": [[35.0, 0.77, -0.157644], [36.0, 0.78, -0.147663]]}, {"@module": "numpy", "@class": "array", "dtype": "float64", "data": [[35.0, 0.76, -0.157879], [36.0, 0.78, -0.147368]]}, {"@module": "numpy", "@class": "array", "dtype": "float64", "data": [[35.0, 0.76, -0.15893], [36.0, 0.78, -0.148727]]}, {"@module": "numpy", "@class": "array", "dtype": "float64", "data": [[35.0, 0.76, -0.158518], [36.0, 0.78, -0.148662]]}], "gw_kppa": 880, "gw_kpt_grid": {"@module": "numpy", "@class": "array", "dtype": "int64", "data": [6, 6, 6]}, "conv_list": [[{"kppa": 0}, {"kpt_grid": "1x1x1"}, {"num_kpts": 1}, {"X_bnds": 400.0}, {"G_bnds": 400.0}, {"X_cutoff": 16.0}, {"gamma_gap": 2.040193}, {"num_gw_calc": 6}, {"wall_time": 379}, {"num_cores": 8}, {"z-factor": "None"}], [{"kppa": 0}, {"kpt_grid": "1x1x1"}, {"num_kpts": 1}, {"X_bnds": 200}, {"G_bnds": 200}, {"X_cutoff": 4}, {"gamma_gap": 8}, {"num_gw_calc": 1}, {"wall_time": 14}, {"num_cores": 8}, {"z-factor": "None"}], [{"kppa": 10}, {"kpt_grid": "2x2x2"}, {"num_kpts": 1}, {"X_bnds": 200}, {"G_bnds": 200}, {"X_cutoff": 4}, {"gamma_gap": 2.3639609999999998}, {"num_gw_calc": 2}, {"wall_time": 56}, {"num_cores": 8}, {"z-factor": {"@module": "numpy", "@class": "array", "dtype": "float64", "data": [[35.0, 0.79, -0.142868], [36.0, 0.81, -0.130763]]}}], [{"kppa": 190}, {"kpt_grid": "4x4x4"}, {"num_kpts": 1}, {"X_bnds": 200}, {"G_bnds": 200}, {"X_cutoff": 4}, {"gamma_gap": 2.4478419999999996}, {"num_gw_calc": 3}, {"wall_time": 733}, {"num_cores": 8}, {"z-factor": {"@module": "numpy", "@class": "array", "dtype": "float64", "data": [[35.0, 0.79, -0.140064], [36.0, 0.81, -0.124635]]}}], [{"kppa": 880}, {"kpt_grid": "6x6x6"}, {"num_kpts": 1}, {"X_bnds": 200}, {"G_bnds": 200}, {"X_cutoff": 4}, {"gamma_gap": 2.44338}, {"num_gw_calc": 4}, {"wall_time": 1668}, {"num_cores": 32}, {"z-factor": {"@module": "numpy", "@class": "array", "dtype": "float64", "data": [[35.0, 0.79, -0.139829], [36.0, 0.81, -0.12435]]}}]], "conv_time": 2835.392533302307}, "gw_band_range_pbe": [1, 42], "gw_conv_lda": {"gw_conv_thr": 0.025, "gw_bnd_start": 200, "gw_bnd_step": 100, "gw_cut_start": 4, "gw_cut_step": 4, "kpt_bnd_idx": {"@module": "numpy", "@class": "array", "dtype": "int64", "data": [1, 1, 35, 36]}, "gw_bands": 200, "gw_cutoff": 4, "w_conv_grid": [[200, 4, 1.9625650000000001], [300, 4, 1.944271], [300, 8, 2.057376], [300, 8, 2.057376], [300, 12, 2.076067], [300, 12, 2.076067], [400, 12, 2.0799440000000002], [400, 16, 2.0897889999999997], [400, 16, 2.0897889999999997]], "pwcutoff": 82, "w_conv_time": [11.863602638244629, 12.443912506103516, 13.82323956489563, 13.825933694839478, 18.092570066452026, 18.094516277313232, 20.602131605148315, 31.844613790512085, 31.846055507659912], "w_ngw": 6, "w_z_factor": [{"@module": "numpy", "@class": "array", "dtype": "float64", "data": [[35.0, 0.77, -0.156366], [36.0, 0.78, -0.151282]]}, {"@module": "numpy", "@class": "array", "dtype": "float64", "data": [[35.0, 0.77, -0.160436], [36.0, 0.78, -0.141979]]}, {"@module": "numpy", "@class": "array", "dtype": "float64", "data": [[35.0, 0.76, -0.159199], [36.0, 0.78, -0.149545]]}, {"@module": "numpy", "@class": "array", "dtype": "float64", "data": [[35.0, 0.76, -0.15898], [36.0, 0.78, -0.14932]]}, {"@module": "numpy", "@class": "array", "dtype": "float64", "data": [[35.0, 0.76, -0.160391], [36.0, 0.78, -0.150306]]}, {"@module": "numpy", "@class": "array", "dtype": "float64", "data": [[35.0, 0.76, -0.160422], [36.0, 0.78, -0.150237]]}], "gw_kppa": 880, "gw_kpt_grid": {"@module": "numpy", "@class": "array", "dtype": "int64", "data": [6, 6, 6]}, "conv_list": [[{"kppa": 0}, {"kpt_grid": "1x1x1"}, {"num_kpts": 1}, {"X_bnds": 400.0}, {"G_bnds": 400.0}, {"X_cutoff": 16.0}, {"gamma_gap": 2.0897889999999997}, {"num_gw_calc": 6}, {"wall_time": 293}, {"num_cores": 8}, {"z-factor": "None"}], [{"kppa": 0}, {"kpt_grid": "1x1x1"}, {"num_kpts": 1}, {"X_bnds": 200}, {"G_bnds": 200}, {"X_cutoff": 4}, {"gamma_gap": 8}, {"num_gw_calc": 1}, {"wall_time": 12}, {"num_cores": 8}, {"z-factor": "None"}], [{"kppa": 10}, {"kpt_grid": "2x2x2"}, {"num_kpts": 1}, {"X_bnds": 200}, {"G_bnds": 200}, {"X_cutoff": 4}, {"gamma_gap": 2.400745}, {"num_gw_calc": 2}, {"wall_time": 64}, {"num_cores": 8}, {"z-factor": {"@module": "numpy", "@class": "array", "dtype": "float64", "data": [[35.0, 0.79, -0.145704], [36.0, 0.8, -0.134011]]}}], [{"kppa": 190}, {"kpt_grid": "4x4x4"}, {"num_kpts": 1}, {"X_bnds": 200}, {"G_bnds": 200}, {"X_cutoff": 4}, {"gamma_gap": 2.495777}, {"num_gw_calc": 3}, {"wall_time": 1130}, {"num_cores": 8}, {"z-factor": {"@module": "numpy", "@class": "array", "dtype": "float64", "data": [[35.0, 0.79, -0.140767], [36.0, 0.81, -0.127474]]}}], [{"kppa": 880}, {"kpt_grid": "6x6x6"}, {"num_kpts": 1}, {"X_bnds": 200}, {"G_bnds": 200}, {"X_cutoff": 4}, {"gamma_gap": 2.491482}, {"num_gw_calc": 4}, {"wall_time": 2574}, {"num_cores": 32}, {"z-factor": {"@module": "numpy", "@class": "array", "dtype": "float64", "data": [[35.0, 0.79, -0.141282], [36.0, 0.81, -0.127098]]}}]], "conv_time": 4059.3856208324432}, "gw_band_range_lda": [1, 42], "g0w0_ppa_pbe": {"gw_direct_gap": 2.585675, "kppa": 2410, "kpt_grid": "8x8x8", "num_kpt": 78, "bands_in X": 500, "bands_in_G": 500, "cutoff": 20,