{"@module": "pymatgen.entries.computed_entries", "@class": "ComputedEntry", "energy": 0.0, "composition": {"Zn": 2.0, "Ge": 2.0, "As": 4.0}, "entry_id": "68324", "correction": 0.0, "energy_adjustments": [], "parameters": {"id": "68324", "name": "ZnGeAs2", "ibrav": {"celldm(1)": 10.710211835528446, "ibrav": 7, "celldm(3)": 1.9648352036135224}, "vol": 1206.9528854047653, "lda_pw_cutoff_Ry": 68, "qe_conv_pbe": {"qe_conv_maxiter": 20, "qe_delta_kppa": 1500, "qe_delta_cutoff": 5, "qe_conv_thresh": 0.00029399460312357707, "qe_conv_steps": [[60, 1500, -567.3129972955286], [65, 1500, -567.3158263063852], [70, 1500, -567.3160422820886], [70, 3000, -567.3161209126268]], "qe_conv_time": 159.56327199935913}, "num_elec_pbe": 88.00000000000001, "max_mem": 209417.0, "qe_conv_lda": {"qe_conv_maxiter": 20, "qe_delta_kppa": 1500, "qe_delta_cutoff": 5, "qe_conv_thresh": 0.00029399460312357707, "qe_conv_steps": [[68, 1500, -1020.147620537302], [73, 1500, -1020.180642582332], [78, 1500, -1020.186640741192], [83, 1500, -1020.187245726058], [88, 1500, -1020.187282841098], [88, 3000, -1020.187377605384]], "qe_conv_time": 345.0170154571533}, "num_elec_lda": 128.0, "bg_conv_pbe": {"bg_conv_maxiter": 20, "bg_delta_kppa": 1500, "bg_delta_cutoff": 5, "bg_conv_thresh": 0.025, "bg_conv_steps": [[70, 3000, 0.2531343986696605], [70, 6000, 0.2531792992772643]], "bg_conv_time": 151.2800087928772}, "indirect_gap_pbe": 0.25313422370784333, "bg_conv_lda": {"bg_conv_maxiter": 20, "bg_delta_kppa": 1500, "bg_delta_cutoff": 5, "bg_conv_thresh": 0.025, "bg_conv_steps": [[88, 3000, 0.051778313904713276], [88, 6000, 0.05178962711360431]], "bg_conv_time": 230.1785593032837}, "indirect_gap_lda": 0.05177809879847339, "gw_conv_pbe": {"gw_conv_thr": 0.025, "gw_bnd_start": 200, "gw_bnd_step": 100, "gw_cut_start": 4, "gw_cut_step": 4, "kpt_bnd_idx": {"@module": "numpy", "@class": "array", "dtype": "int64", "data": [1, 1, 44, 45]}, "gw_bands": 200, "gw_cutoff": 4, "w_conv_grid": [[200, 4, 0.408148], [300, 4, 0.387108], [300, 8, 0.416794], [300, 8, 0.416794], [300, 12, 0.427908], [300, 12, 0.427908]], "pwcutoff": 70, "w_conv_time": [10.925875186920166, 12.702439069747925, 13.785917282104492, 13.786607503890991, 19.59406805038452, 19.59488582611084], "w_ngw": 4, "w_z_factor": [{"@module": "numpy", "@class": "array", "dtype": "float64", "data": [[44.0, 0.82, -0.961151], [45.0, 0.82, -0.998529]]}, {"@module": "numpy", "@class": "array", "dtype": "float64", "data": [[44.0, 0.82, -0.94059], [45.0, 0.82, -0.977241]]}, {"@module": "numpy", "@class": "array", "dtype": "float64", "data": [[44.0, 0.82, -0.950014], [45.0, 0.82, -0.933751]]}, {"@module": "numpy", "@class": "array", "dtype": "float64", "data": [[44.0, 0.82, -0.951844], [45.0, 0.82, -0.940036]]}], "gw_kppa": 220, "gw_kpt_grid": {"@module": "numpy", "@class": "array", "dtype": "int64", "data": [4, 4, 4]}, "conv_list": [[{"kppa": 0}, {"kpt_grid": "1x1x1"}, {"num_kpts": 1}, {"X_bnds": 300.0}, {"G_bnds": 300.0}, {"X_cutoff": 12.0}, {"gamma_gap": 0.427908}, {"num_gw_calc": 4}, {"wall_time": 248}, {"num_cores": 8}, {"z-factor": "None"}], [{"kppa": 0}, {"kpt_grid": "1x1x1"}, {"num_kpts": 1}, {"X_bnds": 200}, {"G_bnds": 200}, {"X_cutoff": 4}, {"gamma_gap": 8}, {"num_gw_calc": 1}, {"wall_time": 11}, {"num_cores": 8}, {"z-factor": "None"}], [{"kppa": 10}, {"kpt_grid": "2x2x2"}, {"num_kpts": 1}, {"X_bnds": 200}, {"G_bnds": 200}, {"X_cutoff": 4}, {"gamma_gap": 0.567286}, {"num_gw_calc": 2}, {"wall_time": 72}, {"num_cores": 8}, {"z-factor": {"@module": "numpy", "@class": "array", "dtype": "float64", "data": [[44.0, 0.8, -0.137081], [45.0, 0.8, -0.13708]]}}], [{"kppa": 220}, {"kpt_grid": "4x4x4"}, {"num_kpts": 1}, {"X_bnds": 200}, {"G_bnds": 200}, {"X_cutoff": 4}, {"gamma_gap": 0.585672}, {"num_gw_calc": 3}, {"wall_time": 1385}, {"num_cores": 8}, {"z-factor": {"@module": "numpy", "@class": "array", "dtype": "float64", "data": [[44.0, 0.79, -0.147653], [45.0, 0.79, -0.144606]]}}]], "conv_time": 1703.5232210159302}, "gw_band_range_pbe": [1, 52], "gw_conv_lda": {"gw_conv_thr": 0.025, "gw_bnd_start": 200, "gw_bnd_step": 100, "gw_cut_start": 4, "gw_cut_step": 4, "kpt_bnd_idx": {"@module": "numpy", "@class": "array", "dtype": "int64", "data": [1, 1, 64, 65]}, "gw_bands": 200, "gw_cutoff": 4, "w_conv_grid": [[200, 4, 0.6962980000000001], [300, 4, 0.669404], [400, 4, 0.652474], [400, 8, 0.62557], [400, 8, 0.62557], [400, 12, 0.626666], [400, 12, 0.626666], [500, 12, 0.609919], [500, 16, 0.61031], [500, 16, 0.61031]], "pwcutoff": 88, "w_conv_time": [12.649298667907715, 15.211481094360352, 16.352781534194946, 19.614284992218018, 19.616244554519653, 27.422729015350342, 27.423569679260254, 30.291741609573364, 57.78479266166687, 57.78596210479736], "w_ngw": 7, "w_z_factor": [{"@module": "numpy", "@class": "array", "dtype": "float64", "data": [[64.0, 0.83, -0.886106], [65.0, 0.83, -0.917734]]}, {"@module": "numpy", "@class": "array", "dtype": "float64", "data": [[64.0, 0.83, -0.870685], [65.0, 0.83, -0.916313]]}, {"@module": "numpy", "@class": "array", "dtype": "float64", "data": [[64.0, 0.83, -0.720238], [65.0, 0.83, -0.920669]]}, {"@module": "numpy", "@class": "array", "dtype": "float64", "data": [[64.0, 0.83, -0.87998], [65.0, 0.83, -0.929018]]}, {"@module": "numpy", "@class": "array", "dtype": "float64", "data": [[64.0, 0.83, -0.885963], [65.0, 0.83, -0.945053]]}, {"@module": "numpy", "@class": "array", "dtype": "float64", "data": [[64.0, 0.83, -0.90231], [65.0, 0.83, -0.905917]]}, {"@module": "numpy", "@class": "array", "dtype": "float64", "data": [[64.0, 0.83, -0.89521], [65.0, 0.82, -0.934231]]}], "gw_kppa": 220, "gw_kpt_grid": {"@module": "numpy", "@class": "array", "dtype": "int64", "data": [4, 4, 4]}, "conv_list": [[{"kppa": 0}, {"kpt_grid": "1x1x1"}, {"num_kpts": 1}, {"X_bnds": 500.0}, {"G_bnds": 500.0}, {"X_cutoff": 16.0}, {"gamma_gap": 0.61031}, {"num_gw_calc": 7}, {"wall_time": 508}, {"num_cores": 8}, {"z-factor": "None"}], [{"kppa": 0}, {"kpt_grid": "1x1x1"}, {"num_kpts": 1}, {"X_bnds": 200}, {"G_bnds": 200}, {"X_cutoff": 4}, {"gamma_gap": 4}, {"num_gw_calc": 1}, {"wall_time": 13}, {"num_cores": 8}, {"z-factor": "None"}], [{"kppa": 10}, {"kpt_grid": "2x2x2"}, {"num_kpts": 1}, {"X_bnds": 200}, {"G_bnds": 200}, {"X_cutoff": 4}, {"gamma_gap": 0.8946580000000001}, {"num_gw_calc": 2}, {"wall_time": 64}, {"num_cores": 8}, {"z-factor": {"@module": "numpy", "@class": "array", "dtype": "float64", "data": [[64.0, 0.8, -0.130404], [65.0, 0.8, -0.129527]]}}], [{"kppa": 220}, {"kpt_grid": "4x4x4"}, {"num_kpts": 1}, {"X_bnds": 200}, {"G_bnds": 200}, {"X_cutoff": 4}, {"gamma_gap": 0.9131119999999999}, {"num_gw_calc": 3}, {"wall_time": 967}, {"num_cores": 8}, {"z-factor": {"@module": "numpy", "@class": "array", "dtype": "float64", "data": [[64.0, 0.79, -0.147091], [65.0, 0.79, -0.143464]]}}]], "conv_time": 1537.891393661499}, "gw_band_range_lda": [1, 72], "g0w0_ppa_pbe": {"gw_direct_gap": 0.593973, "kppa": 1000, "kpt_grid": "6x6x6", "num_kpt": 36, "bands_in X": 400, "bands_in_G": 400, "cutoff": 16, "z_factor": [[44.0, 0.79, -0.00143346], [45.0, 0.79, -0.0013931]], "scissor": 0.34101899999999996, "ncpu": 32, "calc_time": 22338.714005947113}, "g0w0_ppa_lda": {"gw_direct_gap": 0.813643, "kppa": 1000, "kpt_grid": "6x6x6", "num_kpt": 36, "bands_in X": 600, "bands_in_G": 600, "cutoff": 20, "z_factor": [[64.0, 0.79, -0.00139261], [65.0, 0.79, -0.00135394]], "scissor": 0.7619630000000001, "ncpu": 32, "calc_time": 68830.61278772354}}, "data": {}}