{"@module": "pymatgen.entries.computed_entries", "@class": "ComputedEntry", "energy": 0.0, "composition": {"Zn": 2.0, "Si": 2.0, "As": 4.0}, "entry_id": "68323", "correction": 0.0, "energy_adjustments": [], "parameters": {"id": "68323", "name": "ZnSiAs2", "ibrav": {"celldm(1)": 10.598717993638374, "ibrav": 7, "celldm(3)": 1.9395214492030093}, "vol": 1154.581518710996, "lda_pw_cutoff_Ry": 68, "qe_conv_pbe": {"qe_conv_maxiter": 20, "qe_delta_kppa": 1500, "qe_delta_cutoff": 5, "qe_conv_thresh": 0.00029399460312357707, "qe_conv_steps": [[60, 1500, -433.6305523862091], [65, 1500, -433.6332755476576], [70, 1500, -433.6334210475555], [70, 3000, -433.6334499559812]], "qe_conv_time": 115.1140341758728}, "num_elec_pbe": 68.00000000000001, "max_mem": 74317.0, "qe_conv_lda": {"qe_conv_maxiter": 20, "qe_delta_kppa": 1500, "qe_delta_cutoff": 5, "qe_conv_thresh": 0.00029399460312357707, "qe_conv_steps": [[68, 1500, -850.2367031200251], [73, 1500, -850.2676346563305], [78, 1500, -850.2734512206407], [83, 1500, -850.274052091852], [88, 1500, -850.2740857138184], [88, 3000, -850.2741225963993]], "qe_conv_time": 289.6738705635071}, "num_elec_lda": 108.0, "bg_conv_pbe": {"bg_conv_maxiter": 20, "bg_delta_kppa": 1500, "bg_delta_cutoff": 5, "bg_conv_thresh": 0.025, "bg_conv_steps": [[70, 3000, 1.1384079497555464], [70, 6000, 1.1384110193353636]], "bg_conv_time": 106.93922853469849}, "indirect_gap_pbe": 1.1384033435595176, "bg_conv_lda": {"bg_conv_maxiter": 20, "bg_delta_kppa": 1500, "bg_delta_cutoff": 5, "bg_conv_thresh": 0.025, "bg_conv_steps": [[88, 3000, 0.991992846173102], [88, 6000, 0.9920136014938458]], "bg_conv_time": 190.97863602638245}, "indirect_gap_lda": 0.9919934260908961, "gw_conv_pbe": {"gw_conv_thr": 0.025, "gw_bnd_start": 200, "gw_bnd_step": 100, "gw_cut_start": 4, "gw_cut_step": 4, "kpt_bnd_idx": {"@module": "numpy", "@class": "array", "dtype": "int64", "data": [1, 1, 34, 35]}, "gw_bands": 200, "gw_cutoff": 4, "w_conv_grid": [[200, 4, 0.881062], [300, 4, 0.876457], [300, 8, 1.0352139999999999], [300, 8, 1.0352139999999999], [300, 12, 1.059796], [300, 12, 1.059796], [400, 12, 1.077632], [400, 16, 1.0858219999999998], [400, 16, 1.0858219999999998], [500, 16, 1.095258], [500, 20, 1.0980590000000001], [500, 20, 1.0980590000000001]], "pwcutoff": 70, "w_conv_time": [12.537633657455444, 12.96260380744934, 15.369433641433716, 15.370981931686401, 19.878966331481934, 19.88054585456848, 22.42748761177063, 35.90165138244629, 35.90276002883911, 40.893481969833374, 68.38412261009216, 68.38566875457764], "w_ngw": 8, "w_z_factor": [{"@module": "numpy", "@class": "array", "dtype": "float64", "data": [[34.0, 0.79, -0.132164], [35.0, 0.8, -0.131994]]}, {"@module": "numpy", "@class": "array", "dtype": "float64", "data": [[34.0, 0.79, -0.131839], [35.0, 0.8, -0.129722]]}, {"@module": "numpy", "@class": "array", "dtype": "float64", "data": [[34.0, 0.79, -0.133029], [35.0, 0.8, -0.131194]]}, {"@module": "numpy", "@class": "array", "dtype": "float64", "data": [[34.0, 0.79, -0.134154], [35.0, 0.8, -0.131474]]}, {"@module": "numpy", "@class": "array", "dtype": "float64", "data": [[34.0, 0.79, -0.130884], [35.0, 0.8, -0.130105]]}, {"@module": "numpy", "@class": "array", "dtype": "float64", "data": [[34.0, 0.79, -0.130949], [35.0, 0.8, -0.130159]]}, {"@module": "numpy", "@class": "array", "dtype": "float64", "data": [[34.0, 0.79, -0.131048], [35.0, 0.8, -0.129895]]}, {"@module": "numpy", "@class": "array", "dtype": "float64", "data": [[34.0, 0.79, -0.130964], [35.0, 0.8, -0.129885]]}], "gw_kppa": 1000, "gw_kpt_grid": {"@module": "numpy", "@class": "array", "dtype": "int64", "data": [6, 6, 6]}, "conv_list": [[{"kppa": 0}, {"kpt_grid": "1x1x1"}, {"num_kpts": 1}, {"X_bnds": 500.0}, {"G_bnds": 500.0}, {"X_cutoff": 20.0}, {"gamma_gap": 1.0980590000000001}, {"num_gw_calc": 8}, {"wall_time": 415}, {"num_cores": 8}, {"z-factor": "None"}], [{"kppa": 0}, {"kpt_grid": "1x1x1"}, {"num_kpts": 1}, {"X_bnds": 200}, {"G_bnds": 200}, {"X_cutoff": 4}, {"gamma_gap": 8}, {"num_gw_calc": 1}, {"wall_time": 13}, {"num_cores": 8}, {"z-factor": "None"}], [{"kppa": 10}, {"kpt_grid": "2x2x2"}, {"num_kpts": 1}, {"X_bnds": 200}, {"G_bnds": 200}, {"X_cutoff": 4}, {"gamma_gap": 1.245493}, {"num_gw_calc": 2}, {"wall_time": 46}, {"num_cores": 8}, {"z-factor": {"@module": "numpy", "@class": "array", "dtype": "float64", "data": [[34.0, 0.79, -0.147757], [35.0, 0.8, -0.147418]]}}], [{"kppa": 220}, {"kpt_grid": "4x4x4"}, {"num_kpts": 1}, {"X_bnds": 200}, {"G_bnds": 200}, {"X_cutoff": 4}, {"gamma_gap": 1.344684}, {"num_gw_calc": 3}, {"wall_time": 1408}, {"num_cores": 8}, {"z-factor": {"@module": "numpy", "@class": "array", "dtype": "float64", "data": [[34.0, 0.79, -0.148678], [35.0, 0.8, -0.148817]]}}], [{"kppa": 1000}, {"kpt_grid": "6x6x6"}, {"num_kpts": 1}, {"X_bnds": 200}, {"G_bnds": 200}, {"X_cutoff": 4}, {"gamma_gap": 1.3530760000000002}, {"num_gw_calc": 4}, {"wall_time": 3118}, {"num_cores": 32}, {"z-factor": {"@module": "numpy", "@class": "array", "dtype": "float64", "data": [[34.0, 0.79, -0.148515], [35.0, 0.8, -0.148758]]}}]], "conv_time": 4985.371462345123}, "gw_band_range_pbe": [1, 43], "gw_conv_lda": {"gw_conv_thr": 0.025, "gw_bnd_start": 200, "gw_bnd_step": 100, "gw_cut_start": 4, "gw_cut_step": 4, "kpt_bnd_idx": {"@module": "numpy", "@class": "array", "dtype": "int64", "data": [1, 1, 54, 55]}, "gw_bands": 200, "gw_cutoff": 4, "w_conv_grid": [[200, 4, 1.700814], [300, 4, 1.683455], [300, 8, 1.693766], [300, 8, 1.693766]], "pwcutoff": 88, "w_conv_time": [14.613520383834839, 16.007567644119263, 18.742733478546143, 18.743748903274536], "w_ngw": 3, "w_z_factor": [{"@module": "numpy", "@class": "array", "dtype": "float64", "data": [[54.0, 0.8, -0.123544], [55.0, 0.8, -0.126201]]}, {"@module": "numpy", "@class": "array", "dtype": "float64", "data": [[54.0, 0.8, -0.123126], [55.0, 0.8, -0.120353]]}, {"@module": "numpy", "@class": "array", "dtype": "float64", "data": [[54.0, 0.79, -0.123843], [55.0, 0.79, -0.125031]]}], "gw_kppa": 1000, "gw_kpt_grid": {"@module": "numpy", "@class": "array", "dtype": "int64", "data": [6, 6, 6]}, "conv_list": [[{"kppa": 0}, {"kpt_grid": "1x1x1"}, {"num_kpts": 1}, {"X_bnds": 300.0}, {"G_bnds": 300.0}, {"X_cutoff": 8.0}, {"gamma_gap": 1.693766}, {"num_gw_calc": 3}, {"wall_time": 392}, {"num_cores": 8}, {"z-factor": "None"}], [{"kppa": 0}, {"kpt_grid": "1x1x1"}, {"num_kpts": 1}, {"X_bnds": 200}, {"G_bnds": 200}, {"X_cutoff": 4}, {"gamma_gap": 8}, {"num_gw_calc": 1}, {"wall_time": 15}, {"num_cores": 8}, {"z-factor": "None"}], [{"kppa": 10}, {"kpt_grid": "2x2x2"}, {"num_kpts": 1}, {"X_bnds": 200}, {"G_bnds": 200}, {"X_cutoff": 4}, {"gamma_gap": 1.952101}, {"num_gw_calc": 2}, {"wall_time": 75}, {"num_cores": 8}, {"z-factor": {"@module": "numpy", "@class": "array", "dtype": "float64", "data": [[54.0, 0.79, -0.144141], [55.0, 0.79, -0.145381]]}}], [{"kppa": 220}, {"kpt_grid": "4x4x4"}, {"num_kpts": 1}, {"X_bnds": 200}, {"G_bnds": 200}, {"X_cutoff": 4}, {"gamma_gap": 2.006311}, {"num_gw_calc": 3}, {"wall_time": 1062}, {"num_cores": 8}, {"z-factor": {"@module": "numpy", "@class": "array", "dtype": "float64", "data": [[54.0, 0.79, -0.145559], [55.0, 0.8, -0.144081]]}}], [{"kppa": 1000}, {"kpt_grid": "6x6x6"}, {"num_kpts": 1}, {"X_bnds": 200}, {"G_bnds": 200}, {"X_cutoff": 4}, {"gamma_gap": 2.009001}, {"num_gw_calc": 4}, {"wall_time": 2270}, {"num_cores": 32}, {"z-factor": {"@module": "numpy", "@class": "array", "dtype": "float64", "data": [[54.0, 0.79, -0.145244], [55.0, 0.8, -0.143061]]}}]], "conv_time": 3797.3826217651367}, "gw_band_range_lda": [1, 63]}, "data": {}}