{"@module": "pymatgen.entries.computed_entries", "@class": "ComputedEntry", "energy": 0.0, "composition": {"Ru": 4.0, "Se": 8.0}, "entry_id": "68473", "correction": 0.0, "energy_adjustments": [], "parameters": {"id": "68473", "name": "RuSe2", "ibrav": {"celldm(1)": 11.212878987100641, "ibrav": 1}, "vol": 1409.7801957371028, "lda_pw_cutoff_Ry": 80, "qe_conv_pbe": {"qe_conv_maxiter": 20, "qe_delta_kppa": 1500, "qe_delta_cutoff": 5, "qe_conv_thresh": 0.00044099190468536564, "qe_conv_steps": [[60, 1500, -453.130041411321], [65, 1500, -453.1302175533798], [65, 3000, -453.1302880322786]], "qe_conv_time": 41.149651527404785}, "num_elec_pbe": 112.0, "max_mem": 144744.0, "qe_conv_lda": {"qe_conv_maxiter": 20, "qe_delta_kppa": 1500, "qe_delta_cutoff": 5, "qe_conv_thresh": 0.00044099190468536564, "qe_conv_steps": [[80, 1500, -1374.114180693641], [85, 1500, -1374.114856564315], [90, 1500, -1374.114943993086], [90, 3000, -1374.115018251287]], "qe_conv_time": 156.33636784553528}, "num_elec_lda": 192.0, "bg_conv_pbe": {"bg_conv_maxiter": 20, "bg_delta_kppa": 1500, "bg_delta_cutoff": 5, "bg_conv_thresh": 0.025, "bg_conv_steps": [[65, 3000, 0.421895773144704], [65, 4500, 0.3971211011831212]], "bg_conv_time": 50.53540229797363}, "indirect_gap_pbe": 0.4218862583416521, "bg_conv_lda": {"bg_conv_maxiter": 20, "bg_delta_kppa": 1500, "bg_delta_cutoff": 5, "bg_conv_thresh": 0.025, "bg_conv_steps": [[90, 3000, 0.3598082515315635], [90, 4500, 0.33433925668615905], [90, 9000, 0.3260013406279606]], "bg_conv_time": 415.7429220676422}, "indirect_gap_lda": 0.3598050026454741, "gw_conv_pbe": {"gw_conv_thr": 0.025, "gw_bnd_start": 200, "gw_bnd_step": 100, "gw_cut_start": 4, "gw_cut_step": 4, "kpt_bnd_idx": {"@module": "numpy", "@class": "array", "dtype": "int64", "data": [1, 1, 56, 57]}, "gw_bands": 200, "gw_cutoff": 4, "w_conv_grid": [[200, 4, 0.5267850000000001], [300, 4, 0.505617], [300, 8, 0.5610130000000001], [300, 8, 0.5610130000000001], [300, 12, 0.5907200000000001], [300, 12, 0.5907200000000001], [300, 16, 0.6181650000000001], [300, 16, 0.6181650000000001], [300, 20, 0.64142], [300, 20, 0.64142], [400, 20, 0.620531], [400, 24, 0.6391500000000001], [400, 24, 0.6391500000000001]], "pwcutoff": 65, "w_conv_time": [12.662630558013916, 13.142457485198975, 15.273338794708252, 15.2747802734375, 21.07058072090149, 21.072432041168213, 28.98453450202942, 28.98536205291748, 41.64025902748108, 41.642488956451416, 50.40665674209595, 84.20017313957214, 84.201012134552], "w_ngw": 8, "w_z_factor": [{"@module": "numpy", "@class": "array", "dtype": "float64", "data": [[56.0, 0.77, -0.157799], [57.0, 0.8, -0.133441]]}, {"@module": "numpy", "@class": "array", "dtype": "float64", "data": [[56.0, 0.77, -0.145088], [57.0, 0.8, -0.130993]]}, {"@module": "numpy", "@class": "array", "dtype": "float64", "data": [[56.0, 0.77, -0.145328], [57.0, 0.79, -0.13241]]}, {"@module": "numpy", "@class": "array", "dtype": "float64", "data": [[56.0, 0.76, -0.145321], [57.0, 0.79, -0.132608]]}, {"@module": "numpy", "@class": "array", "dtype": "float64", "data": [[56.0, 0.76, -0.146493], [57.0, 0.79, -0.132589]]}, {"@module": "numpy", "@class": "array", "dtype": "float64", "data": [[56.0, 0.76, -0.145386], [57.0, 0.79, -0.132331]]}, {"@module": "numpy", "@class": "array", "dtype": "float64", "data": [[56.0, 0.76, -0.148921], [57.0, 0.79, -0.131622]]}, {"@module": "numpy", "@class": "array", "dtype": "float64", "data": [[56.0, 0.76, -0.148631], [57.0, 0.79, -0.131112]]}], "gw_kppa": 330, "gw_kpt_grid": {"@module": "numpy", "@class": "array", "dtype": "int64", "data": [4, 4, 4]}, "conv_list": [[{"kppa": 0}, {"kpt_grid": "1x1x1"}, {"num_kpts": 1}, {"X_bnds": 400.0}, {"G_bnds": 400.0}, {"X_cutoff": 24.0}, {"gamma_gap": 0.6391500000000001}, {"num_gw_calc": 8}, {"wall_time": 393}, {"num_cores": 8}, {"z-factor": "None"}], [{"kppa": 0}, {"kpt_grid": "1x1x1"}, {"num_kpts": 1}, {"X_bnds": 200}, {"G_bnds": 200}, {"X_cutoff": 4}, {"gamma_gap": 8}, {"num_gw_calc": 1}, {"wall_time": 13}, {"num_cores": 8}, {"z-factor": "None"}], [{"kppa": 10}, {"kpt_grid": "2x2x2"}, {"num_kpts": 1}, {"X_bnds": 200}, {"G_bnds": 200}, {"X_cutoff": 4}, {"gamma_gap": 0.42687}, {"num_gw_calc": 2}, {"wall_time": 39}, {"num_cores": 8}, {"z-factor": {"@module": "numpy", "@class": "array", "dtype": "float64", "data": [[56.0, 0.77, -0.16953], [57.0, 0.81, -0.118333]]}}], [{"kppa": 330}, {"kpt_grid": "4x4x4"}, {"num_kpts": 1}, {"X_bnds": 200}, {"G_bnds": 200}, {"X_cutoff": 4}, {"gamma_gap": 0.41607099999999997}, {"num_gw_calc": 3}, {"wall_time": 339}, {"num_cores": 8}, {"z-factor": {"@module": "numpy", "@class": "array", "dtype": "float64", "data": [[56.0, 0.77, -0.177389], [57.0, 0.81, -0.116528]]}}]], "conv_time": 769.828583240509}, "gw_band_range_pbe": [1, 67], "gw_conv_lda": {"gw_conv_thr": 0.025, "gw_bnd_start": 200, "gw_bnd_step": 100, "gw_cut_start": 4, "gw_cut_step": 4, "kpt_bnd_idx": {"@module": "numpy", "@class": "array", "dtype": "int64", "data": [1, 1, 96, 97]}, "gw_bands": 200, "gw_cutoff": 4, "w_conv_grid": [[200, 4, 0.39407899999999996], [300, 4, 0.37816399999999994], [300, 8, 0.44885699999999995], [300, 8, 0.44885699999999995], [300, 12, 0.47671699999999995], [300, 12, 0.47671699999999995], [300, 16, 0.500042], [300, 16, 0.500042], [400, 16, 0.507219], [400, 20, 0.5292809999999999], [400, 20, 0.5292809999999999], [500, 20, 0.5080079999999999], [500, 24, 0.5260159999999999], [500, 24, 0.5260159999999999]], "pwcutoff": 90, "w_conv_time": [13.70474123954773, 14.518943786621094, 16.846470594406128, 16.84795331954956, 22.588921546936035, 22.590746879577637, 30.225515365600586, 30.226310968399048, 36.75755763053894, 55.62218451499939, 55.62343621253967, 65.1446943283081, 111.50851273536682, 111.51034092903137], "w_ngw": 9, "w_z_factor": [{"@module": "numpy", "@class": "array", "dtype": "float64", "data": [[96.0, 0.76, -0.172763], [97.0, 0.8, -0.137383]]}, {"@module": "numpy", "@class": "array", "dtype": "float64", "data": [[96.0, 0.77, -0.156024], [97.0, 0.8, -0.130056]]}, {"@module": "numpy", "@class": "array", "dtype": "float64", "data": [[96.0, 0.76, -0.165214], [97.0, 0.8, -0.132306]]}, {"@module": "numpy", "@class": "array", "dtype": "float64", "data": [[96.0, 0.76, -0.167167], [97.0, 0.8, -0.132501]]}, {"@module": "numpy", "@class": "array", "dtype": "float64", "data": [[96.0, 0.76, -0.168221], [97.0, 0.8, -0.132354]]}, {"@module": "numpy", "@class": "array", "dtype": "float64", "data": [[96.0, 0.76, -0.143612], [97.0, 0.8, -0.128186]]}, {"@module": "numpy", "@class": "array", "dtype": "float64", "data": [[96.0, 0.76, -0.143416], [97.0, 0.8, -0.12776]]}, {"@module": "numpy", "@class": "array", "dtype": "float64", "data": [[96.0, 0.76, -0.141631], [97.0, 0.8, -0.128059]]}, {"@module": "numpy", "@class": "array", "dtype": "float64", "data": [[96.0, 0.76, -0.142124], [97.0, 0.8, -0.127691]]}], "gw_kppa": 330, "gw_kpt_grid": {"@module": "numpy", "@class": "array", "dtype": "int64", "data": [4, 4, 4]}, "conv_list": [[{"kppa": 0}, {"kpt_grid": "1x1x1"}, {"num_kpts": 1}, {"X_bnds": 500.0}, {"G_bnds": 500.0}, {"X_cutoff": 24.0}, {"gamma_gap": 0.5260159999999999}, {"num_gw_calc": 9}, {"wall_time": 592}, {"num_cores": 8}, {"z-factor": "None"}], [{"kppa": 0}, {"kpt_grid": "1x1x1"}, {"num_kpts": 1}, {"X_bnds": 200}, {"G_bnds": 200}, {"X_cutoff": 4}, {"gamma_gap": 8}, {"num_gw_calc": 1}, {"wall_time": 14}, {"num_cores": 8}, {"z-factor": "None"}], [{"kppa": 10}, {"kpt_grid": "2x2x2"}, {"num_kpts": 1}, {"X_bnds": 200}, {"G_bnds": 200}, {"X_cutoff": 4}, {"gamma_gap": 0.2750950000000001}, {"num_gw_calc": 2}, {"wall_time": 57}, {"num_cores": 8}, {"z-factor": {"@module": "numpy", "@class": "array", "dtype": "float64", "data": [[96.0, 0.76, -0.168021], [97.0, 0.81, -0.117671]]}}], [{"kppa": 330}, {"kpt_grid": "4x4x4"}, {"num_kpts": 1}, {"X_bnds": 200}, {"G_bnds": 200}, {"X_cutoff": 4}, {"gamma_gap": 0.26242800000000005}, {"num_gw_calc": 3}, {"wall_time": 665}, {"num_cores": 8}, {"z-factor": {"@module": "numpy", "@class": "array", "dtype": "float64",