{"@module": "pymatgen.entries.computed_entries", "@class": "ComputedEntry", "energy": 0.0, "composition": {"Pb": 1.0, "I": 2.0}, "entry_id": "68819", "correction": 0.0, "energy_adjustments": [], "parameters": {"id": "68819", "name": "PbI2", "ibrav": {"celldm(1)": 8.613371717541579, "ibrav": 4, "celldm(3)": 1.5326897762176392}, "vol": 848.2120972135923, "lda_pw_cutoff_Ry": 62, "qe_conv_pbe": {"qe_conv_maxiter": 20, "qe_delta_kppa": 1500, "qe_delta_cutoff": 5, "qe_conv_thresh": 0.00011024797617134141, "qe_conv_steps": [[60, 1500, -255.2008667989445], [65, 1500, -255.2010000978134], [70, 1500, -255.2010248532781], [70, 3000, -255.2010249442702]], "qe_conv_time": 115.05623197555542}, "num_elec_pbe": 48.00000000000001, "max_mem": 61256.0, "qe_conv_lda": {"qe_conv_maxiter": 20, "qe_delta_kppa": 1500, "qe_delta_cutoff": 5, "qe_conv_thresh": 0.00011024797617134141, "qe_conv_steps": [[62, 1500, -96.34825243207402], [67, 1500, -96.34841696438632], [72, 1500, -96.34844627236006], [72, 3000, -96.34844643110053]], "qe_conv_time": 57.66494631767273}, "num_elec_lda": 28.0, "bg_conv_pbe": {"bg_conv_maxiter": 20, "bg_delta_kppa": 1500, "bg_delta_cutoff": 5, "bg_conv_thresh": 0.025, "bg_conv_steps": [[70, 3000, 2.201682039158368], [70, 4500, 2.2016776479069984]], "bg_conv_time": 79.46263813972473}, "indirect_gap_pbe": 2.2016774371137626, "bg_conv_lda": {"bg_conv_maxiter": 20, "bg_delta_kppa": 1500, "bg_delta_cutoff": 5, "bg_conv_thresh": 0.025, "bg_conv_steps": [[72, 3000, 2.028101983483152], [72, 4500, 2.0280976443331866]], "bg_conv_time": 36.066922664642334}, "indirect_gap_lda": 2.028097229039634, "gw_conv_pbe": {"gw_conv_thr": 0.025, "gw_bnd_start": 200, "gw_bnd_step": 100, "gw_cut_start": 4, "gw_cut_step": 4, "kpt_bnd_idx": {"@module": "numpy", "@class": "array", "dtype": "int64", "data": [1, 1, 24, 25]}, "gw_bands": 200, "gw_cutoff": 4, "w_conv_grid": [[200, 4, 4.18874], [300, 4, 4.171315], [300, 8, 4.275238], [300, 8, 4.275238], [300, 12, 4.314184000000001], [300, 12, 4.314184000000001], [300, 16, 4.326288], [300, 16, 4.326288], [400, 16, 4.325286999999999], [400, 20, 4.328739], [400, 20, 4.328739]], "pwcutoff": 70, "w_conv_time": [11.744802236557007, 11.644276857376099, 11.763769626617432, 11.765357971191406, 14.431872606277466, 14.433448791503906, 19.045220851898193, 19.04668688774109, 20.894505262374878, 27.284758806228638, 27.28616952896118], "w_ngw": 7, "w_z_factor": [{"@module": "numpy", "@class": "array", "dtype": "float64", "data": [[24.0, 0.79, -0.158288], [25.0, 0.8, -0.153799]]}, {"@module": "numpy", "@class": "array", "dtype": "float64", "data": [[24.0, 0.79, -0.157776], [25.0, 0.8, -0.152968]]}, {"@module": "numpy", "@class": "array", "dtype": "float64", "data": [[24.0, 0.79, -0.161031], [25.0, 0.8, -0.152479]]}, {"@module": "numpy", "@class": "array", "dtype": "float64", "data": [[24.0, 0.79, -0.160585], [25.0, 0.8, -0.153946]]}, {"@module": "numpy", "@class": "array", "dtype": "float64", "data": [[24.0, 0.79, -0.160979], [25.0, 0.8, -0.152563]]}, {"@module": "numpy", "@class": "array", "dtype": "float64", "data": [[24.0, 0.79, -0.159129], [25.0, 0.8, -0.186186]]}, {"@module": "numpy", "@class": "array", "dtype": "float64", "data": [[24.0, 0.79, -0.160087], [25.0, 0.8, -0.150748]]}], "gw_kppa": 250, "gw_kpt_grid": {"@module": "numpy", "@class": "array", "dtype": "int64", "data": [6, 6, 4]}, "conv_list": [[{"kppa": 0}, {"kpt_grid": "1x1x1"}, {"num_kpts": 1}, {"X_bnds": 400.0}, {"G_bnds": 400.0}, {"X_cutoff": 20.0}, {"gamma_gap": 4.328739}, {"num_gw_calc": 7}, {"wall_time": 262}, {"num_cores": 8}, {"z-factor": "None"}], [{"kppa": 0}, {"kpt_grid": "1x1x1"}, {"num_kpts": 1}, {"X_bnds": 200}, {"G_bnds": 200}, {"X_cutoff": 4}, {"gamma_gap": 8}, {"num_gw_calc": 1}, {"wall_time": 12}, {"num_cores": 8}, {"z-factor": "None"}], [{"kppa": 10}, {"kpt_grid": "2x2x2"}, {"num_kpts": 1}, {"X_bnds": 200}, {"G_bnds": 200}, {"X_cutoff": 4}, {"gamma_gap": 4.624225}, {"num_gw_calc": 2}, {"wall_time": 30}, {"num_cores": 8}, {"z-factor": {"@module": "numpy", "@class": "array", "dtype": "float64", "data": [[24.0, 0.8, -0.157788], [25.0, 0.82, -0.131883]]}}], [{"kppa": 60}, {"kpt_grid": "4x4x2"}, {"num_kpts": 1}, {"X_bnds": 200}, {"G_bnds": 200}, {"X_cutoff": 4}, {"gamma_gap": 4.653637}, {"num_gw_calc": 3}, {"wall_time": 88}, {"num_cores": 8}, {"z-factor": {"@module": "numpy", "@class": "array", "dtype": "float64", "data": [[24.0, 0.8, -0.108649], [25.0, 0.82, -0.125023]]}}], [{"kppa": 200}, {"kpt_grid": "4x4x4"}, {"num_kpts": 1}, {"X_bnds": 200}, {"G_bnds": 200}, {"X_cutoff": 4}, {"gamma_gap": 4.680004}, {"num_gw_calc": 4}, {"wall_time": 84}, {"num_cores": 32}, {"z-factor": {"@module": "numpy", "@class": "array", "dtype": "float64", "data": [[24.0, 0.8, -0.136066], [25.0, 0.82, -0.124662]]}}], [{"kppa": 250}, {"kpt_grid": "6x6x4"}, {"num_kpts": 1}, {"X_bnds": 200}, {"G_bnds": 200}, {"X_cutoff": 4}, {"gamma_gap": 4.667066}, {"num_gw_calc": 5}, {"wall_time": 262}, {"num_cores": 32}, {"z-factor": {"@module": "numpy", "@class": "array", "dtype": "float64", "data": [[24.0, 0.8, -0.149912], [25.0, 0.82, -0.127163]]}}]], "conv_time": 724.6261966228485}, "gw_band_range_pbe": [1, 29], "gw_conv_lda": {"gw_conv_thr": 0.025, "gw_bnd_start": 200, "gw_bnd_step": 100, "gw_cut_start": 4, "gw_cut_step": 4, "kpt_bnd_idx": {"@module": "numpy", "@class": "array", "dtype": "int64", "data": [1, 1, 14, 15]}, "gw_bands": 200, "gw_cutoff": 4, "w_conv_grid": [[200, 4, 3.5471340000000002], [300, 4, 3.545937], [300, 8, 3.684084], [300, 8, 3.684084], [300, 12, 3.7196000000000002], [300, 12, 3.7196000000000002], [300, 16, 3.72668], [300, 16, 3.72668], [400, 16, 3.737515], [400, 20, 3.7395880000000004], [400, 20, 3.7395880000000004]], "pwcutoff": 72, "w_conv_time": [12.13011360168457, 12.152088403701782, 11.515055418014526, 11.516319513320923, 14.302019834518433, 14.303845167160034, 18.775046825408936, 18.77728819847107, 20.62014079093933, 26.058429479599, 26.05992817878723], "w_ngw": 7, "w_z_factor": [{"@module": "numpy", "@class": "array", "dtype": "float64", "data": [[14.0, 0.78, -0.17674], [15.0, 0.79, -0.169066]]}, {"@module": "numpy", "@class": "array", "dtype": "float64", "data": [[14.0, 0.78, -0.177928], [15.0, 0.79, -0.168061]]}, {"@module": "numpy", "@class": "array", "dtype": "float64", "data": [[14.0, 0.78, -0.178009], [15.0, 0.79, -0.1687]]}, {"@module": "numpy", "@class": "array", "dtype": "float64", "data": [[14.0, 0.77, -0.177996], [15.0, 0.79, -0.168533]]}, {"@module": "numpy", "@class": "array", "dtype": "float64", "data": [[14.0, 0.77, -0.177918], [15.0, 0.79, -0.168451]]}, {"@module": "numpy", "@class": "array", "dtype": "float64", "data": [[14.0, 0.77, -0.18015], [15.0, 0.79, -0.166176]]}, {"@module": "numpy", "@class": "array", "dtype": "float64", "data": [[14.0, 0.77, -0.180448], [15.0, 0.79, -0.167964]]}], "gw_kppa": 250, "gw_kpt_grid": {"@module": "numpy", "@class": "array", "dtype": "int64", "data": [6, 6, 4]}, "conv_list": [[{"kppa": 0}, {"kpt_grid": "1x1x1"}, {"num_kpts": 1}, {"X_bnds": 400.0}, {"G_bnds": 400.0}, {"X_cutoff": 20.0}, {"gamma_gap": 3.7395880000000004}, {"num_gw_calc": 7}, {"wall_time": 203}, {"num_cores": 8}, {"z-factor": "None"}], [{"kppa": 0}, {"kpt_grid": "1x1x1"}, {"num_kpts": 1}, {"X_bnds": 200}, {"G_bnds": 200}, {"X_cutoff": 4}, {"gamma_gap": 8}, {"num_gw_calc": 1}, {"wall_time": 13}, {"num_cores": 8}, {"z-factor": "None"}], [{"kppa": 10}, {"kpt_grid": "2x2x2"}, {"num_kpts": 1}, {"X_bnds": 200}, {"G_bnds": 200}, {"X_cutoff": 4}, {"gamma_gap": 3.9155240000000004}, {"num_gw_calc": 2}, {"wall_time": 27}, {"num_cores": 8}, {"z-factor": {"@module": "numpy", "@class": "array", "dtype": "float64", "data": [[14.0, 0.79, -0.211328], [15.0, 0.81, -0.130218]]}}], [{"kppa": 60}, {"kpt_grid": "4x4x2"}, {"num_kpts": 1}, {"X_bnds": 200}, {"G_bnds": 200}, {"X_cutoff": 4}, {"gamma_gap": 3.9491579999999997}, {"num_gw_calc": 3}, {"wall_time": 64}, {"num_cores": 8}, {"z-factor": {"@module": "numpy", "@class": "array", "dtype": "float64",