{"@module": "pymatgen.entries.computed_entries", "@class": "ComputedEntry", "energy": 0.0, "composition": {"Ga": 2.0, "Ag": 2.0, "Te": 4.0}, "entry_id": "71007", "correction": 0.0, "energy_adjustments": [], "parameters": {"id": "71007", "name": "GaAgTe2", "ibrav": {"celldm(1)": 11.905274642499327, "ibrav": 7, "celldm(3)": 1.8952380952380954}, "vol": 1599.0131577724853, "lda_pw_cutoff_Ry": 78, "qe_conv_pbe": {"qe_conv_maxiter": 20, "qe_delta_kppa": 1500, "qe_delta_cutoff": 5, "qe_conv_thresh": 0.00029399460312357707, "qe_conv_steps": [[60, 1500, -768.570423506078], [65, 1500, -768.571154224195], [70, 1500, -768.5724885235783], [75, 1500, -768.574522514429], [80, 1500, -768.5757573289393], [85, 1500, -768.5760577913719], [90, 1500, -768.5760931051321], [90, 3000, -768.576127585575]], "qe_conv_time": 599.1988863945007}, "num_elec_pbe": 128.0, "max_mem": 90945.0, "qe_conv_lda": {"qe_conv_maxiter": 20, "qe_delta_kppa": 1500, "qe_delta_cutoff": 5, "qe_conv_thresh": 0.00029399460312357707, "qe_conv_steps": [[78, 1500, -881.2238055674142], [83, 1500, -881.2241672833377], [88, 1500, -881.2242540782202], [88, 3000, -881.2243004203021]], "qe_conv_time": 308.4996404647827}, "num_elec_lda": 128.0, "bg_conv_pbe": {"bg_conv_maxiter": 20, "bg_delta_kppa": 1500, "bg_delta_cutoff": 5, "bg_conv_thresh": 0.025, "bg_conv_steps": [[90, 3000, 0.3075617698582802], [90, 6000, 0.30761705052076393]], "bg_conv_time": 343.11496806144714}, "indirect_gap_pbe": 0.3075702930278598, "bg_conv_lda": {"bg_conv_maxiter": 20, "bg_delta_kppa": 1500, "bg_delta_cutoff": 5, "bg_conv_thresh": 0.025, "bg_conv_steps": [[88, 3000, 0.09509256316830152], [88, 6000, 0.09510328211671369]], "bg_conv_time": 281.73489117622375}, "indirect_gap_lda": 0.09508951453125329, "gw_conv_pbe": {"gw_conv_thr": 0.025, "gw_bnd_start": 200, "gw_bnd_step": 100, "gw_cut_start": 4, "gw_cut_step": 4, "kpt_bnd_idx": {"@module": "numpy", "@class": "array", "dtype": "int64", "data": [1, 1, 64, 65]}, "gw_bands": 200, "gw_cutoff": 4, "w_conv_grid": [[200, 4, 0.715243], [300, 4, 0.654794], [400, 4, 0.624268], [500, 4, 0.608047], [500, 8, 0.643996], [500, 8, 0.643996], [500, 12, 0.6613429999999999], [500, 12, 0.6613429999999999], [600, 12, 0.646811], [600, 16, 0.6551929999999999], [600, 16, 0.6551929999999999]], "pwcutoff": 90, "w_conv_time": [15.14580774307251, 16.459364652633667, 17.467960834503174, 19.097315788269043, 27.016878604888916, 27.01907968521118, 49.47003650665283, 49.47198486328125, 55.728761434555054, 103.9703676700592, 103.97183418273926], "w_ngw": 8, "w_z_factor": [{"@module": "numpy", "@class": "array", "dtype": "float64", "data": [[64.0, 0.81, -0.121691], [65.0, 0.81, -0.122632]]}, {"@module": "numpy", "@class": "array", "dtype": "float64", "data": [[64.0, 0.81, -0.117196], [65.0, 0.81, -0.118929]]}, {"@module": "numpy", "@class": "array", "dtype": "float64", "data": [[64.0, 0.81, -0.115986], [65.0, 0.81, -0.118296]]}, {"@module": "numpy", "@class": "array", "dtype": "float64", "data": [[64.0, 0.81, -0.114796], [65.0, 0.81, -0.116655]]}, {"@module": "numpy", "@class": "array", "dtype": "float64", "data": [[64.0, 0.8, -0.115427], [65.0, 0.81, -0.117661]]}, {"@module": "numpy", "@class": "array", "dtype": "float64", "data": [[64.0, 0.8, -0.115362], [65.0, 0.81, -0.117802]]}, {"@module": "numpy", "@class": "array", "dtype": "float64", "data": [[64.0, 0.8, -0.115198], [65.0, 0.81, -0.116949]]}, {"@module": "numpy", "@class": "array", "dtype": "float64", "data": [[64.0, 0.8, -0.115207], [65.0, 0.81, -0.116101]]}], "gw_kppa": 1000, "gw_kpt_grid": {"@module": "numpy", "@class": "array", "dtype": "int64", "data": [6, 6, 6]}, "conv_list": [[{"kppa": 0}, {"kpt_grid": "1x1x1"}, {"num_kpts": 1}, {"X_bnds": 600.0}, {"G_bnds": 600.0}, {"X_cutoff": 16.0}, {"gamma_gap": 0.6551929999999999}, {"num_gw_calc": 8}, {"wall_time": 855}, {"num_cores": 8}, {"z-factor": "None"}], [{"kppa": 0}, {"kpt_grid": "1x1x1"}, {"num_kpts": 1}, {"X_bnds": 200}, {"G_bnds": 200}, {"X_cutoff": 4}, {"gamma_gap": 4}, {"num_gw_calc": 1}, {"wall_time": 16}, {"num_cores": 8}, {"z-factor": "None"}], [{"kppa": 10}, {"kpt_grid": "2x2x2"}, {"num_kpts": 1}, {"X_bnds": 200}, {"G_bnds": 200}, {"X_cutoff": 4}, {"gamma_gap": 0.9283440000000001}, {"num_gw_calc": 2}, {"wall_time": 109}, {"num_cores": 8}, {"z-factor": {"@module": "numpy", "@class": "array", "dtype": "float64", "data": [[64.0, 0.8, -0.148856], [65.0, 0.8, -0.146484]]}}], [{"kppa": 220}, {"kpt_grid": "4x4x4"}, {"num_kpts": 1}, {"X_bnds": 200}, {"G_bnds": 200}, {"X_cutoff": 4}, {"gamma_gap": 0.9764700000000001}, {"num_gw_calc": 3}, {"wall_time": 1945}, {"num_cores": 8}, {"z-factor": {"@module": "numpy", "@class": "array", "dtype": "float64", "data": [[64.0, 0.8, -0.149738], [65.0, 0.8, -0.14487]]}}], [{"kppa": 1000}, {"kpt_grid": "6x6x6"}, {"num_kpts": 1}, {"X_bnds": 200}, {"G_bnds": 200}, {"X_cutoff": 4}, {"gamma_gap": 1.000403}, {"num_gw_calc": 4}, {"wall_time": 6228}, {"num_cores": 32}, {"z-factor": {"@module": "numpy", "@class": "array", "dtype": "float64", "data": [[64.0, 0.8, -0.148056], [65.0, 0.8, -0.142527]]}}]], "conv_time": 9134.187983512878}, "gw_band_range_pbe": [1, 72], "gw_conv_lda": {"gw_conv_thr": 0.025, "gw_bnd_start": 200, "gw_bnd_step": 100, "gw_cut_start": 4, "gw_cut_step": 4, "kpt_bnd_idx": {"@module": "numpy", "@class": "array", "dtype": "int64", "data": [1, 1, 64, 65]}, "gw_bands": 200, "gw_cutoff": 4, "w_conv_grid": [[200, 4, 0.7173499999999999], [300, 4, 0.6646230000000001], [400, 4, 0.638863], [500, 4, 0.6252420000000001], [500, 8, 0.6462209999999999], [500, 8, 0.6462209999999999], [600, 8, 0.633716], [600, 12, 0.64781], [600, 12, 0.64781]], "pwcutoff": 88, "w_conv_time": [13.758382320404053, 14.999931812286377, 17.40049386024475, 19.441258907318115, 26.351693630218506, 26.352558851242065, 29.12502908706665, 58.31116271018982, 58.3129677772522], "w_ngw": 7, "w_z_factor": [{"@module": "numpy", "@class": "array", "dtype": "float64", "data": [[64.0, 0.81, -0.108182], [65.0, 0.82, -0.110568]]}, {"@module": "numpy", "@class": "array", "dtype": "float64", "data": [[64.0, 0.82, -0.10406], [65.0, 0.82, -0.107094]]}, {"@module": "numpy", "@class": "array", "dtype": "float64", "data": [[64.0, 0.82, -0.104396], [65.0, 0.82, -0.108091]]}, {"@module": "numpy", "@class": "array", "dtype": "float64", "data": [[64.0, 0.82, -0.101382], [65.0, 0.82, -0.106516]]}, {"@module": "numpy", "@class": "array", "dtype": "float64", "data": [[64.0, 0.81, -0.10316], [65.0, 0.82, -0.107817]]}, {"@module": "numpy", "@class": "array", "dtype": "float64", "data": [[64.0, 0.81, -0.103353], [65.0, 0.82, -0.107943]]}, {"@module": "numpy", "@class": "array", "dtype": "float64", "data": [[64.0, 0.81, -0.10244], [65.0, 0.82, -0.108216]]}], "gw_kppa": 1000, "gw_kpt_grid": {"@module": "numpy", "@class": "array", "dtype": "int64", "data": [6, 6, 6]}, "conv_list": [[{"kppa": 0}, {"kpt_grid": "1x1x1"}, {"num_kpts": 1}, {"X_bnds": 600.0}, {"G_bnds": 600.0}, {"X_cutoff": 12.0}, {"gamma_gap": 0.64781}, {"num_gw_calc": 7}, {"wall_time": 606}, {"num_cores": 8}, {"z-factor": "None"}], [{"kppa": 0}, {"kpt_grid": "1x1x1"}, {"num_kpts": 1}, {"X_bnds": 200}, {"G_bnds": 200}, {"X_cutoff": 4}, {"gamma_gap": 4}, {"num_gw_calc": 1}, {"wall_time": 14}, {"num_cores": 8}, {"z-factor": "None"}], [{"kppa": 10}, {"kpt_grid": "2x2x2"}, {"num_kpts": 1}, {"X_bnds": 200}, {"G_bnds": 200}, {"X_cutoff": 4}, {"gamma_gap": 0.912633}, {"num_gw_calc": 2}, {"wall_time": 113}, {"num_cores": 8}, {"z-factor": {"@module": "numpy", "@class": "array", "dtype": "float64", "data": [[64.0, 0.79, -0.147444], [65.0, 0.8, -0.143831]]}}], [{"kppa": 220}, {"kpt_grid": "4x4x4"}, {"num_kpts": 1}, {"X_bnds": 200}, {"G_bnds": 200}, {"X_cutoff": 4}, {"gamma_gap": 0.9411799999999999}, {"num_gw_calc": 3}, {"wall_time": 2056}, {"num_cores": 8}, {"z-factor": {"@module": "numpy", "@class": "array", "dtype": "float64",