{"@module": "pymatgen.entries.computed_entries", "@class": "ComputedEntry", "energy": 0.0, "composition": {"Ta": 1.0, "Cu": 1.0, "N": 2.0}, "entry_id": "71136", "correction": 0.0, "energy_adjustments": [], "parameters": {"id": "71136", "name": "TaCuN2", "ibrav": {"celldm(1)": 11.50488784635047, "ibrav": 5, "celldm(4)": 0.8673353938991905}, "vol": 334.08329911813223, "lda_pw_cutoff_Ry": 76, "qe_conv_pbe": {"qe_conv_maxiter": 20, "qe_delta_kppa": 1500, "qe_delta_cutoff": 5, "qe_conv_thresh": 0.00014699730156178854, "qe_conv_steps": [[60, 1500, -450.8175307647481], [65, 1500, -450.8502004876521], [70, 1500, -450.8608794911291], [75, 1500, -450.8636210016726], [80, 1500, -450.8641077960501], [85, 1500, -450.8641642516688], [85, 3000, -450.8642161057401]], "qe_conv_time": 221.62184071540833}, "num_elec_pbe": 56.00000000000001, "max_mem": 160354.0, "qe_conv_lda": {"qe_conv_maxiter": 20, "qe_delta_kppa": 1500, "qe_delta_cutoff": 5, "qe_conv_thresh": 0.00014699730156178854, "qe_conv_steps": [[76, 1500, -275.3760008182111], [81, 1500, -275.3785713439832], [86, 1500, -275.3791736927057], [91, 1500, -275.3792732043189], [91, 3000, -275.3793302971422]], "qe_conv_time": 141.32662510871887}, "num_elec_lda": 42.0, "bg_conv_pbe": {"bg_conv_maxiter": 20, "bg_delta_kppa": 1500, "bg_delta_cutoff": 5, "bg_conv_thresh": 0.025, "bg_conv_steps": [[85, 3000, 1.008219810954075], [85, 6000, 0.9308016042214806], [85, 9000, 0.9475306445985189]], "bg_conv_time": 169.9581892490387}, "indirect_gap_pbe": 0.9472901064498236, "bg_conv_lda": {"bg_conv_maxiter": 20, "bg_delta_kppa": 1500, "bg_delta_cutoff": 5, "bg_conv_thresh": 0.025, "bg_conv_steps": [[91, 3000, 0.9385788378080028], [91, 6000, 0.8516430542205289], [91, 9000, 0.8626935821058845]], "bg_conv_time": 116.20124793052673}, "indirect_gap_lda": 0.8624191732134217, "gw_conv_pbe": {"gw_conv_thr": 0.025, "gw_bnd_start": 200, "gw_bnd_step": 100, "gw_cut_start": 4, "gw_cut_step": 4, "kpt_bnd_idx": {"@module": "numpy", "@class": "array", "dtype": "int64", "data": [1, 1, 28, 29]}, "gw_bands": 200, "gw_cutoff": 4, "w_conv_grid": [[200, 4, 1.384001], [300, 4, 1.373024], [300, 8, 1.69558], [300, 8, 1.69558], [300, 12, 1.808415], [300, 12, 1.808415], [300, 16, 1.885925], [300, 16, 1.885925], [300, 20, 1.940147], [300, 20, 1.940147], [300, 24, 1.992931], [300, 24, 1.992931], [300, 28, 2.020721], [300, 28, 2.020721], [300, 32, 2.034736], [300, 32, 2.034736], [400, 32, 2.055854], [400, 36, 2.067457], [400, 36, 2.067457], [500, 36, 2.083306], [500, 40, 2.094927237], [500, 40, 2.094927237], [600, 40, 2.104796], [600, 44, 2.109807], [600, 44, 2.109807]], "pwcutoff": 85, "w_conv_time": [11.268288373947144, 11.278939008712769, 11.693490982055664, 11.694878101348877, 11.79177212715149, 11.793312549591064, 12.287457466125488, 12.289376020431519, 13.42384123802185, 13.425788879394531, 15.11417031288147, 15.11548900604248, 16.628227472305298, 16.629565000534058, 19.680595874786377, 19.682161331176758, 22.147310972213745, 25.42391300201416, 25.425740480422974, 28.89966893196106, 34.65425252914429, 34.661508560180664, 40.205464601516724, 47.711244106292725, 47.712416887283325], "w_ngw": 15, "w_z_factor": [{"@module": "numpy", "@class": "array", "dtype": "float64", "data": [[28.0, 0.78, -0.119977], [29.0, 0.79, -0.117273]]}, {"@module": "numpy", "@class": "array", "dtype": "float64", "data": [[28.0, 0.78, -0.118252], [29.0, 0.79, -0.11373]]}, {"@module": "numpy", "@class": "array", "dtype": "float64", "data": [[28.0, 0.77, -0.118289], [29.0, 0.78, -0.116573]]}, {"@module": "numpy", "@class": "array", "dtype": "float64", "data": [[28.0, 0.77, -0.118322], [29.0, 0.78, -0.117659]]}, {"@module": "numpy", "@class": "array", "dtype": "float64", "data": [[28.0, 0.77, -0.118708], [29.0, 0.77, -0.117601]]}, {"@module": "numpy", "@class": "array", "dtype": "float64", "data": [[28.0, 0.77, -0.118455], [29.0, 0.77, -0.118198]]}, {"@module": "numpy", "@class": "array", "dtype": "float64", "data": [[28.0, 0.77, -0.120559], [29.0, 0.77, -0.126904]]}, {"@module": "numpy", "@class": "array", "dtype": "float64", "data": [[28.0, 0.77, -0.118631], [29.0, 0.77, -0.125256]]}, {"@module": "numpy", "@class": "array", "dtype": "float64", "data": [[28.0, 0.77, -0.118838], [29.0, 0.77, -0.123068]]}, {"@module": "numpy", "@class": "array", "dtype": "float64", "data": [[28.0, 0.77, -0.116512], [29.0, 0.77, -0.123286]]}, {"@module": "numpy", "@class": "array", "dtype": "float64", "data": [[28.0, 0.77, -0.11766], [29.0, 0.77, -0.129093]]}, {"@module": "numpy", "@class": "array", "dtype": "float64", "data": [[28.0, 0.77, -0.116685], [29.0, 0.77, -0.121548]]}, {"@module": "numpy", "@class": "array", "dtype": "float64", "data": [[28.0, 0.77, -0.116539], [29.0, 0.77, -0.126373]]}, {"@module": "numpy", "@class": "array", "dtype": "float64", "data": [[28.0, 0.77, -0.116274], [29.0, 0.77, -0.127441]]}, {"@module": "numpy", "@class": "array", "dtype": "float64", "data": [[28.0, 0.77, -0.115914], [29.0, 0.77, -0.127927]]}], "gw_kppa": 510, "gw_kpt_grid": {"@module": "numpy", "@class": "array", "dtype": "int64", "data": [6, 6, 6]}, "conv_list": [[{"kppa": 0}, {"kpt_grid": "1x1x1"}, {"num_kpts": 1}, {"X_bnds": 600.0}, {"G_bnds": 600.0}, {"X_cutoff": 44.0}, {"gamma_gap": 2.109807}, {"num_gw_calc": 15}, {"wall_time": 627}, {"num_cores": 8}, {"z-factor": "None"}], [{"kppa": 0}, {"kpt_grid": "1x1x1"}, {"num_kpts": 1}, {"X_bnds": 200}, {"G_bnds": 200}, {"X_cutoff": 4}, {"gamma_gap": 8}, {"num_gw_calc": 1}, {"wall_time": 12}, {"num_cores": 8}, {"z-factor": "None"}], [{"kppa": 10}, {"kpt_grid": "2x2x2"}, {"num_kpts": 1}, {"X_bnds": 200}, {"G_bnds": 200}, {"X_cutoff": 4}, {"gamma_gap": 1.280978}, {"num_gw_calc": 2}, {"wall_time": 30}, {"num_cores": 8}, {"z-factor": {"@module": "numpy", "@class": "array", "dtype": "float64", "data": [[28.0, 0.79, -0.125853], [29.0, 0.8, -0.168404]]}}], [{"kppa": 110}, {"kpt_grid": "4x4x4"}, {"num_kpts": 1}, {"X_bnds": 200}, {"G_bnds": 200}, {"X_cutoff": 4}, {"gamma_gap": 1.3836499999999998}, {"num_gw_calc": 3}, {"wall_time": 813}, {"num_cores": 8}, {"z-factor": {"@module": "numpy", "@class": "array", "dtype": "float64", "data": [[28.0, 0.79, -0.118184], [29.0, 0.79, -0.116932]]}}], [{"kppa": 510}, {"kpt_grid": "6x6x6"}, {"num_kpts": 1}, {"X_bnds": 200}, {"G_bnds": 200}, {"X_cutoff": 4}, {"gamma_gap": 1.379806}, {"num_gw_calc": 4}, {"wall_time": 1856}, {"num_cores": 32}, {"z-factor": {"@module": "numpy", "@class": "array", "dtype": "float64", "data": [[28.0, 0.79, -0.116398], [29.0, 0.79, -0.119593]]}}]], "conv_time": 3323.075902938843}, "gw_band_range_pbe": [1, 33], "gw_conv_lda": {"gw_conv_thr": 0.025, "gw_bnd_start": 200, "gw_bnd_step": 100, "gw_cut_start": 4, "gw_cut_step": 4, "kpt_bnd_idx": {"@module": "numpy", "@class": "array", "dtype": "int64", "data": [1, 1, 21, 22]}, "gw_bands": 200, "gw_cutoff": 4, "w_conv_grid": [[200, 4, 2.0288440000000003], [300, 4, 2.027131], [300, 8, 2.255248], [300, 8, 2.255248], [300, 12, 2.352496], [300, 12, 2.352496], [300, 16, 2.4169560000000003], [300, 16, 2.4169560000000003], [300, 20, 2.4633030000000002], [300, 20, 2.4633030000000002], [300, 24, 2.497625], [300, 24, 2.497625], [300, 28, 2.518374], [300, 28, 2.518374], [400, 28, 2.531454], [400, 32, 2.549465], [400, 32, 2.549465], [500, 32, 2.554874], [500, 36, 2.5713939999999997], [500, 36, 2.5713939999999997]], "pwcutoff": 91, "w_conv_time": [10.855815887451172, 11.23386812210083, 11.114707946777344, 11.116202116012573, 11.969922542572021, 11.971423387527466, 13.447625637054443, 13.45597529411316, 14.08759617805481, 14.089664459228516, 15.60391902923584, 15.607926607131958, 17.440162181854248, 17.44250798225403, 18.494943618774414, 24.416115283966064, 24.417234182357788, 23.765064001083374, 29.083985805511475, 29.0854172706604], "w_ngw": 12, "w_z_factor": [{"@module": "numpy", "@class": "array", "dtype": "float64", "data": [[21.0, 0.77, -0.136041], [22.0, 0.79, -0.114223]]}, {"@module": "numpy", "@class": "array", "dtype": "float64",