{"@module": "pymatgen.entries.computed_entries", "@class": "ComputedEntry", "energy": 0.0, "composition": {"In": 2.0, "Cu": 2.0, "Te": 4.0}, "entry_id": "74460", "correction": 0.0, "energy_adjustments": [], "parameters": {"id": "74460", "name": "InCuTe2", "ibrav": {"celldm(1)": 11.68833408234712, "ibrav": 7, "celldm(3)": 2.003330530944836}, "vol": 1599.4860736531916, "lda_pw_cutoff_Ry": 76, "qe_conv_pbe": {"qe_conv_maxiter": 20, "qe_delta_kppa": 1500, "qe_delta_cutoff": 5, "qe_conv_thresh": 0.00029399460312357707, "qe_conv_steps": [[60, 1500, -819.3504997726748], [65, 1500, -819.4103678418998], [70, 1500, -819.4290383320899], [75, 1500, -819.4334808271097], [80, 1500, -819.4341363334436], [85, 1500, -819.4341826814748], [85, 3000, -819.4342266662312]], "qe_conv_time": 529.9500353336334}, "num_elec_pbe": 128.0, "max_mem": 91322.0, "qe_conv_lda": {"qe_conv_maxiter": 20, "qe_delta_kppa": 1500, "qe_delta_cutoff": 5, "qe_conv_thresh": 0.00029399460312357707, "qe_conv_steps": [[76, 1500, -929.9376387362489], [81, 1500, -929.9426467410099], [86, 1500, -929.9438747863873], [91, 1500, -929.9440857145568], [91, 3000, -929.9441260926766]], "qe_conv_time": 424.7882978916168}, "num_elec_lda": 128.0, "bg_conv_pbe": {"bg_conv_maxiter": 20, "bg_delta_kppa": 1500, "bg_delta_cutoff": 5, "bg_conv_thresh": 0.025, "bg_conv_steps": [[85, 3000, 0.12750594208742763], [85, 6000, 0.1274990522864476]], "bg_conv_time": 340.28646326065063}, "indirect_gap_pbe": 0.12750596206623355, "bg_conv_lda": {"bg_conv_maxiter": 20, "bg_delta_kppa": 1500, "bg_delta_cutoff": 5, "bg_conv_thresh": 0.025, "bg_conv_steps": [[91, 3000, 7.489822853322521e-10], [91, 6000, 6.843982422005543e-07]], "bg_conv_time": 319.94135189056396}, "indirect_gap_lda": 6.951581215998579e-07, "gw_conv_pbe": {"gw_conv_thr": 0.025, "gw_bnd_start": 200, "gw_bnd_step": 100, "gw_cut_start": 4, "gw_cut_step": 4, "kpt_bnd_idx": {"@module": "numpy", "@class": "array", "dtype": "int64", "data": [1, 1, 64, 65]}, "gw_bands": 200, "gw_cutoff": 4, "w_conv_grid": [[200, 4, 0.45268699999999995], [300, 4, 0.37625], [400, 4, 0.3394689999999999], [500, 4, 0.31713899999999995], [500, 8, 0.24714899999999995], [500, 8, 0.24714899999999995], [500, 12, 0.23859699999999995], [500, 12, 0.23859699999999995], [600, 12, 0.22218899999999997], [600, 16, 0.216793], [600, 16, 0.216793]], "pwcutoff": 85, "w_conv_time": [12.606768608093262, 13.887578964233398, 15.723505735397339, 18.08821415901184, 25.90159511566162, 25.902265071868896, 44.6995165348053, 44.700679063797, 46.793962240219116, 106.56132555007935, 106.56241297721863], "w_ngw": 8, "w_z_factor": [{"@module": "numpy", "@class": "array", "dtype": "float64", "data": [[64.0, 0.8, -0.119364], [65.0, 0.82, -0.102476]]}, {"@module": "numpy", "@class": "array", "dtype": "float64", "data": [[64.0, 0.8, -0.11145], [65.0, 0.82, -0.98671]]}, {"@module": "numpy", "@class": "array", "dtype": "float64", "data": [[64.0, 0.8, -0.109626], [65.0, 0.82, -0.965203]]}, {"@module": "numpy", "@class": "array", "dtype": "float64", "data": [[64.0, 0.8, -0.106548], [65.0, 0.82, -0.969161]]}, {"@module": "numpy", "@class": "array", "dtype": "float64", "data": [[64.0, 0.8, -0.109699], [65.0, 0.82, -0.965197]]}, {"@module": "numpy", "@class": "array", "dtype": "float64", "data": [[64.0, 0.79, -0.11107], [65.0, 0.82, -0.964557]]}, {"@module": "numpy", "@class": "array", "dtype": "float64", "data": [[64.0, 0.79, -0.112178], [65.0, 0.82, -0.954481]]}, {"@module": "numpy", "@class": "array", "dtype": "float64", "data": [[64.0, 0.79, -0.112623], [65.0, 0.82, -0.953714]]}], "gw_kppa": 1000, "gw_kpt_grid": {"@module": "numpy", "@class": "array", "dtype": "int64", "data": [6, 6, 6]}, "conv_list": [[{"kppa": 0}, {"kpt_grid": "1x1x1"}, {"num_kpts": 1}, {"X_bnds": 600.0}, {"G_bnds": 600.0}, {"X_cutoff": 16.0}, {"gamma_gap": 0.216793}, {"num_gw_calc": 8}, {"wall_time": 1052}, {"num_cores": 8}, {"z-factor": "None"}], [{"kppa": 0}, {"kpt_grid": "1x1x1"}, {"num_kpts": 1}, {"X_bnds": 200}, {"G_bnds": 200}, {"X_cutoff": 4}, {"gamma_gap": 4}, {"num_gw_calc": 1}, {"wall_time": 13}, {"num_cores": 8}, {"z-factor": "None"}], [{"kppa": 10}, {"kpt_grid": "2x2x2"}, {"num_kpts": 1}, {"X_bnds": 200}, {"G_bnds": 200}, {"X_cutoff": 4}, {"gamma_gap": 0.6248889999999999}, {"num_gw_calc": 2}, {"wall_time": 103}, {"num_cores": 8}, {"z-factor": {"@module": "numpy", "@class": "array", "dtype": "float64", "data": [[64.0, 0.78, -0.156913], [65.0, 0.8, -0.141241]]}}], [{"kppa": 220}, {"kpt_grid": "4x4x4"}, {"num_kpts": 1}, {"X_bnds": 200}, {"G_bnds": 200}, {"X_cutoff": 4}, {"gamma_gap": 0.655308}, {"num_gw_calc": 3}, {"wall_time": 2408}, {"num_cores": 8}, {"z-factor": {"@module": "numpy", "@class": "array", "dtype": "float64", "data": [[64.0, 0.77, -0.165456], [65.0, 0.8, -0.147794]]}}], [{"kppa": 1000}, {"kpt_grid": "6x6x6"}, {"num_kpts": 1}, {"X_bnds": 200}, {"G_bnds": 200}, {"X_cutoff": 4}, {"gamma_gap": 0.6654979999999999}, {"num_gw_calc": 4}, {"wall_time": 6995}, {"num_cores": 32}, {"z-factor": {"@module": "numpy", "@class": "array", "dtype": "float64", "data": [[64.0, 0.77, -0.164861], [65.0, 0.8, -0.146576]]}}]], "conv_time": 10555.153238773346}, "gw_band_range_pbe": [1, 71], "gw_conv_lda": {"gw_conv_thr": 0.025, "gw_bnd_start": 200, "gw_bnd_step": 100, "gw_cut_start": 4, "gw_cut_step": 4, "kpt_bnd_idx": {"@module": "numpy", "@class": "array", "dtype": "int64", "data": [1, 1, 64, 65]}, "gw_bands": 200, "gw_cutoff": 4, "w_conv_grid": [[200, 4, 0.010611999999999996], [300, 4, 0.010244000000000003], [300, 8, 0.011276999999999981], [300, 8, 0.011276999999999981]], "pwcutoff": 91, "w_conv_time": [11.662001371383667, 12.843276500701904, 17.23549747467041, 17.23655414581299], "w_ngw": 3, "w_z_factor": [{"@module": "numpy", "@class": "array", "dtype": "float64", "data": [[64.0, 0.78, -0.141387], [65.0, 0.78, -0.142276]]}, {"@module": "numpy", "@class": "array", "dtype": "float64", "data": [[64.0, 0.78, -0.139784], [65.0, 0.78, -0.140759]]}, {"@module": "numpy", "@class": "array", "dtype": "float64", "data": [[64.0, 0.77, -0.138978], [65.0, 0.77, -0.140475]]}], "gw_kppa": 10, "gw_kpt_grid": {"@module": "numpy", "@class": "array", "dtype": "int64", "data": [2, 2, 2]}, "conv_list": [[{"kppa": 0}, {"kpt_grid": "1x1x1"}, {"num_kpts": 1}, {"X_bnds": 300.0}, {"G_bnds": 300.0}, {"X_cutoff": 8.0}, {"gamma_gap": 0.011276999999999981}, {"num_gw_calc": 3}, {"wall_time": 504}, {"num_cores": 8}, {"z-factor": "None"}], [{"kppa": 0}, {"kpt_grid": "1x1x1"}, {"num_kpts": 1}, {"X_bnds": 200}, {"G_bnds": 200}, {"X_cutoff": 4}, {"gamma_gap": 8}, {"num_gw_calc": 1}, {"wall_time": 12}, {"num_cores": 8}, {"z-factor": "None"}], [{"kppa": 10}, {"kpt_grid": "2x2x2"}, {"num_kpts": 1}, {"X_bnds": 200}, {"G_bnds": 200}, {"X_cutoff": 4}, {"gamma_gap": 0.00040600000000001746}, {"num_gw_calc": 2}, {"wall_time": 94}, {"num_cores": 8}, {"z-factor": {"@module": "numpy", "@class": "array", "dtype": "float64", "data": [[64.0, 0.77, -0.170771], [65.0, 0.77, -0.170761]]}}]], "conv_time": 597.3985142707825}, "gw_band_range_lda": [1, 71]}, "data": {}}