{"@module": "pymatgen.entries.computed_entries", "@class": "ComputedEntry", "energy": 0.0, "composition": {"Li": 1.0, "Zn": 1.0, "As": 1.0}, "entry_id": "74504", "correction": 0.0, "energy_adjustments": [], "parameters": {"id": "74504", "name": "LiZnAs", "ibrav": {"celldm(1)": 11.22308350822278, "ibrav": 2}, "vol": 353.40817545475716, "lda_pw_cutoff_Ry": 68, "qe_conv_pbe": {"qe_conv_maxiter": 20, "qe_delta_kppa": 1500, "qe_delta_cutoff": 5, "qe_conv_thresh": 0.00011024797617134141, "qe_conv_steps": [[60, 1500, -213.6868226934266], [65, 1500, -213.6882040097439], [70, 1500, -213.688284930112], [70, 3000, -213.6883579918032]], "qe_conv_time": 20.93973469734192}, "num_elec_pbe": 28.0, "max_mem": 38105.0, "qe_conv_lda": {"qe_conv_maxiter": 20, "qe_delta_kppa": 1500, "qe_delta_cutoff": 5, "qe_conv_thresh": 0.00011024797617134141, "qe_conv_steps": [[68, 1500, -322.0416381938981], [73, 1500, -322.0508174590126], [78, 1500, -322.0525277819518], [83, 1500, -322.0526989960483], [88, 1500, -322.0527081004994], [88, 3000, -322.0527923921571]], "qe_conv_time": 31.52033543586731}, "num_elec_lda": 38.0, "bg_conv_pbe": {"bg_conv_maxiter": 20, "bg_delta_kppa": 1500, "bg_delta_cutoff": 5, "bg_conv_thresh": 0.025, "bg_conv_steps": [[70, 3000, 0.5964120622633644], [70, 4500, 0.5965578276466608]], "bg_conv_time": 11.129978895187378}, "indirect_gap_pbe": 0.5964133864762682, "bg_conv_lda": {"bg_conv_maxiter": 20, "bg_delta_kppa": 1500, "bg_delta_cutoff": 5, "bg_conv_thresh": 0.025, "bg_conv_steps": [[88, 3000, 0.401287593736146], [88, 4500, 0.4015524695861475]], "bg_conv_time": 12.414106130599976}, "indirect_gap_lda": 0.40128576677550953, "gw_conv_pbe": {"gw_conv_thr": 0.025, "gw_bnd_start": 200, "gw_bnd_step": 100, "gw_cut_start": 4, "gw_cut_step": 4, "kpt_bnd_idx": {"@module": "numpy", "@class": "array", "dtype": "int64", "data": [1, 1, 14, 15]}, "gw_bands": 200, "gw_cutoff": 4, "w_conv_grid": [[200, 4, 0.433264], [300, 4, 0.424185], [300, 8, 0.500776], [300, 8, 0.500776], [300, 12, 0.515379], [300, 12, 0.515379], [400, 12, 0.503946], [400, 16, 0.509523], [400, 16, 0.509523]], "pwcutoff": 70, "w_conv_time": [11.895768880844116, 12.391220808029175, 11.302887439727783, 11.30401086807251, 11.935085535049438, 11.9359712600708, 13.52724575996399, 13.421953201293945, 13.423582553863525], "w_ngw": 6, "w_z_factor": [{"@module": "numpy", "@class": "array", "dtype": "float64", "data": [[14.0, 0.83, -0.746743], [15.0, 0.83, -0.835994]]}, {"@module": "numpy", "@class": "array", "dtype": "float64", "data": [[14.0, 0.83, -0.737748], [15.0, 0.83, -0.832608]]}, {"@module": "numpy", "@class": "array", "dtype": "float64", "data": [[14.0, 0.82, -0.726033], [15.0, 0.83, -0.843747]]}, {"@module": "numpy", "@class": "array", "dtype": "float64", "data": [[14.0, 0.82, -0.594926], [15.0, 0.83, -0.859158]]}, {"@module": "numpy", "@class": "array", "dtype": "float64", "data": [[14.0, 0.82, -0.574626], [15.0, 0.83, -0.872497]]}, {"@module": "numpy", "@class": "array", "dtype": "float64", "data": [[14.0, 0.82, -0.598563], [15.0, 0.83, -0.868677]]}], "gw_kppa": 380, "gw_kpt_grid": {"@module": "numpy", "@class": "array", "dtype": "int64", "data": [6, 6, 6]}, "conv_list": [[{"kppa": 0}, {"kpt_grid": "1x1x1"}, {"num_kpts": 1}, {"X_bnds": 400.0}, {"G_bnds": 400.0}, {"X_cutoff": 16.0}, {"gamma_gap": 0.509523}, {"num_gw_calc": 6}, {"wall_time": 158}, {"num_cores": 8}, {"z-factor": "None"}], [{"kppa": 0}, {"kpt_grid": "1x1x1"}, {"num_kpts": 1}, {"X_bnds": 200}, {"G_bnds": 200}, {"X_cutoff": 4}, {"gamma_gap": 8}, {"num_gw_calc": 1}, {"wall_time": 12}, {"num_cores": 8}, {"z-factor": "None"}], [{"kppa": 10}, {"kpt_grid": "2x2x2"}, {"num_kpts": 1}, {"X_bnds": 200}, {"G_bnds": 200}, {"X_cutoff": 4}, {"gamma_gap": 1.079017}, {"num_gw_calc": 2}, {"wall_time": 21}, {"num_cores": 8}, {"z-factor": {"@module": "numpy", "@class": "array", "dtype": "float64", "data": [[14.0, 0.8, -0.12341], [15.0, 0.81, -0.123226]]}}], [{"kppa": 90}, {"kpt_grid": "4x4x4"}, {"num_kpts": 1}, {"X_bnds": 200}, {"G_bnds": 200}, {"X_cutoff": 4}, {"gamma_gap": 1.035286}, {"num_gw_calc": 3}, {"wall_time": 48}, {"num_cores": 8}, {"z-factor": {"@module": "numpy", "@class": "array", "dtype": "float64", "data": [[14.0, 0.79, -0.147139], [15.0, 0.8, -0.144834]]}}], [{"kppa": 380}, {"kpt_grid": "6x6x6"}, {"num_kpts": 1}, {"X_bnds": 200}, {"G_bnds": 200}, {"X_cutoff": 4}, {"gamma_gap": 1.039715}, {"num_gw_calc": 4}, {"wall_time": 70}, {"num_cores": 32}, {"z-factor": {"@module": "numpy", "@class": "array", "dtype": "float64", "data": [[14.0, 0.79, -0.148889], [15.0, 0.8, -0.145621]]}}]], "conv_time": 294.51779294013977}, "gw_band_range_pbe": [1, 19], "gw_conv_lda": {"gw_conv_thr": 0.025, "gw_bnd_start": 200, "gw_bnd_step": 100, "gw_cut_start": 4, "gw_cut_step": 4, "kpt_bnd_idx": {"@module": "numpy", "@class": "array", "dtype": "int64", "data": [1, 1, 19, 20]}, "gw_bands": 200, "gw_cutoff": 4, "w_conv_grid": [[200, 4, 1.101454], [300, 4, 1.107338], [300, 8, 1.171227], [300, 8, 1.171227], [300, 12, 1.194768], [300, 12, 1.194768], [400, 12, 1.190719], [400, 16, 1.200998], [400, 16, 1.200998]], "pwcutoff": 88, "w_conv_time": [12.430682897567749, 11.828119277954102, 11.560435056686401, 11.5643630027771, 12.675055742263794, 12.676532745361328, 12.551228523254395, 12.815577030181885, 12.816587924957275], "w_ngw": 6, "w_z_factor": [{"@module": "numpy", "@class": "array", "dtype": "float64", "data": [[19.0, 0.83, -0.140364], [20.0, 0.84, -0.136334]]}, {"@module": "numpy", "@class": "array", "dtype": "float64", "data": [[19.0, 0.84, -0.677747], [20.0, 0.84, -0.803452]]}, {"@module": "numpy", "@class": "array", "dtype": "float64", "data": [[19.0, 0.83, -0.686258], [20.0, 0.84, -0.836184]]}, {"@module": "numpy", "@class": "array", "dtype": "float64", "data": [[19.0, 0.83, -0.641707], [20.0, 0.84, -0.837213]]}, {"@module": "numpy", "@class": "array", "dtype": "float64", "data": [[19.0, 0.83, -0.660949], [20.0, 0.84, -0.828036]]}, {"@module": "numpy", "@class": "array", "dtype": "float64", "data": [[19.0, 0.83, -0.648163], [20.0, 0.84, -0.827592]]}], "gw_kppa": 380, "gw_kpt_grid": {"@module": "numpy", "@class": "array", "dtype": "int64", "data": [6, 6, 6]}, "conv_list": [[{"kppa": 0}, {"kpt_grid": "1x1x1"}, {"num_kpts": 1}, {"X_bnds": 400.0}, {"G_bnds": 400.0}, {"X_cutoff": 16.0}, {"gamma_gap": 1.200998}, {"num_gw_calc": 6}, {"wall_time": 142}, {"num_cores": 8}, {"z-factor": "None"}], [{"kppa": 0}, {"kpt_grid": "1x1x1"}, {"num_kpts": 1}, {"X_bnds": 200}, {"G_bnds": 200}, {"X_cutoff": 4}, {"gamma_gap": 8}, {"num_gw_calc": 1}, {"wall_time": 13}, {"num_cores": 8}, {"z-factor": "None"}], [{"kppa": 10}, {"kpt_grid": "2x2x2"}, {"num_kpts": 1}, {"X_bnds": 200}, {"G_bnds": 200}, {"X_cutoff": 4}, {"gamma_gap": 1.568645}, {"num_gw_calc": 2}, {"wall_time": 21}, {"num_cores": 8}, {"z-factor": {"@module": "numpy", "@class": "array", "dtype": "float64", "data": [[19.0, 0.81, -0.112521], [20.0, 0.81, -0.110331]]}}], [{"kppa": 90}, {"kpt_grid": "4x4x4"}, {"num_kpts": 1}, {"X_bnds": 200}, {"G_bnds": 200}, {"X_cutoff": 4}, {"gamma_gap": 1.436874}, {"num_gw_calc": 3}, {"wall_time": 68}, {"num_cores": 8}, {"z-factor": {"@module": "numpy", "@class": "array", "dtype": "float64", "data": [[19.0, 0.79, -0.139662], [20.0, 0.8, -0.138334]]}}], [{"kppa": 380}, {"kpt_grid": "6x6x6"}, {"num_kpts": 1}, {"X_bnds": 200}, {"G_bnds": 200}, {"X_cutoff": 4}, {"gamma_gap": 1.424166}, {"num_gw_calc": 4}, {"wall_time": 103}, {"num_cores": 32}, {"z-factor": {"@module": "numpy", "@class": "array", "dtype": "float64", "data": [[19.0, 0.79, -0.142186], [20.0, 0.8, -0.14047]]}}]], "conv_time": 332.6345512866974}, "gw_band_range_lda": [1, 24], "g0w0_ppa_pbe": {"gw_direct_gap": 1.065596, "kppa": 1030, "kpt_grid": "8x8x8", "num_kpt": 29, "bands_in X": 500, "bands_in_G": 500, "cutoff": 20, "z_factor": [[14.0, 0.79, -0.00147536], [15.0, 0.79, -0.0014348]], "scissor": 0.469695, "ncpu": 32, "calc_time": 1447.7190639972687}, "g0w0_ppa_lda": {"gw_direct_gap": 1.3873319999999998, "kppa": 1030, "kpt_grid": "8x8x8",