{"@module": "pymatgen.entries.computed_entries", "@class": "ComputedEntry", "energy": 0.0, "composition": {"Bi": 4.0, "Se": 4.0, "Br": 4.0}, "entry_id": "76649", "correction": 0.0, "energy_adjustments": [], "parameters": {"id": "76649", "name": "BiSeBr", "ibrav": {"celldm(1)": 7.766774409630514, "ibrav": 8, "celldm(2)": 1.9902676399026766, "celldm(3)": 2.5474452554744524}, "vol": 2375.409093087777, "lda_pw_cutoff_Ry": 78, "qe_conv_pbe": {"qe_conv_maxiter": 20, "qe_delta_kppa": 1500, "qe_delta_cutoff": 5, "qe_conv_thresh": 0.00044099190468536564, "qe_conv_steps": [[60, 1500, -363.7717556484879], [65, 1500, -363.7718168072478], [65, 3000, -363.7718191431309]], "qe_conv_time": 345.931978225708}, "num_elec_pbe": 112.0, "max_mem": 80419.0, "qe_conv_lda": {"qe_conv_maxiter": 20, "qe_delta_kppa": 1500, "qe_delta_cutoff": 5, "qe_conv_thresh": 0.00044099190468536564, "qe_conv_steps": [[78, 1500, -875.6609420246887], [83, 1500, -875.6614687074057], [88, 1500, -875.6615169938009], [88, 3000, -875.661520198986]], "qe_conv_time": 531.8608231544495}, "num_elec_lda": 152.0, "bg_conv_pbe": {"bg_conv_maxiter": 20, "bg_delta_kppa": 1500, "bg_delta_cutoff": 5, "bg_conv_thresh": 0.025, "bg_conv_steps": [[65, 3000, 1.0048852463184597], [65, 4500, 1.0048750666673691]], "bg_conv_time": 315.60861444473267}, "indirect_gap_pbe": 1.0048750218539455, "bg_conv_lda": {"bg_conv_maxiter": 20, "bg_delta_kppa": 1500, "bg_delta_cutoff": 5, "bg_conv_thresh": 0.025, "bg_conv_steps": [[88, 3000, 0.912273073183028], [88, 4500, 0.9122726062548169]], "bg_conv_time": 363.78484749794006}, "indirect_gap_lda": 0.9122736914362656, "gw_conv_pbe": {"gw_conv_thr": 0.025, "gw_bnd_start": 200, "gw_bnd_step": 100, "gw_cut_start": 4, "gw_cut_step": 4, "kpt_bnd_idx": {"@module": "numpy", "@class": "array", "dtype": "int64", "data": [1, 1, 56, 57]}, "gw_bands": 200, "gw_cutoff": 4, "w_conv_grid": [[200, 4, 1.2827600000000001], [300, 4, 1.292526], [300, 8, 1.3890339999999999], [300, 8, 1.3890339999999999], [300, 12, 1.406404], [300, 12, 1.406404], [400, 12, 1.43329], [500, 12, 1.44711], [500, 16, 1.454841], [500, 16, 1.454841], [600, 16, 1.4647579999999998], [600, 20, 1.467393], [600, 20, 1.467393]], "pwcutoff": 65, "w_conv_time": [14.776459693908691, 15.967981100082397, 29.553403854370117, 29.55448627471924, 62.463656187057495, 62.46479320526123, 69.91401648521423, 78.82012343406677, 160.18961715698242, 160.19157218933105, 177.8296594619751, 345.6124310493469, 345.6138298511505], "w_ngw": 9, "w_z_factor": [{"@module": "numpy", "@class": "array", "dtype": "float64", "data": [[56.0, 0.78, -0.164528], [57.0, 0.8, -0.153818]]}, {"@module": "numpy", "@class": "array", "dtype": "float64", "data": [[56.0, 0.78, -0.161148], [57.0, 0.8, -0.147107]]}, {"@module": "numpy", "@class": "array", "dtype": "float64", "data": [[56.0, 0.78, -0.16246], [57.0, 0.79, -0.148185]]}, {"@module": "numpy", "@class": "array", "dtype": "float64", "data": [[56.0, 0.78, -0.1626], [57.0, 0.79, -0.145999]]}, {"@module": "numpy", "@class": "array", "dtype": "float64", "data": [[56.0, 0.78, -0.162479], [57.0, 0.79, -0.145934]]}, {"@module": "numpy", "@class": "array", "dtype": "float64", "data": [[56.0, 0.78, -0.162592], [57.0, 0.79, -0.146093]]}, {"@module": "numpy", "@class": "array", "dtype": "float64", "data": [[56.0, 0.78, -0.162689], [57.0, 0.79, -0.146012]]}, {"@module": "numpy", "@class": "array", "dtype": "float64", "data": [[56.0, 0.78, -0.163314], [57.0, 0.79, -0.147344]]}, {"@module": "numpy", "@class": "array", "dtype": "float64", "data": [[56.0, 0.78, -0.162866], [57.0, 0.79, -0.147944]]}], "gw_kppa": 70, "gw_kpt_grid": {"@module": "numpy", "@class": "array", "dtype": "int64", "data": [4, 2, 2]}, "conv_list": [[{"kppa": 0}, {"kpt_grid": "1x1x1"}, {"num_kpts": 1}, {"X_bnds": 600.0}, {"G_bnds": 600.0}, {"X_cutoff": 20.0}, {"gamma_gap": 1.467393}, {"num_gw_calc": 9}, {"wall_time": 1410}, {"num_cores": 8}, {"z-factor": "None"}], [{"kppa": 0}, {"kpt_grid": "1x1x1"}, {"num_kpts": 1}, {"X_bnds": 200}, {"G_bnds": 200}, {"X_cutoff": 4}, {"gamma_gap": 8}, {"num_gw_calc": 1}, {"wall_time": 15}, {"num_cores": 8}, {"z-factor": "None"}], [{"kppa": 10}, {"kpt_grid": "2x2x2"}, {"num_kpts": 1}, {"X_bnds": 200}, {"G_bnds": 200}, {"X_cutoff": 4}, {"gamma_gap": 1.39461}, {"num_gw_calc": 2}, {"wall_time": 114}, {"num_cores": 8}, {"z-factor": {"@module": "numpy", "@class": "array", "dtype": "float64", "data": [[56.0, 0.79, -0.15873], [57.0, 0.81, -0.14324]]}}], [{"kppa": 70}, {"kpt_grid": "4x2x2"}, {"num_kpts": 1}, {"X_bnds": 200}, {"G_bnds": 200}, {"X_cutoff": 4}, {"gamma_gap": 1.4161899999999998}, {"num_gw_calc": 3}, {"wall_time": 226}, {"num_cores": 8}, {"z-factor": {"@module": "numpy", "@class": "array", "dtype": "float64", "data": [[56.0, 0.79, -0.154516], [57.0, 0.81, -0.142494]]}}]], "conv_time": 1748.5697782039642}, "gw_band_range_pbe": [1, 69], "gw_conv_lda": {"gw_conv_thr": 0.025, "gw_bnd_start": 200, "gw_bnd_step": 100, "gw_cut_start": 4, "gw_cut_step": 4, "kpt_bnd_idx": {"@module": "numpy", "@class": "array", "dtype": "int64", "data": [1, 1, 76, 77]}, "gw_bands": 200, "gw_cutoff": 4, "w_conv_grid": [[200, 4, 1.684657], [300, 4, 1.6622430000000001], [300, 8, 1.7243589999999998], [300, 8, 1.7243589999999998], [300, 12, 1.736449], [300, 12, 1.736449], [400, 12, 1.745972], [400, 16, 1.751906], [400, 16, 1.751906]], "pwcutoff": 88, "w_conv_time": [16.548067092895508, 18.426709175109863, 36.2274603843689, 36.22870182991028, 78.97824382781982, 78.97953629493713, 88.55458950996399, 183.61640691757202, 183.61759638786316], "w_ngw": 6, "w_z_factor": [{"@module": "numpy", "@class": "array", "dtype": "float64", "data": [[76.0, 0.78, -0.169583], [77.0, 0.79, -0.159309]]}, {"@module": "numpy", "@class": "array", "dtype": "float64", "data": [[76.0, 0.78, -0.166205], [77.0, 0.79, -0.1531]]}, {"@module": "numpy", "@class": "array", "dtype": "float64", "data": [[76.0, 0.78, -0.164708], [77.0, 0.79, -0.153056]]}, {"@module": "numpy", "@class": "array", "dtype": "float64", "data": [[76.0, 0.78, -0.164838], [77.0, 0.79, -0.151376]]}, {"@module": "numpy", "@class": "array", "dtype": "float64", "data": [[76.0, 0.78, -0.164583], [77.0, 0.79, -0.149893]]}, {"@module": "numpy", "@class": "array", "dtype": "float64", "data": [[76.0, 0.78, -0.16411], [77.0, 0.79, -0.151904]]}], "gw_kppa": 70, "gw_kpt_grid": {"@module": "numpy", "@class": "array", "dtype": "int64", "data": [4, 2, 2]}, "conv_list": [[{"kppa": 0}, {"kpt_grid": "1x1x1"}, {"num_kpts": 1}, {"X_bnds": 400.0}, {"G_bnds": 400.0}, {"X_cutoff": 16.0}, {"gamma_gap": 1.751906}, {"num_gw_calc": 6}, {"wall_time": 1054}, {"num_cores": 8}, {"z-factor": "None"}], [{"kppa": 0}, {"kpt_grid": "1x1x1"}, {"num_kpts": 1}, {"X_bnds": 200}, {"G_bnds": 200}, {"X_cutoff": 4}, {"gamma_gap": 8}, {"num_gw_calc": 1}, {"wall_time": 17}, {"num_cores": 8}, {"z-factor": "None"}], [{"kppa": 10}, {"kpt_grid": "2x2x2"}, {"num_kpts": 1}, {"X_bnds": 200}, {"G_bnds": 200}, {"X_cutoff": 4}, {"gamma_gap": 1.771698}, {"num_gw_calc": 2}, {"wall_time": 155}, {"num_cores": 8}, {"z-factor": {"@module": "numpy", "@class": "array", "dtype": "float64", "data": [[76.0, 0.79, -0.161154], [77.0, 0.8, -0.151367]]}}], [{"kppa": 70}, {"kpt_grid": "4x2x2"}, {"num_kpts": 1}, {"X_bnds": 200}, {"G_bnds": 200}, {"X_cutoff": 4}, {"gamma_gap": 1.794803}, {"num_gw_calc": 3}, {"wall_time": 333}, {"num_cores": 8}, {"z-factor": {"@module": "numpy", "@class": "array", "dtype": "float64", "data": [[76.0, 0.79, -0.159307], [77.0, 0.8, -0.149144]]}}]], "conv_time": 1539.9306089878082}, "gw_band_range_lda": [1, 89], "g0w0_ppa_pbe": {"gw_direct_gap": 1.612886, "kppa": 300, "kpt_grid": "6x2x2", "num_kpt": 16, "bands_in X": 700, "bands_in_G": 700, "cutoff": 24, "z_factor": [[56.0, 0.78, -0.00154106], [57.0, 0.8, -0.00137548]], "scissor": 0.370357, "ncpu": 32, "calc_time": 18435.41957807541}, "g0w0_ppa_lda": {"gw_direct_gap": 1.877939, "kppa": 300, "kpt_grid": "6x2x2", "num_kpt": 16, "bands_in X": 500, "bands_in_G": 500, "cutoff": 20,