{"@module": "pymatgen.entries.computed_entries", "@class": "ComputedEntry", "energy": 0.0, "composition": {"Cu": 4.0, "Te": 2.0}, "entry_id": "77055", "correction": 0.0, "energy_adjustments": [], "parameters": {"id": "77055", "name": "Cu2Te", "ibrav": {"celldm(1)": 8.006769628614233, "ibrav": 4, "celldm(3)": 1.7167807410903941}, "vol": 763.163276344514, "lda_pw_cutoff_Ry": 76, "qe_conv_pbe": {"qe_conv_maxiter": 20, "qe_delta_kppa": 1500, "qe_delta_cutoff": 5, "qe_conv_thresh": 0.00022049595234268282, "qe_conv_steps": [[60, 1500, -904.989029148145], [65, 1500, -905.1081619312909], [70, 1500, -905.1448780917069], [75, 1500, -905.1536261715581], [80, 1500, -905.1549170712958], [85, 1500, -905.1550034092029], [85, 3000, -905.1551096301171]], "qe_conv_time": 261.2691402435303}, "num_elec_pbe": 108.0, "max_mem": 20862.0, "qe_conv_lda": {"qe_conv_maxiter": 20, "qe_delta_kppa": 1500, "qe_delta_cutoff": 5, "qe_conv_thresh": 0.00022049595234268282, "qe_conv_steps": [[76, 1500, -967.0007420802765], [81, 1500, -967.0106685503177], [86, 1500, -967.0130283112126], [91, 1500, -967.0134065270872], [96, 1500, -967.0134442059089], [96, 3000, -967.0134982102198]], "qe_conv_time": 220.2179000377655}, "num_elec_lda": 108.0, "bg_conv_pbe": {"bg_conv_maxiter": 20, "bg_delta_kppa": 1500, "bg_delta_cutoff": 5, "bg_conv_thresh": 0.025, "bg_conv_steps": [[85, 3000, -0.8567716305020031], [85, 6000, -0.8537826066090567]], "bg_conv_time": 107.91955399513245}, "indirect_gap_pbe": -0.85677200099254, "bg_conv_lda": {"bg_conv_maxiter": 20, "bg_delta_kppa": 1500, "bg_delta_cutoff": 5, "bg_conv_thresh": 0.025, "bg_conv_steps": [[96, 3000, -0.9203315625359182], [96, 6000, -0.9168458311435188]], "bg_conv_time": 106.30141854286194}, "indirect_gap_lda": -0.9203323641214952, "gw_conv_pbe": {"gw_conv_thr": 0.025, "gw_bnd_start": 200, "gw_bnd_step": 100, "gw_cut_start": 4, "gw_cut_step": 4, "kpt_bnd_idx": {"@module": "numpy", "@class": "array", "dtype": "int64", "data": [1, 1, 54, 55]}, "gw_bands": 200, "gw_cutoff": 4, "w_conv_grid": [[200, 4, -0.023482000000000003], [300, 4, -0.021919999999999995], [300, 8, -0.021253999999999995], [300, 8, -0.021253999999999995]], "pwcutoff": 85, "w_conv_time": [11.746061563491821, 12.380349159240723, 12.705031871795654, 12.706185579299927], "w_ngw": 3, "w_z_factor": [{"@module": "numpy", "@class": "array", "dtype": "float64", "data": [[54.0, 0.77, -0.127853], [55.0, 0.78, -0.126679]]}, {"@module": "numpy", "@class": "array", "dtype": "float64", "data": [[54.0, 0.78, -0.126641], [55.0, 0.78, -0.125661]]}, {"@module": "numpy", "@class": "array", "dtype": "float64", "data": [[54.0, 0.77, -0.134788], [55.0, 0.77, -0.128801]]}], "gw_kppa": 10, "gw_kpt_grid": {"@module": "numpy", "@class": "array", "dtype": "int64", "data": [2, 2, 2]}, "conv_list": [[{"kppa": 0}, {"kpt_grid": "1x1x1"}, {"num_kpts": 1}, {"X_bnds": 300.0}, {"G_bnds": 300.0}, {"X_cutoff": 8.0}, {"gamma_gap": -0.021253999999999995}, {"num_gw_calc": 3}, {"wall_time": 254}, {"num_cores": 8}, {"z-factor": "None"}], [{"kppa": 0}, {"kpt_grid": "1x1x1"}, {"num_kpts": 1}, {"X_bnds": 200}, {"G_bnds": 200}, {"X_cutoff": 4}, {"gamma_gap": 8}, {"num_gw_calc": 1}, {"wall_time": 12}, {"num_cores": 8}, {"z-factor": "None"}], [{"kppa": 10}, {"kpt_grid": "2x2x2"}, {"num_kpts": 1}, {"X_bnds": 200}, {"G_bnds": 200}, {"X_cutoff": 4}, {"gamma_gap": -0.0009510000000000352}, {"num_gw_calc": 2}, {"wall_time": 34}, {"num_cores": 8}, {"z-factor": {"@module": "numpy", "@class": "array", "dtype": "float64", "data": [[54.0, 0.77, -0.152479], [55.0, 0.77, -0.152401]]}}]], "conv_time": 287.1303405761719}, "gw_band_range_pbe": [1, 60], "gw_conv_lda": {"gw_conv_thr": 0.025, "gw_bnd_start": 200, "gw_bnd_step": 100, "gw_cut_start": 4, "gw_cut_step": 4, "kpt_bnd_idx": {"@module": "numpy", "@class": "array", "dtype": "int64", "data": [1, 1, 54, 55]}, "gw_bands": 200, "gw_cutoff": 4, "w_conv_grid": [[200, 4, -0.014538000000000023], [300, 4, -0.01316500000000001], [300, 8, -0.012901000000000024], [300, 8, -0.012901000000000024]], "pwcutoff": 96, "w_conv_time": [11.886463403701782, 12.398193836212158, 12.953944683074951, 12.954724550247192], "w_ngw": 3, "w_z_factor": [{"@module": "numpy", "@class": "array", "dtype": "float64", "data": [[54.0, 0.77, -0.130638], [55.0, 0.77, -0.129636]]}, {"@module": "numpy", "@class": "array", "dtype": "float64", "data": [[54.0, 0.77, -0.129712], [55.0, 0.77, -0.13399]]}, {"@module": "numpy", "@class": "array", "dtype": "float64", "data": [[54.0, 0.76, -0.135598], [55.0, 0.76, -0.133312]]}], "gw_kppa": 10, "gw_kpt_grid": {"@module": "numpy", "@class": "array", "dtype": "int64", "data": [2, 2, 2]}, "conv_list": [[{"kppa": 0}, {"kpt_grid": "1x1x1"}, {"num_kpts": 1}, {"X_bnds": 300.0}, {"G_bnds": 300.0}, {"X_cutoff": 8.0}, {"gamma_gap": -0.012901000000000024}, {"num_gw_calc": 3}, {"wall_time": 263}, {"num_cores": 8}, {"z-factor": "None"}], [{"kppa": 0}, {"kpt_grid": "1x1x1"}, {"num_kpts": 1}, {"X_bnds": 200}, {"G_bnds": 200}, {"X_cutoff": 4}, {"gamma_gap": 8}, {"num_gw_calc": 1}, {"wall_time": 12}, {"num_cores": 8}, {"z-factor": "None"}], [{"kppa": 10}, {"kpt_grid": "2x2x2"}, {"num_kpts": 1}, {"X_bnds": 200}, {"G_bnds": 200}, {"X_cutoff": 4}, {"gamma_gap": -0.002267000000000019}, {"num_gw_calc": 2}, {"wall_time": 45}, {"num_cores": 8}, {"z-factor": {"@module": "numpy", "@class": "array", "dtype": "float64", "data": [[54.0, 0.77, -0.150967], [55.0, 0.77, -0.150977]]}}]], "conv_time": 306.5378031730652}, "gw_band_range_lda": [1, 60], "g0w0_ppa_pbe": {"gw_direct_gap": 7.399999999990747e-05, "kppa": 100, "kpt_grid": "4x4x2", "num_kpt": 8, "bands_in X": 400, "bands_in_G": 400, "cutoff": 12, "z_factor": [[54.0, 0.77, -0.00140431], [55.0, 0.77, -0.00140479]], "scissor": 7.399999999990747e-05, "ncpu": 32, "calc_time": 171.21722197532654}, "g0w0_ppa_lda": {"gw_direct_gap": 0.0008739999999999859, "kppa": 100, "kpt_grid": "4x4x2", "num_kpt": 8, "bands_in X": 400, "bands_in_G": 400, "cutoff": 12, "z_factor": [[54.0, 0.77, -0.00139843], [55.0, 0.77, -0.00139855]], "scissor": 0.0008739999999999859, "ncpu": 32, "calc_time": 221.91482019424438}}, "data": {}}