{"@module": "pymatgen.entries.computed_entries", "@class": "ComputedEntry", "energy": 0.0, "composition": {"Ga": 1.0, "P": 1.0}, "entry_id": "77087", "correction": 0.0, "energy_adjustments": [], "parameters": {"id": "77087", "name": "GaP", "ibrav": {"celldm(1)": 10.295227976561327, "ibrav": 2}, "vol": 272.80222791318045, "lda_pw_cutoff_Ry": 72, "qe_conv_pbe": {"qe_conv_maxiter": 20, "qe_delta_kppa": 1500, "qe_delta_cutoff": 5, "qe_conv_thresh": 7.349865078089427e-05, "qe_conv_steps": [[60, 1500, -72.27288912366907], [65, 1500, -72.27327011519655], [70, 1500, -72.27395521100885], [75, 1500, -72.2749589087501], [80, 1500, -72.27556441220148], [85, 1500, -72.27571105682907], [90, 1500, -72.27572952087318], [90, 3000, -72.27574245549306]], "qe_conv_time": 37.433037996292114}, "num_elec_pbe": 18.0, "max_mem": 33555.0, "qe_conv_lda": {"qe_conv_maxiter": 20, "qe_delta_kppa": 1500, "qe_delta_cutoff": 5, "qe_conv_thresh": 7.349865078089427e-05, "qe_conv_steps": [[72, 1500, -83.34241205151065], [77, 1500, -83.34282203127954], [82, 1500, -83.34286464817814], [82, 3000, -83.34288081683489]], "qe_conv_time": 17.97239398956299}, "num_elec_lda": 18.0, "bg_conv_pbe": {"bg_conv_maxiter": 20, "bg_delta_kppa": 1500, "bg_delta_cutoff": 5, "bg_conv_thresh": 0.025, "bg_conv_steps": [[90, 3000, 1.5971043411721015], [90, 4500, 1.5955174177798663]], "bg_conv_time": 11.700983762741089}, "indirect_gap_pbe": 1.5970976647522561, "bg_conv_lda": {"bg_conv_maxiter": 20, "bg_delta_kppa": 1500, "bg_delta_cutoff": 5, "bg_conv_thresh": 0.025, "bg_conv_steps": [[82, 3000, 1.446310434772], [82, 4500, 1.4446005664554402]], "bg_conv_time": 10.519129037857056}, "indirect_gap_lda": 1.4463143325793992, "gw_conv_pbe": {"gw_conv_thr": 0.025, "gw_bnd_start": 200, "gw_bnd_step": 100, "gw_cut_start": 4, "gw_cut_step": 4, "kpt_bnd_idx": {"@module": "numpy", "@class": "array", "dtype": "int64", "data": [1, 1, 9, 10]}, "gw_bands": 200, "gw_cutoff": 4, "w_conv_grid": [[200, 4, 1.819195106], [300, 4, 1.8149620000000002], [300, 8, 1.92248], [300, 8, 1.92248], [300, 12, 1.9548400000000001], [300, 12, 1.9548400000000001], [300, 16, 1.9676150000000001], [300, 16, 1.9676150000000001], [400, 16, 1.9667880000000002], [400, 20, 1.974415], [400, 20, 1.974415]], "pwcutoff": 90, "w_conv_time": [12.01850414276123, 12.01994800567627, 12.45983099937439, 12.461214065551758, 12.532202243804932, 12.533797025680542, 13.017812013626099, 13.019272804260254, 13.061877965927124, 14.254237174987793, 14.25562334060669], "w_ngw": 7, "w_z_factor": [{"@module": "numpy", "@class": "array", "dtype": "float64", "data": [[9.0, 0.8, -0.96442], [10.0, 0.81, -0.960033]]}, {"@module": "numpy", "@class": "array", "dtype": "float64", "data": [[9.0, 0.8, -0.965272], [10.0, 0.81, -0.953022]]}, {"@module": "numpy", "@class": "array", "dtype": "float64", "data": [[9.0, 0.79, -0.967012], [10.0, 0.8, -0.965643]]}, {"@module": "numpy", "@class": "array", "dtype": "float64", "data": [[9.0, 0.79, -0.968073], [10.0, 0.8, -0.966083]]}, {"@module": "numpy", "@class": "array", "dtype": "float64", "data": [[9.0, 0.79, -0.968294], [10.0, 0.8, -0.966775]]}, {"@module": "numpy", "@class": "array", "dtype": "float64", "data": [[9.0, 0.79, -0.978417], [10.0, 0.8, -0.958114]]}, {"@module": "numpy", "@class": "array", "dtype": "float64", "data": [[9.0, 0.79, -0.977885], [10.0, 0.8, -0.959214]]}], "gw_kppa": 250, "gw_kpt_grid": {"@module": "numpy", "@class": "array", "dtype": "int64", "data": [6, 6, 6]}, "conv_list": [[{"kppa": 0}, {"kpt_grid": "1x1x1"}, {"num_kpts": 1}, {"X_bnds": 400.0}, {"G_bnds": 400.0}, {"X_cutoff": 20.0}, {"gamma_gap": 1.974415}, {"num_gw_calc": 7}, {"wall_time": 153}, {"num_cores": 8}, {"z-factor": "None"}], [{"kppa": 0}, {"kpt_grid": "1x1x1"}, {"num_kpts": 1}, {"X_bnds": 200}, {"G_bnds": 200}, {"X_cutoff": 4}, {"gamma_gap": 8}, {"num_gw_calc": 1}, {"wall_time": 13}, {"num_cores": 8}, {"z-factor": "None"}], [{"kppa": 10}, {"kpt_grid": "2x2x2"}, {"num_kpts": 1}, {"X_bnds": 200}, {"G_bnds": 200}, {"X_cutoff": 4}, {"gamma_gap": 2.3900699999999997}, {"num_gw_calc": 2}, {"wall_time": 20}, {"num_cores": 8}, {"z-factor": {"@module": "numpy", "@class": "array", "dtype": "float64", "data": [[9.0, 0.8, -0.118862], [10.0, 0.8, -0.119443]]}}], [{"kppa": 60}, {"kpt_grid": "4x4x4"}, {"num_kpts": 1}, {"X_bnds": 200}, {"G_bnds": 200}, {"X_cutoff": 4}, {"gamma_gap": 2.3534829999999998}, {"num_gw_calc": 3}, {"wall_time": 46}, {"num_cores": 8}, {"z-factor": {"@module": "numpy", "@class": "array", "dtype": "float64", "data": [[9.0, 0.79, -0.134439], [10.0, 0.8, -0.132592]]}}], [{"kppa": 250}, {"kpt_grid": "6x6x6"}, {"num_kpts": 1}, {"X_bnds": 200}, {"G_bnds": 200}, {"X_cutoff": 4}, {"gamma_gap": 2.3455909999999998}, {"num_gw_calc": 4}, {"wall_time": 60}, {"num_cores": 32}, {"z-factor": {"@module": "numpy", "@class": "array", "dtype": "float64", "data": [[9.0, 0.79, -0.136794], [10.0, 0.8, -0.13371]]}}]], "conv_time": 277.2860698699951}, "gw_band_range_pbe": [1, 14], "gw_conv_lda": {"gw_conv_thr": 0.025, "gw_bnd_start": 200, "gw_bnd_step": 100, "gw_cut_start": 4, "gw_cut_step": 4, "kpt_bnd_idx": {"@module": "numpy", "@class": "array", "dtype": "int64", "data": [1, 1, 9, 10]}, "gw_bands": 200, "gw_cutoff": 4, "w_conv_grid": [[200, 4, 1.984607], [300, 4, 1.980711], [300, 8, 2.0727], [300, 8, 2.0727], [300, 12, 2.101106], [300, 12, 2.101106], [300, 16, 2.113106], [300, 16, 2.113106], [400, 16, 2.1120419999999998], [400, 20, 2.119637], [400, 20, 2.119637]], "pwcutoff": 82, "w_conv_time": [12.240996360778809, 12.039422988891602, 12.233376026153564, 12.23468804359436, 12.408743143081665, 12.409595251083374, 13.236782789230347, 13.23801875114441, 13.049693584442139, 14.117892742156982, 14.119288206100464], "w_ngw": 7, "w_z_factor": [{"@module": "numpy", "@class": "array", "dtype": "float64", "data": [[9.0, 0.8, -0.94372], [10.0, 0.81, -0.947511]]}, {"@module": "numpy", "@class": "array", "dtype": "float64", "data": [[9.0, 0.8, -0.942956], [10.0, 0.81, -0.943258]]}, {"@module": "numpy", "@class": "array", "dtype": "float64", "data": [[9.0, 0.8, -0.945387], [10.0, 0.8, -0.952685]]}, {"@module": "numpy", "@class": "array", "dtype": "float64", "data": [[9.0, 0.8, -0.947325], [10.0, 0.8, -0.953088]]}, {"@module": "numpy", "@class": "array", "dtype": "float64", "data": [[9.0, 0.8, -0.94768], [10.0, 0.8, -0.953371]]}, {"@module": "numpy", "@class": "array", "dtype": "float64", "data": [[9.0, 0.8, -0.947742], [10.0, 0.8, -0.951998]]}, {"@module": "numpy", "@class": "array", "dtype": "float64", "data": [[9.0, 0.8, -0.948038], [10.0, 0.8, -0.952525]]}], "gw_kppa": 250, "gw_kpt_grid": {"@module": "numpy", "@class": "array", "dtype": "int64", "data": [6, 6, 6]}, "conv_list": [[{"kppa": 0}, {"kpt_grid": "1x1x1"}, {"num_kpts": 1}, {"X_bnds": 400.0}, {"G_bnds": 400.0}, {"X_cutoff": 20.0}, {"gamma_gap": 2.119637}, {"num_gw_calc": 7}, {"wall_time": 164}, {"num_cores": 8}, {"z-factor": "None"}], [{"kppa": 0}, {"kpt_grid": "1x1x1"}, {"num_kpts": 1}, {"X_bnds": 200}, {"G_bnds": 200}, {"X_cutoff": 4}, {"gamma_gap": 8}, {"num_gw_calc": 1}, {"wall_time": 13}, {"num_cores": 8}, {"z-factor": "None"}], [{"kppa": 10}, {"kpt_grid": "2x2x2"}, {"num_kpts": 1}, {"X_bnds": 200}, {"G_bnds": 200}, {"X_cutoff": 4}, {"gamma_gap": 2.4210510000000003}, {"num_gw_calc": 2}, {"wall_time": 20}, {"num_cores": 8}, {"z-factor": {"@module": "numpy", "@class": "array", "dtype": "float64", "data": [[9.0, 0.8, -0.118482], [10.0, 0.8, -0.119194]]}}], [{"kppa": 60}, {"kpt_grid": "4x4x4"}, {"num_kpts": 1}, {"X_bnds": 200}, {"G_bnds": 200}, {"X_cutoff": 4}, {"gamma_gap": 2.3339820000000002}, {"num_gw_calc": 3}, {"wall_time": 45}, {"num_cores": 8}, {"z-factor": {"@module": "numpy", "@class": "array", "dtype": "float64", "data": [[9.0, 0.79, -0.135207], [10.0, 0.79, -0.133436]]}}], [{"kppa": 250}, {"kpt_grid": "6x6x6"}, {"num_kpts": 1}, {"X_bnds": 200}, {"G_bnds": 200}, {"X_cutoff": 4}, {"gamma_gap": 2.3222620000000003}, {"num_gw_calc": 4}, {"wall_time": 60}, {"num_cores": 32}, {"z-factor": {"@module": "numpy",