{"@module": "pymatgen.entries.computed_entries", "@class": "ComputedEntry", "energy": 0.0, "composition": {"Zn": 1.0, "Se": 1.0}, "entry_id": "77091", "correction": 0.0, "energy_adjustments": [], "parameters": {"id": "77091", "name": "ZnSe", "ibrav": {"celldm(1)": 10.722306082784316, "ibrav": 2}, "vol": 308.18011326781, "lda_pw_cutoff_Ry": 78, "qe_conv_pbe": {"qe_conv_maxiter": 20, "qe_delta_kppa": 1500, "qe_delta_cutoff": 5, "qe_conv_thresh": 7.349865078089427e-05, "qe_conv_steps": [[60, 1500, -209.6707821301776], [65, 1500, -209.6721525930773], [70, 1500, -209.6722228371691], [70, 3000, -209.6722270167017]], "qe_conv_time": 17.392549991607666}, "num_elec_pbe": 26.0, "max_mem": 37902.0, "qe_conv_lda": {"qe_conv_maxiter": 20, "qe_delta_kppa": 1500, "qe_delta_cutoff": 5, "qe_conv_thresh": 7.349865078089427e-05, "qe_conv_steps": [[78, 1500, -330.1351210128893], [83, 1500, -330.1353024184792], [88, 1500, -330.1353148398149], [88, 3000, -330.1353205440926]], "qe_conv_time": 21.54352378845215}, "num_elec_lda": 36.0, "bg_conv_pbe": {"bg_conv_maxiter": 20, "bg_delta_kppa": 1500, "bg_delta_cutoff": 5, "bg_conv_thresh": 0.025, "bg_conv_steps": [[70, 3000, 1.2628480554965904], [70, 4500, 1.2628424395230204]], "bg_conv_time": 10.732476472854614}, "indirect_gap_pbe": 1.2628306522986092, "bg_conv_lda": {"bg_conv_maxiter": 20, "bg_delta_kppa": 1500, "bg_delta_cutoff": 5, "bg_conv_thresh": 0.025, "bg_conv_steps": [[88, 3000, 1.0162374765812185], [88, 4500, 1.0162743164555266]], "bg_conv_time": 13.710509061813354}, "indirect_gap_lda": 1.0162435585272083, "gw_conv_pbe": {"gw_conv_thr": 0.025, "gw_bnd_start": 200, "gw_bnd_step": 100, "gw_cut_start": 4, "gw_cut_step": 4, "kpt_bnd_idx": {"@module": "numpy", "@class": "array", "dtype": "int64", "data": [1, 1, 13, 14]}, "gw_bands": 200, "gw_cutoff": 4, "w_conv_grid": [[200, 4, 1.0841619999999998], [300, 4, 1.093372], [300, 8, 1.177173], [300, 8, 1.177173], [300, 12, 1.206866], [300, 12, 1.206866], [300, 16, 1.219989], [300, 16, 1.219989], [400, 16, 1.221166], [400, 20, 1.234322], [400, 20, 1.234322]], "pwcutoff": 70, "w_conv_time": [12.840899229049683, 12.999604940414429, 13.077965259552002, 13.079877376556396, 12.811331272125244, 12.81213665008545, 13.621866226196289, 13.62401032447815, 13.913462162017822, 15.578694343566895, 15.580811977386475], "w_ngw": 7, "w_z_factor": [{"@module": "numpy", "@class": "array", "dtype": "float64", "data": [[13.0, 0.81, -0.100682], [14.0, 0.82, -0.970262]]}, {"@module": "numpy", "@class": "array", "dtype": "float64", "data": [[13.0, 0.81, -0.987738], [14.0, 0.82, -0.911187]]}, {"@module": "numpy", "@class": "array", "dtype": "float64", "data": [[13.0, 0.8, -0.910332], [14.0, 0.82, -0.970434]]}, {"@module": "numpy", "@class": "array", "dtype": "float64", "data": [[13.0, 0.8, -0.931396], [14.0, 0.82, -0.978038]]}, {"@module": "numpy", "@class": "array", "dtype": "float64", "data": [[13.0, 0.8, -0.954015], [14.0, 0.82, -0.100559]]}, {"@module": "numpy", "@class": "array", "dtype": "float64", "data": [[13.0, 0.8, -0.952761], [14.0, 0.82, -0.966711]]}, {"@module": "numpy", "@class": "array", "dtype": "float64", "data": [[13.0, 0.8, -0.945947], [14.0, 0.82, -0.965246]]}], "gw_kppa": 690, "gw_kpt_grid": {"@module": "numpy", "@class": "array", "dtype": "int64", "data": [8, 8, 8]}, "conv_list": [[{"kppa": 0}, {"kpt_grid": "1x1x1"}, {"num_kpts": 1}, {"X_bnds": 400.0}, {"G_bnds": 400.0}, {"X_cutoff": 20.0}, {"gamma_gap": 1.234322}, {"num_gw_calc": 7}, {"wall_time": 182}, {"num_cores": 8}, {"z-factor": "None"}], [{"kppa": 0}, {"kpt_grid": "1x1x1"}, {"num_kpts": 1}, {"X_bnds": 200}, {"G_bnds": 200}, {"X_cutoff": 4}, {"gamma_gap": 8}, {"num_gw_calc": 1}, {"wall_time": 13}, {"num_cores": 8}, {"z-factor": "None"}], [{"kppa": 10}, {"kpt_grid": "2x2x2"}, {"num_kpts": 1}, {"X_bnds": 200}, {"G_bnds": 200}, {"X_cutoff": 4}, {"gamma_gap": 2.020714}, {"num_gw_calc": 2}, {"wall_time": 22}, {"num_cores": 8}, {"z-factor": {"@module": "numpy", "@class": "array", "dtype": "float64", "data": [[13.0, 0.8, -0.122326], [14.0, 0.81, -0.120057]]}}], [{"kppa": 60}, {"kpt_grid": "4x4x4"}, {"num_kpts": 1}, {"X_bnds": 200}, {"G_bnds": 200}, {"X_cutoff": 4}, {"gamma_gap": 2.0949150000000003}, {"num_gw_calc": 3}, {"wall_time": 63}, {"num_cores": 8}, {"z-factor": {"@module": "numpy", "@class": "array", "dtype": "float64", "data": [[13.0, 0.8, -0.133451], [14.0, 0.81, -0.127634]]}}], [{"kppa": 260}, {"kpt_grid": "6x6x6"}, {"num_kpts": 1}, {"X_bnds": 200}, {"G_bnds": 200}, {"X_cutoff": 4}, {"gamma_gap": 2.122556}, {"num_gw_calc": 4}, {"wall_time": 92}, {"num_cores": 32}, {"z-factor": {"@module": "numpy", "@class": "array", "dtype": "float64", "data": [[13.0, 0.8, -0.131631], [14.0, 0.82, -0.124502]]}}], [{"kppa": 690}, {"kpt_grid": "8x8x8"}, {"num_kpts": 1}, {"X_bnds": 200}, {"G_bnds": 200}, {"X_cutoff": 4}, {"gamma_gap": 2.126025}, {"num_gw_calc": 5}, {"wall_time": 310}, {"num_cores": 32}, {"z-factor": {"@module": "numpy", "@class": "array", "dtype": "float64", "data": [[13.0, 0.8, -0.131229], [14.0, 0.82, -0.123399]]}}]], "conv_time": 666.5157566070557}, "gw_band_range_pbe": [1, 16], "gw_conv_lda": {"gw_conv_thr": 0.025, "gw_bnd_start": 200, "gw_bnd_step": 100, "gw_cut_start": 4, "gw_cut_step": 4, "kpt_bnd_idx": {"@module": "numpy", "@class": "array", "dtype": "int64", "data": [1, 1, 18, 19]}, "gw_bands": 200, "gw_cutoff": 4, "w_conv_grid": [[200, 4, 1.706862], [300, 4, 1.6977730000000002], [300, 8, 1.7721240000000003], [300, 8, 1.7721240000000003], [300, 12, 1.8119739999999998], [300, 12, 1.8119739999999998], [300, 16, 1.834875], [300, 16, 1.834875], [400, 16, 1.8269989999999998], [400, 20, 1.8429920000000002], [400, 20, 1.8429920000000002]], "pwcutoff": 88, "w_conv_time": [12.71336841583252, 12.677505016326904, 12.90759539604187, 13.042808055877686, 13.04864764213562, 13.050108909606934, 13.75728440284729, 13.759378433227539, 14.03721570968628, 15.522286891937256, 15.524449110031128], "w_ngw": 7, "w_z_factor": [{"@module": "numpy", "@class": "array", "dtype": "float64", "data": [[18.0, 0.82, -0.8189], [19.0, 0.83, -0.827547]]}, {"@module": "numpy", "@class": "array", "dtype": "float64", "data": [[18.0, 0.82, -0.857851], [19.0, 0.83, -0.823952]]}, {"@module": "numpy", "@class": "array", "dtype": "float64", "data": [[18.0, 0.81, -0.85724], [19.0, 0.83, -0.829017]]}, {"@module": "numpy", "@class": "array", "dtype": "float64", "data": [[18.0, 0.81, -0.842689], [19.0, 0.83, -0.83166]]}, {"@module": "numpy", "@class": "array", "dtype": "float64", "data": [[18.0, 0.81, -0.841925], [19.0, 0.83, -0.832509]]}, {"@module": "numpy", "@class": "array", "dtype": "float64", "data": [[18.0, 0.81, -0.85001], [19.0, 0.83, -0.827223]]}, {"@module": "numpy", "@class": "array", "dtype": "float64", "data": [[18.0, 0.81, -0.861631], [19.0, 0.83, -0.828839]]}], "gw_kppa": 60, "gw_kpt_grid": {"@module": "numpy", "@class": "array", "dtype": "int64", "data": [4, 4, 4]}, "conv_list": [[{"kppa": 0}, {"kpt_grid": "1x1x1"}, {"num_kpts": 1}, {"X_bnds": 400.0}, {"G_bnds": 400.0}, {"X_cutoff": 20.0}, {"gamma_gap": 1.8429920000000002}, {"num_gw_calc": 7}, {"wall_time": 179}, {"num_cores": 8}, {"z-factor": "None"}], [{"kppa": 0}, {"kpt_grid": "1x1x1"}, {"num_kpts": 1}, {"X_bnds": 200}, {"G_bnds": 200}, {"X_cutoff": 4}, {"gamma_gap": 8}, {"num_gw_calc": 1}, {"wall_time": 13}, {"num_cores": 8}, {"z-factor": "None"}], [{"kppa": 10}, {"kpt_grid": "2x2x2"}, {"num_kpts": 1}, {"X_bnds": 200}, {"G_bnds": 200}, {"X_cutoff": 4}, {"gamma_gap": 2.502166}, {"num_gw_calc": 2}, {"wall_time": 22}, {"num_cores": 8}, {"z-factor": {"@module": "numpy", "@class": "array", "dtype": "float64", "data": [[18.0, 0.8, -0.118276], [19.0, 0.81, -0.115741]]}}], [{"kppa": 60}, {"kpt_grid": "4x4x4"}, {"num_kpts": 1}, {"X_bnds": 200}, {"G_bnds": 200}, {"X_cutoff": 4}, {"gamma_gap": 2.4829360000000005}, {"num_gw_calc": 3}, {"wall_time": 69}, {"num_cores": 8}, {"z-factor": {"@module": "numpy", "@class": "array", "dtype": "float64", "data": [[18.0, 0.8, -0.13297], [19.0, 0.81, -0.125353]]}}]],