{"@module": "pymatgen.entries.computed_entries", "@class": "ComputedEntry", "energy": 0.0, "composition": {"B": 1.0, "N": 1.0}, "entry_id": "77271", "correction": 0.0, "energy_adjustments": [], "parameters": {"id": "77271", "name": "BN", "ibrav": {"celldm(1)": 6.849501344317947, "ibrav": 2}, "vol": 80.337233899016, "lda_pw_cutoff_Ry": 72, "qe_conv_pbe": {"qe_conv_maxiter": 20, "qe_delta_kppa": 1500, "qe_delta_cutoff": 5, "qe_conv_thresh": 7.349865078089427e-05, "qe_conv_steps": [[60, 1500, -12.87232161682455], [65, 1500, -12.87384199889805], [70, 1500, -12.87449253168771], [75, 1500, -12.87472354285482], [80, 1500, -12.87478987592637], [80, 3000, -12.87479045766767]], "qe_conv_time": 18.55741024017334}, "num_elec_pbe": 8.0, "max_mem": 31581.0, "qe_conv_lda": {"qe_conv_maxiter": 20, "qe_delta_kppa": 1500, "qe_delta_cutoff": 5, "qe_conv_thresh": 7.349865078089427e-05, "qe_conv_steps": [[72, 1500, -13.42466161458793], [77, 1500, -13.42480980579696], [82, 1500, -13.42484428970106], [82, 3000, -13.42484495776058]], "qe_conv_time": 11.410850048065186}, "num_elec_lda": 8.0, "bg_conv_pbe": {"bg_conv_maxiter": 20, "bg_delta_kppa": 1500, "bg_delta_cutoff": 5, "bg_conv_thresh": 0.025, "bg_conv_steps": [[80, 3000, 4.533527003361459], [80, 4500, 4.533579785289432]], "bg_conv_time": 6.1033549308776855}, "indirect_gap_pbe": 4.5335271707778775, "bg_conv_lda": {"bg_conv_maxiter": 20, "bg_delta_kppa": 1500, "bg_delta_cutoff": 5, "bg_conv_thresh": 0.025, "bg_conv_steps": [[82, 3000, 4.400704688958973], [82, 4500, 4.400657771553744]], "bg_conv_time": 5.6050004959106445}, "indirect_gap_lda": 4.400655386994625, "gw_conv_pbe": {"gw_conv_thr": 0.025, "gw_bnd_start": 200, "gw_bnd_step": 100, "gw_cut_start": 4, "gw_cut_step": 4, "kpt_bnd_idx": {"@module": "numpy", "@class": "array", "dtype": "int64", "data": [1, 1, 4, 5]}, "gw_bands": 200, "gw_cutoff": 4, "w_conv_grid": [[200, 4, 7.990806999999999], [300, 4, 7.990806], [300, 8, 8.187811], [300, 8, 8.187811], [300, 12, 8.306795], [300, 12, 8.306795], [300, 16, 8.39634], [300, 16, 8.39634], [300, 20, 8.421933], [300, 20, 8.421933], [300, 24, 8.449597], [300, 24, 8.449597], [300, 28, 8.464203], [300, 28, 8.464203], [400, 28, 8.465701], [400, 32, 8.48114], [400, 32, 8.48114]], "pwcutoff": 130, "w_conv_time": [12.131588459014893, 12.954172849655151, 11.551836252212524, 11.553100347518921, 12.394434213638306, 12.395641326904297, 11.915101289749146, 11.92115068435669, 12.235227346420288, 12.239468336105347, 12.044109344482422, 12.044909000396729, 12.341352939605713, 12.342179298400879, 12.913338899612427, 13.128741979598999, 13.132420539855957], "w_ngw": 10, "w_z_factor": [{"@module": "numpy", "@class": "array", "dtype": "float64", "data": [[4.0, 0.81, -0.712822], [5.0, 0.82, -0.689319]]}, {"@module": "numpy", "@class": "array", "dtype": "float64", "data": [[4.0, 0.81, -0.712735], [5.0, 0.82, -0.689193]]}, {"@module": "numpy", "@class": "array", "dtype": "float64", "data": [[4.0, 0.8, -0.701644], [5.0, 0.82, -0.694048]]}, {"@module": "numpy", "@class": "array", "dtype": "float64", "data": [[4.0, 0.8, -0.684839], [5.0, 0.82, -0.687467]]}, {"@module": "numpy", "@class": "array", "dtype": "float64", "data": [[4.0, 0.8, -0.684718], [5.0, 0.82, -0.690882]]}, {"@module": "numpy", "@class": "array", "dtype": "float64", "data": [[4.0, 0.8, -0.684579], [5.0, 0.82, -0.690957]]}, {"@module": "numpy", "@class": "array", "dtype": "float64", "data": [[4.0, 0.8, -0.68487], [5.0, 0.82, -0.691571]]}, {"@module": "numpy", "@class": "array", "dtype": "float64", "data": [[4.0, 0.8, -0.685018], [5.0, 0.82, -0.69171]]}, {"@module": "numpy", "@class": "array", "dtype": "float64", "data": [[4.0, 0.8, -0.685231], [5.0, 0.82, -0.691692]]}, {"@module": "numpy", "@class": "array", "dtype": "float64", "data": [[4.0, 0.8, -0.685778], [5.0, 0.82, -0.691938]]}], "gw_kppa": 690, "gw_kpt_grid": {"@module": "numpy", "@class": "array", "dtype": "int64", "data": [8, 8, 8]}, "conv_list": [[{"kppa": 0}, {"kpt_grid": "1x1x1"}, {"num_kpts": 1}, {"X_bnds": 400.0}, {"G_bnds": 400.0}, {"X_cutoff": 32.0}, {"gamma_gap": 8.48114}, {"num_gw_calc": 10}, {"wall_time": 186}, {"num_cores": 8}, {"z-factor": "None"}], [{"kppa": 0}, {"kpt_grid": "1x1x1"}, {"num_kpts": 1}, {"X_bnds": 200}, {"G_bnds": 200}, {"X_cutoff": 4}, {"gamma_gap": 8}, {"num_gw_calc": 1}, {"wall_time": 13}, {"num_cores": 8}, {"z-factor": "None"}], [{"kppa": 10}, {"kpt_grid": "2x2x2"}, {"num_kpts": 1}, {"X_bnds": 200}, {"G_bnds": 200}, {"X_cutoff": 4}, {"gamma_gap": 10.261475}, {"num_gw_calc": 2}, {"wall_time": 19}, {"num_cores": 8}, {"z-factor": {"@module": "numpy", "@class": "array", "dtype": "float64", "data": [[4.0, 0.83, -0.73775], [5.0, 0.84, -0.709664]]}}], [{"kppa": 60}, {"kpt_grid": "4x4x4"}, {"num_kpts": 1}, {"X_bnds": 200}, {"G_bnds": 200}, {"X_cutoff": 4}, {"gamma_gap": 10.534514999999999}, {"num_gw_calc": 3}, {"wall_time": 32}, {"num_cores": 8}, {"z-factor": {"@module": "numpy", "@class": "array", "dtype": "float64", "data": [[4.0, 0.83, -0.74825], [5.0, 0.84, -0.73033]]}}], [{"kppa": 260}, {"kpt_grid": "6x6x6"}, {"num_kpts": 1}, {"X_bnds": 200}, {"G_bnds": 200}, {"X_cutoff": 4}, {"gamma_gap": 10.56903}, {"num_gw_calc": 4}, {"wall_time": 124}, {"num_cores": 32}, {"z-factor": {"@module": "numpy", "@class": "array", "dtype": "float64", "data": [[4.0, 0.83, -0.746156], [5.0, 0.84, -0.728878]]}}], [{"kppa": 690}, {"kpt_grid": "8x8x8"}, {"num_kpts": 1}, {"X_bnds": 200}, {"G_bnds": 200}, {"X_cutoff": 4}, {"gamma_gap": 10.570767}, {"num_gw_calc": 5}, {"wall_time": 301}, {"num_cores": 32}, {"z-factor": {"@module": "numpy", "@class": "array", "dtype": "float64", "data": [[4.0, 0.83, -0.744905], [5.0, 0.84, -0.726707]]}}]], "conv_time": 659.0820133686066}, "gw_band_range_pbe": [1, 6], "gw_conv_lda": {"gw_conv_thr": 0.025, "gw_bnd_start": 200, "gw_bnd_step": 100, "gw_cut_start": 4, "gw_cut_step": 4, "kpt_bnd_idx": {"@module": "numpy", "@class": "array", "dtype": "int64", "data": [1, 1, 4, 5]}, "gw_bands": 200, "gw_cutoff": 4, "w_conv_grid": [[200, 4, 8.488721], [300, 4, 8.488662], [300, 8, 8.683652], [300, 8, 8.683652], [300, 12, 8.799831999999999], [300, 12, 8.799831999999999], [300, 16, 8.888178], [300, 16, 8.888178], [300, 20, 8.913444], [300, 20, 8.913444], [300, 24, 8.940452], [300, 24, 8.940452], [300, 28, 8.954859], [300, 28, 8.954859], [400, 28, 8.956333], [400, 32, 8.971542], [400, 32, 8.971542]], "pwcutoff": 130, "w_conv_time": [11.681737184524536, 11.77389144897461, 12.578169584274292, 12.579748630523682, 11.407103538513184, 11.409072875976562, 12.32309365272522, 12.325000286102295, 12.510496377944946, 12.513383150100708, 12.024668455123901, 12.02558183670044, 12.427214860916138, 12.42909574508667, 13.062809944152832, 13.109420776367188, 13.114676713943481], "w_ngw": 10, "w_z_factor": [{"@module": "numpy", "@class": "array", "dtype": "float64", "data": [[4.0, 0.81, -0.716671], [5.0, 0.82, -0.698884]]}, {"@module": "numpy", "@class": "array", "dtype": "float64", "data": [[4.0, 0.81, -0.716695], [5.0, 0.82, -0.698956]]}, {"@module": "numpy", "@class": "array", "dtype": "float64", "data": [[4.0, 0.8, -0.704534], [5.0, 0.82, -0.704115]]}, {"@module": "numpy", "@class": "array", "dtype": "float64", "data": [[4.0, 0.8, -0.687017], [5.0, 0.82, -0.695802]]}, {"@module": "numpy", "@class": "array", "dtype": "float64", "data": [[4.0, 0.8, -0.686822], [5.0, 0.82, -0.698869]]}, {"@module": "numpy", "@class": "array", "dtype": "float64", "data": [[4.0, 0.8, -0.686858], [5.0, 0.82, -0.698743]]}, {"@module": "numpy", "@class": "array", "dtype": "float64", "data": [[4.0, 0.8, -0.687165], [5.0, 0.82, -0.699243]]}, {"@module": "numpy", "@class": "array", "dtype": "float64", "data": [[4.0, 0.8, -0.687304], [5.0, 0.82, -0.69945]]}, {"@module": "numpy", "@class": "array", "dtype": "float64", "data": [[4.0, 0.8, -0.687641], [5.0, 0.82, -0.699381]]}, {"@module": "numpy", "@class": "array", "dtype": "float64", "data": [[4.0, 0.8, -0.688203], [5.0, 0.82, -0.699534]]}], "gw_kppa": 260, "gw_kpt_grid": {"@module": "numpy",