{"@module": "pymatgen.entries.computed_entries", "@class": "ComputedEntry", "energy": 0.0, "composition": {"Cu": 1.0, "Cl": 1.0}, "entry_id": "78270", "correction": 0.0, "energy_adjustments": [], "parameters": {"id": "78270", "name": "CuCl", "ibrav": {"celldm(1)": 10.242693590043631, "ibrav": 2}, "vol": 268.64734426708685, "lda_pw_cutoff_Ry": 76, "qe_conv_pbe": {"qe_conv_maxiter": 20, "qe_delta_kppa": 1500, "qe_delta_cutoff": 5, "qe_conv_thresh": 7.349865078089427e-05, "qe_conv_steps": [[60, 1500, -197.6868403667284], [65, 1500, -197.7163866855343], [70, 1500, -197.7255792470061], [75, 1500, -197.7277806574487], [80, 1500, -197.7281148064229], [85, 1500, -197.7281395425152], [85, 3000, -197.7281401471984]], "qe_conv_time": 37.91213011741638}, "num_elec_pbe": 26.0, "max_mem": 82929.0, "qe_conv_lda": {"qe_conv_maxiter": 20, "qe_delta_kppa": 1500, "qe_delta_cutoff": 5, "qe_conv_thresh": 7.349865078089427e-05, "qe_conv_steps": [[76, 1500, -205.8744250894276], [81, 1500, -205.8769035721176], [86, 1500, -205.8774884845937], [91, 1500, -205.8775838567987], [96, 1500, -205.8775908915393], [96, 3000, -205.8775923759922]], "qe_conv_time": 35.42479133605957}, "num_elec_lda": 26.0, "bg_conv_pbe": {"bg_conv_maxiter": 20, "bg_delta_kppa": 1500, "bg_delta_cutoff": 5, "bg_conv_thresh": 0.025, "bg_conv_steps": [[85, 3000, 0.6175983163017696], [85, 4500, 0.6176000902080685]], "bg_conv_time": 12.873933553695679}, "indirect_gap_pbe": 0.6175983163017696, "bg_conv_lda": {"bg_conv_maxiter": 20, "bg_delta_kppa": 1500, "bg_delta_cutoff": 5, "bg_conv_thresh": 0.025, "bg_conv_steps": [[96, 3000, 0.3700333735041751], [96, 4500, 0.3701029928510189]], "bg_conv_time": 13.83005404472351}, "indirect_gap_lda": 0.3700333375817649, "gw_conv_pbe": {"gw_conv_thr": 0.025, "gw_bnd_start": 200, "gw_bnd_step": 100, "gw_cut_start": 4, "gw_cut_step": 4, "kpt_bnd_idx": {"@module": "numpy", "@class": "array", "dtype": "int64", "data": [1, 1, 13, 14]}, "gw_bands": 200, "gw_cutoff": 4, "w_conv_grid": [[200, 4, 0.36337799999999987], [300, 4, 0.3522759999999999], [300, 8, 0.23975900000000006], [300, 8, 0.23975900000000006], [300, 12, 0.23279699999999992], [300, 12, 0.23279699999999992], [400, 12, 0.21623799999999993], [400, 16, 0.21976899999999988], [400, 16, 0.21976899999999988]], "pwcutoff": 85, "w_conv_time": [12.388888835906982, 12.30940580368042, 12.349639415740967, 12.351118564605713, 12.298638820648193, 12.2994065284729, 12.95069408416748, 13.078556776046753, 13.079589605331421], "w_ngw": 6, "w_z_factor": [{"@module": "numpy", "@class": "array", "dtype": "float64", "data": [[13.0, 0.75, -0.161216], [14.0, 0.78, -0.137599]]}, {"@module": "numpy", "@class": "array", "dtype": "float64", "data": [[13.0, 0.75, -0.16101], [14.0, 0.78, -0.137315]]}, {"@module": "numpy", "@class": "array", "dtype": "float64", "data": [[13.0, 0.73, -0.166813], [14.0, 0.78, -0.139019]]}, {"@module": "numpy", "@class": "array", "dtype": "float64", "data": [[13.0, 0.73, -0.176408], [14.0, 0.78, -0.138984]]}, {"@module": "numpy", "@class": "array", "dtype": "float64", "data": [[13.0, 0.73, -0.169746], [14.0, 0.78, -0.139496]]}, {"@module": "numpy", "@class": "array", "dtype": "float64", "data": [[13.0, 0.73, -0.174426], [14.0, 0.78, -0.139829]]}], "gw_kppa": 690, "gw_kpt_grid": {"@module": "numpy", "@class": "array", "dtype": "int64", "data": [8, 8, 8]}, "conv_list": [[{"kppa": 0}, {"kpt_grid": "1x1x1"}, {"num_kpts": 1}, {"X_bnds": 400.0}, {"G_bnds": 400.0}, {"X_cutoff": 16.0}, {"gamma_gap": 0.21976899999999988}, {"num_gw_calc": 6}, {"wall_time": 169}, {"num_cores": 8}, {"z-factor": "None"}], [{"kppa": 0}, {"kpt_grid": "1x1x1"}, {"num_kpts": 1}, {"X_bnds": 200}, {"G_bnds": 200}, {"X_cutoff": 4}, {"gamma_gap": 8}, {"num_gw_calc": 1}, {"wall_time": 13}, {"num_cores": 8}, {"z-factor": "None"}], [{"kppa": 10}, {"kpt_grid": "2x2x2"}, {"num_kpts": 1}, {"X_bnds": 200}, {"G_bnds": 200}, {"X_cutoff": 4}, {"gamma_gap": 1.237463}, {"num_gw_calc": 2}, {"wall_time": 20}, {"num_cores": 8}, {"z-factor": {"@module": "numpy", "@class": "array", "dtype": "float64", "data": [[13.0, 0.75, -0.165899], [14.0, 0.8, -0.141908]]}}], [{"kppa": 60}, {"kpt_grid": "4x4x4"}, {"num_kpts": 1}, {"X_bnds": 200}, {"G_bnds": 200}, {"X_cutoff": 4}, {"gamma_gap": 1.7962640000000003}, {"num_gw_calc": 3}, {"wall_time": 49}, {"num_cores": 8}, {"z-factor": {"@module": "numpy", "@class": "array", "dtype": "float64", "data": [[13.0, 0.76, -0.152538], [14.0, 0.82, -0.119325]]}}], [{"kppa": 260}, {"kpt_grid": "6x6x6"}, {"num_kpts": 1}, {"X_bnds": 200}, {"G_bnds": 200}, {"X_cutoff": 4}, {"gamma_gap": 1.878867}, {"num_gw_calc": 4}, {"wall_time": 71}, {"num_cores": 32}, {"z-factor": {"@module": "numpy", "@class": "array", "dtype": "float64", "data": [[13.0, 0.77, -0.146654], [14.0, 0.83, -0.112351]]}}], [{"kppa": 690}, {"kpt_grid": "8x8x8"}, {"num_kpts": 1}, {"X_bnds": 200}, {"G_bnds": 200}, {"X_cutoff": 4}, {"gamma_gap": 1.892863}, {"num_gw_calc": 5}, {"wall_time": 218}, {"num_cores": 32}, {"z-factor": {"@module": "numpy", "@class": "array", "dtype": "float64", "data": [[13.0, 0.77, -0.145883], [14.0, 0.83, -0.111039]]}}]], "conv_time": 524.2441205978394}, "gw_band_range_pbe": [1, 15], "gw_conv_lda": {"gw_conv_thr": 0.025, "gw_bnd_start": 200, "gw_bnd_step": 100, "gw_cut_start": 4, "gw_cut_step": 4, "kpt_bnd_idx": {"@module": "numpy", "@class": "array", "dtype": "int64", "data": [1, 1, 13, 14]}, "gw_bands": 200, "gw_cutoff": 4, "w_conv_grid": [[200, 4, 0.7566390000000001], [300, 4, 0.748513], [300, 8, 0.6412009999999999], [300, 8, 0.6412009999999999], [300, 12, 0.6337609999999999], [300, 12, 0.6337609999999999], [400, 12, 0.6243500000000001], [400, 16, 0.628108], [400, 16, 0.628108]], "pwcutoff": 96, "w_conv_time": [12.163252830505371, 12.472122430801392, 12.582348585128784, 12.583557367324829, 12.693811893463135, 12.695099592208862, 12.855649709701538, 13.495670080184937, 13.4964919090271], "w_ngw": 6, "w_z_factor": [{"@module": "numpy", "@class": "array", "dtype": "float64", "data": [[13.0, 0.76, -0.142642], [14.0, 0.79, -0.120419]]}, {"@module": "numpy", "@class": "array", "dtype": "float64", "data": [[13.0, 0.76, -0.134937], [14.0, 0.79, -0.120202]]}, {"@module": "numpy", "@class": "array", "dtype": "float64", "data": [[13.0, 0.74, -0.181818], [14.0, 0.79, -0.12586]]}, {"@module": "numpy", "@class": "array", "dtype": "float64", "data": [[13.0, 0.74, -0.195214], [14.0, 0.79, -0.127]]}, {"@module": "numpy", "@class": "array", "dtype": "float64", "data": [[13.0, 0.74, -0.130818], [14.0, 0.79, -0.124031]]}, {"@module": "numpy", "@class": "array", "dtype": "float64", "data": [[13.0, 0.74, -0.157714], [14.0, 0.79, -0.126007]]}], "gw_kppa": 1460, "gw_kpt_grid": {"@module": "numpy", "@class": "array", "dtype": "int64", "data": [10, 10, 10]}, "conv_list": [[{"kppa": 0}, {"kpt_grid": "1x1x1"}, {"num_kpts": 1}, {"X_bnds": 400.0}, {"G_bnds": 400.0}, {"X_cutoff": 16.0}, {"gamma_gap": 0.628108}, {"num_gw_calc": 6}, {"wall_time": 168}, {"num_cores": 8}, {"z-factor": "None"}], [{"kppa": 0}, {"kpt_grid": "1x1x1"}, {"num_kpts": 1}, {"X_bnds": 200}, {"G_bnds": 200}, {"X_cutoff": 4}, {"gamma_gap": 8}, {"num_gw_calc": 1}, {"wall_time": 13}, {"num_cores": 8}, {"z-factor": "None"}], [{"kppa": 10}, {"kpt_grid": "2x2x2"}, {"num_kpts": 1}, {"X_bnds": 200}, {"G_bnds": 200}, {"X_cutoff": 4}, {"gamma_gap": 1.461307}, {"num_gw_calc": 2}, {"wall_time": 21}, {"num_cores": 8}, {"z-factor": {"@module": "numpy", "@class": "array", "dtype": "float64", "data": [[13.0, 0.74, -0.168604], [14.0, 0.8, -0.141972]]}}], [{"kppa": 60}, {"kpt_grid": "4x4x4"}, {"num_kpts": 1}, {"X_bnds": 200}, {"G_bnds": 200}, {"X_cutoff": 4}, {"gamma_gap": 1.8858700000000002}, {"num_gw_calc": 3}, {"wall_time": 59}, {"num_cores": 8}, {"z-factor": {"@module": "numpy", "@class": "array", "dtype": "float64",