{"@module": "pymatgen.entries.computed_entries", "@class": "ComputedEntry", "energy": 0.0, "composition": {"Cu": 1.0, "Br": 1.0}, "entry_id": "78274", "correction": 0.0, "energy_adjustments": [], "parameters": {"id": "78274", "name": "CuBr", "ibrav": {"celldm(1)": 10.762935194659512, "ibrav": 2}, "vol": 311.6966858772475, "lda_pw_cutoff_Ry": 76, "qe_conv_pbe": {"qe_conv_maxiter": 20, "qe_delta_kppa": 1500, "qe_delta_cutoff": 5, "qe_conv_thresh": 7.349865078089427e-05, "qe_conv_steps": [[60, 1500, -196.0686812645439], [65, 1500, -196.0982398889987], [70, 1500, -196.1074699692138], [75, 1500, -196.1096318981065], [80, 1500, -196.1099505831698], [85, 1500, -196.1099692213743], [85, 3000, -196.1099708504861]], "qe_conv_time": 48.84726166725159}, "num_elec_pbe": 26.0, "max_mem": 83297.0, "qe_conv_lda": {"qe_conv_maxiter": 20, "qe_delta_kppa": 1500, "qe_delta_cutoff": 5, "qe_conv_thresh": 7.349865078089427e-05, "qe_conv_steps": [[76, 1500, -205.2447107354573], [81, 1500, -205.2471833938288], [86, 1500, -205.2477745270247], [91, 1500, -205.2478681233302], [96, 1500, -205.247875364035], [96, 3000, -205.2478787306972]], "qe_conv_time": 36.18983340263367}, "num_elec_lda": 26.0, "bg_conv_pbe": {"bg_conv_maxiter": 20, "bg_delta_kppa": 1500, "bg_delta_cutoff": 5, "bg_conv_thresh": 0.025, "bg_conv_steps": [[85, 3000, 0.5231626015846835], [85, 4500, 0.5231074510549396]], "bg_conv_time": 17.777875185012817}, "indirect_gap_pbe": 0.5231626015846835, "bg_conv_lda": {"bg_conv_maxiter": 20, "bg_delta_kppa": 1500, "bg_delta_cutoff": 5, "bg_conv_thresh": 0.025, "bg_conv_steps": [[96, 3000, 0.25781524357311586], [96, 4500, 0.25789885463843126]], "bg_conv_time": 13.143343925476074}, "indirect_gap_lda": 0.25781524357311586, "gw_conv_pbe": {"gw_conv_thr": 0.025, "gw_bnd_start": 200, "gw_bnd_step": 100, "gw_cut_start": 4, "gw_cut_step": 4, "kpt_bnd_idx": {"@module": "numpy", "@class": "array", "dtype": "int64", "data": [1, 1, 13, 14]}, "gw_bands": 200, "gw_cutoff": 4, "w_conv_grid": [[200, 4, 0.4450599999999999], [300, 4, 0.43613099999999994], [300, 8, 0.3133569999999999], [300, 8, 0.3133569999999999], [300, 12, 0.309068], [300, 12, 0.309068], [400, 12, 0.288621], [400, 16, 0.3008360000000001], [400, 16, 0.3008360000000001]], "pwcutoff": 85, "w_conv_time": [12.136152505874634, 12.106919288635254, 12.105563402175903, 12.106379747390747, 12.656392574310303, 12.657634735107422, 12.623201370239258, 13.158817291259766, 13.15965986251831], "w_ngw": 6, "w_z_factor": [{"@module": "numpy", "@class": "array", "dtype": "float64", "data": [[13.0, 0.77, -0.128361], [14.0, 0.81, -0.112084]]}, {"@module": "numpy", "@class": "array", "dtype": "float64", "data": [[13.0, 0.77, -0.134487], [14.0, 0.81, -0.113403]]}, {"@module": "numpy", "@class": "array", "dtype": "float64", "data": [[13.0, 0.75, -0.154846], [14.0, 0.8, -0.113711]]}, {"@module": "numpy", "@class": "array", "dtype": "float64", "data": [[13.0, 0.75, -0.161629], [14.0, 0.8, -0.114024]]}, {"@module": "numpy", "@class": "array", "dtype": "float64", "data": [[13.0, 0.75, -0.166595], [14.0, 0.8, -0.114225]]}, {"@module": "numpy", "@class": "array", "dtype": "float64", "data": [[13.0, 0.75, -0.168118], [14.0, 0.8, -0.114293]]}], "gw_kppa": 1460, "gw_kpt_grid": {"@module": "numpy", "@class": "array", "dtype": "int64", "data": [10, 10, 10]}, "conv_list": [[{"kppa": 0}, {"kpt_grid": "1x1x1"}, {"num_kpts": 1}, {"X_bnds": 400.0}, {"G_bnds": 400.0}, {"X_cutoff": 16.0}, {"gamma_gap": 0.3008360000000001}, {"num_gw_calc": 6}, {"wall_time": 167}, {"num_cores": 8}, {"z-factor": "None"}], [{"kppa": 0}, {"kpt_grid": "1x1x1"}, {"num_kpts": 1}, {"X_bnds": 200}, {"G_bnds": 200}, {"X_cutoff": 4}, {"gamma_gap": 8}, {"num_gw_calc": 1}, {"wall_time": 13}, {"num_cores": 8}, {"z-factor": "None"}], [{"kppa": 10}, {"kpt_grid": "2x2x2"}, {"num_kpts": 1}, {"X_bnds": 200}, {"G_bnds": 200}, {"X_cutoff": 4}, {"gamma_gap": 1.101907}, {"num_gw_calc": 2}, {"wall_time": 21}, {"num_cores": 8}, {"z-factor": {"@module": "numpy", "@class": "array", "dtype": "float64", "data": [[13.0, 0.75, -0.168028], [14.0, 0.8, -0.139309]]}}], [{"kppa": 60}, {"kpt_grid": "4x4x4"}, {"num_kpts": 1}, {"X_bnds": 200}, {"G_bnds": 200}, {"X_cutoff": 4}, {"gamma_gap": 1.469859}, {"num_gw_calc": 3}, {"wall_time": 51}, {"num_cores": 8}, {"z-factor": {"@module": "numpy", "@class": "array", "dtype": "float64", "data": [[13.0, 0.76, -0.162153], [14.0, 0.82, -0.129773]]}}], [{"kppa": 260}, {"kpt_grid": "6x6x6"}, {"num_kpts": 1}, {"X_bnds": 200}, {"G_bnds": 200}, {"X_cutoff": 4}, {"gamma_gap": 1.5483580000000001}, {"num_gw_calc": 4}, {"wall_time": 72}, {"num_cores": 32}, {"z-factor": {"@module": "numpy", "@class": "array", "dtype": "float64", "data": [[13.0, 0.76, -0.15614], [14.0, 0.82, -0.122389]]}}], [{"kppa": 690}, {"kpt_grid": "8x8x8"}, {"num_kpts": 1}, {"X_bnds": 200}, {"G_bnds": 200}, {"X_cutoff": 4}, {"gamma_gap": 1.576044}, {"num_gw_calc": 5}, {"wall_time": 300}, {"num_cores": 32}, {"z-factor": {"@module": "numpy", "@class": "array", "dtype": "float64", "data": [[13.0, 0.76, -0.154424], [14.0, 0.82, -0.119604]]}}], [{"kppa": 1460}, {"kpt_grid": "10x10x10"}, {"num_kpts": 1}, {"X_bnds": 200}, {"G_bnds": 200}, {"X_cutoff": 4}, {"gamma_gap": 1.5851}, {"num_gw_calc": 6}, {"wall_time": 902}, {"num_cores": 32}, {"z-factor": {"@module": "numpy", "@class": "array", "dtype": "float64", "data": [[13.0, 0.76, -0.154878], [14.0, 0.82, -0.118773]]}}]], "conv_time": 1509.214509010315}, "gw_band_range_pbe": [1, 15], "gw_conv_lda": {"gw_conv_thr": 0.025, "gw_bnd_start": 200, "gw_bnd_step": 100, "gw_cut_start": 4, "gw_cut_step": 4, "kpt_bnd_idx": {"@module": "numpy", "@class": "array", "dtype": "int64", "data": [1, 1, 13, 14]}, "gw_bands": 200, "gw_cutoff": 4, "w_conv_grid": [[200, 4, 0.7859470000000001], [300, 4, 0.776047], [300, 8, 0.657514], [300, 8, 0.657514], [300, 12, 0.655273], [300, 12, 0.655273], [400, 12, 0.6487560000000001], [400, 16, 0.663872], [400, 16, 0.663872]], "pwcutoff": 96, "w_conv_time": [11.997689723968506, 12.280213594436646, 12.236308574676514, 12.23734426498413, 12.546377897262573, 12.547653675079346, 13.075455665588379, 13.252544403076172, 13.254388570785522], "w_ngw": 6, "w_z_factor": [{"@module": "numpy", "@class": "array", "dtype": "float64", "data": [[13.0, 0.78, -0.132552], [14.0, 0.82, -0.930523]]}, {"@module": "numpy", "@class": "array", "dtype": "float64", "data": [[13.0, 0.78, -0.141126], [14.0, 0.82, -0.91987]]}, {"@module": "numpy", "@class": "array", "dtype": "float64", "data": [[13.0, 0.76, -0.162376], [14.0, 0.82, -0.965582]]}, {"@module": "numpy", "@class": "array", "dtype": "float64", "data": [[13.0, 0.76, -0.16353], [14.0, 0.82, -0.967684]]}, {"@module": "numpy", "@class": "array", "dtype": "float64", "data": [[13.0, 0.77, -0.14485], [14.0, 0.82, -0.949002]]}, {"@module": "numpy", "@class": "array", "dtype": "float64", "data": [[13.0, 0.77, -0.142595], [14.0, 0.82, -0.952094]]}], "gw_kppa": 1460, "gw_kpt_grid": {"@module": "numpy", "@class": "array", "dtype": "int64", "data": [10, 10, 10]}, "conv_list": [[{"kppa": 0}, {"kpt_grid": "1x1x1"}, {"num_kpts": 1}, {"X_bnds": 400.0}, {"G_bnds": 400.0}, {"X_cutoff": 16.0}, {"gamma_gap": 0.663872}, {"num_gw_calc": 6}, {"wall_time": 164}, {"num_cores": 8}, {"z-factor": "None"}], [{"kppa": 0}, {"kpt_grid": "1x1x1"}, {"num_kpts": 1}, {"X_bnds": 200}, {"G_bnds": 200}, {"X_cutoff": 4}, {"gamma_gap": 8}, {"num_gw_calc": 1}, {"wall_time": 12}, {"num_cores": 8}, {"z-factor": "None"}], [{"kppa": 10}, {"kpt_grid": "2x2x2"}, {"num_kpts": 1}, {"X_bnds": 200}, {"G_bnds": 200}, {"X_cutoff": 4}, {"gamma_gap": 1.283464}, {"num_gw_calc": 2}, {"wall_time": 21}, {"num_cores": 8}, {"z-factor": {"@module": "numpy", "@class": "array", "dtype": "float64", "data": [[13.0, 0.75, -0.163636], [14.0, 0.81, -0.132937]]}}], [{"kppa": 60}, {"kpt_grid": "4x4x4"}, {"num_kpts": 1}, {"X_bnds": 200}, {"G_bnds": 200}, {"X_cutoff": 4}, {"gamma_gap": 1.5570469999999998}, {"num_gw_calc": 3}, {"wall_time": 66}, {"num_cores": 8}, {"z-factor": {"@module": "numpy",