{"@module": "pymatgen.entries.computed_entries", "@class": "ComputedEntry", "energy": 0.0, "composition": {"Ca": 1.0, "Mg": 2.0, "N": 2.0}, "entry_id": "79123", "correction": 0.0, "energy_adjustments": [], "parameters": {"id": "79123", "name": "CaMg2N2", "ibrav": {"celldm(1)": 6.690499787425901, "ibrav": 4, "celldm(3)": 1.7203386000689176}, "vol": 446.1904280876911, "lda_pw_cutoff_Ry": 76, "qe_conv_pbe": {"qe_conv_maxiter": 20, "qe_delta_kppa": 1500, "qe_delta_cutoff": 5, "qe_conv_thresh": 0.00018374662695223566, "qe_conv_steps": [[60, 1500, -165.5724310761234], [65, 1500, -165.5757209355427], [70, 1500, -165.5773362775326], [75, 1500, -165.5782049638717], [80, 1500, -165.5786303104481], [85, 1500, -165.5788522168474], [90, 1500, -165.578956942574], [90, 3000, -165.5789651928746]], "qe_conv_time": 74.75574350357056}, "num_elec_pbe": 40.0, "max_mem": 33303.0, "qe_conv_lda": {"qe_conv_maxiter": 20, "qe_delta_kppa": 1500, "qe_delta_cutoff": 5, "qe_conv_thresh": 0.00018374662695223566, "qe_conv_steps": [[76, 1500, -178.1271882131895], [81, 1500, -178.1276706972822], [86, 1500, -178.1277309700405], [86, 3000, -178.1277397515819]], "qe_conv_time": 39.92461371421814}, "num_elec_lda": 40.0, "bg_conv_pbe": {"bg_conv_maxiter": 20, "bg_delta_kppa": 1500, "bg_delta_cutoff": 5, "bg_conv_thresh": 0.025, "bg_conv_steps": [[90, 3000, 2.0925005976224327], [90, 4500, 2.09252228818751]], "bg_conv_time": 35.05301213264465}, "indirect_gap_pbe": 2.0925147569956946, "bg_conv_lda": {"bg_conv_maxiter": 20, "bg_delta_kppa": 1500, "bg_delta_cutoff": 5, "bg_conv_thresh": 0.025, "bg_conv_steps": [[86, 3000, 2.089150818061993], [86, 4500, 2.089185640407866]], "bg_conv_time": 30.35098648071289}, "indirect_gap_lda": 2.0891763830066346, "gw_conv_pbe": {"gw_conv_thr": 0.025, "gw_bnd_start": 200, "gw_bnd_step": 100, "gw_cut_start": 4, "gw_cut_step": 4, "kpt_bnd_idx": {"@module": "numpy", "@class": "array", "dtype": "int64", "data": [1, 1, 20, 21]}, "gw_bands": 200, "gw_cutoff": 4, "w_conv_grid": [[200, 4, 1.455716], [300, 4, 1.455677], [300, 8, 1.7599289999999999], [300, 8, 1.7599289999999999], [300, 12, 1.8905879999999997], [300, 12, 1.8905879999999997], [300, 16, 1.918858], [300, 16, 1.918858], [300, 20, 1.9250079999999998], [300, 20, 1.9250079999999998], [400, 20, 1.930215], [400, 24, 1.932359], [400, 24, 1.932359]], "pwcutoff": 90, "w_conv_time": [12.493673086166382, 12.893206119537354, 13.175058603286743, 13.17662525177002, 13.685006856918335, 13.68700098991394, 14.755441188812256, 14.757219314575195, 16.378961324691772, 16.380533456802368, 17.668367385864258, 21.038537740707397, 21.03995180130005], "w_ngw": 8, "w_z_factor": [{"@module": "numpy", "@class": "array", "dtype": "float64", "data": [[20.0, 0.77, -0.143094], [21.0, 0.79, -0.128241]]}, {"@module": "numpy", "@class": "array", "dtype": "float64", "data": [[20.0, 0.77, -0.137423], [21.0, 0.79, -0.127705]]}, {"@module": "numpy", "@class": "array", "dtype": "float64", "data": [[20.0, 0.77, -0.114616], [21.0, 0.79, -0.125339]]}, {"@module": "numpy", "@class": "array", "dtype": "float64", "data": [[20.0, 0.76, -0.133507], [21.0, 0.79, -0.128248]]}, {"@module": "numpy", "@class": "array", "dtype": "float64", "data": [[20.0, 0.76, -0.132516], [21.0, 0.79, -0.128393]]}, {"@module": "numpy", "@class": "array", "dtype": "float64", "data": [[20.0, 0.76, -0.132854], [21.0, 0.79, -0.127331]]}, {"@module": "numpy", "@class": "array", "dtype": "float64", "data": [[20.0, 0.76, -0.1463], [21.0, 0.79, -0.130909]]}, {"@module": "numpy", "@class": "array", "dtype": "float64", "data": [[20.0, 0.76, -0.1219], [21.0, 0.79, -0.131795]]}], "gw_kppa": 370, "gw_kpt_grid": {"@module": "numpy", "@class": "array", "dtype": "int64", "data": [6, 6, 2]}, "conv_list": [[{"kppa": 0}, {"kpt_grid": "1x1x1"}, {"num_kpts": 1}, {"X_bnds": 400.0}, {"G_bnds": 400.0}, {"X_cutoff": 24.0}, {"gamma_gap": 1.932359}, {"num_gw_calc": 8}, {"wall_time": 226}, {"num_cores": 8}, {"z-factor": "None"}], [{"kppa": 0}, {"kpt_grid": "1x1x1"}, {"num_kpts": 1}, {"X_bnds": 200}, {"G_bnds": 200}, {"X_cutoff": 4}, {"gamma_gap": 8}, {"num_gw_calc": 1}, {"wall_time": 13}, {"num_cores": 8}, {"z-factor": "None"}], [{"kppa": 10}, {"kpt_grid": "2x2x2"}, {"num_kpts": 1}, {"X_bnds": 200}, {"G_bnds": 200}, {"X_cutoff": 4}, {"gamma_gap": 2.432669}, {"num_gw_calc": 2}, {"wall_time": 29}, {"num_cores": 8}, {"z-factor": {"@module": "numpy", "@class": "array", "dtype": "float64", "data": [[20.0, 0.78, -0.144531], [21.0, 0.81, -0.122933]]}}], [{"kppa": 80}, {"kpt_grid": "4x4x2"}, {"num_kpts": 1}, {"X_bnds": 200}, {"G_bnds": 200}, {"X_cutoff": 4}, {"gamma_gap": 2.633568}, {"num_gw_calc": 3}, {"wall_time": 85}, {"num_cores": 8}, {"z-factor": {"@module": "numpy", "@class": "array", "dtype": "float64", "data": [[20.0, 0.78, -0.141198], [21.0, 0.82, -0.117076]]}}], [{"kppa": 370}, {"kpt_grid": "6x6x2"}, {"num_kpts": 1}, {"X_bnds": 200}, {"G_bnds": 200}, {"X_cutoff": 4}, {"gamma_gap": 2.651033}, {"num_gw_calc": 4}, {"wall_time": 95}, {"num_cores": 32}, {"z-factor": {"@module": "numpy", "@class": "array", "dtype": "float64", "data": [[20.0, 0.78, -0.141273], [21.0, 0.82, -0.115539]]}}]], "conv_time": 432.31389355659485}, "gw_band_range_pbe": [1, 24], "gw_conv_lda": {"gw_conv_thr": 0.025, "gw_bnd_start": 200, "gw_bnd_step": 100, "gw_cut_start": 4, "gw_cut_step": 4, "kpt_bnd_idx": {"@module": "numpy", "@class": "array", "dtype": "int64", "data": [1, 1, 20, 21]}, "gw_bands": 200, "gw_cutoff": 4, "w_conv_grid": [[200, 4, 1.822039], [300, 4, 1.817786], [300, 8, 2.117546], [300, 8, 2.117546], [300, 12, 2.244824], [300, 12, 2.244824], [300, 16, 2.271461], [300, 16, 2.271461], [300, 20, 2.276942], [300, 20, 2.276942], [400, 20, 2.282641], [400, 24, 2.284931], [400, 24, 2.284931]], "pwcutoff": 86, "w_conv_time": [12.680793523788452, 12.5943124294281, 13.221070051193237, 13.222966194152832, 13.32510495185852, 13.326898097991943, 15.004703998565674, 15.006543159484863, 16.197209358215332, 16.19863224029541, 17.463199853897095, 20.77451229095459, 20.775825023651123], "w_ngw": 8, "w_z_factor": [{"@module": "numpy", "@class": "array", "dtype": "float64", "data": [[20.0, 0.76, -0.168931], [21.0, 0.79, -0.131904]]}, {"@module": "numpy", "@class": "array", "dtype": "float64", "data": [[20.0, 0.77, -0.17529], [21.0, 0.79, -0.131342]]}, {"@module": "numpy", "@class": "array", "dtype": "float64", "data": [[20.0, 0.76, -0.153065], [21.0, 0.79, -0.130125]]}, {"@module": "numpy", "@class": "array", "dtype": "float64", "data": [[20.0, 0.75, -0.182282], [21.0, 0.79, -0.135159]]}, {"@module": "numpy", "@class": "array", "dtype": "float64", "data": [[20.0, 0.75, -0.166643], [21.0, 0.78, -0.13418]]}, {"@module": "numpy", "@class": "array", "dtype": "float64", "data": [[20.0, 0.75, -0.164219], [21.0, 0.78, -0.134813]]}, {"@module": "numpy", "@class": "array", "dtype": "float64", "data": [[20.0, 0.75, -0.255943], [21.0, 0.78, -0.133445]]}, {"@module": "numpy", "@class": "array", "dtype": "float64", "data": [[20.0, 0.75, -0.196567], [21.0, 0.78, -0.132212]]}], "gw_kppa": 370, "gw_kpt_grid": {"@module": "numpy", "@class": "array", "dtype": "int64", "data": [6, 6, 2]}, "conv_list": [[{"kppa": 0}, {"kpt_grid": "1x1x1"}, {"num_kpts": 1}, {"X_bnds": 400.0}, {"G_bnds": 400.0}, {"X_cutoff": 24.0}, {"gamma_gap": 2.284931}, {"num_gw_calc": 8}, {"wall_time": 201}, {"num_cores": 8}, {"z-factor": "None"}], [{"kppa": 0}, {"kpt_grid": "1x1x1"}, {"num_kpts": 1}, {"X_bnds": 200}, {"G_bnds": 200}, {"X_cutoff": 4}, {"gamma_gap": 8}, {"num_gw_calc": 1}, {"wall_time": 13}, {"num_cores": 8}, {"z-factor": "None"}], [{"kppa": 10}, {"kpt_grid": "2x2x2"}, {"num_kpts": 1}, {"X_bnds": 200}, {"G_bnds": 200}, {"X_cutoff": 4}, {"gamma_gap": 2.720262}, {"num_gw_calc": 2}, {"wall_time": 29}, {"num_cores": 8}, {"z-factor": {"@module": "numpy", "@class": "array", "dtype": "float64",