{"@module": "pymatgen.entries.computed_entries", "@class": "ComputedEntry", "energy": 0.0, "composition": {"Ba": 2.0, "Bi": 2.0, "Cl": 2.0, "O": 4.0}, "entry_id": "79532", "correction": 0.0, "energy_adjustments": [], "parameters": {"id": "79532", "name": "BaBiClO2", "ibrav": {"celldm(1)": 11.111589666332709, "ibrav": 9, "celldm(2)": 2.2015306122448974, "celldm(3)": 0.9654761904761904}, "vol": 1458.0247184496575, "lda_pw_cutoff_Ry": 62, "qe_conv_pbe": {"qe_conv_maxiter": 20, "qe_delta_kppa": 1500, "qe_delta_cutoff": 5, "qe_conv_thresh": 0.00036749325390447133, "qe_conv_steps": [[60, 1500, -281.8645393856572], [65, 1500, -281.8866476296978], [70, 1500, -281.8969594136468], [75, 1500, -281.9012388052723], [80, 1500, -281.9027838767675], [85, 1500, -281.903177017511], [90, 1500, -281.9032683929737], [90, 3000, -281.9032693103678]], "qe_conv_time": 303.14541125297546}, "num_elec_pbe": 88.00000000000001, "max_mem": 130668.0, "qe_conv_lda": {"qe_conv_maxiter": 20, "qe_delta_kppa": 1500, "qe_delta_cutoff": 5, "qe_conv_thresh": 0.00036749325390447133, "qe_conv_steps": [[62, 1500, -319.395629679806], [67, 1500, -319.4039299590492], [72, 1500, -319.4071217178059], [77, 1500, -319.4081912106617], [82, 1500, -319.4084859984465], [82, 3000, -319.4084874759219]], "qe_conv_time": 188.17303228378296}, "num_elec_lda": 88.00000000000001, "bg_conv_pbe": {"bg_conv_maxiter": 20, "bg_delta_kppa": 1500, "bg_delta_cutoff": 5, "bg_conv_thresh": 0.025, "bg_conv_steps": [[90, 3000, 3.2898546768491315], [90, 4500, 3.28999653260072]], "bg_conv_time": 230.84267711639404}, "indirect_gap_pbe": 3.289865906430918, "bg_conv_lda": {"bg_conv_maxiter": 20, "bg_delta_kppa": 1500, "bg_delta_cutoff": 5, "bg_conv_thresh": 0.025, "bg_conv_steps": [[82, 3000, 3.1506379809203553], [82, 4500, 3.1523943591168786]], "bg_conv_time": 151.82703399658203}, "indirect_gap_lda": 3.150627393145008, "gw_conv_pbe": {"gw_conv_thr": 0.025, "gw_bnd_start": 200, "gw_bnd_step": 100, "gw_cut_start": 4, "gw_cut_step": 4, "kpt_bnd_idx": {"@module": "numpy", "@class": "array", "dtype": "int64", "data": [1, 1, 44, 45]}, "gw_bands": 200, "gw_cutoff": 4, "w_conv_grid": [[200, 4, 5.009182], [300, 4, 4.967154000000001], [400, 4, 4.955225], [400, 8, 5.007091], [400, 8, 5.007091], [400, 12, 5.051213000000001], [400, 12, 5.051213000000001], [400, 16, 5.073963], [400, 16, 5.073963], [500, 16, 5.068568], [500, 20, 5.082991], [500, 20, 5.082991]], "pwcutoff": 90, "w_conv_time": [16.335529327392578, 17.84838604927063, 19.312283515930176, 25.780123710632324, 25.782276153564453, 46.54808068275452, 46.55038857460022, 85.06584572792053, 85.06744837760925, 95.88644313812256, 178.66961145401, 178.67111945152283], "w_ngw": 8, "w_z_factor": [{"@module": "numpy", "@class": "array", "dtype": "float64", "data": [[44.0, 0.8, -0.126762], [45.0, 0.84, -0.107813]]}, {"@module": "numpy", "@class": "array", "dtype": "float64", "data": [[44.0, 0.8, -0.131019], [45.0, 0.84, -0.107608]]}, {"@module": "numpy", "@class": "array", "dtype": "float64", "data": [[44.0, 0.8, -0.130859], [45.0, 0.83, -0.105679]]}, {"@module": "numpy", "@class": "array", "dtype": "float64", "data": [[44.0, 0.79, -0.136858], [45.0, 0.83, -0.106886]]}, {"@module": "numpy", "@class": "array", "dtype": "float64", "data": [[44.0, 0.79, -0.128209], [45.0, 0.83, -0.105393]]}, {"@module": "numpy", "@class": "array", "dtype": "float64", "data": [[44.0, 0.79, -0.128764], [45.0, 0.83, -0.105225]]}, {"@module": "numpy", "@class": "array", "dtype": "float64", "data": [[44.0, 0.79, -0.131252], [45.0, 0.83, -0.105851]]}, {"@module": "numpy", "@class": "array", "dtype": "float64", "data": [[44.0, 0.79, -0.129823], [45.0, 0.83, -0.10593]]}], "gw_kppa": 180, "gw_kpt_grid": {"@module": "numpy", "@class": "array", "dtype": "int64", "data": [2, 2, 4]}, "conv_list": [[{"kppa": 0}, {"kpt_grid": "1x1x1"}, {"num_kpts": 1}, {"X_bnds": 500.0}, {"G_bnds": 500.0}, {"X_cutoff": 20.0}, {"gamma_gap": 5.082991}, {"num_gw_calc": 8}, {"wall_time": 1065}, {"num_cores": 8}, {"z-factor": "None"}], [{"kppa": 0}, {"kpt_grid": "1x1x1"}, {"num_kpts": 1}, {"X_bnds": 200}, {"G_bnds": 200}, {"X_cutoff": 4}, {"gamma_gap": 4}, {"num_gw_calc": 1}, {"wall_time": 17}, {"num_cores": 8}, {"z-factor": "None"}], [{"kppa": 10}, {"kpt_grid": "2x2x2"}, {"num_kpts": 1}, {"X_bnds": 200}, {"G_bnds": 200}, {"X_cutoff": 4}, {"gamma_gap": 5.0714500000000005}, {"num_gw_calc": 2}, {"wall_time": 133}, {"num_cores": 8}, {"z-factor": {"@module": "numpy", "@class": "array", "dtype": "float64", "data": [[44.0, 0.8, -0.13197], [45.0, 0.84, -0.104142]]}}], [{"kppa": 180}, {"kpt_grid": "2x2x4"}, {"num_kpts": 1}, {"X_bnds": 200}, {"G_bnds": 200}, {"X_cutoff": 4}, {"gamma_gap": 5.059793}, {"num_gw_calc": 3}, {"wall_time": 264}, {"num_cores": 8}, {"z-factor": {"@module": "numpy", "@class": "array", "dtype": "float64", "data": [[44.0, 0.8, -0.13805], [45.0, 0.84, -0.105215]]}}]], "conv_time": 1460.7342865467072}, "gw_band_range_pbe": [1, 54], "gw_conv_lda": {"gw_conv_thr": 0.025, "gw_bnd_start": 200, "gw_bnd_step": 100, "gw_cut_start": 4, "gw_cut_step": 4, "kpt_bnd_idx": {"@module": "numpy", "@class": "array", "dtype": "int64", "data": [1, 1, 44, 45]}, "gw_bands": 200, "gw_cutoff": 4, "w_conv_grid": [[200, 4, 5.112709000000001], [300, 4, 5.0793040000000005], [400, 4, 5.068790000000001], [400, 8, 5.122339], [400, 8, 5.122339], [400, 12, 5.171293], [400, 12, 5.171293], [400, 16, 5.196189], [400, 16, 5.196189], [500, 16, 5.198012], [500, 20, 5.212631], [500, 20, 5.212631]], "pwcutoff": 82, "w_conv_time": [15.2551429271698, 16.5833477973938, 17.66381859779358, 23.815311908721924, 23.817675590515137, 44.23375725746155, 44.23495578765869, 84.42507147789001, 84.4279465675354, 96.31181859970093, 182.02281165122986, 182.02406477928162], "w_ngw": 8, "w_z_factor": [{"@module": "numpy", "@class": "array", "dtype": "float64", "data": [[44.0, 0.79, -0.13565], [45.0, 0.83, -0.112234]]}, {"@module": "numpy", "@class": "array", "dtype": "float64", "data": [[44.0, 0.8, -0.138351], [45.0, 0.83, -0.111013]]}, {"@module": "numpy", "@class": "array", "dtype": "float64", "data": [[44.0, 0.8, -0.136711], [45.0, 0.83, -0.108986]]}, {"@module": "numpy", "@class": "array", "dtype": "float64", "data": [[44.0, 0.79, -0.133619], [45.0, 0.83, -0.108084]]}, {"@module": "numpy", "@class": "array", "dtype": "float64", "data": [[44.0, 0.79, -0.132169], [45.0, 0.83, -0.110772]]}, {"@module": "numpy", "@class": "array", "dtype": "float64", "data": [[44.0, 0.78, -0.131287], [45.0, 0.83, -0.110118]]}, {"@module": "numpy", "@class": "array", "dtype": "float64", "data": [[44.0, 0.78, -0.132224], [45.0, 0.83, -0.108036]]}, {"@module": "numpy", "@class": "array", "dtype": "float64", "data": [[44.0, 0.78, -0.132211], [45.0, 0.83, -0.108196]]}], "gw_kppa": 180, "gw_kpt_grid": {"@module": "numpy", "@class": "array", "dtype": "int64", "data": [2, 2, 4]}, "conv_list": [[{"kppa": 0}, {"kpt_grid": "1x1x1"}, {"num_kpts": 1}, {"X_bnds": 500.0}, {"G_bnds": 500.0}, {"X_cutoff": 20.0}, {"gamma_gap": 5.212631}, {"num_gw_calc": 8}, {"wall_time": 850}, {"num_cores": 8}, {"z-factor": "None"}], [{"kppa": 0}, {"kpt_grid": "1x1x1"}, {"num_kpts": 1}, {"X_bnds": 200}, {"G_bnds": 200}, {"X_cutoff": 4}, {"gamma_gap": 4}, {"num_gw_calc": 1}, {"wall_time": 16}, {"num_cores": 8}, {"z-factor": "None"}], [{"kppa": 10}, {"kpt_grid": "2x2x2"}, {"num_kpts": 1}, {"X_bnds": 200}, {"G_bnds": 200}, {"X_cutoff": 4}, {"gamma_gap": 5.183985}, {"num_gw_calc": 2}, {"wall_time": 99}, {"num_cores": 8}, {"z-factor": {"@module": "numpy", "@class": "array", "dtype": "float64", "data": [[44.0, 0.8, -0.142564], [45.0, 0.84, -0.113623]]}}], [{"kppa": 180}, {"kpt_grid": "2x2x4"}, {"num_kpts": 1}, {"X_bnds": 200}, {"G_bnds": 200}, {"X_cutoff": 4}, {"gamma_gap": 5.173932000000001}, {"num_gw_calc": 3}, {"wall_time": 225}, {"num_cores": 8}, {"z-factor": {"@module": "numpy", "@class": "array", "dtype": "float64", "data": [[44.0, 0.8, -0.133668], [45.0, 0.84, -0.106991]]}}]], "conv_time": 1172.872685432434}, "gw_band_range_lda": [1, 54],