{"@module": "pymatgen.entries.computed_entries", "@class": "ComputedEntry", "energy": 0.0, "composition": {"In": 4.0, "S": 4.0}, "entry_id": "81338", "correction": 0.0, "energy_adjustments": [], "parameters": {"id": "81338", "name": "InS", "ibrav": {"celldm(1)": 7.456292405858666, "ibrav": 8, "celldm(2)": 1.128570342398054, "celldm(3)": 2.6991408368603795}, "vol": 1262.7662679270281, "lda_pw_cutoff_Ry": 62, "qe_conv_pbe": {"qe_conv_maxiter": 20, "qe_delta_kppa": 1500, "qe_delta_cutoff": 5, "qe_conv_thresh": 0.00029399460312357707, "qe_conv_steps": [[60, 1500, -250.2192788393232], [65, 1500, -250.2207353866068], [70, 1500, -250.221322574084], [75, 1500, -250.2214581538319], [75, 3000, -250.2214616488808]], "qe_conv_time": 299.2148206233978}, "num_elec_pbe": 76.00000000000001, "max_mem": 63862.0, "qe_conv_lda": {"qe_conv_maxiter": 20, "qe_delta_kppa": 1500, "qe_delta_cutoff": 5, "qe_conv_thresh": 0.00029399460312357707, "qe_conv_steps": [[62, 1500, -309.3521801715948], [67, 1500, -309.3534800343261], [72, 1500, -309.3535548676381], [72, 3000, -309.3535595031514]], "qe_conv_time": 235.94539165496826}, "num_elec_lda": 76.00000000000001, "bg_conv_pbe": {"bg_conv_maxiter": 20, "bg_delta_kppa": 1500, "bg_delta_cutoff": 5, "bg_conv_thresh": 0.025, "bg_conv_steps": [[75, 3000, 1.1702675022498397], [75, 4500, 1.1702676347176297]], "bg_conv_time": 152.98697304725647}, "indirect_gap_pbe": 1.1702675022449727, "bg_conv_lda": {"bg_conv_maxiter": 20, "bg_delta_kppa": 1500, "bg_delta_cutoff": 5, "bg_conv_thresh": 0.025, "bg_conv_steps": [[72, 3000, 1.0166547755555346], [72, 4500, 1.0166557681915642]], "bg_conv_time": 135.23235774040222}, "indirect_gap_lda": 1.0166547758669466, "gw_conv_pbe": {"gw_conv_thr": 0.025, "gw_bnd_start": 200, "gw_bnd_step": 100, "gw_cut_start": 4, "gw_cut_step": 4, "kpt_bnd_idx": {"@module": "numpy", "@class": "array", "dtype": "int64", "data": [1, 1, 38, 39]}, "gw_bands": 200, "gw_cutoff": 4, "w_conv_grid": [[200, 4, 2.448426], [300, 4, 2.417628], [400, 4, 2.4120999999999997], [400, 8, 2.454945], [400, 8, 2.454945], [400, 12, 2.457864], [400, 12, 2.457864]], "pwcutoff": 75, "w_conv_time": [10.847607374191284, 11.178736209869385, 11.447272539138794, 14.96219801902771, 14.962897300720215, 23.803372859954834, 23.804537534713745], "w_ngw": 5, "w_z_factor": [{"@module": "numpy", "@class": "array", "dtype": "float64", "data": [[38.0, 0.78, -0.154608], [39.0, 0.79, -0.147307]]}, {"@module": "numpy", "@class": "array", "dtype": "float64", "data": [[38.0, 0.78, -0.152778], [39.0, 0.79, -0.145973]]}, {"@module": "numpy", "@class": "array", "dtype": "float64", "data": [[38.0, 0.78, -0.14702], [39.0, 0.79, -0.142459]]}, {"@module": "numpy", "@class": "array", "dtype": "float64", "data": [[38.0, 0.77, -0.153607], [39.0, 0.78, -0.145085]]}, {"@module": "numpy", "@class": "array", "dtype": "float64", "data": [[38.0, 0.77, -0.153921], [39.0, 0.78, -0.143525]]}], "gw_kppa": 330, "gw_kpt_grid": {"@module": "numpy", "@class": "array", "dtype": "int64", "data": [6, 4, 2]}, "conv_list": [[{"kppa": 0}, {"kpt_grid": "1x1x1"}, {"num_kpts": 1}, {"X_bnds": 400.0}, {"G_bnds": 400.0}, {"X_cutoff": 12.0}, {"gamma_gap": 2.457864}, {"num_gw_calc": 5}, {"wall_time": 326}, {"num_cores": 8}, {"z-factor": "None"}], [{"kppa": 0}, {"kpt_grid": "1x1x1"}, {"num_kpts": 1}, {"X_bnds": 200}, {"G_bnds": 200}, {"X_cutoff": 4}, {"gamma_gap": 4}, {"num_gw_calc": 1}, {"wall_time": 11}, {"num_cores": 8}, {"z-factor": "None"}], [{"kppa": 10}, {"kpt_grid": "2x2x2"}, {"num_kpts": 1}, {"X_bnds": 200}, {"G_bnds": 200}, {"X_cutoff": 4}, {"gamma_gap": 2.521941}, {"num_gw_calc": 2}, {"wall_time": 60}, {"num_cores": 8}, {"z-factor": {"@module": "numpy", "@class": "array", "dtype": "float64", "data": [[38.0, 0.79, -0.146232], [39.0, 0.8, -0.129929]]}}], [{"kppa": 80}, {"kpt_grid": "4x2x2"}, {"num_kpts": 1}, {"X_bnds": 200}, {"G_bnds": 200}, {"X_cutoff": 4}, {"gamma_gap": 2.566713}, {"num_gw_calc": 3}, {"wall_time": 118}, {"num_cores": 8}, {"z-factor": {"@module": "numpy", "@class": "array", "dtype": "float64", "data": [[38.0, 0.79, -0.143843], [39.0, 0.8, -0.129848]]}}], [{"kppa": 110}, {"kpt_grid": "4x4x2"}, {"num_kpts": 1}, {"X_bnds": 200}, {"G_bnds": 200}, {"X_cutoff": 4}, {"gamma_gap": 2.5996380000000006}, {"num_gw_calc": 4}, {"wall_time": 176}, {"num_cores": 32}, {"z-factor": {"@module": "numpy", "@class": "array", "dtype": "float64", "data": [[38.0, 0.79, -0.142869], [39.0, 0.8, -0.129039]]}}], [{"kppa": 330}, {"kpt_grid": "6x4x2"}, {"num_kpts": 1}, {"X_bnds": 200}, {"G_bnds": 200}, {"X_cutoff": 4}, {"gamma_gap": 2.602675}, {"num_gw_calc": 5}, {"wall_time": 266}, {"num_cores": 32}, {"z-factor": {"@module": "numpy", "@class": "array", "dtype": "float64", "data": [[38.0, 0.79, -0.14303], [39.0, 0.8, -0.130081]]}}]], "conv_time": 943.6359188556671}, "gw_band_range_pbe": [1, 47], "gw_conv_lda": {"gw_conv_thr": 0.025, "gw_bnd_start": 200, "gw_bnd_step": 100, "gw_cut_start": 4, "gw_cut_step": 4, "kpt_bnd_idx": {"@module": "numpy", "@class": "array", "dtype": "int64", "data": [1, 1, 38, 39]}, "gw_bands": 200, "gw_cutoff": 4, "w_conv_grid": [[200, 4, 2.466267], [300, 4, 2.4384230000000002], [400, 4, 2.433465], [400, 8, 2.466411], [400, 8, 2.466411], [400, 12, 2.468258], [400, 12, 2.468258]], "pwcutoff": 72, "w_conv_time": [11.558995962142944, 11.003938436508179, 11.991088151931763, 15.984492778778076, 15.98519253730774, 25.06082534790039, 25.062302112579346], "w_ngw": 5, "w_z_factor": [{"@module": "numpy", "@class": "array", "dtype": "float64", "data": [[38.0, 0.77, -0.158132], [39.0, 0.78, -0.152314]]}, {"@module": "numpy", "@class": "array", "dtype": "float64", "data": [[38.0, 0.78, -0.155785], [39.0, 0.78, -0.148421]]}, {"@module": "numpy", "@class": "array", "dtype": "float64", "data": [[38.0, 0.78, -0.154678], [39.0, 0.78, -0.147532]]}, {"@module": "numpy", "@class": "array", "dtype": "float64", "data": [[38.0, 0.77, -0.15781], [39.0, 0.78, -0.15153]]}, {"@module": "numpy", "@class": "array", "dtype": "float64", "data": [[38.0, 0.77, -0.160547], [39.0, 0.78, -0.171191]]}], "gw_kppa": 330, "gw_kpt_grid": {"@module": "numpy", "@class": "array", "dtype": "int64", "data": [6, 4, 2]}, "conv_list": [[{"kppa": 0}, {"kpt_grid": "1x1x1"}, {"num_kpts": 1}, {"X_bnds": 400.0}, {"G_bnds": 400.0}, {"X_cutoff": 12.0}, {"gamma_gap": 2.468258}, {"num_gw_calc": 5}, {"wall_time": 313}, {"num_cores": 8}, {"z-factor": "None"}], [{"kppa": 0}, {"kpt_grid": "1x1x1"}, {"num_kpts": 1}, {"X_bnds": 200}, {"G_bnds": 200}, {"X_cutoff": 4}, {"gamma_gap": 4}, {"num_gw_calc": 1}, {"wall_time": 12}, {"num_cores": 8}, {"z-factor": "None"}], [{"kppa": 10}, {"kpt_grid": "2x2x2"}, {"num_kpts": 1}, {"X_bnds": 200}, {"G_bnds": 200}, {"X_cutoff": 4}, {"gamma_gap": 2.512163}, {"num_gw_calc": 2}, {"wall_time": 66}, {"num_cores": 8}, {"z-factor": {"@module": "numpy", "@class": "array", "dtype": "float64", "data": [[38.0, 0.79, -0.150857], [39.0, 0.8, -0.137942]]}}], [{"kppa": 80}, {"kpt_grid": "4x2x2"}, {"num_kpts": 1}, {"X_bnds": 200}, {"G_bnds": 200}, {"X_cutoff": 4}, {"gamma_gap": 2.554092}, {"num_gw_calc": 3}, {"wall_time": 126}, {"num_cores": 8}, {"z-factor": {"@module": "numpy", "@class": "array", "dtype": "float64", "data": [[38.0, 0.79, -0.146924], [39.0, 0.8, -0.134151]]}}], [{"kppa": 110}, {"kpt_grid": "4x4x2"}, {"num_kpts": 1}, {"X_bnds": 200}, {"G_bnds": 200}, {"X_cutoff": 4}, {"gamma_gap": 2.585452}, {"num_gw_calc": 4}, {"wall_time": 100}, {"num_cores": 32}, {"z-factor": {"@module": "numpy", "@class": "array", "dtype": "float64", "data": [[38.0, 0.79, -0.149728], [39.0, 0.8, -0.133444]]}}], [{"kppa": 330}, {"kpt_grid": "6x4x2"}, {"num_kpts": 1}, {"X_bnds": 200}, {"G_bnds": 200}, {"X_cutoff": 4}, {"gamma_gap": 2.588368}, {"num_gw_calc": 5}, {"wall_time": 162}, {"num_cores": 32}, {"z-factor": {"@module": "numpy", "@class": "array", "dtype": "float64", "data": [[38.0, 0.79, -0.162706], [39.0, 0.8, -0.13373]]}}]], "conv_time": 763.3791434764862}, "gw_band_range_lda": [1, 47],