{"@module": "pymatgen.entries.computed_entries", "@class": "ComputedEntry", "energy": 0.0, "composition": {"Pb": 2.0, "W": 2.0, "O": 8.0}, "entry_id": "81550", "correction": 0.0, "energy_adjustments": [], "parameters": {"id": "81550", "name": "PbWO4", "ibrav": {"celldm(1)": 10.310345785631169, "ibrav": 7, "celldm(3)": 2.20307917888563}, "vol": 1207.3127933942542, "lda_pw_cutoff_Ry": 60, "qe_conv_pbe": {"qe_conv_maxiter": 20, "qe_delta_kppa": 1500, "qe_delta_cutoff": 5, "qe_conv_thresh": 0.00044099190468536564, "qe_conv_steps": [[60, 1500, -784.8612033144128], [65, 1500, -784.9051929497269], [70, 1500, -784.9257270987966], [75, 1500, -784.9343255004911], [80, 1500, -784.9372782741058], [85, 1500, -784.9380610410276], [90, 1500, -784.9381410143095], [90, 3000, -784.9381504787032]], "qe_conv_time": 307.053156375885}, "num_elec_pbe": 132.0, "max_mem": 84392.0, "qe_conv_lda": {"qe_conv_maxiter": 20, "qe_delta_kppa": 1500, "qe_delta_cutoff": 5, "qe_conv_thresh": 0.00044099190468536564, "qe_conv_steps": [[60, 1500, -424.5517905475958], [65, 1500, -424.5754902524889], [70, 1500, -424.5853079876415], [75, 1500, -424.5890276136235], [80, 1500, -424.5903063517765], [85, 1500, -424.5906950802588], [85, 3000, -424.5907049782859]], "qe_conv_time": 173.18157362937927}, "num_elec_lda": 104.0, "bg_conv_pbe": {"bg_conv_maxiter": 20, "bg_delta_kppa": 1500, "bg_delta_cutoff": 5, "bg_conv_thresh": 0.025, "bg_conv_steps": [[90, 3000, 3.212262536339444], [90, 4500, 3.1968553751338162]], "bg_conv_time": 232.55530428886414}, "indirect_gap_pbe": 3.2122333053912944, "bg_conv_lda": {"bg_conv_maxiter": 20, "bg_delta_kppa": 1500, "bg_delta_cutoff": 5, "bg_conv_thresh": 0.025, "bg_conv_steps": [[85, 3000, 3.1592393450770553], [85, 4500, 3.1434089701943573]], "bg_conv_time": 133.71197366714478}, "indirect_gap_lda": 3.1592301913090095, "gw_conv_pbe": {"gw_conv_thr": 0.025, "gw_bnd_start": 200, "gw_bnd_step": 100, "gw_cut_start": 4, "gw_cut_step": 4, "kpt_bnd_idx": {"@module": "numpy", "@class": "array", "dtype": "int64", "data": [1, 1, 66, 67]}, "gw_bands": 200, "gw_cutoff": 4, "w_conv_grid": [[200, 4, 4.580433], [300, 4, 4.562683], [300, 8, 4.812816], [300, 8, 4.812816], [300, 12, 4.864598], [300, 12, 4.864598], [300, 16, 4.892562], [300, 16, 4.892562], [300, 20, 4.907491], [300, 20, 4.907491], [400, 20, 4.906879], [400, 24, 4.9159049999999995], [400, 24, 4.9159049999999995]], "pwcutoff": 90, "w_conv_time": [12.950453519821167, 14.347295045852661, 16.702499389648438, 16.704416275024414, 23.191606521606445, 23.193862676620483, 37.34205341339111, 37.34343647956848, 55.076345920562744, 55.07849979400635, 70.81978154182434, 109.21957278251648, 109.22151923179626], "w_ngw": 8, "w_z_factor": [{"@module": "numpy", "@class": "array", "dtype": "float64", "data": [[66.0, 0.79, -0.136219], [67.0, 0.82, -0.116295]]}, {"@module": "numpy", "@class": "array", "dtype": "float64", "data": [[66.0, 0.79, -0.142673], [67.0, 0.82, -0.127031]]}, {"@module": "numpy", "@class": "array", "dtype": "float64", "data": [[66.0, 0.78, -0.14158], [67.0, 0.82, -0.114894]]}, {"@module": "numpy", "@class": "array", "dtype": "float64", "data": [[66.0, 0.77, -0.148188], [67.0, 0.81, -0.111476]]}, {"@module": "numpy", "@class": "array", "dtype": "float64", "data": [[66.0, 0.77, -0.157211], [67.0, 0.81, -0.109963]]}, {"@module": "numpy", "@class": "array", "dtype": "float64", "data": [[66.0, 0.77, -0.139537], [67.0, 0.81, -0.109806]]}, {"@module": "numpy", "@class": "array", "dtype": "float64", "data": [[66.0, 0.77, -0.141388], [67.0, 0.81, -0.110459]]}, {"@module": "numpy", "@class": "array", "dtype": "float64", "data": [[66.0, 0.77, -0.164109], [67.0, 0.81, -0.111603]]}], "gw_kppa": 1510, "gw_kpt_grid": {"@module": "numpy", "@class": "array", "dtype": "int64", "data": [6, 6, 6]}, "conv_list": [[{"kppa": 0}, {"kpt_grid": "1x1x1"}, {"num_kpts": 1}, {"X_bnds": 400.0}, {"G_bnds": 400.0}, {"X_cutoff": 24.0}, {"gamma_gap": 4.9159049999999995}, {"num_gw_calc": 8}, {"wall_time": 644}, {"num_cores": 8}, {"z-factor": "None"}], [{"kppa": 0}, {"kpt_grid": "1x1x1"}, {"num_kpts": 1}, {"X_bnds": 200}, {"G_bnds": 200}, {"X_cutoff": 4}, {"gamma_gap": 8}, {"num_gw_calc": 1}, {"wall_time": 13}, {"num_cores": 8}, {"z-factor": "None"}], [{"kppa": 10}, {"kpt_grid": "2x2x2"}, {"num_kpts": 1}, {"X_bnds": 200}, {"G_bnds": 200}, {"X_cutoff": 4}, {"gamma_gap": 4.451529}, {"num_gw_calc": 2}, {"wall_time": 77}, {"num_cores": 8}, {"z-factor": {"@module": "numpy", "@class": "array", "dtype": "float64", "data": [[66.0, 0.79, -0.132356], [67.0, 0.82, -0.106486]]}}], [{"kppa": 330}, {"kpt_grid": "4x4x4"}, {"num_kpts": 1}, {"X_bnds": 200}, {"G_bnds": 200}, {"X_cutoff": 4}, {"gamma_gap": 4.480643000000001}, {"num_gw_calc": 3}, {"wall_time": 1046}, {"num_cores": 8}, {"z-factor": {"@module": "numpy", "@class": "array", "dtype": "float64", "data": [[66.0, 0.78, -0.154014], [67.0, 0.82, -0.109961]]}}], [{"kppa": 1510}, {"kpt_grid": "6x6x6"}, {"num_kpts": 1}, {"X_bnds": 200}, {"G_bnds": 200}, {"X_cutoff": 4}, {"gamma_gap": 4.485434}, {"num_gw_calc": 4}, {"wall_time": 2571}, {"num_cores": 32}, {"z-factor": {"@module": "numpy", "@class": "array", "dtype": "float64", "data": [[66.0, 0.78, -0.139207], [67.0, 0.82, -0.111636]]}}]], "conv_time": 4336.1673192977905}, "gw_band_range_pbe": [1, 79], "gw_conv_lda": {"gw_conv_thr": 0.025, "gw_bnd_start": 200, "gw_bnd_step": 100, "gw_cut_start": 4, "gw_cut_step": 4, "kpt_bnd_idx": {"@module": "numpy", "@class": "array", "dtype": "int64", "data": [1, 1, 52, 53]}, "gw_bands": 200, "gw_cutoff": 4, "w_conv_grid": [[200, 4, 6.32268], [300, 4, 6.26998], [400, 4, 6.247306], [400, 8, 6.223599], [400, 8, 6.223599], [500, 8, 6.214139], [500, 12, 6.224254], [500, 12, 6.224254]], "pwcutoff": 85, "w_conv_time": [12.298521041870117, 13.54940414428711, 14.282410383224487, 17.13423728942871, 17.135783672332764, 19.228378295898438, 26.90394639968872, 26.905400276184082], "w_ngw": 6, "w_z_factor": [{"@module": "numpy", "@class": "array", "dtype": "float64", "data": [[52.0, 0.78, -0.141231], [53.0, 0.82, -0.11862]]}, {"@module": "numpy", "@class": "array", "dtype": "float64", "data": [[52.0, 0.78, -0.147415], [53.0, 0.82, -0.144775]]}, {"@module": "numpy", "@class": "array", "dtype": "float64", "data": [[52.0, 0.78, -0.147498], [53.0, 0.82, -0.129391]]}, {"@module": "numpy", "@class": "array", "dtype": "float64", "data": [[52.0, 0.77, -0.141178], [53.0, 0.82, -0.112008]]}, {"@module": "numpy", "@class": "array", "dtype": "float64", "data": [[52.0, 0.77, -0.132714], [53.0, 0.82, -0.110979]]}, {"@module": "numpy", "@class": "array", "dtype": "float64", "data": [[52.0, 0.77, -0.134937], [53.0, 0.81, -0.11069]]}], "gw_kppa": 330, "gw_kpt_grid": {"@module": "numpy", "@class": "array", "dtype": "int64", "data": [4, 4, 4]}, "conv_list": [[{"kppa": 0}, {"kpt_grid": "1x1x1"}, {"num_kpts": 1}, {"X_bnds": 500.0}, {"G_bnds": 500.0}, {"X_cutoff": 12.0}, {"gamma_gap": 6.224254}, {"num_gw_calc": 6}, {"wall_time": 292}, {"num_cores": 8}, {"z-factor": "None"}], [{"kppa": 0}, {"kpt_grid": "1x1x1"}, {"num_kpts": 1}, {"X_bnds": 200}, {"G_bnds": 200}, {"X_cutoff": 4}, {"gamma_gap": 4}, {"num_gw_calc": 1}, {"wall_time": 13}, {"num_cores": 8}, {"z-factor": "None"}], [{"kppa": 10}, {"kpt_grid": "2x2x2"}, {"num_kpts": 1}, {"X_bnds": 200}, {"G_bnds": 200}, {"X_cutoff": 4}, {"gamma_gap": 6.213891}, {"num_gw_calc": 2}, {"wall_time": 60}, {"num_cores": 8}, {"z-factor": {"@module": "numpy", "@class": "array", "dtype": "float64", "data": [[52.0, 0.78, -0.142864], [53.0, 0.82, -0.113944]]}}], [{"kppa": 330}, {"kpt_grid": "4x4x4"}, {"num_kpts": 1}, {"X_bnds": 200}, {"G_bnds": 200}, {"X_cutoff": 4}, {"gamma_gap": 6.225101}, {"num_gw_calc": 3}, {"wall_time": 909}, {"num_cores": 8}, {"z-factor": {"@module": "numpy", "@class": "array", "dtype": "float64", "data": [[52.0, 0.78, -0.141118], [53.0, 0.82, -0.11261]]}}]], "conv_time": 1259.558021068573}, "gw_band_range_lda": [1, 65]}, "data": {}}