{"@module": "pymatgen.entries.computed_entries", "@class": "ComputedEntry", "energy": 0.0, "composition": {"Mg": 2.0, "Ge": 1.0}, "entry_id": "81735", "correction": 0.0, "energy_adjustments": [], "parameters": {"id": "81735", "name": "Mg2Ge", "ibrav": {"celldm(1)": 12.06571239125301, "ibrav": 2}, "vol": 439.1358722590736, "lda_pw_cutoff_Ry": 76, "qe_conv_pbe": {"qe_conv_maxiter": 20, "qe_delta_kppa": 1500, "qe_delta_cutoff": 5, "qe_conv_thresh": 0.00011024797617134141, "qe_conv_steps": [[60, 1500, -179.4711051316546], [65, 1500, -179.4715259407027], [70, 1500, -179.471948629417], [75, 1500, -179.4723019145022], [80, 1500, -179.472568155043], [85, 1500, -179.4727568524767], [90, 1500, -179.4728796053048], [95, 1500, -179.4729515671274], [95, 3000, -179.4730942493732], [95, 4500, -179.473124490382]], "qe_conv_time": 61.97668123245239}, "num_elec_pbe": 34.0, "max_mem": 91193.0, "qe_conv_lda": {"qe_conv_maxiter": 20, "qe_delta_kppa": 1500, "qe_delta_cutoff": 5, "qe_conv_thresh": 0.00011024797617134141, "qe_conv_steps": [[76, 1500, -207.8137865772232], [81, 1500, -207.8141924352743], [86, 1500, -207.8142443107062], [86, 3000, -207.8143991405993], [86, 4500, -207.8144333527584]], "qe_conv_time": 30.8010573387146}, "num_elec_lda": 34.0, "bg_conv_pbe": {"bg_conv_maxiter": 20, "bg_delta_kppa": 1500, "bg_delta_cutoff": 5, "bg_conv_thresh": 0.025, "bg_conv_steps": [[95, 4500, 0.13661385884110316], [95, 7500, 0.1366602045151883]], "bg_conv_time": 21.32307243347168}, "indirect_gap_pbe": 0.13627021343624462, "bg_conv_lda": {"bg_conv_maxiter": 20, "bg_delta_kppa": 1500, "bg_delta_cutoff": 5, "bg_conv_thresh": 0.025, "bg_conv_steps": [[86, 4500, 0.14104771466111657], [86, 7500, 0.1411314761773722]], "bg_conv_time": 18.13312530517578}, "indirect_gap_lda": 0.14058547350454176, "gw_conv_pbe": {"gw_conv_thr": 0.025, "gw_bnd_start": 200, "gw_bnd_step": 100, "gw_cut_start": 4, "gw_cut_step": 4, "kpt_bnd_idx": {"@module": "numpy", "@class": "array", "dtype": "int64", "data": [1, 1, 17, 18]}, "gw_bands": 200, "gw_cutoff": 4, "w_conv_grid": [[200, 4, 1.016225], [300, 4, 1.0159259999999999], [300, 8, 1.128917], [300, 8, 1.128917], [300, 12, 1.1672310000000001], [300, 12, 1.1672310000000001], [300, 16, 1.166522], [300, 16, 1.166522], [400, 16, 1.1707859999999999], [400, 20, 1.163535], [400, 20, 1.163535]], "pwcutoff": 95, "w_conv_time": [12.83001971244812, 13.097578048706055, 13.010825634002686, 13.012491226196289, 14.163991451263428, 14.164955139160156, 14.819603443145752, 14.821623802185059, 15.714844942092896, 18.26141047477722, 18.263081073760986], "w_ngw": 7, "w_z_factor": [{"@module": "numpy", "@class": "array", "dtype": "float64", "data": [[17.0, 0.81, -0.100041], [18.0, 0.82, -0.987059]]}, {"@module": "numpy", "@class": "array", "dtype": "float64", "data": [[17.0, 0.81, -0.971237], [18.0, 0.82, -0.980228]]}, {"@module": "numpy", "@class": "array", "dtype": "float64", "data": [[17.0, 0.81, -0.633457], [18.0, 0.82, -0.120496]]}, {"@module": "numpy", "@class": "array", "dtype": "float64", "data": [[17.0, 0.81, -0.851979], [18.0, 0.82, -0.104489]]}, {"@module": "numpy", "@class": "array", "dtype": "float64", "data": [[17.0, 0.81, -0.898963], [18.0, 0.82, -0.102448]]}, {"@module": "numpy", "@class": "array", "dtype": "float64", "data": [[17.0, 0.8, -0.100867], [18.0, 0.82, -0.966293]]}, {"@module": "numpy", "@class": "array", "dtype": "float64", "data": [[17.0, 0.8, -0.100804], [18.0, 0.82, -0.964645]]}], "gw_kppa": 1030, "gw_kpt_grid": {"@module": "numpy", "@class": "array", "dtype": "int64", "data": [8, 8, 8]}, "conv_list": [[{"kppa": 0}, {"kpt_grid": "1x1x1"}, {"num_kpts": 1}, {"X_bnds": 400.0}, {"G_bnds": 400.0}, {"X_cutoff": 20.0}, {"gamma_gap": 1.163535}, {"num_gw_calc": 7}, {"wall_time": 176}, {"num_cores": 8}, {"z-factor": "None"}], [{"kppa": 0}, {"kpt_grid": "1x1x1"}, {"num_kpts": 1}, {"X_bnds": 200}, {"G_bnds": 200}, {"X_cutoff": 4}, {"gamma_gap": 8}, {"num_gw_calc": 1}, {"wall_time": 13}, {"num_cores": 8}, {"z-factor": "None"}], [{"kppa": 10}, {"kpt_grid": "2x2x2"}, {"num_kpts": 1}, {"X_bnds": 200}, {"G_bnds": 200}, {"X_cutoff": 4}, {"gamma_gap": 1.814485}, {"num_gw_calc": 2}, {"wall_time": 26}, {"num_cores": 8}, {"z-factor": {"@module": "numpy", "@class": "array", "dtype": "float64", "data": [[17.0, 0.79, -0.136472], [18.0, 0.8, -0.137486]]}}], [{"kppa": 90}, {"kpt_grid": "4x4x4"}, {"num_kpts": 1}, {"X_bnds": 200}, {"G_bnds": 200}, {"X_cutoff": 4}, {"gamma_gap": 1.770678}, {"num_gw_calc": 3}, {"wall_time": 108}, {"num_cores": 8}, {"z-factor": {"@module": "numpy", "@class": "array", "dtype": "float64", "data": [[17.0, 0.79, -0.157719], [18.0, 0.79, -0.161474]]}}], [{"kppa": 380}, {"kpt_grid": "6x6x6"}, {"num_kpts": 1}, {"X_bnds": 200}, {"G_bnds": 200}, {"X_cutoff": 4}, {"gamma_gap": 1.7329590000000001}, {"num_gw_calc": 4}, {"wall_time": 176}, {"num_cores": 32}, {"z-factor": {"@module": "numpy", "@class": "array", "dtype": "float64", "data": [[17.0, 0.78, -0.163853], [18.0, 0.79, -0.165324]]}}], [{"kppa": 1030}, {"kpt_grid": "8x8x8"}, {"num_kpts": 1}, {"X_bnds": 200}, {"G_bnds": 200}, {"X_cutoff": 4}, {"gamma_gap": 1.727944}, {"num_gw_calc": 5}, {"wall_time": 617}, {"num_cores": 32}, {"z-factor": {"@module": "numpy", "@class": "array", "dtype": "float64", "data": [[17.0, 0.78, -0.16448], [18.0, 0.79, -0.165778]]}}]], "conv_time": 1101.9095478057861}, "gw_band_range_pbe": [1, 22], "gw_conv_lda": {"gw_conv_thr": 0.025, "gw_bnd_start": 200, "gw_bnd_step": 100, "gw_cut_start": 4, "gw_cut_step": 4, "kpt_bnd_idx": {"@module": "numpy", "@class": "array", "dtype": "int64", "data": [1, 1, 17, 18]}, "gw_bands": 200, "gw_cutoff": 4, "w_conv_grid": [[200, 4, 1.213466], [300, 4, 1.2106000000000001], [300, 8, 1.287709], [300, 8, 1.287709], [300, 12, 1.3122150000000001], [300, 12, 1.3122150000000001], [400, 12, 1.310567], [400, 16, 1.3172020000000002], [400, 16, 1.3172020000000002]], "pwcutoff": 86, "w_conv_time": [12.661836624145508, 12.887224197387695, 13.151386260986328, 13.152534246444702, 13.741047620773315, 13.741800308227539, 13.954086542129517, 15.396425485610962, 15.397711992263794], "w_ngw": 6, "w_z_factor": [{"@module": "numpy", "@class": "array", "dtype": "float64", "data": [[17.0, 0.81, -0.93607], [18.0, 0.82, -0.100867]]}, {"@module": "numpy", "@class": "array", "dtype": "float64", "data": [[17.0, 0.81, -0.882631], [18.0, 0.82, -0.964808]]}, {"@module": "numpy", "@class": "array", "dtype": "float64", "data": [[17.0, 0.81, -0.73308], [18.0, 0.82, -0.884726]]}, {"@module": "numpy", "@class": "array", "dtype": "float64", "data": [[17.0, 0.81, -0.690053], [18.0, 0.82, -0.908316]]}, {"@module": "numpy", "@class": "array", "dtype": "float64", "data": [[17.0, 0.81, -0.980523], [18.0, 0.82, -0.969499]]}, {"@module": "numpy", "@class": "array", "dtype": "float64", "data": [[17.0, 0.81, -0.979598], [18.0, 0.82, -0.970248]]}], "gw_kppa": 1030, "gw_kpt_grid": {"@module": "numpy", "@class": "array", "dtype": "int64", "data": [8, 8, 8]}, "conv_list": [[{"kppa": 0}, {"kpt_grid": "1x1x1"}, {"num_kpts": 1}, {"X_bnds": 400.0}, {"G_bnds": 400.0}, {"X_cutoff": 16.0}, {"gamma_gap": 1.3172020000000002}, {"num_gw_calc": 6}, {"wall_time": 159}, {"num_cores": 8}, {"z-factor": "None"}], [{"kppa": 0}, {"kpt_grid": "1x1x1"}, {"num_kpts": 1}, {"X_bnds": 200}, {"G_bnds": 200}, {"X_cutoff": 4}, {"gamma_gap": 8}, {"num_gw_calc": 1}, {"wall_time": 13}, {"num_cores": 8}, {"z-factor": "None"}], [{"kppa": 10}, {"kpt_grid": "2x2x2"}, {"num_kpts": 1}, {"X_bnds": 200}, {"G_bnds": 200}, {"X_cutoff": 4}, {"gamma_gap": 1.740015}, {"num_gw_calc": 2}, {"wall_time": 24}, {"num_cores": 8}, {"z-factor": {"@module": "numpy", "@class": "array", "dtype": "float64", "data": [[17.0, 0.79, -0.143297], [18.0, 0.79, -0.143021]]}}], [{"kppa": 90}, {"kpt_grid": "4x4x4"}, {"num_kpts": 1}, {"X_bnds": 200}, {"G_bnds": 200}, {"X_cutoff": 4}, {"gamma_gap": 1.634769}, {"num_gw_calc": 3}, {"wall_time": 108}, {"num_cores": 8}, {"z-factor": {"@module": "numpy", "@class": "array", "dtype": "float64",