{"@module": "pymatgen.entries.computed_entries", "@class": "ComputedEntry", "energy": 0.0, "composition": {"Re": 4.0, "Se": 8.0}, "entry_id": "81813", "correction": 0.0, "energy_adjustments": [], "parameters": {"id": "81813", "name": "ReSe2", "ibrav": 0, "vol": 1669.124258304349, "lda_pw_cutoff_Ry": 78, "qe_conv_pbe": {"qe_conv_maxiter": 20, "qe_delta_kppa": 1500, "qe_delta_cutoff": 5, "qe_conv_thresh": 0.00044099190468536564, "qe_conv_steps": [[60, 1500, -395.4943363994056], [65, 1500, -395.4943818530939], [65, 3000, -395.4943868176874]], "qe_conv_time": 337.8313763141632}, "num_elec_pbe": 108.0, "max_mem": 67021.0, "qe_conv_lda": {"qe_conv_maxiter": 20, "qe_delta_kppa": 1500, "qe_delta_cutoff": 5, "qe_conv_thresh": 0.00044099190468536564, "qe_conv_steps": [[78, 1500, -1317.043113917711], [83, 1500, -1317.044310890139], [88, 1500, -1317.044448498871], [88, 3000, -1317.044453405124]], "qe_conv_time": 1036.9350037574768}, "num_elec_lda": 188.0, "bg_conv_pbe": {"bg_conv_maxiter": 20, "bg_delta_kppa": 1500, "bg_delta_cutoff": 5, "bg_conv_thresh": 0.025, "bg_conv_steps": [[65, 3000, 1.0578953425535502], [65, 4500, 1.0571742544855738]], "bg_conv_time": 492.52863931655884}, "indirect_gap_pbe": 1.0571799211689252, "bg_conv_lda": {"bg_conv_maxiter": 20, "bg_delta_kppa": 1500, "bg_delta_cutoff": 5, "bg_conv_thresh": 0.025, "bg_conv_steps": [[88, 3000, 1.005998607819827], [88, 4500, 1.0112320445959737]], "bg_conv_time": 1186.4954059123993}, "indirect_gap_lda": 1.0112316214345758, "gw_conv_pbe": {"gw_conv_thr": 0.025, "gw_bnd_start": 200, "gw_bnd_step": 100, "gw_cut_start": 4, "gw_cut_step": 4, "kpt_bnd_idx": {"@module": "numpy", "@class": "array", "dtype": "int64", "data": [1, 1, 54, 55]}, "gw_bands": 200, "gw_cutoff": 4, "w_conv_grid": [[200, 4, 1.9520780000000002], [300, 4, 1.935823], [300, 8, 2.01451], [300, 8, 2.01451], [300, 12, 2.025809], [300, 12, 2.025809], [400, 12, 2.024804], [400, 16, 2.0239469999999997], [400, 16, 2.0239469999999997]], "pwcutoff": 65, "w_conv_time": [13.495501518249512, 14.079952001571655, 26.54651927947998, 26.547941207885742, 57.226014137268066, 57.227686166763306, 59.17832636833191, 121.64935231208801, 121.65131044387817], "w_ngw": 6, "w_z_factor": [{"@module": "numpy", "@class": "array", "dtype": "float64", "data": [[54.0, 0.8, -0.11094], [55.0, 0.8, -0.140861]]}, {"@module": "numpy", "@class": "array", "dtype": "float64", "data": [[54.0, 0.8, -0.124994], [55.0, 0.79, -0.134012]]}, {"@module": "numpy", "@class": "array", "dtype": "float64", "data": [[54.0, 0.79, -0.127566], [55.0, 0.79, -0.129481]]}, {"@module": "numpy", "@class": "array", "dtype": "float64", "data": [[54.0, 0.79, -0.128507], [55.0, 0.79, -0.105049]]}, {"@module": "numpy", "@class": "array", "dtype": "float64", "data": [[54.0, 0.79, -0.126618], [55.0, 0.79, -0.135826]]}, {"@module": "numpy", "@class": "array", "dtype": "float64", "data": [[54.0, 0.79, -0.127003], [55.0, 0.79, -0.1366]]}], "gw_kppa": 10, "gw_kpt_grid": {"@module": "numpy", "@class": "array", "dtype": "int64", "data": [2, 2, 2]}, "conv_list": [[{"kppa": 0}, {"kpt_grid": "1x1x1"}, {"num_kpts": 1}, {"X_bnds": 400.0}, {"G_bnds": 400.0}, {"X_cutoff": 16.0}, {"gamma_gap": 2.0239469999999997}, {"num_gw_calc": 6}, {"wall_time": 1362}, {"num_cores": 8}, {"z-factor": "None"}], [{"kppa": 0}, {"kpt_grid": "1x1x1"}, {"num_kpts": 1}, {"X_bnds": 200}, {"G_bnds": 200}, {"X_cutoff": 4}, {"gamma_gap": 8}, {"num_gw_calc": 1}, {"wall_time": 14}, {"num_cores": 8}, {"z-factor": "None"}], [{"kppa": 10}, {"kpt_grid": "2x2x2"}, {"num_kpts": 1}, {"X_bnds": 200}, {"G_bnds": 200}, {"X_cutoff": 4}, {"gamma_gap": 1.948809}, {"num_gw_calc": 2}, {"wall_time": 82}, {"num_cores": 8}, {"z-factor": {"@module": "numpy", "@class": "array", "dtype": "float64", "data": [[54.0, 0.8, -0.128733], [55.0, 0.8, -0.132028]]}}]], "conv_time": 1442.8776679039001}, "gw_band_range_pbe": [1, 69], "gw_conv_lda": {"gw_conv_thr": 0.025, "gw_bnd_start": 200, "gw_bnd_step": 100, "gw_cut_start": 4, "gw_cut_step": 4, "kpt_bnd_idx": {"@module": "numpy", "@class": "array", "dtype": "int64", "data": [1, 1, 94, 95]}, "gw_bands": 200, "gw_cutoff": 4, "w_conv_grid": [[200, 4, 2.1592149999999997], [300, 4, 2.125639], [400, 4, 2.113626], [400, 8, 2.1789120000000004], [400, 8, 2.1789120000000004], [400, 12, 2.189608], [400, 12, 2.189608], [500, 12, 2.18616], [500, 16, 2.18521], [500, 16, 2.18521]], "pwcutoff": 88, "w_conv_time": [16.50317096710205, 19.84668803215027, 22.560248851776123, 40.81657648086548, 40.81837749481201, 85.20200109481812, 85.20403051376343, 90.20158839225769, 188.628746509552, 188.63043975830078], "w_ngw": 7, "w_z_factor": [{"@module": "numpy", "@class": "array", "dtype": "float64", "data": [[94.0, 0.8, -0.126882], [95.0, 0.8, -0.131101]]}, {"@module": "numpy", "@class": "array", "dtype": "float64", "data": [[94.0, 0.8, -0.12771], [95.0, 0.8, -0.13195]]}, {"@module": "numpy", "@class": "array", "dtype": "float64", "data": [[94.0, 0.8, -0.121429], [95.0, 0.8, -0.122777]]}, {"@module": "numpy", "@class": "array", "dtype": "float64", "data": [[94.0, 0.8, -0.12581], [95.0, 0.79, -0.132336]]}, {"@module": "numpy", "@class": "array", "dtype": "float64", "data": [[94.0, 0.79, -0.125324], [95.0, 0.79, -0.130871]]}, {"@module": "numpy", "@class": "array", "dtype": "float64", "data": [[94.0, 0.79, -0.125496], [95.0, 0.79, -0.134566]]}, {"@module": "numpy", "@class": "array", "dtype": "float64", "data": [[94.0, 0.79, -0.126533], [95.0, 0.79, -0.134566]]}], "gw_kppa": 320, "gw_kpt_grid": {"@module": "numpy", "@class": "array", "dtype": "int64", "data": [4, 2, 2]}, "conv_list": [[{"kppa": 0}, {"kpt_grid": "1x1x1"}, {"num_kpts": 1}, {"X_bnds": 500.0}, {"G_bnds": 500.0}, {"X_cutoff": 16.0}, {"gamma_gap": 2.18521}, {"num_gw_calc": 7}, {"wall_time": 3358}, {"num_cores": 8}, {"z-factor": "None"}], [{"kppa": 0}, {"kpt_grid": "1x1x1"}, {"num_kpts": 1}, {"X_bnds": 200}, {"G_bnds": 200}, {"X_cutoff": 4}, {"gamma_gap": 4}, {"num_gw_calc": 1}, {"wall_time": 17}, {"num_cores": 8}, {"z-factor": "None"}], [{"kppa": 10}, {"kpt_grid": "2x2x2"}, {"num_kpts": 1}, {"X_bnds": 200}, {"G_bnds": 200}, {"X_cutoff": 4}, {"gamma_gap": 2.125379}, {"num_gw_calc": 2}, {"wall_time": 128}, {"num_cores": 8}, {"z-factor": {"@module": "numpy", "@class": "array", "dtype": "float64", "data": [[94.0, 0.8, -0.128288], [95.0, 0.8, -0.140067]]}}], [{"kppa": 320}, {"kpt_grid": "4x2x2"}, {"num_kpts": 1}, {"X_bnds": 200}, {"G_bnds": 200}, {"X_cutoff": 4}, {"gamma_gap": 2.109681}, {"num_gw_calc": 3}, {"wall_time": 279}, {"num_cores": 8}, {"z-factor": {"@module": "numpy", "@class": "array", "dtype": "float64", "data": [[94.0, 0.8, -0.128891], [95.0, 0.8, -0.139594]]}}]], "conv_time": 3764.457614660263}, "gw_band_range_lda": [1, 110], "g0w0_ppa_pbe": {"gw_direct_gap": 1.97863, "kppa": 320, "kpt_grid": "4x2x2", "num_kpt": 12, "bands_in X": 500, "bands_in_G": 500, "cutoff": 20, "z_factor": [[54.0, 0.79, -0.00125458], [55.0, 0.79, -0.00134211]], "scissor": 0.63109, "ncpu": 32, "calc_time": 3674.274305343628}, "g0w0_ppa_lda": {"gw_direct_gap": 2.11404, "kppa": 320, "kpt_grid": "4x4x2", "num_kpt": 12, "bands_in X": 600, "bands_in_G": 600, "cutoff": 20, "z_factor": [[94.0, 0.79, -0.00123393], [95.0, 0.79, -0.00130839]], "scissor": 0.7831319999999999, "ncpu": 32, "calc_time": 6680.516139984131}}, "data": {}}