{"@module": "pymatgen.entries.computed_entries", "@class": "ComputedEntry", "energy": 0.0, "composition": {"Hg": 1.0, "S": 1.0}, "entry_id": "81917", "correction": 0.0, "energy_adjustments": [], "parameters": {"id": "81917", "name": "HgS", "ibrav": {"celldm(1)": 11.061889869015605, "ibrav": 2}, "vol": 338.3981653142881, "lda_pw_cutoff_Ry": 52, "qe_conv_pbe": {"qe_conv_maxiter": 20, "qe_delta_kppa": 1500, "qe_delta_cutoff": 5, "qe_conv_thresh": 7.349865078089427e-05, "qe_conv_steps": [[60, 1500, -165.3766867411355], [65, 1500, -165.376761764071], [70, 1500, -165.3767977413767], [70, 3000, -165.3768034465866]], "qe_conv_time": 26.310645818710327}, "num_elec_pbe": 26.0, "max_mem": 19146.0, "qe_conv_lda": {"qe_conv_maxiter": 20, "qe_delta_kppa": 1500, "qe_delta_cutoff": 5, "qe_conv_thresh": 7.349865078089427e-05, "qe_conv_steps": [[52, 1500, -177.7790530817665], [57, 1500, -177.7804066997033], [62, 1500, -177.7806696861033], [67, 1500, -177.7806965448751], [67, 3000, -177.7807025793675]], "qe_conv_time": 23.70684838294983}, "num_elec_lda": 26.0, "bg_conv_pbe": {"bg_conv_maxiter": 20, "bg_delta_kppa": 1500, "bg_delta_cutoff": 5, "bg_conv_thresh": 0.025, "bg_conv_steps": [[70, 3000, 2.7964476000868594e-07], [70, 4500, 2.1721496822714196e-12]], "bg_conv_time": 14.300495862960815}, "indirect_gap_pbe": 2.2778871494195414e-12, "bg_conv_lda": {"bg_conv_maxiter": 20, "bg_delta_kppa": 1500, "bg_delta_cutoff": 5, "bg_conv_thresh": 0.025, "bg_conv_steps": [[67, 3000, 1.1499998573769839e-06], [67, 4500, 7.1931688365622396e-12]], "bg_conv_time": 11.862492322921753}, "indirect_gap_lda": 7.243016499646354e-12, "gw_conv_pbe": {"gw_conv_thr": 0.025, "gw_bnd_start": 200, "gw_bnd_step": 100, "gw_cut_start": 4, "gw_cut_step": 4, "kpt_bnd_idx": {"@module": "numpy", "@class": "array", "dtype": "int64", "data": [1, 1, 13, 14]}, "gw_bands": 200, "gw_cutoff": 4, "w_conv_grid": [[200, 4, -0.010050000000000003], [300, 4, -0.010061999999999988], [300, 8, -0.012441000000000004], [300, 8, -0.012441000000000004]], "pwcutoff": 70, "w_conv_time": [11.2813880443573, 10.824111223220825, 11.550127983093262, 11.551921844482422], "w_ngw": 3, "w_z_factor": [{"@module": "numpy", "@class": "array", "dtype": "float64", "data": [[13.0, 0.78, -0.125853], [14.0, 0.78, -0.125221]]}, {"@module": "numpy", "@class": "array", "dtype": "float64", "data": [[13.0, 0.78, -0.125628], [14.0, 0.78, -0.12501]]}, {"@module": "numpy", "@class": "array", "dtype": "float64", "data": [[13.0, 0.77, -0.127447], [14.0, 0.77, -0.126743]]}], "gw_kppa": 10, "gw_kpt_grid": {"@module": "numpy", "@class": "array", "dtype": "int64", "data": [2, 2, 2]}, "conv_list": [[{"kppa": 0}, {"kpt_grid": "1x1x1"}, {"num_kpts": 1}, {"X_bnds": 300.0}, {"G_bnds": 300.0}, {"X_cutoff": 8.0}, {"gamma_gap": -0.012441000000000004}, {"num_gw_calc": 3}, {"wall_time": 121}, {"num_cores": 8}, {"z-factor": "None"}], [{"kppa": 0}, {"kpt_grid": "1x1x1"}, {"num_kpts": 1}, {"X_bnds": 200}, {"G_bnds": 200}, {"X_cutoff": 4}, {"gamma_gap": 8}, {"num_gw_calc": 1}, {"wall_time": 12}, {"num_cores": 8}, {"z-factor": "None"}], [{"kppa": 10}, {"kpt_grid": "2x2x2"}, {"num_kpts": 1}, {"X_bnds": 200}, {"G_bnds": 200}, {"X_cutoff": 4}, {"gamma_gap": -0.003382999999999997}, {"num_gw_calc": 2}, {"wall_time": 19}, {"num_cores": 8}, {"z-factor": {"@module": "numpy", "@class": "array", "dtype": "float64", "data": [[13.0, 0.77, -0.142477], [14.0, 0.77, -0.142454]]}}]], "conv_time": 138.7149806022644}, "gw_band_range_pbe": [1, 15], "gw_conv_lda": {"gw_conv_thr": 0.025, "gw_bnd_start": 200, "gw_bnd_step": 100, "gw_cut_start": 4, "gw_cut_step": 4, "kpt_bnd_idx": {"@module": "numpy", "@class": "array", "dtype": "int64", "data": [1, 1, 13, 14]}, "gw_bands": 200, "gw_cutoff": 4, "w_conv_grid": [[200, 4, 0.024783], [300, 4, 0.024805], [300, 8, 0.03060299999999999], [300, 8, 0.03060299999999999]], "pwcutoff": 67, "w_conv_time": [11.01981234550476, 11.304683923721313, 11.83465838432312, 11.836932897567749], "w_ngw": 3, "w_z_factor": [{"@module": "numpy", "@class": "array", "dtype": "float64", "data": [[13.0, 0.77, -0.136037], [14.0, 0.77, -0.137614]]}, {"@module": "numpy", "@class": "array", "dtype": "float64", "data": [[13.0, 0.77, -0.135859], [14.0, 0.77, -0.137348]]}, {"@module": "numpy", "@class": "array", "dtype": "float64", "data": [[13.0, 0.76, -0.13601], [14.0, 0.76, -0.137843]]}], "gw_kppa": 60, "gw_kpt_grid": {"@module": "numpy", "@class": "array", "dtype": "int64", "data": [4, 4, 4]}, "conv_list": [[{"kppa": 0}, {"kpt_grid": "1x1x1"}, {"num_kpts": 1}, {"X_bnds": 300.0}, {"G_bnds": 300.0}, {"X_cutoff": 8.0}, {"gamma_gap": 0.03060299999999999}, {"num_gw_calc": 3}, {"wall_time": 88}, {"num_cores": 8}, {"z-factor": "None"}], [{"kppa": 0}, {"kpt_grid": "1x1x1"}, {"num_kpts": 1}, {"X_bnds": 200}, {"G_bnds": 200}, {"X_cutoff": 4}, {"gamma_gap": 8}, {"num_gw_calc": 1}, {"wall_time": 12}, {"num_cores": 8}, {"z-factor": "None"}], [{"kppa": 10}, {"kpt_grid": "2x2x2"}, {"num_kpts": 1}, {"X_bnds": 200}, {"G_bnds": 200}, {"X_cutoff": 4}, {"gamma_gap": -0.0013019999999999976}, {"num_gw_calc": 2}, {"wall_time": 21}, {"num_cores": 8}, {"z-factor": {"@module": "numpy", "@class": "array", "dtype": "float64", "data": [[13.0, 0.77, -0.142002], [14.0, 0.77, -0.142004]]}}], [{"kppa": 60}, {"kpt_grid": "4x4x4"}, {"num_kpts": 1}, {"X_bnds": 200}, {"G_bnds": 200}, {"X_cutoff": 4}, {"gamma_gap": 0.00024400000000002198}, {"num_gw_calc": 3}, {"wall_time": 54}, {"num_cores": 8}, {"z-factor": {"@module": "numpy", "@class": "array", "dtype": "float64", "data": [[13.0, 0.78, -0.135402], [14.0, 0.78, -0.135397]]}}]], "conv_time": 162.08914422988892}, "gw_band_range_lda": [1, 15], "g0w0_ppa_pbe": {"gw_direct_gap": 0.0024319999999999897, "kppa": 60, "kpt_grid": "4x4x4", "num_kpt": 8, "bands_in X": 400, "bands_in_G": 400, "cutoff": 12, "z_factor": [[13.0, 0.78, -0.00136979], [14.0, 0.78, -0.00136973]], "scissor": 0.0024319999999999897, "ncpu": 32, "calc_time": 57.76236009597778}, "g0w0_ppa_lda": {"gw_direct_gap": -0.0006450000000000067, "kppa": 260, "kpt_grid": "6x6x6", "num_kpt": 16, "bands_in X": 400, "bands_in_G": 400, "cutoff": 12, "z_factor": [[13.0, 0.78, -0.00134446], [14.0, 0.78, -0.00134463]], "scissor": -0.0006450000000000067, "ncpu": 32, "calc_time": 170.69547510147095}}, "data": {}}