{"@module": "pymatgen.entries.computed_entries", "@class": "ComputedEntry", "energy": 0.0, "composition": {"Hg": 3.0, "S": 3.0}, "entry_id": "81923", "correction": 0.0, "energy_adjustments": [], "parameters": {"id": "81923", "name": "HgS", "ibrav": {"celldm(1)": 7.807781466732458, "ibrav": 4, "celldm(3)": 2.286008180652032}, "vol": 942.3047054190506, "lda_pw_cutoff_Ry": 52, "qe_conv_pbe": {"qe_conv_maxiter": 20, "qe_delta_kppa": 1500, "qe_delta_cutoff": 5, "qe_conv_thresh": 0.00022049595234268282, "qe_conv_steps": [[60, 1500, -496.0746468027597], [65, 1500, -496.0748996178232], [70, 1500, -496.0750261942167], [70, 3000, -496.075027477291]], "qe_conv_time": 149.24472904205322}, "num_elec_pbe": 78.00000000000001, "max_mem": 94392.0, "qe_conv_lda": {"qe_conv_maxiter": 20, "qe_delta_kppa": 1500, "qe_delta_cutoff": 5, "qe_conv_thresh": 0.00022049595234268282, "qe_conv_steps": [[52, 1500, -533.2921692666483], [57, 1500, -533.2963463014913], [62, 1500, -533.2971694926352], [67, 1500, -533.297248149556], [67, 3000, -533.2972500200145]], "qe_conv_time": 144.79103589057922}, "num_elec_lda": 78.00000000000001, "bg_conv_pbe": {"bg_conv_maxiter": 20, "bg_delta_kppa": 1500, "bg_delta_cutoff": 5, "bg_conv_thresh": 0.025, "bg_conv_steps": [[70, 3000, 1.469995249392263], [70, 4500, 1.4724336503818918]], "bg_conv_time": 175.65540218353271}, "indirect_gap_pbe": 1.4699941816659705, "bg_conv_lda": {"bg_conv_maxiter": 20, "bg_delta_kppa": 1500, "bg_delta_cutoff": 5, "bg_conv_thresh": 0.025, "bg_conv_steps": [[67, 3000, 1.3061565855455592], [67, 4500, 1.3093016696276027]], "bg_conv_time": 141.38288593292236}, "indirect_gap_lda": 1.306156014057573, "gw_conv_pbe": {"gw_conv_thr": 0.025, "gw_bnd_start": 200, "gw_bnd_step": 100, "gw_cut_start": 4, "gw_cut_step": 4, "kpt_bnd_idx": {"@module": "numpy", "@class": "array", "dtype": "int64", "data": [1, 1, 39, 40]}, "gw_bands": 200, "gw_cutoff": 4, "w_conv_grid": [[200, 4, 2.148465], [300, 4, 2.141143], [300, 8, 2.251431], [300, 8, 2.251431], [300, 12, 2.274788], [300, 12, 2.274788], [400, 12, 2.273674], [400, 16, 2.286652], [400, 16, 2.286652]], "pwcutoff": 70, "w_conv_time": [11.103286981582642, 11.52066946029663, 11.805347442626953, 11.806638717651367, 15.177584648132324, 15.178414583206177, 16.85852360725403, 22.739818572998047, 22.741299390792847], "w_ngw": 6, "w_z_factor": [{"@module": "numpy", "@class": "array", "dtype": "float64", "data": [[39.0, 0.78, -0.136518], [40.0, 0.8, -0.130418]]}, {"@module": "numpy", "@class": "array", "dtype": "float64", "data": [[39.0, 0.78, -0.138166], [40.0, 0.8, -0.129301]]}, {"@module": "numpy", "@class": "array", "dtype": "float64", "data": [[39.0, 0.78, -0.13592], [40.0, 0.79, -0.130583]]}, {"@module": "numpy", "@class": "array", "dtype": "float64", "data": [[39.0, 0.77, -0.135968], [40.0, 0.79, -0.130578]]}, {"@module": "numpy", "@class": "array", "dtype": "float64", "data": [[39.0, 0.77, -0.135325], [40.0, 0.79, -0.129266]]}, {"@module": "numpy", "@class": "array", "dtype": "float64", "data": [[39.0, 0.77, -0.134539], [40.0, 0.79, -0.129578]]}], "gw_kppa": 330, "gw_kpt_grid": {"@module": "numpy", "@class": "array", "dtype": "int64", "data": [6, 6, 2]}, "conv_list": [[{"kppa": 0}, {"kpt_grid": "1x1x1"}, {"num_kpts": 1}, {"X_bnds": 400.0}, {"G_bnds": 400.0}, {"X_cutoff": 16.0}, {"gamma_gap": 2.286652}, {"num_gw_calc": 6}, {"wall_time": 235}, {"num_cores": 8}, {"z-factor": "None"}], [{"kppa": 0}, {"kpt_grid": "1x1x1"}, {"num_kpts": 1}, {"X_bnds": 200}, {"G_bnds": 200}, {"X_cutoff": 4}, {"gamma_gap": 8}, {"num_gw_calc": 1}, {"wall_time": 12}, {"num_cores": 8}, {"z-factor": "None"}], [{"kppa": 10}, {"kpt_grid": "2x2x2"}, {"num_kpts": 1}, {"X_bnds": 200}, {"G_bnds": 200}, {"X_cutoff": 4}, {"gamma_gap": 2.343636}, {"num_gw_calc": 2}, {"wall_time": 52}, {"num_cores": 8}, {"z-factor": {"@module": "numpy", "@class": "array", "dtype": "float64", "data": [[39.0, 0.79, -0.133725], [40.0, 0.81, -0.118443]]}}], [{"kppa": 80}, {"kpt_grid": "4x4x2"}, {"num_kpts": 1}, {"X_bnds": 200}, {"G_bnds": 200}, {"X_cutoff": 4}, {"gamma_gap": 2.407864}, {"num_gw_calc": 3}, {"wall_time": 251}, {"num_cores": 8}, {"z-factor": {"@module": "numpy", "@class": "array", "dtype": "float64", "data": [[39.0, 0.8, -0.127777], [40.0, 0.82, -0.113543]]}}], [{"kppa": 330}, {"kpt_grid": "6x6x2"}, {"num_kpts": 1}, {"X_bnds": 200}, {"G_bnds": 200}, {"X_cutoff": 4}, {"gamma_gap": 2.408117}, {"num_gw_calc": 4}, {"wall_time": 269}, {"num_cores": 32}, {"z-factor": {"@module": "numpy", "@class": "array", "dtype": "float64", "data": [[39.0, 0.8, -0.127036], [40.0, 0.82, -0.113325]]}}]], "conv_time": 804.798141002655}, "gw_band_range_pbe": [1, 44], "gw_conv_lda": {"gw_conv_thr": 0.025, "gw_bnd_start": 200, "gw_bnd_step": 100, "gw_cut_start": 4, "gw_cut_step": 4, "kpt_bnd_idx": {"@module": "numpy", "@class": "array", "dtype": "int64", "data": [1, 1, 39, 40]}, "gw_bands": 200, "gw_cutoff": 4, "w_conv_grid": [[200, 4, 2.171173], [300, 4, 2.165183], [300, 8, 2.270216], [300, 8, 2.270216], [300, 12, 2.290922], [300, 12, 2.290922], [400, 12, 2.290167], [400, 16, 2.301799], [400, 16, 2.301799]], "pwcutoff": 67, "w_conv_time": [10.696310043334961, 11.587957382202148, 11.975971698760986, 11.977241039276123, 14.827999830245972, 14.828918218612671, 16.583809852600098, 23.441038370132446, 23.452622413635254], "w_ngw": 6, "w_z_factor": [{"@module": "numpy", "@class": "array", "dtype": "float64", "data": [[39.0, 0.78, -0.139162], [40.0, 0.79, -0.132153]]}, {"@module": "numpy", "@class": "array", "dtype": "float64", "data": [[39.0, 0.78, -0.138573], [40.0, 0.79, -0.131503]]}, {"@module": "numpy", "@class": "array", "dtype": "float64", "data": [[39.0, 0.77, -0.139164], [40.0, 0.79, -0.132597]]}, {"@module": "numpy", "@class": "array", "dtype": "float64", "data": [[39.0, 0.77, -0.138315], [40.0, 0.79, -0.132281]]}, {"@module": "numpy", "@class": "array", "dtype": "float64", "data": [[39.0, 0.77, -0.137496], [40.0, 0.79, -0.131427]]}, {"@module": "numpy", "@class": "array", "dtype": "float64", "data": [[39.0, 0.77, -0.137195], [40.0, 0.79, -0.130958]]}], "gw_kppa": 330, "gw_kpt_grid": {"@module": "numpy", "@class": "array", "dtype": "int64", "data": [6, 6, 2]}, "conv_list": [[{"kppa": 0}, {"kpt_grid": "1x1x1"}, {"num_kpts": 1}, {"X_bnds": 400.0}, {"G_bnds": 400.0}, {"X_cutoff": 16.0}, {"gamma_gap": 2.301799}, {"num_gw_calc": 6}, {"wall_time": 226}, {"num_cores": 8}, {"z-factor": "None"}], [{"kppa": 0}, {"kpt_grid": "1x1x1"}, {"num_kpts": 1}, {"X_bnds": 200}, {"G_bnds": 200}, {"X_cutoff": 4}, {"gamma_gap": 8}, {"num_gw_calc": 1}, {"wall_time": 11}, {"num_cores": 8}, {"z-factor": "None"}], [{"kppa": 10}, {"kpt_grid": "2x2x2"}, {"num_kpts": 1}, {"X_bnds": 200}, {"G_bnds": 200}, {"X_cutoff": 4}, {"gamma_gap": 2.3200339999999997}, {"num_gw_calc": 2}, {"wall_time": 46}, {"num_cores": 8}, {"z-factor": {"@module": "numpy", "@class": "array", "dtype": "float64", "data": [[39.0, 0.79, -0.140804], [40.0, 0.81, -0.120587]]}}], [{"kppa": 80}, {"kpt_grid": "4x4x2"}, {"num_kpts": 1}, {"X_bnds": 200}, {"G_bnds": 200}, {"X_cutoff": 4}, {"gamma_gap": 2.378881}, {"num_gw_calc": 3}, {"wall_time": 196}, {"num_cores": 8}, {"z-factor": {"@module": "numpy", "@class": "array", "dtype": "float64", "data": [[39.0, 0.8, -0.128469], [40.0, 0.81, -0.115962]]}}], [{"kppa": 330}, {"kpt_grid": "6x6x2"}, {"num_kpts": 1}, {"X_bnds": 200}, {"G_bnds": 200}, {"X_cutoff": 4}, {"gamma_gap": 2.378007}, {"num_gw_calc": 4}, {"wall_time": 235}, {"num_cores": 32}, {"z-factor": {"@module": "numpy", "@class": "array", "dtype": "float64", "data": [[39.0, 0.8, -0.128401], [40.0, 0.81, -0.115623]]}}]], "conv_time": 700.2835330963135}, "gw_band_range_lda": [1, 44], "g0w0_ppa_pbe": {"gw_direct_gap": 2.49932, "kppa": 850, "kpt_grid": "6x6x4", "num_kpt": 47, "bands_in X": 500, "bands_in_G": 500, "cutoff": 20, "z_factor": [[39.0, 0.79, -0.00127785], [40.0, 0.81, -0.00113781]], "scissor": 0.99827, "ncpu": 32, "calc_time": 27072.37121653557}, "g0w0_ppa_lda": {"gw_direct_gap": 2.4569340000000004, "kppa": 850,