{"@module": "pymatgen.entries.computed_entries", "@class": "ComputedEntry", "energy": 0.0, "composition": {"K": 1.0, "Ag": 2.0, "Sb": 1.0, "S": 4.0}, "entry_id": "82143", "correction": 0.0, "energy_adjustments": [], "parameters": {"id": "82143", "name": "KAg2SbS4", "ibrav": {"celldm(1)": 13.012654156865143, "ibrav": 7, "celldm(3)": 1.225384838803369}, "vol": 1350.0198976532342, "lda_pw_cutoff_Ry": 78, "qe_conv_pbe": {"qe_conv_maxiter": 20, "qe_delta_kppa": 1500, "qe_delta_cutoff": 5, "qe_conv_thresh": 0.00029399460312357707, "qe_conv_steps": [[60, 1500, -427.6029106828804], [65, 1500, -427.6031173692982], [65, 3000, -427.6031186047702]], "qe_conv_time": 104.70926547050476}, "num_elec_pbe": 86.0, "max_mem": 173877.0, "qe_conv_lda": {"qe_conv_maxiter": 20, "qe_delta_kppa": 1500, "qe_delta_cutoff": 5, "qe_conv_thresh": 0.00029399460312357707, "qe_conv_steps": [[78, 1500, -474.9348581777701], [83, 1500, -474.935179164261], [88, 1500, -474.9352187260434], [88, 3000, -474.9352172694033]], "qe_conv_time": 177.03535318374634}, "num_elec_lda": 86.0, "bg_conv_pbe": {"bg_conv_maxiter": 20, "bg_delta_kppa": 1500, "bg_delta_cutoff": 5, "bg_conv_thresh": 0.025, "bg_conv_steps": [[65, 3000, 0.30866540918851826], [65, 6000, 0.3086625053757843]], "bg_conv_time": 120.81336784362793}, "indirect_gap_pbe": 0.308667902044612, "bg_conv_lda": {"bg_conv_maxiter": 20, "bg_delta_kppa": 1500, "bg_delta_cutoff": 5, "bg_conv_thresh": 0.025, "bg_conv_steps": [[88, 3000, 0.09169700983208787], [88, 6000, 0.09159900048184334]], "bg_conv_time": 153.6998336315155}, "indirect_gap_lda": 0.09170092318321812, "gw_conv_pbe": {"gw_conv_thr": 0.025, "gw_bnd_start": 200, "gw_bnd_step": 100, "gw_cut_start": 4, "gw_cut_step": 4, "kpt_bnd_idx": {"@module": "numpy", "@class": "array", "dtype": "int64", "data": [1, 1, 43, 44]}, "gw_bands": 200, "gw_cutoff": 4, "w_conv_grid": [[200, 4, 1.664945], [300, 4, 1.629906], [400, 4, 1.619933], [400, 8, 1.745936], [400, 8, 1.745936], [400, 12, 1.764068751], [400, 12, 1.764068751], [500, 12, 1.7602769999999999], [500, 16, 1.7701230000000001], [500, 16, 1.7701230000000001]], "pwcutoff": 65, "w_conv_time": [11.810235977172852, 13.85071349143982, 13.723118543624878, 17.369929313659668, 17.3713161945343, 28.86236810684204, 28.864245414733887, 30.73314094543457, 58.41289401054382, 58.414220094680786], "w_ngw": 7, "w_z_factor": [{"@module": "numpy", "@class": "array", "dtype": "float64", "data": [[43.0, 0.77, -0.16707], [44.0, 0.78, -0.159344]]}, {"@module": "numpy", "@class": "array", "dtype": "float64", "data": [[43.0, 0.77, -0.164913], [44.0, 0.78, -0.156172]]}, {"@module": "numpy", "@class": "array", "dtype": "float64", "data": [[43.0, 0.77, -0.164657], [44.0, 0.78, -0.15553]]}, {"@module": "numpy", "@class": "array", "dtype": "float64", "data": [[43.0, 0.76, -0.162358], [44.0, 0.78, -0.155757]]}, {"@module": "numpy", "@class": "array", "dtype": "float64", "data": [[43.0, 0.76, -0.162516], [44.0, 0.78, -0.155516]]}, {"@module": "numpy", "@class": "array", "dtype": "float64", "data": [[43.0, 0.76, -0.161083], [44.0, 0.78, -0.155307]]}, {"@module": "numpy", "@class": "array", "dtype": "float64", "data": [[43.0, 0.76, -0.161801], [44.0, 0.78, -0.155279]]}], "gw_kppa": 1000, "gw_kpt_grid": {"@module": "numpy", "@class": "array", "dtype": "int64", "data": [6, 6, 6]}, "conv_list": [[{"kppa": 0}, {"kpt_grid": "1x1x1"}, {"num_kpts": 1}, {"X_bnds": 500.0}, {"G_bnds": 500.0}, {"X_cutoff": 16.0}, {"gamma_gap": 1.7701230000000001}, {"num_gw_calc": 7}, {"wall_time": 348}, {"num_cores": 8}, {"z-factor": "None"}], [{"kppa": 0}, {"kpt_grid": "1x1x1"}, {"num_kpts": 1}, {"X_bnds": 200}, {"G_bnds": 200}, {"X_cutoff": 4}, {"gamma_gap": 4}, {"num_gw_calc": 1}, {"wall_time": 12}, {"num_cores": 8}, {"z-factor": "None"}], [{"kppa": 10}, {"kpt_grid": "2x2x2"}, {"num_kpts": 1}, {"X_bnds": 200}, {"G_bnds": 200}, {"X_cutoff": 4}, {"gamma_gap": 2.030133}, {"num_gw_calc": 2}, {"wall_time": 50}, {"num_cores": 8}, {"z-factor": {"@module": "numpy", "@class": "array", "dtype": "float64", "data": [[43.0, 0.78, -0.887626], [44.0, 0.81, -0.134062]]}}], [{"kppa": 220}, {"kpt_grid": "4x4x4"}, {"num_kpts": 1}, {"X_bnds": 200}, {"G_bnds": 200}, {"X_cutoff": 4}, {"gamma_gap": 2.05757}, {"num_gw_calc": 3}, {"wall_time": 564}, {"num_cores": 8}, {"z-factor": {"@module": "numpy", "@class": "array", "dtype": "float64", "data": [[43.0, 0.79, -0.150402], [44.0, 0.81, -0.130316]]}}], [{"kppa": 1000}, {"kpt_grid": "6x6x6"}, {"num_kpts": 1}, {"X_bnds": 200}, {"G_bnds": 200}, {"X_cutoff": 4}, {"gamma_gap": 2.051781}, {"num_gw_calc": 4}, {"wall_time": 1080}, {"num_cores": 32}, {"z-factor": {"@module": "numpy", "@class": "array", "dtype": "float64", "data": [[43.0, 0.78, -0.152383], [44.0, 0.81, -0.129956]]}}]], "conv_time": 2039.128441810608}, "gw_band_range_pbe": [1, 48], "gw_conv_lda": {"gw_conv_thr": 0.025, "gw_bnd_start": 200, "gw_bnd_step": 100, "gw_cut_start": 4, "gw_cut_step": 4, "kpt_bnd_idx": {"@module": "numpy", "@class": "array", "dtype": "int64", "data": [1, 1, 43, 44]}, "gw_bands": 200, "gw_cutoff": 4, "w_conv_grid": [[200, 4, 1.78911], [300, 4, 1.750117], [400, 4, 1.735369], [400, 8, 1.844153], [400, 8, 1.844153], [400, 12, 1.865551], [400, 12, 1.865551], [500, 12, 1.862091], [500, 16, 1.876227], [500, 16, 1.876227]], "pwcutoff": 88, "w_conv_time": [13.480302810668945, 16.480303049087524, 16.614460706710815, 20.49778127670288, 20.5001962184906, 30.498810291290283, 30.500603914260864, 32.9302544593811, 53.56041073799133, 53.562000036239624], "w_ngw": 7, "w_z_factor": [{"@module": "numpy", "@class": "array", "dtype": "float64", "data": [[43.0, 0.76, -0.170669], [44.0, 0.78, -0.163624]]}, {"@module": "numpy", "@class": "array", "dtype": "float64", "data": [[43.0, 0.76, -0.166], [44.0, 0.78, -0.160567]]}, {"@module": "numpy", "@class": "array", "dtype": "float64", "data": [[43.0, 0.77, -0.166388], [44.0, 0.78, -0.158981]]}, {"@module": "numpy", "@class": "array", "dtype": "float64", "data": [[43.0, 0.76, -0.168763], [44.0, 0.78, -0.160611]]}, {"@module": "numpy", "@class": "array", "dtype": "float64", "data": [[43.0, 0.76, -0.168454], [44.0, 0.77, -0.160535]]}, {"@module": "numpy", "@class": "array", "dtype": "float64", "data": [[43.0, 0.76, -0.168274], [44.0, 0.77, -0.159897]]}, {"@module": "numpy", "@class": "array", "dtype": "float64", "data": [[43.0, 0.76, -0.167818], [44.0, 0.77, -0.16003]]}], "gw_kppa": 1000, "gw_kpt_grid": {"@module": "numpy", "@class": "array", "dtype": "int64", "data": [6, 6, 6]}, "conv_list": [[{"kppa": 0}, {"kpt_grid": "1x1x1"}, {"num_kpts": 1}, {"X_bnds": 500.0}, {"G_bnds": 500.0}, {"X_cutoff": 16.0}, {"gamma_gap": 1.876227}, {"num_gw_calc": 7}, {"wall_time": 434}, {"num_cores": 8}, {"z-factor": "None"}], [{"kppa": 0}, {"kpt_grid": "1x1x1"}, {"num_kpts": 1}, {"X_bnds": 200}, {"G_bnds": 200}, {"X_cutoff": 4}, {"gamma_gap": 4}, {"num_gw_calc": 1}, {"wall_time": 14}, {"num_cores": 8}, {"z-factor": "None"}], [{"kppa": 10}, {"kpt_grid": "2x2x2"}, {"num_kpts": 1}, {"X_bnds": 200}, {"G_bnds": 200}, {"X_cutoff": 4}, {"gamma_gap": 2.070967}, {"num_gw_calc": 2}, {"wall_time": 59}, {"num_cores": 8}, {"z-factor": {"@module": "numpy", "@class": "array", "dtype": "float64", "data": [[43.0, 0.77, -0.162686], [44.0, 0.8, -0.143103]]}}], [{"kppa": 220}, {"kpt_grid": "4x4x4"}, {"num_kpts": 1}, {"X_bnds": 200}, {"G_bnds": 200}, {"X_cutoff": 4}, {"gamma_gap": 2.1449629999999997}, {"num_gw_calc": 3}, {"wall_time": 1294}, {"num_cores": 8}, {"z-factor": {"@module": "numpy", "@class": "array", "dtype": "float64", "data": [[43.0, 0.78, -0.156858], [44.0, 0.8, -0.135941]]}}], [{"kppa": 1000}, {"kpt_grid": "6x6x6"}, {"num_kpts": 1}, {"X_bnds": 200}, {"G_bnds": 200}, {"X_cutoff": 4}, {"gamma_gap": 2.148866}, {"num_gw_calc": 4}, {"wall_time": 4772}, {"num_cores": 32}, {"z-factor": {"@module": "numpy", "@class": "array", "dtype": "float64", "data": [[43.0, 0.78, -0.158368], [44.0, 0.8, -0.135328]]}}]], "conv_time": 6557.793937444687}, "gw_band_range_lda": [1, 48],