{"@module": "pymatgen.entries.computed_entries", "@class": "ComputedEntry", "energy": 0.0, "composition": {"Ga": 6.0, "Te": 6.0}, "entry_id": "8249", "correction": 0.0, "energy_adjustments": [], "parameters": {"id": "8249", "name": "GaTe", "ibrav": 0, "vol": 2424.2696635660136, "lda_pw_cutoff_Ry": 72, "qe_conv_pbe": {"qe_conv_maxiter": 20, "qe_delta_kppa": 1500, "qe_delta_cutoff": 5, "qe_conv_thresh": 0.00044099190468536564, "qe_conv_steps": [[60, 1500, -918.3664660973108], [65, 1500, -918.3687670174406], [70, 1500, -918.372734776457], [75, 1500, -918.3788473181432], [80, 1500, -918.3824927507073], [85, 1500, -918.3833828550268], [90, 1500, -918.3835177535688], [90, 3000, -918.3835284467992]], "qe_conv_time": 1798.9807488918304}, "num_elec_pbe": 174.0, "max_mem": 121729.0, "qe_conv_lda": {"qe_conv_maxiter": 20, "qe_delta_kppa": 1500, "qe_delta_cutoff": 5, "qe_conv_thresh": 0.00044099190468536564, "qe_conv_steps": [[72, 1500, -1086.012430404506], [77, 1500, -1086.014936821826], [82, 1500, -1086.015262945834], [82, 3000, -1086.015276364497]], "qe_conv_time": 852.9453427791595}, "num_elec_lda": 174.0, "bg_conv_pbe": {"bg_conv_maxiter": 20, "bg_delta_kppa": 1500, "bg_delta_cutoff": 5, "bg_conv_thresh": 0.025, "bg_conv_steps": [[90, 3000, 0.9418077015171754], [90, 4500, 0.9415959185396819]], "bg_conv_time": 764.4634935855865}, "indirect_gap_pbe": 0.9418053922951369, "bg_conv_lda": {"bg_conv_maxiter": 20, "bg_delta_kppa": 1500, "bg_delta_cutoff": 5, "bg_conv_thresh": 0.025, "bg_conv_steps": [[82, 3000, 0.7881301708892107], [82, 4500, 0.7878971217627758]], "bg_conv_time": 578.191320180893}, "indirect_gap_lda": 0.7881275419853855, "gw_conv_pbe": {"gw_conv_thr": 0.025, "gw_bnd_start": 200, "gw_bnd_step": 100, "gw_cut_start": 4, "gw_cut_step": 4, "kpt_bnd_idx": {"@module": "numpy", "@class": "array", "dtype": "int64", "data": [1, 1, 87, 88]}, "gw_bands": 200, "gw_cutoff": 4, "w_conv_grid": [[200, 4, 3.5775430000000004], [300, 4, 3.514734], [400, 4, 3.496303], [400, 8, 3.5852169999999997], [400, 8, 3.5852169999999997], [400, 12, 3.604818], [400, 12, 3.604818], [500, 12, 3.6061300000000003], [500, 16, 3.6140470000000002], [500, 16, 3.6140470000000002]], "pwcutoff": 90, "w_conv_time": [32.07703161239624, 41.60921049118042, 49.52324151992798, 100.9791841506958, 100.98143982887268, 227.22564506530762, 227.22777771949768, 254.9393286705017, 536.7690162658691, 536.7699203491211], "w_ngw": 7, "w_z_factor": [{"@module": "numpy", "@class": "array", "dtype": "float64", "data": [[87.0, 0.78, -0.181917], [88.0, 0.79, -0.167005]]}, {"@module": "numpy", "@class": "array", "dtype": "float64", "data": [[87.0, 0.78, -0.195108], [88.0, 0.79, -0.161504]]}, {"@module": "numpy", "@class": "array", "dtype": "float64", "data": [[87.0, 0.78, -0.15555], [88.0, 0.79, -0.161385]]}, {"@module": "numpy", "@class": "array", "dtype": "float64", "data": [[87.0, 0.78, -0.156931], [88.0, 0.79, -0.15397]]}, {"@module": "numpy", "@class": "array", "dtype": "float64", "data": [[87.0, 0.78, -0.155554], [88.0, 0.79, -0.16313]]}, {"@module": "numpy", "@class": "array", "dtype": "float64", "data": [[87.0, 0.78, -0.154784], [88.0, 0.79, -0.156883]]}, {"@module": "numpy", "@class": "array", "dtype": "float64", "data": [[87.0, 0.78, -0.153892], [88.0, 0.79, -0.155655]]}], "gw_kppa": 450, "gw_kpt_grid": {"@module": "numpy", "@class": "array", "dtype": "int64", "data": [4, 4, 4]}, "conv_list": [[{"kppa": 0}, {"kpt_grid": "1x1x1"}, {"num_kpts": 1}, {"X_bnds": 500.0}, {"G_bnds": 500.0}, {"X_cutoff": 16.0}, {"gamma_gap": 3.6140470000000002}, {"num_gw_calc": 7}, {"wall_time": 3180}, {"num_cores": 8}, {"z-factor": "None"}], [{"kppa": 0}, {"kpt_grid": "1x1x1"}, {"num_kpts": 1}, {"X_bnds": 200}, {"G_bnds": 200}, {"X_cutoff": 4}, {"gamma_gap": 4}, {"num_gw_calc": 1}, {"wall_time": 33}, {"num_cores": 8}, {"z-factor": "None"}], [{"kppa": 10}, {"kpt_grid": "2x2x2"}, {"num_kpts": 1}, {"X_bnds": 200}, {"G_bnds": 200}, {"X_cutoff": 4}, {"gamma_gap": 3.485226}, {"num_gw_calc": 2}, {"wall_time": 397}, {"num_cores": 8}, {"z-factor": {"@module": "numpy", "@class": "array", "dtype": "float64", "data": [[87.0, 0.79, -0.170785], [88.0, 0.8, -0.167756]]}}], [{"kppa": 280}, {"kpt_grid": "4x4x2"}, {"num_kpts": 1}, {"X_bnds": 200}, {"G_bnds": 200}, {"X_cutoff": 4}, {"gamma_gap": 3.458878}, {"num_gw_calc": 3}, {"wall_time": 2619}, {"num_cores": 8}, {"z-factor": {"@module": "numpy", "@class": "array", "dtype": "float64", "data": [[87.0, 0.79, -0.164906], [88.0, 0.8, -0.159104]]}}], [{"kppa": 450}, {"kpt_grid": "4x4x4"}, {"num_kpts": 1}, {"X_bnds": 200}, {"G_bnds": 200}, {"X_cutoff": 4}, {"gamma_gap": 3.4646150000000002}, {"num_gw_calc": 4}, {"wall_time": 2623}, {"num_cores": 32}, {"z-factor": {"@module": "numpy", "@class": "array", "dtype": "float64", "data": [[87.0, 0.79, -0.163896], [88.0, 0.8, -0.160172]]}}]], "conv_time": 8817.09860777855}, "gw_band_range_pbe": [1, 100], "gw_conv_lda": {"gw_conv_thr": 0.025, "gw_bnd_start": 200, "gw_bnd_step": 100, "gw_cut_start": 4, "gw_cut_step": 4, "kpt_bnd_idx": {"@module": "numpy", "@class": "array", "dtype": "int64", "data": [1, 1, 87, 88]}, "gw_bands": 200, "gw_cutoff": 4, "w_conv_grid": [[200, 4, 3.487539], [300, 4, 3.4367289999999997], [400, 4, 3.421701], [400, 8, 3.518692], [400, 8, 3.518692], [400, 12, 3.5376070000000004], [400, 12, 3.5376070000000004], [500, 12, 3.543595], [500, 16, 3.550535], [500, 16, 3.550535]], "pwcutoff": 82, "w_conv_time": [22.41545557975769, 26.91355562210083, 31.037270307540894, 68.647225856781, 68.64936804771423, 165.60738515853882, 165.6089379787445, 174.49044489860535, 382.65679121017456, 382.65795063972473], "w_ngw": 7, "w_z_factor": [{"@module": "numpy", "@class": "array", "dtype": "float64", "data": [[87.0, 0.78, -0.183637], [88.0, 0.79, -0.174246]]}, {"@module": "numpy", "@class": "array", "dtype": "float64", "data": [[87.0, 0.78, -0.176969], [88.0, 0.79, -0.168604]]}, {"@module": "numpy", "@class": "array", "dtype": "float64", "data": [[87.0, 0.78, -0.194194], [88.0, 0.79, -0.154635]]}, {"@module": "numpy", "@class": "array", "dtype": "float64", "data": [[87.0, 0.77, -0.196195], [88.0, 0.79, -0.151653]]}, {"@module": "numpy", "@class": "array", "dtype": "float64", "data": [[87.0, 0.77, -0.202622], [88.0, 0.79, -0.15211]]}, {"@module": "numpy", "@class": "array", "dtype": "float64", "data": [[87.0, 0.77, -0.240819], [88.0, 0.79, -0.118416]]}, {"@module": "numpy", "@class": "array", "dtype": "float64", "data": [[87.0, 0.77, -0.242648], [88.0, 0.79, -0.116227]]}], "gw_kppa": 450, "gw_kpt_grid": {"@module": "numpy", "@class": "array", "dtype": "int64", "data": [4, 4, 4]}, "conv_list": [[{"kppa": 0}, {"kpt_grid": "1x1x1"}, {"num_kpts": 1}, {"X_bnds": 500.0}, {"G_bnds": 500.0}, {"X_cutoff": 16.0}, {"gamma_gap": 3.550535}, {"num_gw_calc": 7}, {"wall_time": 2245}, {"num_cores": 8}, {"z-factor": "None"}], [{"kppa": 0}, {"kpt_grid": "1x1x1"}, {"num_kpts": 1}, {"X_bnds": 200}, {"G_bnds": 200}, {"X_cutoff": 4}, {"gamma_gap": 4}, {"num_gw_calc": 1}, {"wall_time": 23}, {"num_cores": 8}, {"z-factor": "None"}], [{"kppa": 10}, {"kpt_grid": "2x2x2"}, {"num_kpts": 1}, {"X_bnds": 200}, {"G_bnds": 200}, {"X_cutoff": 4}, {"gamma_gap": 3.3108079999999998}, {"num_gw_calc": 2}, {"wall_time": 362}, {"num_cores": 8}, {"z-factor": {"@module": "numpy", "@class": "array", "dtype": "float64", "data": [[87.0, 0.79, -0.173976], [88.0, 0.79, -0.171775]]}}], [{"kppa": 280}, {"kpt_grid": "4x4x2"}, {"num_kpts": 1}, {"X_bnds": 200}, {"G_bnds": 200}, {"X_cutoff": 4}, {"gamma_gap": 3.2754130000000004}, {"num_gw_calc": 3}, {"wall_time": 3494}, {"num_cores": 8}, {"z-factor": {"@module": "numpy", "@class": "array", "dtype": "float64", "data": [[87.0, 0.79, -0.165862], [88.0, 0.8, -0.168723]]}}], [{"kppa": 450}, {"kpt_grid": "4x4x4"}, {"num_kpts": 1}, {"X_bnds": 200}, {"G_bnds": 200}, {"X_cutoff": 4}, {"gamma_gap": 3.2812289999999997}, {"num_gw_calc": 4}, {"wall_time": 4266}, {"num_cores": 32}, {"z-factor": {"@module": "numpy", "@class": "array", "dtype": "float64",