{"@module": "pymatgen.entries.computed_entries", "@class": "ComputedEntry", "energy": 0.0, "composition": {"Al": 2.0, "Cd": 1.0, "S": 4.0}, "entry_id": "83526", "correction": 0.0, "energy_adjustments": [], "parameters": {"id": "83526", "name": "Al2CdS4", "ibrav": {"celldm(1)": 10.493271275376234, "ibrav": 7, "celldm(3)": 1.8203608990059073}, "vol": 1051.6233107107985, "lda_pw_cutoff_Ry": 94, "qe_conv_pbe": {"qe_conv_maxiter": 20, "qe_delta_kppa": 1500, "qe_delta_cutoff": 5, "qe_conv_thresh": 0.0002572452777331299, "qe_conv_steps": [[60, 1500, -334.9936942134995], [65, 1500, -334.9947835042846], [70, 1500, -334.9952393603923], [75, 1500, -334.9954184531224], [75, 3000, -334.9954188942248]], "qe_conv_time": 132.68931937217712}, "num_elec_pbe": 66.00000000000001, "max_mem": 328681.0, "qe_conv_lda": {"qe_conv_maxiter": 20, "qe_delta_kppa": 1500, "qe_delta_cutoff": 5, "qe_conv_thresh": 0.0002572452777331299, "qe_conv_steps": [[94, 1500, -224.4865451973089], [99, 1500, -224.4867418509569], [99, 3000, -224.4867421610421]], "qe_conv_time": 90.26260709762573}, "num_elec_lda": 50.0, "bg_conv_pbe": {"bg_conv_maxiter": 20, "bg_delta_kppa": 1500, "bg_delta_cutoff": 5, "bg_conv_thresh": 0.025, "bg_conv_steps": [[75, 3000, 2.88228290995489], [75, 6000, 2.8760233582871386]], "bg_conv_time": 119.60752034187317}, "indirect_gap_pbe": 2.882276884813758, "bg_conv_lda": {"bg_conv_maxiter": 20, "bg_delta_kppa": 1500, "bg_delta_cutoff": 5, "bg_conv_thresh": 0.025, "bg_conv_steps": [[99, 3000, 2.6288247835259537], [99, 6000, 2.623212976250974]], "bg_conv_time": 104.34111666679382}, "indirect_gap_lda": 2.6288228595027925, "gw_conv_pbe": {"gw_conv_thr": 0.025, "gw_bnd_start": 200, "gw_bnd_step": 100, "gw_cut_start": 4, "gw_cut_step": 4, "kpt_bnd_idx": {"@module": "numpy", "@class": "array", "dtype": "int64", "data": [1, 1, 33, 34]}, "gw_bands": 200, "gw_cutoff": 4, "w_conv_grid": [[200, 4, 3.6710340000000006], [300, 4, 3.6454120000000003], [400, 4, 3.6362250000000005], [400, 8, 3.807386], [400, 8, 3.807386], [400, 12, 3.833127], [400, 12, 3.833127], [400, 16, 3.8432980000000003], [400, 16, 3.8432980000000003], [500, 16, 3.8463990000000003], [500, 20, 3.8540910000000004], [500, 20, 3.8540910000000004]], "pwcutoff": 75, "w_conv_time": [11.561091661453247, 11.455352544784546, 11.692191362380981, 13.199707508087158, 13.20055890083313, 18.934513092041016, 18.935596466064453, 27.00300645828247, 27.00457239151001, 29.56403875350952, 56.675540924072266, 56.6772186756134], "w_ngw": 8, "w_z_factor": [{"@module": "numpy", "@class": "array", "dtype": "float64", "data": [[33.0, 0.78, -0.160053], [34.0, 0.79, -0.150882]]}, {"@module": "numpy", "@class": "array", "dtype": "float64", "data": [[33.0, 0.78, -0.158541], [34.0, 0.79, -0.149316]]}, {"@module": "numpy", "@class": "array", "dtype": "float64", "data": [[33.0, 0.78, -0.157598], [34.0, 0.79, -0.14862]]}, {"@module": "numpy", "@class": "array", "dtype": "float64", "data": [[33.0, 0.77, -0.158222], [34.0, 0.79, -0.148529]]}, {"@module": "numpy", "@class": "array", "dtype": "float64", "data": [[33.0, 0.77, -0.157915], [34.0, 0.79, -0.148707]]}, {"@module": "numpy", "@class": "array", "dtype": "float64", "data": [[33.0, 0.77, -0.157795], [34.0, 0.79, -0.148843]]}, {"@module": "numpy", "@class": "array", "dtype": "float64", "data": [[33.0, 0.77, -0.157489], [34.0, 0.79, -0.148596]]}, {"@module": "numpy", "@class": "array", "dtype": "float64", "data": [[33.0, 0.77, -0.15746], [34.0, 0.79, -0.148607]]}], "gw_kppa": 880, "gw_kpt_grid": {"@module": "numpy", "@class": "array", "dtype": "int64", "data": [6, 6, 6]}, "conv_list": [[{"kppa": 0}, {"kpt_grid": "1x1x1"}, {"num_kpts": 1}, {"X_bnds": 500.0}, {"G_bnds": 500.0}, {"X_cutoff": 20.0}, {"gamma_gap": 3.8540910000000004}, {"num_gw_calc": 8}, {"wall_time": 355}, {"num_cores": 8}, {"z-factor": "None"}], [{"kppa": 0}, {"kpt_grid": "1x1x1"}, {"num_kpts": 1}, {"X_bnds": 200}, {"G_bnds": 200}, {"X_cutoff": 4}, {"gamma_gap": 4}, {"num_gw_calc": 1}, {"wall_time": 12}, {"num_cores": 8}, {"z-factor": "None"}], [{"kppa": 10}, {"kpt_grid": "2x2x2"}, {"num_kpts": 1}, {"X_bnds": 200}, {"G_bnds": 200}, {"X_cutoff": 4}, {"gamma_gap": 4.15658}, {"num_gw_calc": 2}, {"wall_time": 38}, {"num_cores": 8}, {"z-factor": {"@module": "numpy", "@class": "array", "dtype": "float64", "data": [[33.0, 0.8, -0.141328], [34.0, 0.82, -0.125495]]}}], [{"kppa": 190}, {"kpt_grid": "4x4x4"}, {"num_kpts": 1}, {"X_bnds": 200}, {"G_bnds": 200}, {"X_cutoff": 4}, {"gamma_gap": 4.195674}, {"num_gw_calc": 3}, {"wall_time": 384}, {"num_cores": 8}, {"z-factor": {"@module": "numpy", "@class": "array", "dtype": "float64", "data": [[33.0, 0.8, -0.139989], [34.0, 0.82, -0.122133]]}}], [{"kppa": 880}, {"kpt_grid": "6x6x6"}, {"num_kpts": 1}, {"X_bnds": 200}, {"G_bnds": 200}, {"X_cutoff": 4}, {"gamma_gap": 4.195002000000001}, {"num_gw_calc": 4}, {"wall_time": 2627}, {"num_cores": 32}, {"z-factor": {"@module": "numpy", "@class": "array", "dtype": "float64", "data": [[33.0, 0.8, -0.140082], [34.0, 0.82, -0.122311]]}}]], "conv_time": 3401.903452396393}, "gw_band_range_pbe": [1, 40], "gw_conv_lda": {"gw_conv_thr": 0.025, "gw_bnd_start": 200, "gw_bnd_step": 100, "gw_cut_start": 4, "gw_cut_step": 4, "kpt_bnd_idx": {"@module": "numpy", "@class": "array", "dtype": "int64", "data": [1, 1, 25, 26]}, "gw_bands": 200, "gw_cutoff": 4, "w_conv_grid": [[200, 4, 3.7949340000000005], [300, 4, 3.774054], [300, 8, 3.9238739999999996], [300, 8, 3.9238739999999996], [300, 12, 3.944355], [300, 12, 3.944355], [400, 12, 3.9502240000000004], [400, 16, 3.96032], [400, 16, 3.96032]], "pwcutoff": 99, "w_conv_time": [11.860702753067017, 12.704315900802612, 13.213030576705933, 13.21466064453125, 17.08569598197937, 17.087246417999268, 19.275633096694946, 26.004424333572388, 26.005273580551147], "w_ngw": 6, "w_z_factor": [{"@module": "numpy", "@class": "array", "dtype": "float64", "data": [[25.0, 0.77, -0.165434], [26.0, 0.79, -0.158477]]}, {"@module": "numpy", "@class": "array", "dtype": "float64", "data": [[25.0, 0.77, -0.169468], [26.0, 0.79, -0.158255]]}, {"@module": "numpy", "@class": "array", "dtype": "float64", "data": [[25.0, 0.77, -0.164333], [26.0, 0.78, -0.157652]]}, {"@module": "numpy", "@class": "array", "dtype": "float64", "data": [[25.0, 0.76, -0.164382], [26.0, 0.78, -0.157613]]}, {"@module": "numpy", "@class": "array", "dtype": "float64", "data": [[25.0, 0.76, -0.163708], [26.0, 0.78, -0.157519]]}, {"@module": "numpy", "@class": "array", "dtype": "float64", "data": [[25.0, 0.76, -0.163868], [26.0, 0.78, -0.157501]]}], "gw_kppa": 880, "gw_kpt_grid": {"@module": "numpy", "@class": "array", "dtype": "int64", "data": [6, 6, 6]}, "conv_list": [[{"kppa": 0}, {"kpt_grid": "1x1x1"}, {"num_kpts": 1}, {"X_bnds": 400.0}, {"G_bnds": 400.0}, {"X_cutoff": 16.0}, {"gamma_gap": 3.96032}, {"num_gw_calc": 6}, {"wall_time": 291}, {"num_cores": 8}, {"z-factor": "None"}], [{"kppa": 0}, {"kpt_grid": "1x1x1"}, {"num_kpts": 1}, {"X_bnds": 200}, {"G_bnds": 200}, {"X_cutoff": 4}, {"gamma_gap": 8}, {"num_gw_calc": 1}, {"wall_time": 12}, {"num_cores": 8}, {"z-factor": "None"}], [{"kppa": 10}, {"kpt_grid": "2x2x2"}, {"num_kpts": 1}, {"X_bnds": 200}, {"G_bnds": 200}, {"X_cutoff": 4}, {"gamma_gap": 4.299371}, {"num_gw_calc": 2}, {"wall_time": 51}, {"num_cores": 8}, {"z-factor": {"@module": "numpy", "@class": "array", "dtype": "float64", "data": [[25.0, 0.79, -0.146805], [26.0, 0.81, -0.132791]]}}], [{"kppa": 190}, {"kpt_grid": "4x4x4"}, {"num_kpts": 1}, {"X_bnds": 200}, {"G_bnds": 200}, {"X_cutoff": 4}, {"gamma_gap": 4.340534}, {"num_gw_calc": 3}, {"wall_time": 586}, {"num_cores": 8}, {"z-factor": {"@module": "numpy", "@class": "array", "dtype": "float64", "data": [[25.0, 0.79, -0.145628], [26.0, 0.82, -0.128816]]}}], [{"kppa": 880}, {"kpt_grid": "6x6x6"}, {"num_kpts": 1}, {"X_bnds": 200}, {"G_bnds": 200}, {"X_cutoff": 4}, {"gamma_gap": 4.339804}, {"num_gw_calc": 4}, {"wall_time": 1439}, {"num_cores": 32}, {"z-factor": {"@module": "numpy", "@class": "array", "dtype": "float64",