{"@module": "pymatgen.entries.computed_entries", "@class": "ComputedEntry", "energy": 0.0, "composition": {"Sr": 2.0, "Bi": 2.0, "Cl": 2.0, "O": 4.0}, "entry_id": "84636", "correction": 0.0, "energy_adjustments": [], "parameters": {"id": "84636", "name": "SrBiClO2", "ibrav": {"celldm(1)": 10.792036977118956, "ibrav": 9, "celldm(2)": 2.1727048276103593, "celldm(3)": 0.9786198322506086}, "vol": 1336.2724680862475, "lda_pw_cutoff_Ry": 62, "qe_conv_pbe": {"qe_conv_maxiter": 20, "qe_delta_kppa": 1500, "qe_delta_cutoff": 5, "qe_conv_thresh": 0.00036749325390447133, "qe_conv_steps": [[60, 1500, -292.6679093786512], [65, 1500, -292.6899591283989], [70, 1500, -292.7002017801551], [75, 1500, -292.7045046164567], [80, 1500, -292.7059815063547], [85, 1500, -292.706370350021], [90, 1500, -292.7064593944591], [90, 3000, -292.7064615112672]], "qe_conv_time": 243.91887617111206}, "num_elec_pbe": 88.00000000000001, "max_mem": 49903.0, "qe_conv_lda": {"qe_conv_maxiter": 20, "qe_delta_kppa": 1500, "qe_delta_cutoff": 5, "qe_conv_thresh": 0.00036749325390447133, "qe_conv_steps": [[62, 1500, -331.6008540485465], [67, 1500, -331.6092231506915], [72, 1500, -331.6124185633461], [77, 1500, -331.6134956289332], [82, 1500, -331.6137978031199], [82, 3000, -331.6138004889275]], "qe_conv_time": 171.45456409454346}, "num_elec_lda": 88.00000000000001, "bg_conv_pbe": {"bg_conv_maxiter": 20, "bg_delta_kppa": 1500, "bg_delta_cutoff": 5, "bg_conv_thresh": 0.025, "bg_conv_steps": [[90, 3000, 3.3187827415746853], [90, 4500, 3.3188060014175726]], "bg_conv_time": 163.375821352005}, "indirect_gap_pbe": 3.3187826557940188, "bg_conv_lda": {"bg_conv_maxiter": 20, "bg_delta_kppa": 1500, "bg_delta_cutoff": 5, "bg_conv_thresh": 0.025, "bg_conv_steps": [[82, 3000, 3.201813333736693], [82, 4500, 3.198996631545525]], "bg_conv_time": 145.7700514793396}, "indirect_gap_lda": 3.2018012202924973, "gw_conv_pbe": {"gw_conv_thr": 0.025, "gw_bnd_start": 200, "gw_bnd_step": 100, "gw_cut_start": 4, "gw_cut_step": 4, "kpt_bnd_idx": {"@module": "numpy", "@class": "array", "dtype": "int64", "data": [1, 1, 44, 45]}, "gw_bands": 200, "gw_cutoff": 4, "w_conv_grid": [[200, 4, 4.647076], [300, 4, 4.603476], [400, 4, 4.5892599999999995], [400, 8, 4.6894979999999995], [400, 8, 4.6894979999999995], [400, 12, 4.748005], [400, 12, 4.748005], [400, 16, 4.790934], [400, 16, 4.790934], [400, 20, 4.814356], [400, 20, 4.814356], [500, 20, 4.814241], [500, 24, 4.827161], [500, 24, 4.827161]], "pwcutoff": 90, "w_conv_time": [14.005624532699585, 14.951090097427368, 15.559139490127563, 20.964357614517212, 20.966595888137817, 34.567588090896606, 34.56918668746948, 63.63432836532593, 63.63908863067627, 111.84810376167297, 111.84978866577148, 125.5083954334259, 207.34113430976868, 207.34298944473267], "w_ngw": 9, "w_z_factor": [{"@module": "numpy", "@class": "array", "dtype": "float64", "data": [[44.0, 0.77, -0.147948], [45.0, 0.83, -0.108417]]}, {"@module": "numpy", "@class": "array", "dtype": "float64", "data": [[44.0, 0.78, -0.147933], [45.0, 0.83, -0.106777]]}, {"@module": "numpy", "@class": "array", "dtype": "float64", "data": [[44.0, 0.78, -0.157296], [45.0, 0.83, -0.105375]]}, {"@module": "numpy", "@class": "array", "dtype": "float64", "data": [[44.0, 0.77, -0.143163], [45.0, 0.83, -0.108017]]}, {"@module": "numpy", "@class": "array", "dtype": "float64", "data": [[44.0, 0.76, -0.141055], [45.0, 0.83, -0.105732]]}, {"@module": "numpy", "@class": "array", "dtype": "float64", "data": [[44.0, 0.76, -0.140205], [45.0, 0.83, -0.105802]]}, {"@module": "numpy", "@class": "array", "dtype": "float64", "data": [[44.0, 0.76, -0.139805], [45.0, 0.83, -0.105737]]}, {"@module": "numpy", "@class": "array", "dtype": "float64", "data": [[44.0, 0.76, -0.139643], [45.0, 0.83, -0.105488]]}, {"@module": "numpy", "@class": "array", "dtype": "float64", "data": [[44.0, 0.76, -0.139596], [45.0, 0.83, -0.105039]]}], "gw_kppa": 10, "gw_kpt_grid": {"@module": "numpy", "@class": "array", "dtype": "int64", "data": [2, 2, 2]}, "conv_list": [[{"kppa": 0}, {"kpt_grid": "1x1x1"}, {"num_kpts": 1}, {"X_bnds": 500.0}, {"G_bnds": 500.0}, {"X_cutoff": 24.0}, {"gamma_gap": 4.827161}, {"num_gw_calc": 9}, {"wall_time": 905}, {"num_cores": 8}, {"z-factor": "None"}], [{"kppa": 0}, {"kpt_grid": "1x1x1"}, {"num_kpts": 1}, {"X_bnds": 200}, {"G_bnds": 200}, {"X_cutoff": 4}, {"gamma_gap": 4}, {"num_gw_calc": 1}, {"wall_time": 15}, {"num_cores": 8}, {"z-factor": "None"}], [{"kppa": 10}, {"kpt_grid": "2x2x2"}, {"num_kpts": 1}, {"X_bnds": 200}, {"G_bnds": 200}, {"X_cutoff": 4}, {"gamma_gap": 4.62967}, {"num_gw_calc": 2}, {"wall_time": 80}, {"num_cores": 8}, {"z-factor": {"@module": "numpy", "@class": "array", "dtype": "float64", "data": [[44.0, 0.78, -0.153387], [45.0, 0.84, -0.101058]]}}]], "conv_time": 983.7846658229828}, "gw_band_range_pbe": [1, 53], "gw_conv_lda": {"gw_conv_thr": 0.025, "gw_bnd_start": 200, "gw_bnd_step": 100, "gw_cut_start": 4, "gw_cut_step": 4, "kpt_bnd_idx": {"@module": "numpy", "@class": "array", "dtype": "int64", "data": [1, 1, 44, 45]}, "gw_bands": 200, "gw_cutoff": 4, "w_conv_grid": [[200, 4, 4.945539], [300, 4, 4.900412], [400, 4, 4.886943], [400, 8, 4.989656], [400, 8, 4.989656], [400, 12, 5.046239999999999], [400, 12, 5.046239999999999], [400, 16, 5.090032], [400, 16, 5.090032], [400, 20, 5.112684999999999], [400, 20, 5.112684999999999], [500, 20, 5.115909], [500, 24, 5.128299], [500, 24, 5.128299]], "pwcutoff": 82, "w_conv_time": [14.489917039871216, 15.056402444839478, 16.487874031066895, 20.86289381980896, 20.86457371711731, 34.406075954437256, 34.40755581855774, 62.63814353942871, 62.640109062194824, 108.53324627876282, 108.5350935459137, 122.92840361595154, 196.37205147743225, 196.3735499382019], "w_ngw": 9, "w_z_factor": [{"@module": "numpy", "@class": "array", "dtype": "float64", "data": [[44.0, 0.77, -0.155134], [45.0, 0.83, -0.114158]]}, {"@module": "numpy", "@class": "array", "dtype": "float64", "data": [[44.0, 0.77, -0.158081], [45.0, 0.83, -0.121892]]}, {"@module": "numpy", "@class": "array", "dtype": "float64", "data": [[44.0, 0.77, -0.157756], [45.0, 0.83, -0.109723]]}, {"@module": "numpy", "@class": "array", "dtype": "float64", "data": [[44.0, 0.76, -0.147825], [45.0, 0.83, -0.109845]]}, {"@module": "numpy", "@class": "array", "dtype": "float64", "data": [[44.0, 0.76, -0.142633], [45.0, 0.83, -0.11338]]}, {"@module": "numpy", "@class": "array", "dtype": "float64", "data": [[44.0, 0.76, -0.14298], [45.0, 0.83, -0.109186]]}, {"@module": "numpy", "@class": "array", "dtype": "float64", "data": [[44.0, 0.76, -0.143499], [45.0, 0.83, -0.109124]]}, {"@module": "numpy", "@class": "array", "dtype": "float64", "data": [[44.0, 0.76, -0.146291], [45.0, 0.83, -0.110149]]}, {"@module": "numpy", "@class": "array", "dtype": "float64", "data": [[44.0, 0.75, -0.151828], [45.0, 0.83, -0.109194]]}], "gw_kppa": 10, "gw_kpt_grid": {"@module": "numpy", "@class": "array", "dtype": "int64", "data": [2, 2, 2]}, "conv_list": [[{"kppa": 0}, {"kpt_grid": "1x1x1"}, {"num_kpts": 1}, {"X_bnds": 500.0}, {"G_bnds": 500.0}, {"X_cutoff": 24.0}, {"gamma_gap": 5.128299}, {"num_gw_calc": 9}, {"wall_time": 852}, {"num_cores": 8}, {"z-factor": "None"}], [{"kppa": 0}, {"kpt_grid": "1x1x1"}, {"num_kpts": 1}, {"X_bnds": 200}, {"G_bnds": 200}, {"X_cutoff": 4}, {"gamma_gap": 4}, {"num_gw_calc": 1}, {"wall_time": 15}, {"num_cores": 8}, {"z-factor": "None"}], [{"kppa": 10}, {"kpt_grid": "2x2x2"}, {"num_kpts": 1}, {"X_bnds": 200}, {"G_bnds": 200}, {"X_cutoff": 4}, {"gamma_gap": 4.930562}, {"num_gw_calc": 2}, {"wall_time": 76}, {"num_cores": 8}, {"z-factor": {"@module": "numpy", "@class": "array", "dtype": "float64", "data": [[44.0, 0.78, -0.144095], [45.0, 0.84, -0.10615]]}}]], "conv_time": 927.293618440628}, "gw_band_range_lda": [1, 53], "g0w0_ppa_pbe": {"gw_direct_gap": 4.750577, "kppa": 190, "kpt_grid": "2x2x4", "num_kpt": 9, "bands_in X": 600, "bands_in_G": 600, "cutoff": 28, "z_factor": [[44.0, 0.76, -0.00139047], [45.0, 0.83, -0.000998165]], "scissor": 0.8790929999999999,