{"@module": "pymatgen.entries.computed_entries", "@class": "ComputedEntry", "energy": 0.0, "composition": {"Cu": 4.0, "Ge": 2.0, "S": 6.0}, "entry_id": "85138", "correction": 0.0, "energy_adjustments": [], "parameters": {"id": "85138", "name": "Cu2GeS3", "ibrav": 0, "vol": 1502.5466433458735, "lda_pw_cutoff_Ry": 76, "qe_conv_pbe": {"qe_conv_maxiter": 20, "qe_delta_kppa": 1500, "qe_delta_cutoff": 5, "qe_conv_thresh": 0.00044099190468536564, "qe_conv_steps": [[60, 1500, -933.3201183759154], [65, 1500, -933.4398872206565], [70, 1500, -933.4770189765454], [75, 1500, -933.4859771695324], [80, 1500, -933.4874030852545], [85, 1500, -933.4875443562336], [85, 3000, -933.4876494624018]], "qe_conv_time": 675.0474917888641}, "num_elec_pbe": 140.0, "max_mem": 57569.0, "qe_conv_lda": {"qe_conv_maxiter": 20, "qe_delta_kppa": 1500, "qe_delta_cutoff": 5, "qe_conv_thresh": 0.00044099190468536564, "qe_conv_steps": [[76, 1500, -1002.756357934461], [81, 1500, -1002.766330501284], [86, 1500, -1002.768669154828], [91, 1500, -1002.769047332164], [91, 3000, -1002.769173986636]], "qe_conv_time": 485.29033970832825}, "num_elec_lda": 140.0, "bg_conv_pbe": {"bg_conv_maxiter": 20, "bg_delta_kppa": 1500, "bg_delta_cutoff": 5, "bg_conv_thresh": 0.025, "bg_conv_steps": [[85, 3000, 0.3192704407673981], [85, 4500, 0.3194098655375888]], "bg_conv_time": 576.4212663173676}, "indirect_gap_pbe": 0.31927043922232445, "bg_conv_lda": {"bg_conv_maxiter": 20, "bg_delta_kppa": 1500, "bg_delta_cutoff": 5, "bg_conv_thresh": 0.025, "bg_conv_steps": [[91, 3000, 0.20920479678687112], [91, 4500, 0.20929314379974878]], "bg_conv_time": 487.157630443573}, "indirect_gap_lda": 0.20920479702446168, "gw_conv_pbe": {"gw_conv_thr": 0.025, "gw_bnd_start": 200, "gw_bnd_step": 100, "gw_cut_start": 4, "gw_cut_step": 4, "kpt_bnd_idx": {"@module": "numpy", "@class": "array", "dtype": "int64", "data": [1, 1, 70, 71]}, "gw_bands": 200, "gw_cutoff": 4, "w_conv_grid": [[200, 4, 0.660036], [300, 4, 0.596959], [400, 4, 0.568804], [500, 4, 0.556683], [500, 8, 0.39927199999999996], [500, 8, 0.39927199999999996], [500, 12, 0.38324400000000003], [500, 12, 0.38324400000000003], [600, 12, 0.368594], [600, 16, 0.367467], [600, 16, 0.367467]], "pwcutoff": 85, "w_conv_time": [16.850857496261597, 18.482088327407837, 19.950778484344482, 21.731432676315308, 34.383546590805054, 34.384345293045044, 70.55886363983154, 70.56091380119324, 77.20587921142578, 160.00499534606934, 160.00666642189026], "w_ngw": 8, "w_z_factor": [{"@module": "numpy", "@class": "array", "dtype": "float64", "data": [[70.0, 0.75, -0.163429], [71.0, 0.78, -0.143478]]}, {"@module": "numpy", "@class": "array", "dtype": "float64", "data": [[70.0, 0.76, -0.157072], [71.0, 0.78, -0.139325]]}, {"@module": "numpy", "@class": "array", "dtype": "float64", "data": [[70.0, 0.76, -0.156721], [71.0, 0.78, -0.138531]]}, {"@module": "numpy", "@class": "array", "dtype": "float64", "data": [[70.0, 0.76, -0.155975], [71.0, 0.78, -0.137615]]}, {"@module": "numpy", "@class": "array", "dtype": "float64", "data": [[70.0, 0.75, -0.157669], [71.0, 0.78, -0.139299]]}, {"@module": "numpy", "@class": "array", "dtype": "float64", "data": [[70.0, 0.74, -0.15798], [71.0, 0.78, -0.139527]]}, {"@module": "numpy", "@class": "array", "dtype": "float64", "data": [[70.0, 0.74, -0.159436], [71.0, 0.78, -0.139793]]}, {"@module": "numpy", "@class": "array", "dtype": "float64", "data": [[70.0, 0.74, -0.159765], [71.0, 0.77, -0.139884]]}], "gw_kppa": 320, "gw_kpt_grid": {"@module": "numpy", "@class": "array", "dtype": "int64", "data": [2, 2, 4]}, "conv_list": [[{"kppa": 0}, {"kpt_grid": "1x1x1"}, {"num_kpts": 1}, {"X_bnds": 600.0}, {"G_bnds": 600.0}, {"X_cutoff": 16.0}, {"gamma_gap": 0.367467}, {"num_gw_calc": 8}, {"wall_time": 1704}, {"num_cores": 8}, {"z-factor": "None"}], [{"kppa": 0}, {"kpt_grid": "1x1x1"}, {"num_kpts": 1}, {"X_bnds": 200}, {"G_bnds": 200}, {"X_cutoff": 4}, {"gamma_gap": 4}, {"num_gw_calc": 1}, {"wall_time": 17}, {"num_cores": 8}, {"z-factor": "None"}], [{"kppa": 10}, {"kpt_grid": "2x2x2"}, {"num_kpts": 1}, {"X_bnds": 200}, {"G_bnds": 200}, {"X_cutoff": 4}, {"gamma_gap": 0.833278}, {"num_gw_calc": 2}, {"wall_time": 155}, {"num_cores": 8}, {"z-factor": {"@module": "numpy", "@class": "array", "dtype": "float64", "data": [[70.0, 0.75, -0.170965], [71.0, 0.78, -0.149325]]}}], [{"kppa": 320}, {"kpt_grid": "2x2x4"}, {"num_kpts": 1}, {"X_bnds": 200}, {"G_bnds": 200}, {"X_cutoff": 4}, {"gamma_gap": 0.8569789999999999}, {"num_gw_calc": 3}, {"wall_time": 360}, {"num_cores": 8}, {"z-factor": {"@module": "numpy", "@class": "array", "dtype": "float64", "data": [[70.0, 0.75, -0.170213], [71.0, 0.79, -0.147711]]}}]], "conv_time": 2217.411661863327}, "gw_band_range_pbe": [1, 77], "gw_conv_lda": {"gw_conv_thr": 0.025, "gw_bnd_start": 200, "gw_bnd_step": 100, "gw_cut_start": 4, "gw_cut_step": 4, "kpt_bnd_idx": {"@module": "numpy", "@class": "array", "dtype": "int64", "data": [1, 1, 70, 71]}, "gw_bands": 200, "gw_cutoff": 4, "w_conv_grid": [[200, 4, 0.6611560000000001], [300, 4, 0.611561], [400, 4, 0.590861], [400, 8, 0.487106], [400, 8, 0.487106], [400, 12, 0.47422699999999995], [400, 12, 0.47422699999999995], [500, 12, 0.45746299999999995], [500, 16, 0.457595], [500, 16, 0.457595]], "pwcutoff": 91, "w_conv_time": [16.312161207199097, 19.04544234275818, 21.439032793045044, 33.76675581932068, 33.76834774017334, 66.52725076675415, 66.52941370010376, 74.40596508979797, 153.42770671844482, 153.4298017024994], "w_ngw": 7, "w_z_factor": [{"@module": "numpy", "@class": "array", "dtype": "float64", "data": [[70.0, 0.75, -0.160634], [71.0, 0.78, -0.144478]]}, {"@module": "numpy", "@class": "array", "dtype": "float64", "data": [[70.0, 0.76, -0.154411], [71.0, 0.78, -0.140007]]}, {"@module": "numpy", "@class": "array", "dtype": "float64", "data": [[70.0, 0.76, -0.151884], [71.0, 0.78, -0.13856]]}, {"@module": "numpy", "@class": "array", "dtype": "float64", "data": [[70.0, 0.75, -0.153901], [71.0, 0.77, -0.140747]]}, {"@module": "numpy", "@class": "array", "dtype": "float64", "data": [[70.0, 0.75, -0.154879], [71.0, 0.77, -0.141169]]}, {"@module": "numpy", "@class": "array", "dtype": "float64", "data": [[70.0, 0.75, -0.154757], [71.0, 0.77, -0.140804]]}, {"@module": "numpy", "@class": "array", "dtype": "float64", "data": [[70.0, 0.74, -0.155273], [71.0, 0.77, -0.141064]]}], "gw_kppa": 320, "gw_kpt_grid": {"@module": "numpy", "@class": "array", "dtype": "int64", "data": [2, 2, 4]}, "conv_list": [[{"kppa": 0}, {"kpt_grid": "1x1x1"}, {"num_kpts": 1}, {"X_bnds": 500.0}, {"G_bnds": 500.0}, {"X_cutoff": 16.0}, {"gamma_gap": 0.457595}, {"num_gw_calc": 7}, {"wall_time": 1566}, {"num_cores": 8}, {"z-factor": "None"}], [{"kppa": 0}, {"kpt_grid": "1x1x1"}, {"num_kpts": 1}, {"X_bnds": 200}, {"G_bnds": 200}, {"X_cutoff": 4}, {"gamma_gap": 4}, {"num_gw_calc": 1}, {"wall_time": 17}, {"num_cores": 8}, {"z-factor": "None"}], [{"kppa": 10}, {"kpt_grid": "2x2x2"}, {"num_kpts": 1}, {"X_bnds": 200}, {"G_bnds": 200}, {"X_cutoff": 4}, {"gamma_gap": 0.783452}, {"num_gw_calc": 2}, {"wall_time": 151}, {"num_cores": 8}, {"z-factor": {"@module": "numpy", "@class": "array", "dtype": "float64", "data": [[70.0, 0.75, -0.170586], [71.0, 0.78, -0.154425]]}}], [{"kppa": 320}, {"kpt_grid": "2x2x4"}, {"num_kpts": 1}, {"X_bnds": 200}, {"G_bnds": 200}, {"X_cutoff": 4}, {"gamma_gap": 0.798711}, {"num_gw_calc": 3}, {"wall_time": 360}, {"num_cores": 8}, {"z-factor": {"@module": "numpy", "@class": "array", "dtype": "float64", "data": [[70.0, 0.75, -0.169966], [71.0, 0.78, -0.153555]]}}]], "conv_time": 2075.2253110408783}, "gw_band_range_lda": [1, 77], "g0w0_ppa_pbe": {"gw_direct_gap": 0.5066649999999999, "kppa": 320, "kpt_grid": "4x4x4", "num_kpt": 12, "bands_in X": 700, "bands_in_G": 700, "cutoff": 20, "z_factor": [[70.0, 0.75, -0.0015612], [71.0, 0.78, -0.00137979]], "scissor": 0.193287, "ncpu": 32, "calc_time": 7725.080048322678}, "g0w0_ppa_lda": {"gw_direct_gap": 0.542678, "kppa": 320, "kpt_grid": "4x4x4", "num_kpt": 12, "bands_in X": 600,