{"@module": "pymatgen.entries.computed_entries", "@class": "ComputedEntry", "energy": 0.0, "composition": {"Sb": 4.0, "S": 4.0, "I": 4.0}, "entry_id": "85301", "correction": 0.0, "energy_adjustments": [], "parameters": {"id": "85301", "name": "SbSI", "ibrav": {"celldm(1)": 7.7686641357642445, "ibrav": 8, "celldm(2)": 2.083677937241547, "celldm(3)": 2.477742641693019}, "vol": 2420.6155902106607, "lda_pw_cutoff_Ry": 72, "qe_conv_pbe": {"qe_conv_maxiter": 20, "qe_delta_kppa": 1500, "qe_delta_cutoff": 5, "qe_conv_thresh": 0.00044099190468536564, "qe_conv_steps": [[60, 1500, -720.5331868826848], [65, 1500, -720.5337118725457], [70, 1500, -720.5338528337984], [70, 3000, -720.5338683911076]], "qe_conv_time": 524.2370655536652}, "num_elec_pbe": 152.0, "max_mem": 70891.0, "qe_conv_lda": {"qe_conv_maxiter": 20, "qe_delta_kppa": 1500, "qe_delta_cutoff": 5, "qe_conv_thresh": 0.00044099190468536564, "qe_conv_steps": [[72, 1500, -459.3581145498668], [77, 1500, -459.3603076416983], [82, 1500, -459.3607004521757], [82, 3000, -459.3607185840696]], "qe_conv_time": 415.5258889198303}, "num_elec_lda": 112.0, "bg_conv_pbe": {"bg_conv_maxiter": 20, "bg_delta_kppa": 1500, "bg_delta_cutoff": 5, "bg_conv_thresh": 0.025, "bg_conv_steps": [[70, 3000, 1.6040852373304684], [70, 4500, 1.6068544704603949]], "bg_conv_time": 480.53380703926086}, "indirect_gap_pbe": 1.6040867246187118, "bg_conv_lda": {"bg_conv_maxiter": 20, "bg_delta_kppa": 1500, "bg_delta_cutoff": 5, "bg_conv_thresh": 0.025, "bg_conv_steps": [[82, 3000, 1.4928128798680371], [82, 4500, 1.4914883728302883]], "bg_conv_time": 347.8521933555603}, "indirect_gap_lda": 1.4928132759267394, "gw_conv_pbe": {"gw_conv_thr": 0.025, "gw_bnd_start": 200, "gw_bnd_step": 100, "gw_cut_start": 4, "gw_cut_step": 4, "kpt_bnd_idx": {"@module": "numpy", "@class": "array", "dtype": "int64", "data": [1, 1, 76, 77]}, "gw_bands": 200, "gw_cutoff": 4, "w_conv_grid": [[200, 4, 2.453061], [300, 4, 2.432085], [300, 8, 2.504403], [300, 8, 2.504403], [300, 12, 2.523253], [300, 12, 2.523253], [400, 12, 2.535787], [400, 16, 2.543579], [400, 16, 2.543579]], "pwcutoff": 70, "w_conv_time": [15.661784648895264, 17.36469841003418, 32.53177070617676, 32.53369903564453, 71.45730781555176, 71.45911026000977, 80.65516901016235, 166.70239901542664, 166.70431566238403], "w_ngw": 6, "w_z_factor": [{"@module": "numpy", "@class": "array", "dtype": "float64", "data": [[76.0, 0.78, -0.173445], [77.0, 0.79, -0.168499]]}, {"@module": "numpy", "@class": "array", "dtype": "float64", "data": [[76.0, 0.78, -0.165595], [77.0, 0.79, -0.16079]]}, {"@module": "numpy", "@class": "array", "dtype": "float64", "data": [[76.0, 0.77, -0.169609], [77.0, 0.79, -0.164558]]}, {"@module": "numpy", "@class": "array", "dtype": "float64", "data": [[76.0, 0.77, -0.164805], [77.0, 0.79, -0.155529]]}, {"@module": "numpy", "@class": "array", "dtype": "float64", "data": [[76.0, 0.77, -0.162874], [77.0, 0.79, -0.156476]]}, {"@module": "numpy", "@class": "array", "dtype": "float64", "data": [[76.0, 0.77, -0.151118], [77.0, 0.79, -0.156746]]}], "gw_kppa": 10, "gw_kpt_grid": {"@module": "numpy", "@class": "array", "dtype": "int64", "data": [2, 2, 2]}, "conv_list": [[{"kppa": 0}, {"kpt_grid": "1x1x1"}, {"num_kpts": 1}, {"X_bnds": 400.0}, {"G_bnds": 400.0}, {"X_cutoff": 16.0}, {"gamma_gap": 2.543579}, {"num_gw_calc": 6}, {"wall_time": 975}, {"num_cores": 8}, {"z-factor": "None"}], [{"kppa": 0}, {"kpt_grid": "1x1x1"}, {"num_kpts": 1}, {"X_bnds": 200}, {"G_bnds": 200}, {"X_cutoff": 4}, {"gamma_gap": 8}, {"num_gw_calc": 1}, {"wall_time": 16}, {"num_cores": 8}, {"z-factor": "None"}], [{"kppa": 10}, {"kpt_grid": "2x2x2"}, {"num_kpts": 1}, {"X_bnds": 200}, {"G_bnds": 200}, {"X_cutoff": 4}, {"gamma_gap": 2.452693}, {"num_gw_calc": 2}, {"wall_time": 139}, {"num_cores": 8}, {"z-factor": {"@module": "numpy", "@class": "array", "dtype": "float64", "data": [[76.0, 0.79, -0.168591], [77.0, 0.8, -0.16056]]}}]], "conv_time": 1113.2989702224731}, "gw_band_range_pbe": [1, 89], "gw_conv_lda": {"gw_conv_thr": 0.025, "gw_bnd_start": 200, "gw_bnd_step": 100, "gw_cut_start": 4, "gw_cut_step": 4, "kpt_bnd_idx": {"@module": "numpy", "@class": "array", "dtype": "int64", "data": [1, 1, 56, 57]}, "gw_bands": 200, "gw_cutoff": 4, "w_conv_grid": [[200, 4, 2.6581960000000002], [300, 4, 2.625859], [400, 4, 2.618999], [400, 8, 2.6881139999999997], [400, 8, 2.6881139999999997], [400, 12, 2.709051], [400, 12, 2.709051], [500, 12, 2.713604], [500, 16, 2.722123], [500, 16, 2.722123]], "pwcutoff": 82, "w_conv_time": [15.890389919281006, 17.643486261367798, 19.145402908325195, 37.827040672302246, 37.82900953292847, 86.39571690559387, 86.39770102500916, 95.41153931617737, 198.09864616394043, 198.10053753852844], "w_ngw": 7, "w_z_factor": [{"@module": "numpy", "@class": "array", "dtype": "float64", "data": [[56.0, 0.77, -0.183287], [57.0, 0.79, -0.172253]]}, {"@module": "numpy", "@class": "array", "dtype": "float64", "data": [[56.0, 0.77, -0.176241], [57.0, 0.78, -0.164958]]}, {"@module": "numpy", "@class": "array", "dtype": "float64", "data": [[56.0, 0.77, -0.171902], [57.0, 0.78, -0.151732]]}, {"@module": "numpy", "@class": "array", "dtype": "float64", "data": [[56.0, 0.77, -0.174801], [57.0, 0.78, -0.166851]]}, {"@module": "numpy", "@class": "array", "dtype": "float64", "data": [[56.0, 0.77, -0.191392], [57.0, 0.78, -0.335423]]}, {"@module": "numpy", "@class": "array", "dtype": "float64", "data": [[56.0, 0.77, -0.173913], [57.0, 0.78, -0.164101]]}, {"@module": "numpy", "@class": "array", "dtype": "float64", "data": [[56.0, 0.77, -0.174982], [57.0, 0.78, -0.162222]]}], "gw_kppa": 10, "gw_kpt_grid": {"@module": "numpy", "@class": "array", "dtype": "int64", "data": [2, 2, 2]}, "conv_list": [[{"kppa": 0}, {"kpt_grid": "1x1x1"}, {"num_kpts": 1}, {"X_bnds": 500.0}, {"G_bnds": 500.0}, {"X_cutoff": 16.0}, {"gamma_gap": 2.722123}, {"num_gw_calc": 7}, {"wall_time": 952}, {"num_cores": 8}, {"z-factor": "None"}], [{"kppa": 0}, {"kpt_grid": "1x1x1"}, {"num_kpts": 1}, {"X_bnds": 200}, {"G_bnds": 200}, {"X_cutoff": 4}, {"gamma_gap": 4}, {"num_gw_calc": 1}, {"wall_time": 16}, {"num_cores": 8}, {"z-factor": "None"}], [{"kppa": 10}, {"kpt_grid": "2x2x2"}, {"num_kpts": 1}, {"X_bnds": 200}, {"G_bnds": 200}, {"X_cutoff": 4}, {"gamma_gap": 2.637449}, {"num_gw_calc": 2}, {"wall_time": 129}, {"num_cores": 8}, {"z-factor": {"@module": "numpy", "@class": "array", "dtype": "float64", "data": [[56.0, 0.78, -0.172124], [57.0, 0.8, -0.16674]]}}]], "conv_time": 1079.8243954181671}, "gw_band_range_lda": [1, 69], "g0w0_ppa_pbe": {"gw_direct_gap": 2.5543520000000006, "kppa": 70, "kpt_grid": "4x2x2", "num_kpt": 12, "bands_in X": 500, "bands_in_G": 500, "cutoff": 20, "z_factor": [[76.0, 0.78, -0.00149776], [77.0, 0.8, -0.0013457]], "scissor": 0.3813080000000001, "ncpu": 32, "calc_time": 5336.547293186188}, "g0w0_ppa_lda": {"gw_direct_gap": 2.7083709999999996, "kppa": 70, "kpt_grid": "4x2x2", "num_kpt": 12, "bands_in X": 600, "bands_in_G": 600, "cutoff": 20, "z_factor": [[56.0, 0.77, -0.00165604], [57.0, 0.79, -0.00160709]], "scissor": 0.611763, "ncpu": 32, "calc_time": 5463.159949541092}}, "data": {}}