{"@module": "pymatgen.entries.computed_entries", "@class": "ComputedEntry", "energy": 0.0, "composition": {"Si": 2.0, "C": 2.0}, "entry_id": "86253", "correction": 0.0, "energy_adjustments": [], "parameters": {"id": "86253", "name": "SiC", "ibrav": {"celldm(1)": 5.818466765754831, "ibrav": 4, "celldm(3)": 1.6411172458590453}, "vol": 279.9599550660472, "lda_pw_cutoff_Ry": 74, "qe_conv_pbe": {"qe_conv_maxiter": 20, "qe_delta_kppa": 1500, "qe_delta_cutoff": 5, "qe_conv_thresh": 0.00014699730156178854, "qe_conv_steps": [[60, 1500, -19.31383630956836], [65, 1500, -19.31497861126264], [70, 1500, -19.31542276727997], [75, 1500, -19.31558364089542], [80, 1500, -19.31563283765823], [80, 3000, -19.31567036188907]], "qe_conv_time": 24.30730175971985}, "num_elec_pbe": 16.0, "max_mem": 17305.0, "qe_conv_lda": {"qe_conv_maxiter": 20, "qe_delta_kppa": 1500, "qe_delta_cutoff": 5, "qe_conv_thresh": 0.00014699730156178854, "qe_conv_steps": [[74, 1500, -20.63457227853739], [79, 1500, -20.6347916685298], [84, 1500, -20.63486929265264], [84, 3000, -20.63490928077614]], "qe_conv_time": 15.65937328338623}, "num_elec_lda": 16.0, "bg_conv_pbe": {"bg_conv_maxiter": 20, "bg_delta_kppa": 1500, "bg_delta_cutoff": 5, "bg_conv_thresh": 0.025, "bg_conv_steps": [[80, 3000, 2.4708278719711463], [80, 4500, 2.3165866229166285], [80, 6000, 2.3993062705834447], [80, 9000, 2.3780193781985726]], "bg_conv_time": 24.57368493080139}, "indirect_gap_pbe": 2.377976247001123, "bg_conv_lda": {"bg_conv_maxiter": 20, "bg_delta_kppa": 1500, "bg_delta_cutoff": 5, "bg_conv_thresh": 0.025, "bg_conv_steps": [[84, 3000, 2.3387882587140485], [84, 4500, 2.1827134864042614], [84, 6000, 2.2667215738067252], [84, 9000, 2.244905505298967]], "bg_conv_time": 21.208030700683594}, "indirect_gap_lda": 2.2448352056573513, "gw_conv_pbe": {"gw_conv_thr": 0.025, "gw_bnd_start": 200, "gw_bnd_step": 100, "gw_cut_start": 4, "gw_cut_step": 4, "kpt_bnd_idx": {"@module": "numpy", "@class": "array", "dtype": "int64", "data": [1, 1, 8, 9]}, "gw_bands": 200, "gw_cutoff": 4, "w_conv_grid": [[200, 4, 4.7927230000000005], [300, 4, 4.7914069999999995], [300, 8, 5.114383999999999], [300, 8, 5.114383999999999], [300, 12, 5.197077], [300, 12, 5.197077], [300, 16, 5.236677], [300, 16, 5.236677], [300, 20, 5.245763], [300, 20, 5.245763], [400, 20, 5.250736], [400, 24, 5.262141], [400, 24, 5.262141]], "pwcutoff": 80, "w_conv_time": [10.769923210144043, 10.851450204849243, 11.01064395904541, 11.012457847595215, 11.276438236236572, 11.278059244155884, 11.53939414024353, 11.54090929031372, 12.04184627532959, 12.043349266052246, 11.634221076965332, 13.258012056350708, 13.259464979171753], "w_ngw": 8, "w_z_factor": [{"@module": "numpy", "@class": "array", "dtype": "float64", "data": [[8.0, 0.8, -0.101188], [9.0, 0.81, -0.962763]]}, {"@module": "numpy", "@class": "array", "dtype": "float64", "data": [[8.0, 0.8, -0.998861], [9.0, 0.81, -0.963323]]}, {"@module": "numpy", "@class": "array", "dtype": "float64", "data": [[8.0, 0.79, -0.975765], [9.0, 0.81, -0.972697]]}, {"@module": "numpy", "@class": "array", "dtype": "float64", "data": [[8.0, 0.79, -0.986256], [9.0, 0.81, -0.97368]]}, {"@module": "numpy", "@class": "array", "dtype": "float64", "data": [[8.0, 0.79, -0.986999], [9.0, 0.81, -0.974211]]}, {"@module": "numpy", "@class": "array", "dtype": "float64", "data": [[8.0, 0.79, -0.977127], [9.0, 0.81, -0.974714]]}, {"@module": "numpy", "@class": "array", "dtype": "float64", "data": [[8.0, 0.79, -0.977626], [9.0, 0.81, -0.974637]]}, {"@module": "numpy", "@class": "array", "dtype": "float64", "data": [[8.0, 0.79, -0.978057], [9.0, 0.81, -0.97484]]}], "gw_kppa": 300, "gw_kpt_grid": {"@module": "numpy", "@class": "array", "dtype": "int64", "data": [4, 4, 4]}, "conv_list": [[{"kppa": 0}, {"kpt_grid": "1x1x1"}, {"num_kpts": 1}, {"X_bnds": 400.0}, {"G_bnds": 400.0}, {"X_cutoff": 24.0}, {"gamma_gap": 5.262141}, {"num_gw_calc": 8}, {"wall_time": 155}, {"num_cores": 8}, {"z-factor": "None"}], [{"kppa": 0}, {"kpt_grid": "1x1x1"}, {"num_kpts": 1}, {"X_bnds": 200}, {"G_bnds": 200}, {"X_cutoff": 4}, {"gamma_gap": 8}, {"num_gw_calc": 1}, {"wall_time": 11}, {"num_cores": 8}, {"z-factor": "None"}], [{"kppa": 10}, {"kpt_grid": "2x2x2"}, {"num_kpts": 1}, {"X_bnds": 200}, {"G_bnds": 200}, {"X_cutoff": 4}, {"gamma_gap": 5.431450000000001}, {"num_gw_calc": 2}, {"wall_time": 19}, {"num_cores": 8}, {"z-factor": {"@module": "numpy", "@class": "array", "dtype": "float64", "data": [[8.0, 0.8, -0.110925], [9.0, 0.81, -0.108361]]}}], [{"kppa": 70}, {"kpt_grid": "4x4x2"}, {"num_kpts": 1}, {"X_bnds": 200}, {"G_bnds": 200}, {"X_cutoff": 4}, {"gamma_gap": 5.465639}, {"num_gw_calc": 3}, {"wall_time": 30}, {"num_cores": 8}, {"z-factor": {"@module": "numpy", "@class": "array", "dtype": "float64", "data": [[8.0, 0.8, -0.111632], [9.0, 0.82, -0.109072]]}}], [{"kppa": 300}, {"kpt_grid": "4x4x4"}, {"num_kpts": 1}, {"X_bnds": 200}, {"G_bnds": 200}, {"X_cutoff": 4}, {"gamma_gap": NaN}, {"num_gw_calc": 4}, {"wall_time": 29}, {"num_cores": 32}, {"z-factor": {"@module": "numpy", "@class": "array", "dtype": "float64", "data": []}}]], "conv_time": 230.78410005569458}, "gw_band_range_pbe": [1, 13], "gw_conv_lda": {"gw_conv_thr": 0.025, "gw_bnd_start": 200, "gw_bnd_step": 100, "gw_cut_start": 4, "gw_cut_step": 4, "kpt_bnd_idx": {"@module": "numpy", "@class": "array", "dtype": "int64", "data": [1, 1, 8, 9]}, "gw_bands": 200, "gw_cutoff": 4, "w_conv_grid": [[200, 4, 5.104687], [300, 4, 5.103396], [300, 8, 5.421607], [300, 8, 5.421607], [300, 12, 5.502703], [300, 12, 5.502703], [300, 16, 5.541869], [300, 16, 5.541869], [300, 20, 5.551528], [300, 20, 5.551528], [400, 20, 5.555962], [400, 24, 5.567015], [400, 24, 5.567015]], "pwcutoff": 84, "w_conv_time": [11.147518396377563, 10.900609016418457, 11.72861623764038, 11.729740619659424, 11.336192846298218, 11.33742618560791, 11.454591274261475, 11.455379724502563, 12.155893325805664, 12.157001733779907, 12.740828037261963, 13.873291730880737, 13.874788284301758], "w_ngw": 8, "w_z_factor": [{"@module": "numpy", "@class": "array", "dtype": "float64", "data": [[8.0, 0.8, -0.101755], [9.0, 0.81, -0.967812]]}, {"@module": "numpy", "@class": "array", "dtype": "float64", "data": [[8.0, 0.8, -0.100457], [9.0, 0.81, -0.96848]]}, {"@module": "numpy", "@class": "array", "dtype": "float64", "data": [[8.0, 0.79, -0.979996], [9.0, 0.81, -0.978426]]}, {"@module": "numpy", "@class": "array", "dtype": "float64", "data": [[8.0, 0.79, -0.979691], [9.0, 0.8, -0.979081]]}, {"@module": "numpy", "@class": "array", "dtype": "float64", "data": [[8.0, 0.79, -0.979823], [9.0, 0.8, -0.981694]]}, {"@module": "numpy", "@class": "array", "dtype": "float64", "data": [[8.0, 0.79, -0.980047], [9.0, 0.8, -0.981899]]}, {"@module": "numpy", "@class": "array", "dtype": "float64", "data": [[8.0, 0.79, -0.981494], [9.0, 0.8, -0.980646]]}, {"@module": "numpy", "@class": "array", "dtype": "float64", "data": [[8.0, 0.79, -0.982291], [9.0, 0.8, -0.980857]]}], "gw_kppa": 70, "gw_kpt_grid": {"@module": "numpy", "@class": "array", "dtype": "int64", "data": [4, 4, 2]}, "conv_list": [[{"kppa": 0}, {"kpt_grid": "1x1x1"}, {"num_kpts": 1}, {"X_bnds": 400.0}, {"G_bnds": 400.0}, {"X_cutoff": 24.0}, {"gamma_gap": 5.567015}, {"num_gw_calc": 8}, {"wall_time": 157}, {"num_cores": 8}, {"z-factor": "None"}], [{"kppa": 0}, {"kpt_grid": "1x1x1"}, {"num_kpts": 1}, {"X_bnds": 200}, {"G_bnds": 200}, {"X_cutoff": 4}, {"gamma_gap": 8}, {"num_gw_calc": 1}, {"wall_time": 12}, {"num_cores": 8}, {"z-factor": "None"}], [{"kppa": 10}, {"kpt_grid": "2x2x2"}, {"num_kpts": 1}, {"X_bnds": 200}, {"G_bnds": 200}, {"X_cutoff": 4}, {"gamma_gap": 5.502992}, {"num_gw_calc": 2}, {"wall_time": 19}, {"num_cores": 8}, {"z-factor": {"@module": "numpy", "@class": "array", "dtype": "float64",