{"@module": "pymatgen.entries.computed_entries", "@class": "ComputedEntry", "energy": 0.0, "composition": {"Ge": 6.0, "As": 6.0}, "entry_id": "86361", "correction": 0.0, "energy_adjustments": [], "parameters": {"id": "86361", "name": "GeAs", "ibrav": 0, "vol": 1834.235837042584, "lda_pw_cutoff_Ry": 68, "qe_conv_pbe": {"qe_conv_maxiter": 20, "qe_delta_kppa": 1500, "qe_delta_cutoff": 5, "qe_conv_thresh": 0.00044099190468536564, "qe_conv_steps": [[60, 1500, -462.780767525272], [65, 1500, -462.7810863718135], [65, 3000, -462.7811460387943]], "qe_conv_time": 316.0675165653229}, "num_elec_pbe": 114.0, "max_mem": 149519.0, "qe_conv_lda": {"qe_conv_maxiter": 20, "qe_delta_kppa": 1500, "qe_delta_cutoff": 5, "qe_conv_thresh": 0.00044099190468536564, "qe_conv_steps": [[68, 1500, -1171.122375505168], [73, 1500, -1171.166164148833], [78, 1500, -1171.173979745057], [83, 1500, -1171.174752027966], [88, 1500, -1171.174815397126], [88, 3000, -1171.174885620057]], "qe_conv_time": 1076.1275527477264}, "num_elec_lda": 174.0, "bg_conv_pbe": {"bg_conv_maxiter": 20, "bg_delta_kppa": 1500, "bg_delta_cutoff": 5, "bg_conv_thresh": 0.025, "bg_conv_steps": [[65, 3000, 0.34535490634269844], [65, 4500, 0.34425028889555814]], "bg_conv_time": 282.99259185791016}, "indirect_gap_pbe": 0.34535759129613175, "bg_conv_lda": {"bg_conv_maxiter": 20, "bg_delta_kppa": 1500, "bg_delta_cutoff": 5, "bg_conv_thresh": 0.025, "bg_conv_steps": [[88, 3000, 0.22563047980930884], [88, 4500, 0.22458182948869038]], "bg_conv_time": 549.5177309513092}, "indirect_gap_lda": 0.22563124568528592, "gw_conv_pbe": {"gw_conv_thr": 0.025, "gw_bnd_start": 200, "gw_bnd_step": 100, "gw_cut_start": 4, "gw_cut_step": 4, "kpt_bnd_idx": {"@module": "numpy", "@class": "array", "dtype": "int64", "data": [1, 1, 57, 58]}, "gw_bands": 200, "gw_cutoff": 4, "w_conv_grid": [[200, 4, 2.162681], [300, 4, 2.13977], [300, 8, 2.240305], [300, 8, 2.240305], [300, 12, 2.251637], [300, 12, 2.251637], [400, 12, 2.262101], [400, 16, 2.264179], [400, 16, 2.264179]], "pwcutoff": 65, "w_conv_time": [14.208102226257324, 15.555619239807129, 26.459016799926758, 26.46033525466919, 51.18116044998169, 51.18312430381775, 55.793280601501465, 117.42561388015747, 117.42689681053162], "w_ngw": 6, "w_z_factor": [{"@module": "numpy", "@class": "array", "dtype": "float64", "data": [[57.0, 0.79, -0.151612], [58.0, 0.79, -0.155599]]}, {"@module": "numpy", "@class": "array", "dtype": "float64", "data": [[57.0, 0.79, -0.146301], [58.0, 0.79, -0.157394]]}, {"@module": "numpy", "@class": "array", "dtype": "float64", "data": [[57.0, 0.78, -0.139489], [58.0, 0.78, -0.154786]]}, {"@module": "numpy", "@class": "array", "dtype": "float64", "data": [[57.0, 0.78, -0.146706], [58.0, 0.78, -0.156351]]}, {"@module": "numpy", "@class": "array", "dtype": "float64", "data": [[57.0, 0.78, -0.144855], [58.0, 0.78, -0.147763]]}, {"@module": "numpy", "@class": "array", "dtype": "float64", "data": [[57.0, 0.78, -0.145587], [58.0, 0.78, -0.147943]]}], "gw_kppa": 460, "gw_kpt_grid": {"@module": "numpy", "@class": "array", "dtype": "int64", "data": [4, 4, 4]}, "conv_list": [[{"kppa": 0}, {"kpt_grid": "1x1x1"}, {"num_kpts": 1}, {"X_bnds": 400.0}, {"G_bnds": 400.0}, {"X_cutoff": 16.0}, {"gamma_gap": 2.264179}, {"num_gw_calc": 6}, {"wall_time": 689}, {"num_cores": 8}, {"z-factor": "None"}], [{"kppa": 0}, {"kpt_grid": "1x1x1"}, {"num_kpts": 1}, {"X_bnds": 200}, {"G_bnds": 200}, {"X_cutoff": 4}, {"gamma_gap": 8}, {"num_gw_calc": 1}, {"wall_time": 15}, {"num_cores": 8}, {"z-factor": "None"}], [{"kppa": 10}, {"kpt_grid": "2x2x2"}, {"num_kpts": 1}, {"X_bnds": 200}, {"G_bnds": 200}, {"X_cutoff": 4}, {"gamma_gap": 2.055756}, {"num_gw_calc": 2}, {"wall_time": 135}, {"num_cores": 8}, {"z-factor": {"@module": "numpy", "@class": "array", "dtype": "float64", "data": [[57.0, 0.79, -0.156954], [58.0, 0.79, -0.154322]]}}], [{"kppa": 280}, {"kpt_grid": "4x4x2"}, {"num_kpts": 1}, {"X_bnds": 200}, {"G_bnds": 200}, {"X_cutoff": 4}, {"gamma_gap": 2.158566}, {"num_gw_calc": 3}, {"wall_time": 845}, {"num_cores": 8}, {"z-factor": {"@module": "numpy", "@class": "array", "dtype": "float64", "data": [[57.0, 0.79, -0.153963], [58.0, 0.8, -0.147507]]}}], [{"kppa": 460}, {"kpt_grid": "4x4x4"}, {"num_kpts": 1}, {"X_bnds": 200}, {"G_bnds": 200}, {"X_cutoff": 4}, {"gamma_gap": 2.17149}, {"num_gw_calc": 4}, {"wall_time": 853}, {"num_cores": 32}, {"z-factor": {"@module": "numpy", "@class": "array", "dtype": "float64", "data": [[57.0, 0.79, -0.102102], [58.0, 0.8, -0.148128]]}}]], "conv_time": 2519.949539422989}, "gw_band_range_pbe": [1, 69], "gw_conv_lda": {"gw_conv_thr": 0.025, "gw_bnd_start": 200, "gw_bnd_step": 100, "gw_cut_start": 4, "gw_cut_step": 4, "kpt_bnd_idx": {"@module": "numpy", "@class": "array", "dtype": "int64", "data": [1, 1, 87, 88]}, "gw_bands": 200, "gw_cutoff": 4, "w_conv_grid": [[200, 4, 2.4438180000000003], [300, 4, 2.40412], [400, 4, 2.395288], [400, 8, 2.488538], [400, 8, 2.488538], [400, 12, 2.499722], [400, 12, 2.499722], [500, 12, 2.504505], [500, 16, 2.5085360000000003], [500, 16, 2.5085360000000003]], "pwcutoff": 88, "w_conv_time": [17.09779667854309, 19.82600235939026, 23.54941725730896, 37.89050889015198, 37.892526388168335, 74.70717787742615, 74.70896530151367, 81.50612473487854, 171.74073481559753, 171.74158811569214], "w_ngw": 7, "w_z_factor": [{"@module": "numpy", "@class": "array", "dtype": "float64", "data": [[87.0, 0.79, -0.156694], [88.0, 0.78, -0.162791]]}, {"@module": "numpy", "@class": "array", "dtype": "float64", "data": [[87.0, 0.79, -0.152658], [88.0, 0.78, -0.16077]]}, {"@module": "numpy", "@class": "array", "dtype": "float64", "data": [[87.0, 0.79, -0.147827], [88.0, 0.79, -0.154479]]}, {"@module": "numpy", "@class": "array", "dtype": "float64", "data": [[87.0, 0.78, -0.14749], [88.0, 0.78, -0.154527]]}, {"@module": "numpy", "@class": "array", "dtype": "float64", "data": [[87.0, 0.78, -0.14667], [88.0, 0.78, -0.157108]]}, {"@module": "numpy", "@class": "array", "dtype": "float64", "data": [[87.0, 0.78, -0.146158], [88.0, 0.78, -0.151321]]}, {"@module": "numpy", "@class": "array", "dtype": "float64", "data": [[87.0, 0.78, -0.14588], [88.0, 0.78, -0.152498]]}], "gw_kppa": 460, "gw_kpt_grid": {"@module": "numpy", "@class": "array", "dtype": "int64", "data": [4, 4, 4]}, "conv_list": [[{"kppa": 0}, {"kpt_grid": "1x1x1"}, {"num_kpts": 1}, {"X_bnds": 500.0}, {"G_bnds": 500.0}, {"X_cutoff": 16.0}, {"gamma_gap": 2.5085360000000003}, {"num_gw_calc": 7}, {"wall_time": 1750}, {"num_cores": 8}, {"z-factor": "None"}], [{"kppa": 0}, {"kpt_grid": "1x1x1"}, {"num_kpts": 1}, {"X_bnds": 200}, {"G_bnds": 200}, {"X_cutoff": 4}, {"gamma_gap": 4}, {"num_gw_calc": 1}, {"wall_time": 18}, {"num_cores": 8}, {"z-factor": "None"}], [{"kppa": 10}, {"kpt_grid": "2x2x2"}, {"num_kpts": 1}, {"X_bnds": 200}, {"G_bnds": 200}, {"X_cutoff": 4}, {"gamma_gap": 2.2671}, {"num_gw_calc": 2}, {"wall_time": 211}, {"num_cores": 8}, {"z-factor": {"@module": "numpy", "@class": "array", "dtype": "float64", "data": [[87.0, 0.79, -0.158744], [88.0, 0.79, -0.159468]]}}], [{"kppa": 280}, {"kpt_grid": "4x4x2"}, {"num_kpts": 1}, {"X_bnds": 200}, {"G_bnds": 200}, {"X_cutoff": 4}, {"gamma_gap": 2.357281}, {"num_gw_calc": 3}, {"wall_time": 2114}, {"num_cores": 8}, {"z-factor": {"@module": "numpy", "@class": "array", "dtype": "float64", "data": [[87.0, 0.79, -0.1598], [88.0, 0.8, -0.151373]]}}], [{"kppa": 460}, {"kpt_grid": "4x4x4"}, {"num_kpts": 1}, {"X_bnds": 200}, {"G_bnds": 200}, {"X_cutoff": 4}, {"gamma_gap": 2.373697}, {"num_gw_calc": 4}, {"wall_time": 2692}, {"num_cores": 32}, {"z-factor": {"@module": "numpy", "@class": "array", "dtype": "float64", "data": [[87.0, 0.79, -0.165962], [88.0, 0.8, -0.151724]]}}]], "conv_time": 6765.108800411224}, "gw_band_range_lda": [1, 99], "g0w0_ppa_pbe": {"gw_direct_gap": 2.280021, "kppa": 1270, "kpt_grid": "6x6x4", "num_kpt": 47, "bands_in X": 500, "bands_in_G": 500, "cutoff": 20, "z_factor": [[57.0, 0.78, -0.00147053], [58.0, 0.79, -0.0014047]], "scissor": 0.362307, "ncpu": 16,