{"@module": "pymatgen.entries.computed_entries", "@class": "ComputedEntry", "energy": 0.0, "composition": {"Mg": 1.0, "Cl": 2.0}, "entry_id": "86439", "correction": 0.0, "energy_adjustments": [], "parameters": {"id": "86439", "name": "MgCl2", "ibrav": {"celldm(1)": 11.814203382388506, "ibrav": 5, "celldm(4)": 0.8308475593385273}, "vol": 455.0621889782383, "lda_pw_cutoff_Ry": 76, "qe_conv_pbe": {"qe_conv_maxiter": 20, "qe_delta_kppa": 1500, "qe_delta_cutoff": 5, "qe_conv_thresh": 0.00011024797617134141, "qe_conv_steps": [[60, 1500, -84.71996489824926], [65, 1500, -84.72016602312459], [70, 1500, -84.72038363339664], [75, 1500, -84.72057262648063], [80, 1500, -84.72071471752452], [85, 1500, -84.72080985463661], [85, 3000, -84.7208099460515]], "qe_conv_time": 89.38292026519775}, "num_elec_pbe": 24.0, "max_mem": 122944.0, "qe_conv_lda": {"qe_conv_maxiter": 20, "qe_delta_kppa": 1500, "qe_delta_cutoff": 5, "qe_conv_thresh": 0.00011024797617134141, "qe_conv_steps": [[76, 1500, -92.28267423140385], [81, 1500, -92.28287069521896], [86, 1500, -92.28289397300523], [86, 3000, -92.28289414177863]], "qe_conv_time": 56.567423582077026}, "num_elec_lda": 24.0, "bg_conv_pbe": {"bg_conv_maxiter": 20, "bg_delta_kppa": 1500, "bg_delta_cutoff": 5, "bg_conv_thresh": 0.025, "bg_conv_steps": [[85, 3000, 5.629006601738674], [85, 4500, 5.628997730508064]], "bg_conv_time": 45.46198534965515}, "indirect_gap_pbe": 5.628997712428163, "bg_conv_lda": {"bg_conv_maxiter": 20, "bg_delta_kppa": 1500, "bg_delta_cutoff": 5, "bg_conv_thresh": 0.025, "bg_conv_steps": [[86, 3000, 5.224504245149811], [86, 4500, 5.224500526206466]], "bg_conv_time": 41.19504976272583}, "indirect_gap_lda": 5.224500455813603, "gw_conv_pbe": {"gw_conv_thr": 0.025, "gw_bnd_start": 200, "gw_bnd_step": 100, "gw_cut_start": 4, "gw_cut_step": 4, "kpt_bnd_idx": {"@module": "numpy", "@class": "array", "dtype": "int64", "data": [1, 1, 12, 13]}, "gw_bands": 200, "gw_cutoff": 4, "w_conv_grid": [[200, 4, 6.516249], [300, 4, 6.5085180000000005], [300, 8, 6.805073], [300, 8, 6.805073], [300, 12, 6.894094000000001], [300, 12, 6.894094000000001], [300, 16, 6.917641], [300, 16, 6.917641], [400, 16, 6.922719000000001], [400, 20, 6.932230000000001], [400, 20, 6.932230000000001]], "pwcutoff": 85, "w_conv_time": [11.068332433700562, 11.225097179412842, 11.426791906356812, 11.428132772445679, 12.005574703216553, 12.00720500946045, 12.856978416442871, 12.858633518218994, 13.644892692565918, 15.71663522720337, 15.71877908706665], "w_ngw": 7, "w_z_factor": [{"@module": "numpy", "@class": "array", "dtype": "float64", "data": [[12.0, 0.81, -0.119077], [13.0, 0.83, -0.119494]]}, {"@module": "numpy", "@class": "array", "dtype": "float64", "data": [[12.0, 0.81, -0.11556], [13.0, 0.83, -0.118661]]}, {"@module": "numpy", "@class": "array", "dtype": "float64", "data": [[12.0, 0.8, -0.115359], [13.0, 0.83, -0.116636]]}, {"@module": "numpy", "@class": "array", "dtype": "float64", "data": [[12.0, 0.8, -0.118125], [13.0, 0.83, -0.119911]]}, {"@module": "numpy", "@class": "array", "dtype": "float64", "data": [[12.0, 0.8, -0.118608], [13.0, 0.83, -0.117905]]}, {"@module": "numpy", "@class": "array", "dtype": "float64", "data": [[12.0, 0.8, -0.108883], [13.0, 0.83, -0.960125]]}, {"@module": "numpy", "@class": "array", "dtype": "float64", "data": [[12.0, 0.79, -0.113984], [13.0, 0.82, -0.10851]]}], "gw_kppa": 380, "gw_kpt_grid": {"@module": "numpy", "@class": "array", "dtype": "int64", "data": [6, 6, 6]}, "conv_list": [[{"kppa": 0}, {"kpt_grid": "1x1x1"}, {"num_kpts": 1}, {"X_bnds": 400.0}, {"G_bnds": 400.0}, {"X_cutoff": 20.0}, {"gamma_gap": 6.932230000000001}, {"num_gw_calc": 7}, {"wall_time": 208}, {"num_cores": 8}, {"z-factor": "None"}], [{"kppa": 0}, {"kpt_grid": "1x1x1"}, {"num_kpts": 1}, {"X_bnds": 200}, {"G_bnds": 200}, {"X_cutoff": 4}, {"gamma_gap": 8}, {"num_gw_calc": 1}, {"wall_time": 12}, {"num_cores": 8}, {"z-factor": "None"}], [{"kppa": 10}, {"kpt_grid": "2x2x2"}, {"num_kpts": 1}, {"X_bnds": 200}, {"G_bnds": 200}, {"X_cutoff": 4}, {"gamma_gap": 7.826476}, {"num_gw_calc": 2}, {"wall_time": 37}, {"num_cores": 8}, {"z-factor": {"@module": "numpy", "@class": "array", "dtype": "float64", "data": [[12.0, 0.83, -0.105361], [13.0, 0.86, -0.951268]]}}], [{"kppa": 90}, {"kpt_grid": "4x4x4"}, {"num_kpts": 1}, {"X_bnds": 200}, {"G_bnds": 200}, {"X_cutoff": 4}, {"gamma_gap": 7.919417999999999}, {"num_gw_calc": 3}, {"wall_time": 438}, {"num_cores": 8}, {"z-factor": {"@module": "numpy", "@class": "array", "dtype": "float64", "data": [[12.0, 0.83, -0.107921], [13.0, 0.86, -0.88887]]}}], [{"kppa": 380}, {"kpt_grid": "6x6x6"}, {"num_kpts": 1}, {"X_bnds": 200}, {"G_bnds": 200}, {"X_cutoff": 4}, {"gamma_gap": 7.912901}, {"num_gw_calc": 4}, {"wall_time": 980}, {"num_cores": 32}, {"z-factor": {"@module": "numpy", "@class": "array", "dtype": "float64", "data": [[12.0, 0.83, -0.107364], [13.0, 0.86, -0.893902]]}}]], "conv_time": 1661.7451584339142}, "gw_band_range_pbe": [1, 16], "gw_conv_lda": {"gw_conv_thr": 0.025, "gw_bnd_start": 200, "gw_bnd_step": 100, "gw_cut_start": 4, "gw_cut_step": 4, "kpt_bnd_idx": {"@module": "numpy", "@class": "array", "dtype": "int64", "data": [1, 1, 12, 13]}, "gw_bands": 200, "gw_cutoff": 4, "w_conv_grid": [[200, 4, 6.586792], [300, 4, 6.581233], [300, 8, 6.878071], [300, 8, 6.878071], [300, 12, 6.9638930000000006], [300, 12, 6.9638930000000006], [300, 16, 6.987578], [300, 16, 6.987578], [400, 16, 6.994927000000001], [400, 20, 7.005578], [400, 20, 7.005578]], "pwcutoff": 86, "w_conv_time": [10.94234013557434, 11.453819990158081, 11.181545495986938, 11.182300567626953, 11.64210319519043, 11.643431901931763, 12.74661111831665, 12.747452735900879, 14.36789870262146, 15.372739791870117, 15.37419581413269], "w_ngw": 7, "w_z_factor": [{"@module": "numpy", "@class": "array", "dtype": "float64", "data": [[12.0, 0.8, -0.178223]]}, {"@module": "numpy", "@class": "array", "dtype": "float64", "data": [[12.0, 0.8, -0.124608], [13.0, 0.82, -0.126579]]}, {"@module": "numpy", "@class": "array", "dtype": "float64", "data": [[12.0, 0.79, -0.126787], [13.0, 0.82, -0.123693]]}, {"@module": "numpy", "@class": "array", "dtype": "float64", "data": [[12.0, 0.79, -0.115331], [13.0, 0.82, -0.123795]]}, {"@module": "numpy", "@class": "array", "dtype": "float64", "data": [[12.0, 0.79, -0.125246], [13.0, 0.82, -0.126621]]}, {"@module": "numpy", "@class": "array", "dtype": "float64", "data": [[12.0, 0.79, -0.123815], [13.0, 0.82, -0.124193]]}, {"@module": "numpy", "@class": "array", "dtype": "float64", "data": [[12.0, 0.79, -0.129569], [13.0, 0.82, -0.123586]]}], "gw_kppa": 380, "gw_kpt_grid": {"@module": "numpy", "@class": "array", "dtype": "int64", "data": [6, 6, 6]}, "conv_list": [[{"kppa": 0}, {"kpt_grid": "1x1x1"}, {"num_kpts": 1}, {"X_bnds": 400.0}, {"G_bnds": 400.0}, {"X_cutoff": 20.0}, {"gamma_gap": 7.005578}, {"num_gw_calc": 7}, {"wall_time": 171}, {"num_cores": 8}, {"z-factor": "None"}], [{"kppa": 0}, {"kpt_grid": "1x1x1"}, {"num_kpts": 1}, {"X_bnds": 200}, {"G_bnds": 200}, {"X_cutoff": 4}, {"gamma_gap": 8}, {"num_gw_calc": 1}, {"wall_time": 11}, {"num_cores": 8}, {"z-factor": "None"}], [{"kppa": 10}, {"kpt_grid": "2x2x2"}, {"num_kpts": 1}, {"X_bnds": 200}, {"G_bnds": 200}, {"X_cutoff": 4}, {"gamma_gap": 7.9419900000000005}, {"num_gw_calc": 2}, {"wall_time": 35}, {"num_cores": 8}, {"z-factor": {"@module": "numpy", "@class": "array", "dtype": "float64", "data": [[12.0, 0.82, -0.115135], [13.0, 0.85, -0.103981]]}}], [{"kppa": 90}, {"kpt_grid": "4x4x4"}, {"num_kpts": 1}, {"X_bnds": 200}, {"G_bnds": 200}, {"X_cutoff": 4}, {"gamma_gap": 8.037593}, {"num_gw_calc": 3}, {"wall_time": 402}, {"num_cores": 8}, {"z-factor": {"@module": "numpy", "@class": "array", "dtype": "float64", "data": [[12.0, 0.82, -0.11515], [13.0, 0.86, -0.967465]]}}], [{"kppa": 380}, {"kpt_grid": "6x6x6"}, {"num_kpts": 1}, {"X_bnds": 200}, {"G_bnds": 200}, {"X_cutoff": 4}, {"gamma_gap": 8.030493}, {"num_gw_calc": 4}, {"wall_time": 619}, {"num_cores": 32}, {"z-factor": {"@module": "numpy",