{"@module": "pymatgen.entries.computed_entries", "@class": "ComputedEntry", "energy": 0.0, "composition": {"Sb": 4.0, "S": 4.0, "Br": 4.0}, "entry_id": "88584", "correction": 0.0, "energy_adjustments": [], "parameters": {"id": "88584", "name": "SbSBr", "ibrav": {"celldm(1)": 7.434182610094027, "ibrav": 8, "celldm(2)": 2.0788002033553634, "celldm(3)": 2.4656837824097617}, "vol": 2105.9584744617123, "lda_pw_cutoff_Ry": 72, "qe_conv_pbe": {"qe_conv_maxiter": 20, "qe_delta_kppa": 1500, "qe_delta_cutoff": 5, "qe_conv_thresh": 0.00044099190468536564, "qe_conv_steps": [[60, 1500, -377.1666517353499], [65, 1500, -377.1669466931513], [65, 3000, -377.1669531979]], "qe_conv_time": 308.9296853542328}, "num_elec_pbe": 112.0, "max_mem": 80492.0, "qe_conv_lda": {"qe_conv_maxiter": 20, "qe_delta_kppa": 1500, "qe_delta_cutoff": 5, "qe_conv_thresh": 0.00044099190468536564, "qe_conv_steps": [[72, 1500, -470.479544297964], [77, 1500, -470.4817278265011], [82, 1500, -470.4820960474039], [82, 3000, -470.4821038028986]], "qe_conv_time": 384.51626896858215}, "num_elec_lda": 112.0, "bg_conv_pbe": {"bg_conv_maxiter": 20, "bg_delta_kppa": 1500, "bg_delta_cutoff": 5, "bg_conv_thresh": 0.025, "bg_conv_steps": [[65, 3000, 1.6887559388763107], [65, 4500, 1.6641226393026407]], "bg_conv_time": 344.4954082965851}, "indirect_gap_pbe": 1.6887531994153053, "bg_conv_lda": {"bg_conv_maxiter": 20, "bg_delta_kppa": 1500, "bg_delta_cutoff": 5, "bg_conv_thresh": 0.025, "bg_conv_steps": [[82, 3000, 1.5701668925401955], [82, 4500, 1.5459457070531581]], "bg_conv_time": 320.4733986854553}, "indirect_gap_lda": 1.5701660731588087, "gw_conv_pbe": {"gw_conv_thr": 0.025, "gw_bnd_start": 200, "gw_bnd_step": 100, "gw_cut_start": 4, "gw_cut_step": 4, "kpt_bnd_idx": {"@module": "numpy", "@class": "array", "dtype": "int64", "data": [1, 1, 56, 57]}, "gw_bands": 200, "gw_cutoff": 4, "w_conv_grid": [[200, 4, 2.384289], [300, 4, 2.366866], [300, 8, 2.461393], [300, 8, 2.461393], [300, 12, 2.4866280000000005], [300, 12, 2.4866280000000005], [300, 16, 2.495639], [300, 16, 2.495639], [400, 16, 2.50836], [400, 20, 2.511888], [400, 20, 2.511888]], "pwcutoff": 65, "w_conv_time": [15.487371921539307, 16.123099327087402, 28.053081512451172, 28.05552864074707, 58.64642119407654, 58.64874982833862, 127.44760227203369, 127.44990396499634, 151.81015944480896, 278.4605920314789, 278.4624922275543], "w_ngw": 7, "w_z_factor": [{"@module": "numpy", "@class": "array", "dtype": "float64", "data": [[56.0, 0.78, -0.161858], [57.0, 0.8, -0.151981]]}, {"@module": "numpy", "@class": "array", "dtype": "float64", "data": [[56.0, 0.78, -0.153023], [57.0, 0.8, -0.14593]]}, {"@module": "numpy", "@class": "array", "dtype": "float64", "data": [[56.0, 0.77, -0.156477], [57.0, 0.79, -0.147001]]}, {"@module": "numpy", "@class": "array", "dtype": "float64", "data": [[56.0, 0.77, -0.155461], [57.0, 0.79, -0.148621]]}, {"@module": "numpy", "@class": "array", "dtype": "float64", "data": [[56.0, 0.77, -0.155073], [57.0, 0.79, -0.147386]]}, {"@module": "numpy", "@class": "array", "dtype": "float64", "data": [[56.0, 0.77, -0.148791], [57.0, 0.79, -0.144076]]}, {"@module": "numpy", "@class": "array", "dtype": "float64", "data": [[56.0, 0.77, -0.148895], [57.0, 0.79, -0.144293]]}], "gw_kppa": 70, "gw_kpt_grid": {"@module": "numpy", "@class": "array", "dtype": "int64", "data": [4, 2, 2]}, "conv_list": [[{"kppa": 0}, {"kpt_grid": "1x1x1"}, {"num_kpts": 1}, {"X_bnds": 400.0}, {"G_bnds": 400.0}, {"X_cutoff": 20.0}, {"gamma_gap": 2.511888}, {"num_gw_calc": 7}, {"wall_time": 1274}, {"num_cores": 8}, {"z-factor": "None"}], [{"kppa": 0}, {"kpt_grid": "1x1x1"}, {"num_kpts": 1}, {"X_bnds": 200}, {"G_bnds": 200}, {"X_cutoff": 4}, {"gamma_gap": 8}, {"num_gw_calc": 1}, {"wall_time": 16}, {"num_cores": 8}, {"z-factor": "None"}], [{"kppa": 10}, {"kpt_grid": "2x2x2"}, {"num_kpts": 1}, {"X_bnds": 200}, {"G_bnds": 200}, {"X_cutoff": 4}, {"gamma_gap": 2.475815}, {"num_gw_calc": 2}, {"wall_time": 130}, {"num_cores": 8}, {"z-factor": {"@module": "numpy", "@class": "array", "dtype": "float64", "data": [[56.0, 0.79, -0.15008], [57.0, 0.81, -0.134676]]}}], [{"kppa": 70}, {"kpt_grid": "4x2x2"}, {"num_kpts": 1}, {"X_bnds": 200}, {"G_bnds": 200}, {"X_cutoff": 4}, {"gamma_gap": 2.454575}, {"num_gw_calc": 3}, {"wall_time": 261}, {"num_cores": 8}, {"z-factor": {"@module": "numpy", "@class": "array", "dtype": "float64", "data": [[56.0, 0.79, -0.147527], [57.0, 0.81, -0.136407]]}}]], "conv_time": 1663.32461476326}, "gw_band_range_pbe": [1, 69], "gw_conv_lda": {"gw_conv_thr": 0.025, "gw_bnd_start": 200, "gw_bnd_step": 100, "gw_cut_start": 4, "gw_cut_step": 4, "kpt_bnd_idx": {"@module": "numpy", "@class": "array", "dtype": "int64", "data": [1, 1, 56, 57]}, "gw_bands": 200, "gw_cutoff": 4, "w_conv_grid": [[200, 4, 2.5084609999999996], [300, 4, 2.4794799999999997], [400, 4, 2.471557], [400, 8, 2.565568], [400, 8, 2.565568], [400, 12, 2.591086], [400, 12, 2.591086], [400, 16, 2.600194], [400, 16, 2.600194], [500, 16, 2.60802], [500, 20, 2.611829], [500, 20, 2.611829]], "pwcutoff": 82, "w_conv_time": [17.542957305908203, 19.541433811187744, 22.438188076019287, 38.94804763793945, 38.949777603149414, 80.82605290412903, 80.82840132713318, 176.77821493148804, 176.7807035446167, 201.21677088737488, 367.6864364147186, 367.68742990493774], "w_ngw": 8, "w_z_factor": [{"@module": "numpy", "@class": "array", "dtype": "float64", "data": [[56.0, 0.77, -0.16508], [57.0, 0.79, -0.159003]]}, {"@module": "numpy", "@class": "array", "dtype": "float64", "data": [[56.0, 0.77, -0.158558], [57.0, 0.79, -0.159978]]}, {"@module": "numpy", "@class": "array", "dtype": "float64", "data": [[56.0, 0.78, -0.15991], [57.0, 0.79, -0.150717]]}, {"@module": "numpy", "@class": "array", "dtype": "float64", "data": [[56.0, 0.77, -0.165843], [57.0, 0.79, -0.150468]]}, {"@module": "numpy", "@class": "array", "dtype": "float64", "data": [[56.0, 0.77, -0.164152], [57.0, 0.79, -0.150272]]}, {"@module": "numpy", "@class": "array", "dtype": "float64", "data": [[56.0, 0.77, -0.162023], [57.0, 0.79, -0.151519]]}, {"@module": "numpy", "@class": "array", "dtype": "float64", "data": [[56.0, 0.77, -0.159762], [57.0, 0.79, -0.157402]]}, {"@module": "numpy", "@class": "array", "dtype": "float64", "data": [[56.0, 0.77, -0.160672], [57.0, 0.79, -0.164946]]}], "gw_kppa": 70, "gw_kpt_grid": {"@module": "numpy", "@class": "array", "dtype": "int64", "data": [4, 2, 2]}, "conv_list": [[{"kppa": 0}, {"kpt_grid": "1x1x1"}, {"num_kpts": 1}, {"X_bnds": 500.0}, {"G_bnds": 500.0}, {"X_cutoff": 20.0}, {"gamma_gap": 2.611829}, {"num_gw_calc": 8}, {"wall_time": 1560}, {"num_cores": 8}, {"z-factor": "None"}], [{"kppa": 0}, {"kpt_grid": "1x1x1"}, {"num_kpts": 1}, {"X_bnds": 200}, {"G_bnds": 200}, {"X_cutoff": 4}, {"gamma_gap": 4}, {"num_gw_calc": 1}, {"wall_time": 18}, {"num_cores": 8}, {"z-factor": "None"}], [{"kppa": 10}, {"kpt_grid": "2x2x2"}, {"num_kpts": 1}, {"X_bnds": 200}, {"G_bnds": 200}, {"X_cutoff": 4}, {"gamma_gap": 2.5785080000000002}, {"num_gw_calc": 2}, {"wall_time": 153}, {"num_cores": 8}, {"z-factor": {"@module": "numpy", "@class": "array", "dtype": "float64", "data": [[56.0, 0.78, -0.157797], [57.0, 0.8, -0.142486]]}}], [{"kppa": 70}, {"kpt_grid": "4x2x2"}, {"num_kpts": 1}, {"X_bnds": 200}, {"G_bnds": 200}, {"X_cutoff": 4}, {"gamma_gap": 2.561371}, {"num_gw_calc": 3}, {"wall_time": 326}, {"num_cores": 8}, {"z-factor": {"@module": "numpy", "@class": "array", "dtype": "float64", "data": [[56.0, 0.78, -0.152265], [57.0, 0.8, -0.14324]]}}]], "conv_time": 2038.0175559520721}, "gw_band_range_lda": [1, 69], "g0w0_ppa_pbe": {"gw_direct_gap": 2.599164, "kppa": 300, "kpt_grid": "6x2x2", "num_kpt": 16, "bands_in X": 500, "bands_in_G": 500, "cutoff": 24, "z_factor": [[56.0, 0.78, -0.00143825], [57.0, 0.8, -0.00129124]], "scissor": 0.594311, "ncpu": 32, "calc_time": 15821.314935445786}, "g0w0_ppa_lda": {"gw_direct_gap": 2.673395, "kppa": 300, "kpt_grid": "6x2x2", "num_kpt": 16, "bands_in X": 600, "bands_in_G": 600, "cutoff": 24,