{"@module": "pymatgen.entries.computed_entries", "@class": "ComputedEntry", "energy": 0.0, "composition": {"Cs": 2.0, "Sn": 1.0, "Cl": 6.0}, "entry_id": "9023", "correction": 0.0, "energy_adjustments": [], "parameters": {"id": "9023", "name": "Cs2SnCl6", "ibrav": {"celldm(1)": 19.56849206000144, "ibrav": 2}, "vol": 1873.3205179368947, "lda_pw_cutoff_Ry": 64, "qe_conv_pbe": {"qe_conv_maxiter": 20, "qe_delta_kppa": 1500, "qe_delta_cutoff": 5, "qe_conv_thresh": 0.00033074392851402423, "qe_conv_steps": [[60, 1500, -191.7828959245453], [65, 1500, -191.7829622448985], [65, 4500, -191.7829621689382]], "qe_conv_time": 58.52122616767883}, "num_elec_pbe": 74.0, "max_mem": 99177.0, "qe_conv_lda": {"qe_conv_maxiter": 20, "qe_delta_kppa": 1500, "qe_delta_cutoff": 5, "qe_conv_thresh": 0.00033074392851402423, "qe_conv_steps": [[64, 1500, -224.344429664875], [69, 1500, -224.3448683326976], [74, 1500, -224.3449044527141], [74, 4500, -224.3449044508611]], "qe_conv_time": 94.24257683753967}, "num_elec_lda": 74.0, "bg_conv_pbe": {"bg_conv_maxiter": 20, "bg_delta_kppa": 1500, "bg_delta_cutoff": 5, "bg_conv_thresh": 0.025, "bg_conv_steps": [[65, 4500, 2.924030781892938], [65, 7500, 2.924041573186454]], "bg_conv_time": 58.079493045806885}, "indirect_gap_pbe": 2.9240410033439996, "bg_conv_lda": {"bg_conv_maxiter": 20, "bg_delta_kppa": 1500, "bg_delta_cutoff": 5, "bg_conv_thresh": 0.025, "bg_conv_steps": [[74, 4500, 2.6539857181573714], [74, 7500, 2.6539917662703054]], "bg_conv_time": 73.35605669021606}, "indirect_gap_lda": 2.6539921616113578, "gw_conv_pbe": {"gw_conv_thr": 0.025, "gw_bnd_start": 200, "gw_bnd_step": 100, "gw_cut_start": 4, "gw_cut_step": 4, "kpt_bnd_idx": {"@module": "numpy", "@class": "array", "dtype": "int64", "data": [1, 1, 37, 38]}, "gw_bands": 200, "gw_cutoff": 4, "w_conv_grid": [[200, 4, 4.9772099999999995], [300, 4, 4.923302], [400, 4, 4.902813], [400, 8, 5.030214], [400, 8, 5.030214], [400, 12, 5.073112], [400, 12, 5.073112], [400, 16, 5.081633], [400, 16, 5.081633], [500, 16, 5.0774], [500, 20, 5.079889], [500, 20, 5.079889]], "pwcutoff": 65, "w_conv_time": [23.076069593429565, 24.17289113998413, 25.411800622940063, 34.79806351661682, 34.79924511909485, 64.0688807964325, 64.07047295570374, 115.0318820476532, 115.03349351882935, 136.61444973945618, 234.80099821090698, 234.802020072937], "w_ngw": 8, "w_z_factor": [{"@module": "numpy", "@class": "array", "dtype": "float64", "data": [[37.0, 0.81, -0.13409], [38.0, 0.83, -0.113247]]}, {"@module": "numpy", "@class": "array", "dtype": "float64", "data": [[37.0, 0.81, -0.134204], [38.0, 0.83, -0.10526]]}, {"@module": "numpy", "@class": "array", "dtype": "float64", "data": [[37.0, 0.81, -0.125776], [38.0, 0.83, -0.104749]]}, {"@module": "numpy", "@class": "array", "dtype": "float64", "data": [[37.0, 0.8, -0.127669], [38.0, 0.83, -0.105829]]}, {"@module": "numpy", "@class": "array", "dtype": "float64", "data": [[37.0, 0.8, -0.127711], [38.0, 0.83, -0.106864]]}, {"@module": "numpy", "@class": "array", "dtype": "float64", "data": [[37.0, 0.8, -0.12758], [38.0, 0.83, -0.106423]]}, {"@module": "numpy", "@class": "array", "dtype": "float64", "data": [[37.0, 0.8, -0.126486], [38.0, 0.83, -0.106555]]}, {"@module": "numpy", "@class": "array", "dtype": "float64", "data": [[37.0, 0.8, -0.126216], [38.0, 0.83, -0.107052]]}], "gw_kppa": 250, "gw_kpt_grid": {"@module": "numpy", "@class": "array", "dtype": "int64", "data": [4, 4, 4]}, "conv_list": [[{"kppa": 0}, {"kpt_grid": "1x1x1"}, {"num_kpts": 1}, {"X_bnds": 500.0}, {"G_bnds": 500.0}, {"X_cutoff": 20.0}, {"gamma_gap": 5.079889}, {"num_gw_calc": 8}, {"wall_time": 885}, {"num_cores": 8}, {"z-factor": "None"}], [{"kppa": 0}, {"kpt_grid": "1x1x1"}, {"num_kpts": 1}, {"X_bnds": 200}, {"G_bnds": 200}, {"X_cutoff": 4}, {"gamma_gap": 4}, {"num_gw_calc": 1}, {"wall_time": 24}, {"num_cores": 8}, {"z-factor": "None"}], [{"kppa": 10}, {"kpt_grid": "2x2x2"}, {"num_kpts": 1}, {"X_bnds": 200}, {"G_bnds": 200}, {"X_cutoff": 4}, {"gamma_gap": 5.218644}, {"num_gw_calc": 2}, {"wall_time": 121}, {"num_cores": 8}, {"z-factor": {"@module": "numpy", "@class": "array", "dtype": "float64", "data": [[37.0, 0.82, -0.133081], [38.0, 0.84, -0.964279]]}}], [{"kppa": 250}, {"kpt_grid": "4x4x4"}, {"num_kpts": 1}, {"X_bnds": 200}, {"G_bnds": 200}, {"X_cutoff": 4}, {"gamma_gap": 5.222335}, {"num_gw_calc": 3}, {"wall_time": 1426}, {"num_cores": 8}, {"z-factor": {"@module": "numpy", "@class": "array", "dtype": "float64", "data": [[37.0, 0.82, -0.122838], [38.0, 0.84, -0.101098]]}}]], "conv_time": 2430.6378560066223}, "gw_band_range_pbe": [1, 39], "gw_conv_lda": {"gw_conv_thr": 0.025, "gw_bnd_start": 200, "gw_bnd_step": 100, "gw_cut_start": 4, "gw_cut_step": 4, "kpt_bnd_idx": {"@module": "numpy", "@class": "array", "dtype": "int64", "data": [1, 1, 37, 38]}, "gw_bands": 200, "gw_cutoff": 4, "w_conv_grid": [[200, 4, 4.977881999999999], [300, 4, 4.899372], [400, 4, 4.866183], [500, 4, 4.852411], [500, 8, 4.985431999999999], [500, 8, 4.985431999999999], [500, 12, 5.031521], [500, 12, 5.031521], [500, 16, 5.0439799999999995], [500, 16, 5.0439799999999995], [600, 16, 5.038385], [600, 20, 5.043515], [600, 20, 5.043515]], "pwcutoff": 74, "w_conv_time": [27.94483256340027, 28.17716646194458, 30.423927783966064, 33.2714729309082, 46.045859575271606, 46.047098875045776, 80.65675258636475, 80.65829730033875, 143.72413778305054, 143.72519183158875, 166.14311361312866, 279.8057897090912, 279.8067214488983], "w_ngw": 9, "w_z_factor": [{"@module": "numpy", "@class": "array", "dtype": "float64", "data": [[37.0, 0.8, -0.140551], [38.0, 0.83, -0.11516]]}, {"@module": "numpy", "@class": "array", "dtype": "float64", "data": [[37.0, 0.8, -0.142977], [38.0, 0.83, -0.112638]]}, {"@module": "numpy", "@class": "array", "dtype": "float64", "data": [[37.0, 0.8, -0.146019], [38.0, 0.83, -0.118359]]}, {"@module": "numpy", "@class": "array", "dtype": "float64", "data": [[37.0, 0.8, -0.132423], [38.0, 0.83, -0.11728]]}, {"@module": "numpy", "@class": "array", "dtype": "float64", "data": [[37.0, 0.79, -0.140483], [38.0, 0.82, -0.116396]]}, {"@module": "numpy", "@class": "array", "dtype": "float64", "data": [[37.0, 0.79, -0.13959], [38.0, 0.82, -0.115698]]}, {"@module": "numpy", "@class": "array", "dtype": "float64", "data": [[37.0, 0.79, -0.139998], [38.0, 0.82, -0.115068]]}, {"@module": "numpy", "@class": "array", "dtype": "float64", "data": [[37.0, 0.79, -0.130721], [38.0, 0.82, -0.118569]]}, {"@module": "numpy", "@class": "array", "dtype": "float64", "data": [[37.0, 0.79, -0.130338], [38.0, 0.82, -0.118879]]}], "gw_kppa": 250, "gw_kpt_grid": {"@module": "numpy", "@class": "array", "dtype": "int64", "data": [4, 4, 4]}, "conv_list": [[{"kppa": 0}, {"kpt_grid": "1x1x1"}, {"num_kpts": 1}, {"X_bnds": 600.0}, {"G_bnds": 600.0}, {"X_cutoff": 20.0}, {"gamma_gap": 5.043515}, {"num_gw_calc": 9}, {"wall_time": 1150}, {"num_cores": 8}, {"z-factor": "None"}], [{"kppa": 0}, {"kpt_grid": "1x1x1"}, {"num_kpts": 1}, {"X_bnds": 200}, {"G_bnds": 200}, {"X_cutoff": 4}, {"gamma_gap": 4}, {"num_gw_calc": 1}, {"wall_time": 28}, {"num_cores": 8}, {"z-factor": "None"}], [{"kppa": 10}, {"kpt_grid": "2x2x2"}, {"num_kpts": 1}, {"X_bnds": 200}, {"G_bnds": 200}, {"X_cutoff": 4}, {"gamma_gap": 5.240729999999999}, {"num_gw_calc": 2}, {"wall_time": 116}, {"num_cores": 8}, {"z-factor": {"@module": "numpy", "@class": "array", "dtype": "float64", "data": [[37.0, 0.81, -0.137245], [38.0, 0.84, -0.103151]]}}], [{"kppa": 250}, {"kpt_grid": "4x4x4"}, {"num_kpts": 1}, {"X_bnds": 200}, {"G_bnds": 200}, {"X_cutoff": 4}, {"gamma_gap": 5.249409}, {"num_gw_calc": 3}, {"wall_time": 989}, {"num_cores": 8}, {"z-factor": {"@module": "numpy", "@class": "array", "dtype": "float64", "data": [[37.0, 0.81, -0.131567], [38.0, 0.84, -0.108011]]}}]], "conv_time": 2253.324104309082}, "gw_band_range_lda": [1, 39], "g0w0_ppa_pbe": {"gw_direct_gap": 5.312685, "kppa": 1130, "kpt_grid": "6x6x6", "num_kpt": 16, "bands_in X": 600, "bands_in_G": 600, "cutoff": 24,