{"@module": "pymatgen.entries.computed_entries", "@class": "ComputedEntry", "energy": 0.0, "composition": {"Te": 4.0, "O": 8.0}, "entry_id": "90733", "correction": 0.0, "energy_adjustments": [], "parameters": {"id": "90733", "name": "TeO2", "ibrav": {"celldm(1)": 8.222198407859457, "ibrav": 8, "celldm(2)": 1.1257182256952425, "celldm(3)": 1.9710411399678227}, "vol": 1233.3582518321718, "lda_pw_cutoff_Ry": 68, "qe_conv_pbe": {"qe_conv_maxiter": 20, "qe_delta_kppa": 1500, "qe_delta_cutoff": 5, "qe_conv_thresh": 0.00044099190468536564, "qe_conv_steps": [[60, 1500, -477.0855326862434], [65, 1500, -477.129302427792], [70, 1500, -477.1500369235504], [75, 1500, -477.1586343644922], [80, 1500, -477.1616700625382], [85, 1500, -477.1625610380479], [90, 1500, -477.1626695916573], [90, 3000, -477.1626754959095]], "qe_conv_time": 507.1374716758728}, "num_elec_pbe": 112.0, "max_mem": 92166.0, "qe_conv_lda": {"qe_conv_maxiter": 20, "qe_delta_kppa": 1500, "qe_delta_cutoff": 5, "qe_conv_thresh": 0.00044099190468536564, "qe_conv_steps": [[68, 1500, -550.309378680328], [73, 1500, -550.3152973723795], [78, 1500, -550.3169891530669], [83, 1500, -550.3174796955698], [88, 1500, -550.3176070256707], [88, 3000, -550.3176134932966]], "qe_conv_time": 362.38560724258423}, "num_elec_lda": 112.0, "bg_conv_pbe": {"bg_conv_maxiter": 20, "bg_delta_kppa": 1500, "bg_delta_cutoff": 5, "bg_conv_thresh": 0.025, "bg_conv_steps": [[90, 3000, 2.9640462972004307], [90, 4500, 2.982196697244307]], "bg_conv_time": 227.59610176086426}, "indirect_gap_pbe": 2.98218930668986, "bg_conv_lda": {"bg_conv_maxiter": 20, "bg_delta_kppa": 1500, "bg_delta_cutoff": 5, "bg_conv_thresh": 0.025, "bg_conv_steps": [[88, 3000, 2.897733024107981], [88, 4500, 2.915462976123111]], "bg_conv_time": 190.4714059829712}, "indirect_gap_lda": 2.9154521484664544, "gw_conv_pbe": {"gw_conv_thr": 0.025, "gw_bnd_start": 200, "gw_bnd_step": 100, "gw_cut_start": 4, "gw_cut_step": 4, "kpt_bnd_idx": {"@module": "numpy", "@class": "array", "dtype": "int64", "data": [1, 1, 56, 57]}, "gw_bands": 200, "gw_cutoff": 4, "w_conv_grid": [[200, 4, 5.0267100000000005], [300, 4, 5.000475], [400, 4, 4.994293000000001], [400, 8, 5.113626], [400, 8, 5.113626], [400, 12, 5.159917], [400, 12, 5.159917], [400, 16, 5.188419], [400, 16, 5.188419], [400, 20, 5.203622], [400, 20, 5.203622], [500, 20, 5.206773], [500, 24, 5.214262], [500, 24, 5.214262]], "pwcutoff": 90, "w_conv_time": [13.684341669082642, 14.115334033966064, 14.85980486869812, 20.43889093399048, 20.440890550613403, 34.20244216918945, 34.2040638923645, 65.12420058250427, 65.1260814666748, 117.06036639213562, 117.06241703033447, 134.51811981201172, 238.32864689826965, 238.33066701889038], "w_ngw": 9, "w_z_factor": [{"@module": "numpy", "@class": "array", "dtype": "float64", "data": [[56.0, 0.8, -0.127032], [57.0, 0.82, -0.11549]]}, {"@module": "numpy", "@class": "array", "dtype": "float64", "data": [[56.0, 0.8, -0.12277], [57.0, 0.82, -0.11036]]}, {"@module": "numpy", "@class": "array", "dtype": "float64", "data": [[56.0, 0.8, -0.120156], [57.0, 0.82, -0.107949]]}, {"@module": "numpy", "@class": "array", "dtype": "float64", "data": [[56.0, 0.79, -0.120782], [57.0, 0.82, -0.109551]]}, {"@module": "numpy", "@class": "array", "dtype": "float64", "data": [[56.0, 0.79, -0.121426], [57.0, 0.82, -0.109568]]}, {"@module": "numpy", "@class": "array", "dtype": "float64", "data": [[56.0, 0.79, -0.121257], [57.0, 0.81, -0.110147]]}, {"@module": "numpy", "@class": "array", "dtype": "float64", "data": [[56.0, 0.79, -0.121262], [57.0, 0.81, -0.11001]]}, {"@module": "numpy", "@class": "array", "dtype": "float64", "data": [[56.0, 0.79, -0.120671], [57.0, 0.81, -0.108511]]}, {"@module": "numpy", "@class": "array", "dtype": "float64", "data": [[56.0, 0.79, -0.120767], [57.0, 0.81, -0.108591]]}], "gw_kppa": 150, "gw_kpt_grid": {"@module": "numpy", "@class": "array", "dtype": "int64", "data": [4, 2, 2]}, "conv_list": [[{"kppa": 0}, {"kpt_grid": "1x1x1"}, {"num_kpts": 1}, {"X_bnds": 500.0}, {"G_bnds": 500.0}, {"X_cutoff": 24.0}, {"gamma_gap": 5.214262}, {"num_gw_calc": 9}, {"wall_time": 1102}, {"num_cores": 8}, {"z-factor": "None"}], [{"kppa": 0}, {"kpt_grid": "1x1x1"}, {"num_kpts": 1}, {"X_bnds": 200}, {"G_bnds": 200}, {"X_cutoff": 4}, {"gamma_gap": 4}, {"num_gw_calc": 1}, {"wall_time": 14}, {"num_cores": 8}, {"z-factor": "None"}], [{"kppa": 10}, {"kpt_grid": "2x2x2"}, {"num_kpts": 1}, {"X_bnds": 200}, {"G_bnds": 200}, {"X_cutoff": 4}, {"gamma_gap": 4.819001999999999}, {"num_gw_calc": 2}, {"wall_time": 110}, {"num_cores": 8}, {"z-factor": {"@module": "numpy", "@class": "array", "dtype": "float64", "data": [[56.0, 0.8, -0.125361], [57.0, 0.82, -0.111498]]}}], [{"kppa": 150}, {"kpt_grid": "4x2x2"}, {"num_kpts": 1}, {"X_bnds": 200}, {"G_bnds": 200}, {"X_cutoff": 4}, {"gamma_gap": 4.794188999999999}, {"num_gw_calc": 3}, {"wall_time": 256}, {"num_cores": 8}, {"z-factor": {"@module": "numpy", "@class": "array", "dtype": "float64", "data": [[56.0, 0.8, -0.125348], [57.0, 0.82, -0.111501]]}}]], "conv_time": 1467.3396925926208}, "gw_band_range_pbe": [1, 65], "gw_conv_lda": {"gw_conv_thr": 0.025, "gw_bnd_start": 200, "gw_bnd_step": 100, "gw_cut_start": 4, "gw_cut_step": 4, "kpt_bnd_idx": {"@module": "numpy", "@class": "array", "dtype": "int64", "data": [1, 1, 56, 57]}, "gw_bands": 200, "gw_cutoff": 4, "w_conv_grid": [[200, 4, 5.180451], [300, 4, 5.152114], [400, 4, 5.145234], [400, 8, 5.256346000000001], [400, 8, 5.256346000000001], [400, 12, 5.300073], [400, 12, 5.300073], [400, 16, 5.326366], [400, 16, 5.326366], [400, 20, 5.339854000000001], [400, 20, 5.339854000000001], [500, 20, 5.342351000000001], [500, 24, 5.348849], [500, 24, 5.348849]], "pwcutoff": 88, "w_conv_time": [13.275160312652588, 13.95200490951538, 15.022300720214844, 20.930769205093384, 20.93241047859192, 34.16195893287659, 34.16296434402466, 63.25790023803711, 63.259560108184814, 119.62690234184265, 119.6289324760437, 132.07615423202515, 232.38253450393677, 232.38466215133667], "w_ngw": 9, "w_z_factor": [{"@module": "numpy", "@class": "array", "dtype": "float64", "data": [[56.0, 0.79, -0.130567], [57.0, 0.82, -0.118659]]}, {"@module": "numpy", "@class": "array", "dtype": "float64", "data": [[56.0, 0.8, -0.126297], [57.0, 0.82, -0.114453]]}, {"@module": "numpy", "@class": "array", "dtype": "float64", "data": [[56.0, 0.8, -0.124178], [57.0, 0.82, -0.112814]]}, {"@module": "numpy", "@class": "array", "dtype": "float64", "data": [[56.0, 0.79, -0.125128], [57.0, 0.81, -0.113463]]}, {"@module": "numpy", "@class": "array", "dtype": "float64", "data": [[56.0, 0.79, -0.125113], [57.0, 0.81, -0.114191]]}, {"@module": "numpy", "@class": "array", "dtype": "float64", "data": [[56.0, 0.78, -0.124941], [57.0, 0.81, -0.113721]]}, {"@module": "numpy", "@class": "array", "dtype": "float64", "data": [[56.0, 0.78, -0.124927], [57.0, 0.81, -0.113699]]}, {"@module": "numpy", "@class": "array", "dtype": "float64", "data": [[56.0, 0.78, -0.124228], [57.0, 0.81, -0.112945]]}, {"@module": "numpy", "@class": "array", "dtype": "float64", "data": [[56.0, 0.78, -0.124361], [57.0, 0.81, -0.11299]]}], "gw_kppa": 210, "gw_kpt_grid": {"@module": "numpy", "@class": "array", "dtype": "int64", "data": [4, 4, 2]}, "conv_list": [[{"kppa": 0}, {"kpt_grid": "1x1x1"}, {"num_kpts": 1}, {"X_bnds": 500.0}, {"G_bnds": 500.0}, {"X_cutoff": 24.0}, {"gamma_gap": 5.348849}, {"num_gw_calc": 9}, {"wall_time": 978}, {"num_cores": 8}, {"z-factor": "None"}], [{"kppa": 0}, {"kpt_grid": "1x1x1"}, {"num_kpts": 1}, {"X_bnds": 200}, {"G_bnds": 200}, {"X_cutoff": 4}, {"gamma_gap": 4}, {"num_gw_calc": 1}, {"wall_time": 14}, {"num_cores": 8}, {"z-factor": "None"}], [{"kppa": 10}, {"kpt_grid": "2x2x2"}, {"num_kpts": 1}, {"X_bnds": 200}, {"G_bnds": 200}, {"X_cutoff": 4}, {"gamma_gap": 4.976119}, {"num_gw_calc": 2}, {"wall_time": 111}, {"num_cores": 8}, {"z-factor": {"@module": "numpy", "@class": "array", "dtype": "float64",