{"@module": "pymatgen.entries.computed_entries", "@class": "ComputedEntry", "energy": 0.0, "composition": {"Cu": 4.0, "Sn": 2.0, "S": 6.0}, "entry_id": "91762", "correction": 0.0, "energy_adjustments": [], "parameters": {"id": "91762", "name": "Cu2SnS3", "ibrav": 0, "vol": 1628.2387711389129, "lda_pw_cutoff_Ry": 76, "qe_conv_pbe": {"qe_conv_maxiter": 20, "qe_delta_kppa": 1500, "qe_delta_cutoff": 5, "qe_conv_thresh": 0.00044099190468536564, "qe_conv_steps": [[60, 1500, -912.3821147107241], [65, 1500, -912.5014423857206], [70, 1500, -912.5386845833575], [75, 1500, -912.5476741555977], [80, 1500, -912.5490803357688], [85, 1500, -912.5492089429596], [85, 3000, -912.5492411608546]], "qe_conv_time": 927.689891576767}, "num_elec_pbe": 140.0, "max_mem": 9636.0, "qe_conv_lda": {"qe_conv_maxiter": 20, "qe_delta_kppa": 1500, "qe_delta_cutoff": 5, "qe_conv_thresh": 0.00044099190468536564, "qe_conv_steps": [[76, 1500, -981.4272307045421], [81, 1500, -981.4371682365751], [86, 1500, -981.4395142711552], [91, 1500, -981.4398899310685], [91, 3000, -981.4399205729213]], "qe_conv_time": 642.3505380153656}, "num_elec_lda": 140.0, "bg_conv_pbe": {"bg_conv_maxiter": 20, "bg_delta_kppa": 1500, "bg_delta_cutoff": 5, "bg_conv_thresh": 0.025, "bg_conv_steps": [[85, 3000, 0.11548398588467126], [85, 4500, 0.10886484418239457]], "bg_conv_time": 579.106199502945}, "indirect_gap_pbe": 0.11548561607310323, "bg_conv_lda": {"bg_conv_maxiter": 20, "bg_delta_kppa": 1500, "bg_delta_cutoff": 5, "bg_conv_thresh": 0.025, "bg_conv_steps": [[91, 3000, 0.09579108759987395], [91, 4500, 0.0901392078909125]], "bg_conv_time": 484.50219464302063}, "indirect_gap_lda": 0.09579317963781499}, "data": {}}