{"@module": "pymatgen.entries.computed_entries", "@class": "ComputedEntry", "energy": 0.0, "composition": {"Ti": 2.0, "O": 4.0}, "entry_id": "92363", "correction": 0.0, "energy_adjustments": [], "parameters": {"id": "92363", "name": "TiO2", "ibrav": {"celldm(1)": 7.1261572502960275, "ibrav": 7, "celldm(3)": 2.5006629541235745}, "vol": 452.4716458126839, "lda_pw_cutoff_Ry": 76, "qe_conv_pbe": {"qe_conv_maxiter": 20, "qe_delta_kppa": 1500, "qe_delta_cutoff": 5, "qe_conv_thresh": 0.00022049595234268282, "qe_conv_steps": [[60, 1500, -179.629334989489], [65, 1500, -179.6513894472872], [70, 1500, -179.6616915074493], [75, 1500, -179.6660012844375], [80, 1500, -179.6675227716076], [85, 1500, -179.6679162819849], [90, 1500, -179.6679721518163], [90, 3000, -179.6679705471183]], "qe_conv_time": 92.0855324268341}, "num_elec_pbe": 48.00000000000001, "max_mem": 166639.0, "qe_conv_lda": {"qe_conv_maxiter": 20, "qe_delta_kppa": 1500, "qe_delta_cutoff": 5, "qe_conv_thresh": 0.00022049595234268282, "qe_conv_steps": [[76, 1500, -185.0865185969394], [81, 1500, -185.086942518829], [86, 1500, -185.0870255233884], [86, 3000, -185.0870241874983]], "qe_conv_time": 48.149657249450684}, "num_elec_lda": 48.00000000000001, "bg_conv_pbe": {"bg_conv_maxiter": 20, "bg_delta_kppa": 1500, "bg_delta_cutoff": 5, "bg_conv_thresh": 0.025, "bg_conv_steps": [[90, 3000, 2.1992322767307804], [90, 4500, 2.177855871959143]], "bg_conv_time": 49.09936547279358}, "indirect_gap_pbe": 2.1778366433221032, "bg_conv_lda": {"bg_conv_maxiter": 20, "bg_delta_kppa": 1500, "bg_delta_cutoff": 5, "bg_conv_thresh": 0.025, "bg_conv_steps": [[86, 3000, 2.0659265412314944], [86, 4500, 2.0438412086898397]], "bg_conv_time": 44.30359077453613}, "indirect_gap_lda": 2.065929216428018, "gw_conv_pbe": {"gw_conv_thr": 0.025, "gw_bnd_start": 200, "gw_bnd_step": 100, "gw_cut_start": 4, "gw_cut_step": 4, "kpt_bnd_idx": {"@module": "numpy", "@class": "array", "dtype": "int64", "data": [1, 1, 24, 25]}, "gw_bands": 200, "gw_cutoff": 4, "w_conv_grid": [[200, 4, 4.1226400000000005], [300, 4, 4.116706000000001], [300, 8, 4.070455], [300, 8, 4.070455], [300, 12, 4.114158], [300, 12, 4.114158], [300, 16, 4.153357], [300, 16, 4.153357], [300, 20, 4.150698], [300, 20, 4.150698], [400, 20, 4.161123], [400, 24, 4.154692], [400, 24, 4.154692]], "pwcutoff": 90, "w_conv_time": [12.21855878829956, 12.391493082046509, 12.95679783821106, 12.958455324172974, 13.612748146057129, 13.614099264144897, 14.898410320281982, 14.899399757385254, 16.95732879638672, 16.959348678588867, 18.100875854492188, 23.254053831100464, 23.2553608417511], "w_ngw": 8, "w_z_factor": [{"@module": "numpy", "@class": "array", "dtype": "float64", "data": [[24.0, 0.76, -0.136236], [25.0, 0.79, -0.124602]]}, {"@module": "numpy", "@class": "array", "dtype": "float64", "data": [[24.0, 0.76, -0.137151], [25.0, 0.79, -0.120664]]}, {"@module": "numpy", "@class": "array", "dtype": "float64", "data": [[24.0, 0.75, -0.138298], [25.0, 0.78, -0.116652]]}, {"@module": "numpy", "@class": "array", "dtype": "float64", "data": [[24.0, 0.75, -0.142395], [25.0, 0.78, -0.118545]]}, {"@module": "numpy", "@class": "array", "dtype": "float64", "data": [[24.0, 0.75, -0.141162], [25.0, 0.78, -0.119687]]}, {"@module": "numpy", "@class": "array", "dtype": "float64", "data": [[24.0, 0.75, -0.143083], [25.0, 0.78, -0.119481]]}, {"@module": "numpy", "@class": "array", "dtype": "float64", "data": [[24.0, 0.75, -0.149713], [25.0, 0.78, -0.122795]]}, {"@module": "numpy", "@class": "array", "dtype": "float64", "data": [[24.0, 0.75, -0.152994], [25.0, 0.78, -0.123573]]}], "gw_kppa": 760, "gw_kpt_grid": {"@module": "numpy", "@class": "array", "dtype": "int64", "data": [6, 6, 6]}, "conv_list": [[{"kppa": 0}, {"kpt_grid": "1x1x1"}, {"num_kpts": 1}, {"X_bnds": 400.0}, {"G_bnds": 400.0}, {"X_cutoff": 24.0}, {"gamma_gap": 4.154692}, {"num_gw_calc": 8}, {"wall_time": 287}, {"num_cores": 8}, {"z-factor": "None"}], [{"kppa": 0}, {"kpt_grid": "1x1x1"}, {"num_kpts": 1}, {"X_bnds": 200}, {"G_bnds": 200}, {"X_cutoff": 4}, {"gamma_gap": 8}, {"num_gw_calc": 1}, {"wall_time": 13}, {"num_cores": 8}, {"z-factor": "None"}], [{"kppa": 10}, {"kpt_grid": "2x2x2"}, {"num_kpts": 1}, {"X_bnds": 200}, {"G_bnds": 200}, {"X_cutoff": 4}, {"gamma_gap": 4.300671}, {"num_gw_calc": 2}, {"wall_time": 37}, {"num_cores": 8}, {"z-factor": {"@module": "numpy", "@class": "array", "dtype": "float64", "data": [[24.0, 0.77, -0.163706], [25.0, 0.79, -0.145721]]}}], [{"kppa": 170}, {"kpt_grid": "4x4x4"}, {"num_kpts": 1}, {"X_bnds": 200}, {"G_bnds": 200}, {"X_cutoff": 4}, {"gamma_gap": 4.201238}, {"num_gw_calc": 3}, {"wall_time": 332}, {"num_cores": 8}, {"z-factor": {"@module": "numpy", "@class": "array", "dtype": "float64", "data": [[24.0, 0.77, -0.152432], [25.0, 0.79, -0.125183]]}}], [{"kppa": 760}, {"kpt_grid": "6x6x6"}, {"num_kpts": 1}, {"X_bnds": 200}, {"G_bnds": 200}, {"X_cutoff": 4}, {"gamma_gap": 4.190017}, {"num_gw_calc": 4}, {"wall_time": 661}, {"num_cores": 32}, {"z-factor": {"@module": "numpy", "@class": "array", "dtype": "float64", "data": [[24.0, 0.77, -0.148432], [25.0, 0.79, -0.127708]]}}]], "conv_time": 1314.949234008789}, "gw_band_range_pbe": [1, 33], "gw_conv_lda": {"gw_conv_thr": 0.025, "gw_bnd_start": 200, "gw_bnd_step": 100, "gw_cut_start": 4, "gw_cut_step": 4, "kpt_bnd_idx": {"@module": "numpy", "@class": "array", "dtype": "int64", "data": [1, 1, 24, 25]}, "gw_bands": 200, "gw_cutoff": 4, "w_conv_grid": [[200, 4, 4.2475130000000005], [300, 4, 4.242066], [300, 8, 4.1564820000000005], [300, 8, 4.1564820000000005], [300, 12, 4.19466], [300, 12, 4.19466], [300, 16, 4.236261], [300, 16, 4.236261], [300, 20, 4.232461000000001], [300, 20, 4.232461000000001]], "pwcutoff": 86, "w_conv_time": [12.278594255447388, 12.203565120697021, 12.317676544189453, 12.319589614868164, 13.023831605911255, 13.025354146957397, 14.57766056060791, 14.579388618469238, 16.567541360855103, 16.56899333000183], "w_ngw": 6, "w_z_factor": [{"@module": "numpy", "@class": "array", "dtype": "float64", "data": [[24.0, 0.76, -0.141069], [25.0, 0.78, -0.125146]]}, {"@module": "numpy", "@class": "array", "dtype": "float64", "data": [[24.0, 0.76, -0.138988], [25.0, 0.78, -0.128462]]}, {"@module": "numpy", "@class": "array", "dtype": "float64", "data": [[24.0, 0.75, -0.140488], [25.0, 0.78, -0.953718]]}, {"@module": "numpy", "@class": "array", "dtype": "float64", "data": [[24.0, 0.75, -0.14159], [25.0, 0.78, -0.116459]]}, {"@module": "numpy", "@class": "array", "dtype": "float64", "data": [[24.0, 0.75, -0.146712], [25.0, 0.78, -0.113229]]}, {"@module": "numpy", "@class": "array", "dtype": "float64", "data": [[24.0, 0.75, -0.138091], [25.0, 0.78, -0.125366]]}], "gw_kppa": 760, "gw_kpt_grid": {"@module": "numpy", "@class": "array", "dtype": "int64", "data": [6, 6, 6]}, "conv_list": [[{"kppa": 0}, {"kpt_grid": "1x1x1"}, {"num_kpts": 1}, {"X_bnds": 300.0}, {"G_bnds": 300.0}, {"X_cutoff": 20.0}, {"gamma_gap": 4.232461000000001}, {"num_gw_calc": 6}, {"wall_time": 192}, {"num_cores": 8}, {"z-factor": "None"}], [{"kppa": 0}, {"kpt_grid": "1x1x1"}, {"num_kpts": 1}, {"X_bnds": 200}, {"G_bnds": 200}, {"X_cutoff": 4}, {"gamma_gap": 8}, {"num_gw_calc": 1}, {"wall_time": 13}, {"num_cores": 8}, {"z-factor": "None"}], [{"kppa": 10}, {"kpt_grid": "2x2x2"}, {"num_kpts": 1}, {"X_bnds": 200}, {"G_bnds": 200}, {"X_cutoff": 4}, {"gamma_gap": 4.380159000000001}, {"num_gw_calc": 2}, {"wall_time": 36}, {"num_cores": 8}, {"z-factor": {"@module": "numpy", "@class": "array", "dtype": "float64", "data": [[24.0, 0.77, -0.121897], [25.0, 0.79, -0.392614]]}}], [{"kppa": 170}, {"kpt_grid": "4x4x4"}, {"num_kpts": 1}, {"X_bnds": 200}, {"G_bnds": 200}, {"X_cutoff": 4}, {"gamma_gap": 4.282496999999999}, {"num_gw_calc": 3}, {"wall_time": 395}, {"num_cores": 8}, {"z-factor": {"@module": "numpy", "@class": "array", "dtype": "float64",