{"@module": "pymatgen.entries.computed_entries", "@class": "ComputedEntry", "energy": 0.0, "composition": {"Ge": 2.0, "O": 4.0}, "entry_id": "92551", "correction": 0.0, "energy_adjustments": [], "parameters": {"id": "92551", "name": "GeO2", "ibrav": {"celldm(1)": 8.318385468066317, "ibrav": 6, "celldm(3)": 0.650878029941616}, "vol": 374.64223580065493, "lda_pw_cutoff_Ry": 60, "qe_conv_pbe": {"qe_conv_maxiter": 20, "qe_delta_kppa": 1500, "qe_delta_cutoff": 5, "qe_conv_thresh": 0.00022049595234268282, "qe_conv_steps": [[60, 1500, -205.4945868694173], [65, 1500, -205.5169063124459], [70, 1500, -205.52708932585], [75, 1500, -205.5313114126486], [80, 1500, -205.5328102296873], [85, 1500, -205.5331545304216], [90, 1500, -205.533267137164], [90, 3000, -205.5332687446372]], "qe_conv_time": 70.07575869560242}, "num_elec_pbe": 52.0, "max_mem": 35629.0, "qe_conv_lda": {"qe_conv_maxiter": 20, "qe_delta_kppa": 1500, "qe_delta_cutoff": 5, "qe_conv_thresh": 0.00022049595234268282, "qe_conv_steps": [[60, 1500, -244.4941320868373], [65, 1500, -244.5347075841277], [70, 1500, -244.5458234328997], [75, 1500, -244.5484382008263], [80, 1500, -244.5490099251532], [85, 1500, -244.5491322130231], [85, 3000, -244.549133750056]], "qe_conv_time": 54.11784267425537}, "num_elec_lda": 52.0, "bg_conv_pbe": {"bg_conv_maxiter": 20, "bg_delta_kppa": 1500, "bg_delta_cutoff": 5, "bg_conv_thresh": 0.025, "bg_conv_steps": [[90, 3000, 1.8527033666458468], [90, 4500, 1.8527245064871631]], "bg_conv_time": 30.9462673664093}, "indirect_gap_pbe": 1.8527033666458468, "bg_conv_lda": {"bg_conv_maxiter": 20, "bg_delta_kppa": 1500, "bg_delta_cutoff": 5, "bg_conv_thresh": 0.025, "bg_conv_steps": [[85, 3000, 1.7553666354244504], [85, 4500, 1.755416959371797]], "bg_conv_time": 22.48674964904785}, "indirect_gap_lda": 1.7553666354244504, "gw_conv_pbe": {"gw_conv_thr": 0.025, "gw_bnd_start": 200, "gw_bnd_step": 100, "gw_cut_start": 4, "gw_cut_step": 4, "kpt_bnd_idx": {"@module": "numpy", "@class": "array", "dtype": "int64", "data": [1, 1, 26, 27]}, "gw_bands": 200, "gw_cutoff": 4, "w_conv_grid": [[200, 4, 1.7744650000000002], [300, 4, 1.7412420000000002], [400, 4, 1.7289660000000002], [400, 8, 1.950279], [400, 8, 1.950279], [400, 12, 2.106883], [400, 12, 2.106883], [400, 16, 2.202412], [400, 16, 2.202412], [400, 20, 2.22656], [400, 20, 2.22656], [500, 20, 2.2231680000000003], [500, 24, 2.2311490000000003], [500, 24, 2.2311490000000003]], "pwcutoff": 90, "w_conv_time": [12.489847898483276, 12.158166885375977, 12.566941499710083, 12.462276697158813, 12.4641752243042, 13.027030944824219, 13.028528928756714, 14.180515766143799, 14.182401418685913, 16.158448219299316, 16.15993070602417, 16.913657188415527, 20.08648180961609, 20.087520360946655], "w_ngw": 9, "w_z_factor": [{"@module": "numpy", "@class": "array", "dtype": "float64", "data": [[26.0, 0.79, -0.105473], [27.0, 0.81, -0.935522]]}, {"@module": "numpy", "@class": "array", "dtype": "float64", "data": [[26.0, 0.79, -0.103642], [27.0, 0.81, -0.922555]]}, {"@module": "numpy", "@class": "array", "dtype": "float64", "data": [[26.0, 0.79, -0.102866], [27.0, 0.81, -0.920936]]}, {"@module": "numpy", "@class": "array", "dtype": "float64", "data": [[26.0, 0.78, -0.985095], [27.0, 0.8, -0.936319]]}, {"@module": "numpy", "@class": "array", "dtype": "float64", "data": [[26.0, 0.78, -0.938469], [27.0, 0.8, -0.953442]]}, {"@module": "numpy", "@class": "array", "dtype": "float64", "data": [[26.0, 0.78, -0.951121], [27.0, 0.8, -0.947614]]}, {"@module": "numpy", "@class": "array", "dtype": "float64", "data": [[26.0, 0.78, -0.903565], [27.0, 0.8, -0.941735]]}, {"@module": "numpy", "@class": "array", "dtype": "float64", "data": [[26.0, 0.78, -0.957656], [27.0, 0.8, -0.949294]]}, {"@module": "numpy", "@class": "array", "dtype": "float64", "data": [[26.0, 0.78, -0.959683], [27.0, 0.8, -0.946594]]}], "gw_kppa": 250, "gw_kpt_grid": {"@module": "numpy", "@class": "array", "dtype": "int64", "data": [4, 4, 4]}, "conv_list": [[{"kppa": 0}, {"kpt_grid": "1x1x1"}, {"num_kpts": 1}, {"X_bnds": 500.0}, {"G_bnds": 500.0}, {"X_cutoff": 24.0}, {"gamma_gap": 2.2311490000000003}, {"num_gw_calc": 9}, {"wall_time": 250}, {"num_cores": 8}, {"z-factor": "None"}], [{"kppa": 0}, {"kpt_grid": "1x1x1"}, {"num_kpts": 1}, {"X_bnds": 200}, {"G_bnds": 200}, {"X_cutoff": 4}, {"gamma_gap": 4}, {"num_gw_calc": 1}, {"wall_time": 13}, {"num_cores": 8}, {"z-factor": "None"}], [{"kppa": 10}, {"kpt_grid": "2x2x2"}, {"num_kpts": 1}, {"X_bnds": 200}, {"G_bnds": 200}, {"X_cutoff": 4}, {"gamma_gap": 2.679846}, {"num_gw_calc": 2}, {"wall_time": 33}, {"num_cores": 8}, {"z-factor": {"@module": "numpy", "@class": "array", "dtype": "float64", "data": [[26.0, 0.81, -0.974954], [27.0, 0.84, -0.771038]]}}], [{"kppa": 70}, {"kpt_grid": "2x2x4"}, {"num_kpts": 1}, {"X_bnds": 200}, {"G_bnds": 200}, {"X_cutoff": 4}, {"gamma_gap": 2.803027}, {"num_gw_calc": 3}, {"wall_time": 60}, {"num_cores": 8}, {"z-factor": {"@module": "numpy", "@class": "array", "dtype": "float64", "data": [[26.0, 0.81, -0.963365], [27.0, 0.84, -0.733098]]}}], [{"kppa": 250}, {"kpt_grid": "4x4x4"}, {"num_kpts": 1}, {"X_bnds": 200}, {"G_bnds": 200}, {"X_cutoff": 4}, {"gamma_gap": 2.819654}, {"num_gw_calc": 4}, {"wall_time": 91}, {"num_cores": 32}, {"z-factor": {"@module": "numpy", "@class": "array", "dtype": "float64", "data": [[26.0, 0.81, -0.965184], [27.0, 0.85, -0.703874]]}}]], "conv_time": 431.7099530696869}, "gw_band_range_pbe": [1, 29], "gw_conv_lda": {"gw_conv_thr": 0.025, "gw_bnd_start": 200, "gw_bnd_step": 100, "gw_cut_start": 4, "gw_cut_step": 4, "kpt_bnd_idx": {"@module": "numpy", "@class": "array", "dtype": "int64", "data": [1, 1, 26, 27]}, "gw_bands": 200, "gw_cutoff": 4, "w_conv_grid": [[200, 4, 2.3016490000000003], [300, 4, 2.266001], [400, 4, 2.249584], [400, 8, 2.4377500000000003], [400, 8, 2.4377500000000003], [400, 12, 2.577782], [400, 12, 2.577782], [400, 16, 2.6809020000000006], [400, 16, 2.6809020000000006], [400, 20, 2.71493], [400, 20, 2.71493], [400, 24, 2.730193], [400, 24, 2.730193], [500, 24, 2.721039], [500, 28, 2.730505], [500, 28, 2.730505]], "pwcutoff": 85, "w_conv_time": [12.181815385818481, 12.183792114257812, 12.726609706878662, 12.570037126541138, 12.57151484489441, 13.219988107681274, 13.22149109840393, 14.096299648284912, 14.097445487976074, 15.914690732955933, 15.916321754455566, 18.75052571296692, 18.75153350830078, 20.00600552558899, 24.007629871368408, 24.00992751121521], "w_ngw": 10, "w_z_factor": [{"@module": "numpy", "@class": "array", "dtype": "float64", "data": [[26.0, 0.79, -0.108905], [27.0, 0.81, -0.964654]]}, {"@module": "numpy", "@class": "array", "dtype": "float64", "data": [[26.0, 0.79, -0.109157], [27.0, 0.81, -0.958358]]}, {"@module": "numpy", "@class": "array", "dtype": "float64", "data": [[26.0, 0.79, -0.109314], [27.0, 0.81, -0.955877]]}, {"@module": "numpy", "@class": "array", "dtype": "float64", "data": [[26.0, 0.78, -0.103417], [27.0, 0.8, -0.943818]]}, {"@module": "numpy", "@class": "array", "dtype": "float64", "data": [[26.0, 0.77, -0.103662], [27.0, 0.8, -0.976801]]}, {"@module": "numpy", "@class": "array", "dtype": "float64", "data": [[26.0, 0.77, -0.103792], [27.0, 0.8, -0.964358]]}, {"@module": "numpy", "@class": "array", "dtype": "float64", "data": [[26.0, 0.77, -0.973879], [27.0, 0.79, -0.921269]]}, {"@module": "numpy", "@class": "array", "dtype": "float64", "data": [[26.0, 0.77, -0.828275], [27.0, 0.79, -0.921101]]}, {"@module": "numpy", "@class": "array", "dtype": "float64", "data": [[26.0, 0.77, -0.924629], [27.0, 0.79, -0.933698]]}, {"@module": "numpy", "@class": "array", "dtype": "float64", "data": [[26.0, 0.77, -0.963949], [27.0, 0.79, -0.962989]]}], "gw_kppa": 250, "gw_kpt_grid": {"@module": "numpy", "@class": "array", "dtype": "int64", "data": [4, 4, 4]},