{"@module": "pymatgen.entries.computed_entries", "@class": "ComputedEntry", "energy": 0.0, "composition": {"Zn": 1.0, "Cu": 2.0, "Ge": 1.0, "Se": 4.0}, "entry_id": "93409", "correction": 0.0, "energy_adjustments": [], "parameters": {"id": "93409", "name": "ZnCu2GeSe4", "ibrav": {"celldm(1)": 10.602176192463096, "ibrav": 7, "celldm(3)": 1.9687795766099927}, "vol": 1173.1462364357585, "lda_pw_cutoff_Ry": 78, "qe_conv_pbe": {"qe_conv_maxiter": 20, "qe_delta_kppa": 1500, "qe_delta_cutoff": 5, "qe_conv_thresh": 0.00029399460312357707, "qe_conv_steps": [[60, 1500, -673.9957919391152], [65, 1500, -674.0565419234629], [70, 1500, -674.0751931490523], [75, 1500, -674.0796937328236], [80, 1500, -674.0804370594225], [85, 1500, -674.0805163480463], [85, 3000, -674.0805399625107]], "qe_conv_time": 347.23166966438293}, "num_elec_pbe": 96.00000000000001, "max_mem": 64559.0, "qe_conv_lda": {"qe_conv_maxiter": 20, "qe_delta_kppa": 1500, "qe_delta_cutoff": 5, "qe_conv_thresh": 0.00029399460312357707, "qe_conv_steps": [[78, 1500, -1161.827916523686], [83, 1500, -1161.831390830795], [88, 1500, -1161.832041545308], [93, 1500, -1161.832136801507], [93, 3000, -1161.832146957455]], "qe_conv_time": 386.3149781227112}, "num_elec_lda": 136.0, "bg_conv_pbe": {"bg_conv_maxiter": 20, "bg_delta_kppa": 1500, "bg_delta_cutoff": 5, "bg_conv_thresh": 0.025, "bg_conv_steps": [[85, 3000, 4.252704872734524e-07], [85, 6000, 2.5679099164543904e-14]], "bg_conv_time": 194.04979133605957}, "indirect_gap_pbe": 2.5679099164543904e-14, "bg_conv_lda": {"bg_conv_maxiter": 20, "bg_delta_kppa": 1500, "bg_delta_cutoff": 5, "bg_conv_thresh": 0.025, "bg_conv_steps": [[93, 3000, 3.390503605344675e-08], [93, 6000, 1.4365190179694855e-12]], "bg_conv_time": 255.78150844573975}, "indirect_gap_lda": 1.9425483250354976e-12, "gw_conv_pbe": {"gw_conv_thr": 0.025, "gw_bnd_start": 200, "gw_bnd_step": 100, "gw_cut_start": 4, "gw_cut_step": 4, "kpt_bnd_idx": {"@module": "numpy", "@class": "array", "dtype": "int64", "data": [1, 1, 48, 49]}, "gw_bands": 200, "gw_cutoff": 4, "w_conv_grid": [[200, 4, -0.0070310000000000095], [300, 4, -0.007320999999999966], [300, 8, -0.008624999999999994], [300, 8, -0.008624999999999994]], "pwcutoff": 85, "w_conv_time": [13.922362804412842, 15.32610535621643, 17.199404001235962, 17.200160026550293], "w_ngw": 3, "w_z_factor": [{"@module": "numpy", "@class": "array", "dtype": "float64", "data": [[48.0, 0.75, -0.160228], [49.0, 0.75, -0.159927]]}, {"@module": "numpy", "@class": "array", "dtype": "float64", "data": [[48.0, 0.75, -0.157993], [49.0, 0.75, -0.158107]]}, {"@module": "numpy", "@class": "array", "dtype": "float64", "data": [[48.0, 0.74, -0.16192], [49.0, 0.74, -0.162388]]}], "gw_kppa": 10, "gw_kpt_grid": {"@module": "numpy", "@class": "array", "dtype": "int64", "data": [2, 2, 2]}, "conv_list": [[{"kppa": 0}, {"kpt_grid": "1x1x1"}, {"num_kpts": 1}, {"X_bnds": 300.0}, {"G_bnds": 300.0}, {"X_cutoff": 8.0}, {"gamma_gap": -0.008624999999999994}, {"num_gw_calc": 3}, {"wall_time": 727}, {"num_cores": 8}, {"z-factor": "None"}], [{"kppa": 0}, {"kpt_grid": "1x1x1"}, {"num_kpts": 1}, {"X_bnds": 200}, {"G_bnds": 200}, {"X_cutoff": 4}, {"gamma_gap": 8}, {"num_gw_calc": 1}, {"wall_time": 14}, {"num_cores": 8}, {"z-factor": "None"}], [{"kppa": 10}, {"kpt_grid": "2x2x2"}, {"num_kpts": 1}, {"X_bnds": 200}, {"G_bnds": 200}, {"X_cutoff": 4}, {"gamma_gap": -0.001785999999999996}, {"num_gw_calc": 2}, {"wall_time": 90}, {"num_cores": 8}, {"z-factor": {"@module": "numpy", "@class": "array", "dtype": "float64", "data": [[48.0, 0.75, -0.174135], [49.0, 0.75, -0.174124]]}}]], "conv_time": 816.6931457519531}, "gw_band_range_pbe": [1, 54], "gw_conv_lda": {"gw_conv_thr": 0.025, "gw_bnd_start": 200, "gw_bnd_step": 100, "gw_cut_start": 4, "gw_cut_step": 4, "kpt_bnd_idx": {"@module": "numpy", "@class": "array", "dtype": "int64", "data": [1, 1, 68, 69]}, "gw_bands": 200, "gw_cutoff": 4, "w_conv_grid": [[200, 4, -0.00029799999999999965], [300, 4, -0.0002879999999999966], [300, 8, -0.0004369999999999999], [300, 8, -0.0004369999999999999]], "pwcutoff": 93, "w_conv_time": [13.868024349212646, 15.288111686706543, 17.09726119041443, 17.09808588027954], "w_ngw": 3, "w_z_factor": [{"@module": "numpy", "@class": "array", "dtype": "float64", "data": [[68.0, 0.73, -0.187637], [69.0, 0.73, -0.187673]]}, {"@module": "numpy", "@class": "array", "dtype": "float64", "data": [[68.0, 0.74, -0.181084], [69.0, 0.74, -0.181174]]}, {"@module": "numpy", "@class": "array", "dtype": "float64", "data": [[68.0, 0.73, -0.184729], [69.0, 0.73, -0.184813]]}], "gw_kppa": 10, "gw_kpt_grid": {"@module": "numpy", "@class": "array", "dtype": "int64", "data": [2, 2, 2]}, "conv_list": [[{"kppa": 0}, {"kpt_grid": "1x1x1"}, {"num_kpts": 1}, {"X_bnds": 300.0}, {"G_bnds": 300.0}, {"X_cutoff": 8.0}, {"gamma_gap": -0.0004369999999999999}, {"num_gw_calc": 3}, {"wall_time": 918}, {"num_cores": 8}, {"z-factor": "None"}], [{"kppa": 0}, {"kpt_grid": "1x1x1"}, {"num_kpts": 1}, {"X_bnds": 200}, {"G_bnds": 200}, {"X_cutoff": 4}, {"gamma_gap": 8}, {"num_gw_calc": 1}, {"wall_time": 14}, {"num_cores": 8}, {"z-factor": "None"}], [{"kppa": 10}, {"kpt_grid": "2x2x2"}, {"num_kpts": 1}, {"X_bnds": 200}, {"G_bnds": 200}, {"X_cutoff": 4}, {"gamma_gap": -0.003090999999999955}, {"num_gw_calc": 2}, {"wall_time": 98}, {"num_cores": 8}, {"z-factor": {"@module": "numpy", "@class": "array", "dtype": "float64", "data": [[68.0, 0.75, -0.18073], [69.0, 0.75, -0.18073]]}}]], "conv_time": 1015.0653574466705}, "gw_band_range_lda": [1, 74], "g0w0_ppa_pbe": {"gw_direct_gap": -0.0021860000000000213, "kppa": 220, "kpt_grid": "4x4x4", "num_kpt": 13, "bands_in X": 400, "bands_in_G": 400, "cutoff": 12, "z_factor": [[48.0, 0.75, -0.00165921], [49.0, 0.75, -0.00165928]], "scissor": -0.0021860000000000213, "ncpu": 32, "calc_time": 1617.550812959671}, "g0w0_ppa_lda": {"gw_direct_gap": 0.004789999999999961, "kppa": 220, "kpt_grid": "4x4x4", "num_kpt": 13, "bands_in X": 400, "bands_in_G": 400, "cutoff": 12, "z_factor": [[68.0, 0.75, -0.00162052], [69.0, 0.75, -0.00162044]], "scissor": 0.004789999999999961, "ncpu": 32, "calc_time": 2188.5849986076355}}, "data": {}}