{"@module": "pymatgen.entries.computed_entries", "@class": "ComputedEntry", "energy": 0.0, "composition": {"Sr": 1.0, "Ti": 1.0, "O": 3.0}, "entry_id": "94573", "correction": 0.0, "energy_adjustments": [], "parameters": {"id": "94573", "name": "SrTiO3", "ibrav": {"celldm(1)": 7.376356990401885, "ibrav": 1}, "vol": 401.35232278721423, "lda_pw_cutoff_Ry": 76, "qe_conv_pbe": {"qe_conv_maxiter": 20, "qe_delta_kppa": 1500, "qe_delta_cutoff": 5, "qe_conv_thresh": 0.00018374662695223566, "qe_conv_steps": [[60, 1500, -137.0836262195497], [65, 1500, -137.1004111182352], [70, 1500, -137.1079940093684], [75, 1500, -137.1114039550552], [80, 1500, -137.1125471675294], [85, 1500, -137.1128345967451], [90, 1500, -137.1128723156219], [90, 3000, -137.1128954792834]], "qe_conv_time": 38.673409938812256}, "num_elec_pbe": 40.0, "max_mem": 40532.0, "qe_conv_lda": {"qe_conv_maxiter": 20, "qe_delta_kppa": 1500, "qe_delta_cutoff": 5, "qe_conv_thresh": 0.00018374662695223566, "qe_conv_steps": [[76, 1500, -143.497466977591], [81, 1500, -143.4977826542688], [86, 1500, -143.4978479639869], [86, 3000, -143.4978715106344]], "qe_conv_time": 20.68461585044861}, "num_elec_lda": 40.0, "bg_conv_pbe": {"bg_conv_maxiter": 20, "bg_delta_kppa": 1500, "bg_delta_cutoff": 5, "bg_conv_thresh": 0.025, "bg_conv_steps": [[90, 3000, 1.9339704146590357], [90, 4500, 1.9340656519353998]], "bg_conv_time": 13.36596941947937}, "indirect_gap_pbe": 1.9339718045523593, "bg_conv_lda": {"bg_conv_maxiter": 20, "bg_delta_kppa": 1500, "bg_delta_cutoff": 5, "bg_conv_thresh": 0.025, "bg_conv_steps": [[86, 3000, 1.8110391115159181], [86, 4500, 1.8111833946869056]], "bg_conv_time": 12.900193214416504}, "indirect_gap_lda": 1.8111185286591662, "gw_conv_pbe": {"gw_conv_thr": 0.025, "gw_bnd_start": 200, "gw_bnd_step": 100, "gw_cut_start": 4, "gw_cut_step": 4, "kpt_bnd_idx": {"@module": "numpy", "@class": "array", "dtype": "int64", "data": [1, 1, 20, 21]}, "gw_bands": 200, "gw_cutoff": 4, "w_conv_grid": [[200, 4, 5.012811], [300, 4, 5.001829], [300, 8, 5.037516], [300, 8, 5.037516], [300, 12, 5.085509], [300, 12, 5.085509], [300, 16, 5.127626], [300, 16, 5.127626], [300, 20, 5.130246], [300, 20, 5.130246], [400, 20, 5.146255], [400, 24, 5.147519], [400, 24, 5.147519]], "pwcutoff": 90, "w_conv_time": [13.699678659439087, 14.05397629737854, 13.984463453292847, 13.985944032669067, 14.537913799285889, 14.539385557174683, 15.595343351364136, 15.59738302230835, 17.140830993652344, 17.1416277885437, 18.372932195663452, 20.50037169456482, 20.50196862220764], "w_ngw": 8, "w_z_factor": [{"@module": "numpy", "@class": "array", "dtype": "float64", "data": [[20.0, 0.8, -0.933596], [21.0, 0.83, -0.101506]]}, {"@module": "numpy", "@class": "array", "dtype": "float64", "data": [[20.0, 0.8, -0.926178], [21.0, 0.83, -0.794949]]}, {"@module": "numpy", "@class": "array", "dtype": "float64", "data": [[20.0, 0.8, -0.932152], [21.0, 0.83, -0.850217]]}, {"@module": "numpy", "@class": "array", "dtype": "float64", "data": [[20.0, 0.79, -0.928123], [21.0, 0.83, -0.84729]]}, {"@module": "numpy", "@class": "array", "dtype": "float64", "data": [[20.0, 0.79, -0.983128], [21.0, 0.83, -0.9292]]}, {"@module": "numpy", "@class": "array", "dtype": "float64", "data": [[20.0, 0.79, -0.931693], [21.0, 0.83, -0.869129]]}, {"@module": "numpy", "@class": "array", "dtype": "float64", "data": [[20.0, 0.79, -0.923687], [21.0, 0.83, -0.865383]]}, {"@module": "numpy", "@class": "array", "dtype": "float64", "data": [[20.0, 0.79, -0.91989], [21.0, 0.83, -0.916663]]}], "gw_kppa": 630, "gw_kpt_grid": {"@module": "numpy", "@class": "array", "dtype": "int64", "data": [6, 6, 6]}, "conv_list": [[{"kppa": 0}, {"kpt_grid": "1x1x1"}, {"num_kpts": 1}, {"X_bnds": 400.0}, {"G_bnds": 400.0}, {"X_cutoff": 24.0}, {"gamma_gap": 5.147519}, {"num_gw_calc": 8}, {"wall_time": 217}, {"num_cores": 8}, {"z-factor": "None"}], [{"kppa": 0}, {"kpt_grid": "1x1x1"}, {"num_kpts": 1}, {"X_bnds": 200}, {"G_bnds": 200}, {"X_cutoff": 4}, {"gamma_gap": 8}, {"num_gw_calc": 1}, {"wall_time": 14}, {"num_cores": 8}, {"z-factor": "None"}], [{"kppa": 10}, {"kpt_grid": "2x2x2"}, {"num_kpts": 1}, {"X_bnds": 200}, {"G_bnds": 200}, {"X_cutoff": 4}, {"gamma_gap": 3.746288}, {"num_gw_calc": 2}, {"wall_time": 28}, {"num_cores": 8}, {"z-factor": {"@module": "numpy", "@class": "array", "dtype": "float64", "data": [[20.0, 0.78, -0.131332], [21.0, 0.79, -0.140513]]}}], [{"kppa": 140}, {"kpt_grid": "4x4x4"}, {"num_kpts": 1}, {"X_bnds": 200}, {"G_bnds": 200}, {"X_cutoff": 4}, {"gamma_gap": 3.714927}, {"num_gw_calc": 3}, {"wall_time": 88}, {"num_cores": 8}, {"z-factor": {"@module": "numpy", "@class": "array", "dtype": "float64", "data": [[20.0, 0.78, -0.131259], [21.0, 0.79, -0.141421]]}}], [{"kppa": 630}, {"kpt_grid": "6x6x6"}, {"num_kpts": 1}, {"X_bnds": 200}, {"G_bnds": 200}, {"X_cutoff": 4}, {"gamma_gap": 3.6967559999999997}, {"num_gw_calc": 4}, {"wall_time": 115}, {"num_cores": 32}, {"z-factor": {"@module": "numpy", "@class": "array", "dtype": "float64", "data": [[20.0, 0.78, -0.135121], [21.0, 0.79, -0.150235]]}}]], "conv_time": 445.22741055488586}, "gw_band_range_pbe": [1, 26], "gw_conv_lda": {"gw_conv_thr": 0.025, "gw_bnd_start": 200, "gw_bnd_step": 100, "gw_cut_start": 4, "gw_cut_step": 4, "kpt_bnd_idx": {"@module": "numpy", "@class": "array", "dtype": "int64", "data": [1, 1, 20, 21]}, "gw_bands": 200, "gw_cutoff": 4, "w_conv_grid": [[200, 4, 5.326685], [300, 4, 5.309488], [300, 8, 5.31213], [300, 8, 5.31213]], "pwcutoff": 86, "w_conv_time": [13.679754257202148, 14.025646448135376, 14.171669483184814, 14.172994375228882], "w_ngw": 3, "w_z_factor": [{"@module": "numpy", "@class": "array", "dtype": "float64", "data": [[20.0, 0.8, -0.942105], [21.0, 0.83, -0.873031]]}, {"@module": "numpy", "@class": "array", "dtype": "float64", "data": [[20.0, 0.8, -0.928987], [21.0, 0.83, -0.87655]]}, {"@module": "numpy", "@class": "array", "dtype": "float64", "data": [[20.0, 0.8, -0.929645], [21.0, 0.83, -0.918314]]}], "gw_kppa": 630, "gw_kpt_grid": {"@module": "numpy", "@class": "array", "dtype": "int64", "data": [6, 6, 6]}, "conv_list": [[{"kppa": 0}, {"kpt_grid": "1x1x1"}, {"num_kpts": 1}, {"X_bnds": 300.0}, {"G_bnds": 300.0}, {"X_cutoff": 8.0}, {"gamma_gap": 5.31213}, {"num_gw_calc": 3}, {"wall_time": 116}, {"num_cores": 8}, {"z-factor": "None"}], [{"kppa": 0}, {"kpt_grid": "1x1x1"}, {"num_kpts": 1}, {"X_bnds": 200}, {"G_bnds": 200}, {"X_cutoff": 4}, {"gamma_gap": 8}, {"num_gw_calc": 1}, {"wall_time": 14}, {"num_cores": 8}, {"z-factor": "None"}], [{"kppa": 10}, {"kpt_grid": "2x2x2"}, {"num_kpts": 1}, {"X_bnds": 200}, {"G_bnds": 200}, {"X_cutoff": 4}, {"gamma_gap": 3.8729000000000005}, {"num_gw_calc": 2}, {"wall_time": 27}, {"num_cores": 8}, {"z-factor": {"@module": "numpy", "@class": "array", "dtype": "float64", "data": [[20.0, 0.78, -0.151491], [21.0, 0.78, -0.194021]]}}], [{"kppa": 140}, {"kpt_grid": "4x4x4"}, {"num_kpts": 1}, {"X_bnds": 200}, {"G_bnds": 200}, {"X_cutoff": 4}, {"gamma_gap": 3.842905}, {"num_gw_calc": 3}, {"wall_time": 87}, {"num_cores": 8}, {"z-factor": {"@module": "numpy", "@class": "array", "dtype": "float64", "data": [[20.0, 0.78, -0.132346], [21.0, 0.78, -0.146829]]}}], [{"kppa": 630}, {"kpt_grid": "6x6x6"}, {"num_kpts": 1}, {"X_bnds": 200}, {"G_bnds": 200}, {"X_cutoff": 4}, {"gamma_gap": 3.829922}, {"num_gw_calc": 4}, {"wall_time": 121}, {"num_cores": 32}, {"z-factor": {"@module": "numpy", "@class": "array", "dtype": "float64", "data": [[20.0, 0.78, -0.142859], [21.0, 0.78, -0.153282]]}}]], "conv_time": 349.2749319076538}, "gw_band_range_lda": [1, 26], "g0w0_ppa_pbe": {"gw_direct_gap": 3.759241, "kppa": 1720, "kpt_grid": "8x8x8", "num_kpt": 35, "bands_in X": 500, "bands_in_G": 500, "cutoff": 28, "z_factor": [[20.0, 0.76, -0.0013944], [21.0, 0.78, -0.00149828]], "scissor": 1.474449, "ncpu": 32, "calc_time": 7224.330686807632}, "g0w0_ppa_lda": {"gw_direct_gap": 3.85617, "kppa": 1720, "kpt_grid": "8x8x8", "num_kpt": 35, "bands_in X": 400, "bands_in_G": 400, "cutoff": 12,