{"@module": "pymatgen.entries.computed_entries", "@class": "ComputedEntry", "energy": 0.0, "composition": {"Cd": 1.0, "Cu": 2.0, "Ge": 1.0, "Se": 4.0}, "entry_id": "95235", "correction": 0.0, "energy_adjustments": [], "parameters": {"id": "95235", "name": "CdCu2GeSe4", "ibrav": {"celldm(1)": 10.862523761907084, "ibrav": 7, "celldm(3)": 1.9229149994780979}, "vol": 1232.3166317328278, "lda_pw_cutoff_Ry": 94, "qe_conv_pbe": {"qe_conv_maxiter": 20, "qe_delta_kppa": 1500, "qe_delta_cutoff": 5, "qe_conv_thresh": 0.00029399460312357707, "qe_conv_steps": [[60, 1500, -629.264912790866], [65, 1500, -629.3242418153011], [70, 1500, -629.3427869062127], [75, 1500, -629.3472066396994], [80, 1500, -629.3478636759843], [85, 1500, -629.3479079413544], [85, 3000, -629.3479429119265]], "qe_conv_time": 369.584668636322}, "num_elec_pbe": 96.00000000000001, "max_mem": 64052.0, "qe_conv_lda": {"qe_conv_maxiter": 20, "qe_delta_kppa": 1500, "qe_delta_cutoff": 5, "qe_conv_thresh": 0.00029399460312357707, "qe_conv_steps": [[94, 1500, -1128.192173895365], [99, 1500, -1128.192381485834], [99, 3000, -1128.192403923904]], "qe_conv_time": 314.24932193756104}, "num_elec_lda": 136.0, "bg_conv_pbe": {"bg_conv_maxiter": 20, "bg_delta_kppa": 1500, "bg_delta_cutoff": 5, "bg_conv_thresh": 0.025, "bg_conv_steps": [[85, 3000, 1.2251969498400328e-08], [85, 6000, 4.229498685924878e-14]], "bg_conv_time": 207.80349779129028}, "indirect_gap_pbe": 3.474231063438293e-14, "bg_conv_lda": {"bg_conv_maxiter": 20, "bg_delta_kppa": 1500, "bg_delta_cutoff": 5, "bg_conv_thresh": 0.025, "bg_conv_steps": [[99, 3000, 2.0184527210953996e-09], [99, 6000, 7.507360167516658e-13]], "bg_conv_time": 324.716579914093}, "indirect_gap_lda": 1.2265546189182146e-12, "gw_conv_pbe": {"gw_conv_thr": 0.025, "gw_bnd_start": 200, "gw_bnd_step": 100, "gw_cut_start": 4, "gw_cut_step": 4, "kpt_bnd_idx": {"@module": "numpy", "@class": "array", "dtype": "int64", "data": [1, 1, 48, 49]}, "gw_bands": 200, "gw_cutoff": 4, "w_conv_grid": [[200, 4, 0.0018790000000000195], [300, 4, 0.001928000000000013], [300, 8, 0.0022310000000000108], [300, 8, 0.0022310000000000108]], "pwcutoff": 85, "w_conv_time": [13.872776508331299, 15.404576539993286, 17.05737805366516, 17.05882453918457], "w_ngw": 3, "w_z_factor": [{"@module": "numpy", "@class": "array", "dtype": "float64", "data": [[48.0, 0.76, -0.14425], [49.0, 0.76, -0.144442]]}, {"@module": "numpy", "@class": "array", "dtype": "float64", "data": [[48.0, 0.77, -0.137368], [49.0, 0.77, -0.137719]]}, {"@module": "numpy", "@class": "array", "dtype": "float64", "data": [[48.0, 0.76, -0.143541], [49.0, 0.76, -0.143877]]}], "gw_kppa": 10, "gw_kpt_grid": {"@module": "numpy", "@class": "array", "dtype": "int64", "data": [2, 2, 2]}, "conv_list": [[{"kppa": 0}, {"kpt_grid": "1x1x1"}, {"num_kpts": 1}, {"X_bnds": 300.0}, {"G_bnds": 300.0}, {"X_cutoff": 8.0}, {"gamma_gap": 0.0022310000000000108}, {"num_gw_calc": 3}, {"wall_time": 412}, {"num_cores": 8}, {"z-factor": "None"}], [{"kppa": 0}, {"kpt_grid": "1x1x1"}, {"num_kpts": 1}, {"X_bnds": 200}, {"G_bnds": 200}, {"X_cutoff": 4}, {"gamma_gap": 8}, {"num_gw_calc": 1}, {"wall_time": 14}, {"num_cores": 8}, {"z-factor": "None"}], [{"kppa": 10}, {"kpt_grid": "2x2x2"}, {"num_kpts": 1}, {"X_bnds": 200}, {"G_bnds": 200}, {"X_cutoff": 4}, {"gamma_gap": -0.00031599999999999684}, {"num_gw_calc": 2}, {"wall_time": 68}, {"num_cores": 8}, {"z-factor": {"@module": "numpy", "@class": "array", "dtype": "float64", "data": [[48.0, 0.75, -0.166199], [49.0, 0.75, -0.166203]]}}]], "conv_time": 478.56980657577515}, "gw_band_range_pbe": [1, 54], "gw_conv_lda": {"gw_conv_thr": 0.025, "gw_bnd_start": 200, "gw_bnd_step": 100, "gw_cut_start": 4, "gw_cut_step": 4, "kpt_bnd_idx": {"@module": "numpy", "@class": "array", "dtype": "int64", "data": [1, 1, 68, 69]}, "gw_bands": 200, "gw_cutoff": 4, "w_conv_grid": [[200, 4, -0.001680000000000001], [300, 4, -0.0011940000000000006], [300, 8, -0.0017159999999999953], [300, 8, -0.0017159999999999953]], "pwcutoff": 99, "w_conv_time": [14.812205791473389, 17.27115225791931, 18.85917091369629, 18.860291004180908], "w_ngw": 3, "w_z_factor": [{"@module": "numpy", "@class": "array", "dtype": "float64", "data": [[68.0, 0.74, -0.183381], [69.0, 0.74, -0.182386]]}, {"@module": "numpy", "@class": "array", "dtype": "float64", "data": [[68.0, 0.74, -0.171674], [69.0, 0.75, -0.171042]]}, {"@module": "numpy", "@class": "array", "dtype": "float64", "data": [[68.0, 0.73, -0.180073], [69.0, 0.73, -0.180165]]}], "gw_kppa": 10, "gw_kpt_grid": {"@module": "numpy", "@class": "array", "dtype": "int64", "data": [2, 2, 2]}, "conv_list": [[{"kppa": 0}, {"kpt_grid": "1x1x1"}, {"num_kpts": 1}, {"X_bnds": 300.0}, {"G_bnds": 300.0}, {"X_cutoff": 8.0}, {"gamma_gap": -0.0017159999999999953}, {"num_gw_calc": 3}, {"wall_time": 685}, {"num_cores": 8}, {"z-factor": "None"}], [{"kppa": 0}, {"kpt_grid": "1x1x1"}, {"num_kpts": 1}, {"X_bnds": 200}, {"G_bnds": 200}, {"X_cutoff": 4}, {"gamma_gap": 8}, {"num_gw_calc": 1}, {"wall_time": 15}, {"num_cores": 8}, {"z-factor": "None"}], [{"kppa": 10}, {"kpt_grid": "2x2x2"}, {"num_kpts": 1}, {"X_bnds": 200}, {"G_bnds": 200}, {"X_cutoff": 4}, {"gamma_gap": 0.0006849999999999912}, {"num_gw_calc": 2}, {"wall_time": 91}, {"num_cores": 8}, {"z-factor": {"@module": "numpy", "@class": "array", "dtype": "float64", "data": [[68.0, 0.75, -0.177253], [69.0, 0.75, -0.177335]]}}]], "conv_time": 774.2202286720276}, "gw_band_range_lda": [1, 74], "g0w0_ppa_pbe": {"gw_direct_gap": -0.0005809999999999982, "kppa": 220, "kpt_grid": "4x4x4", "num_kpt": 13, "bands_in X": 400, "bands_in_G": 400, "cutoff": 12, "z_factor": [[48.0, 0.75, -0.00160087], [49.0, 0.75, -0.0016008]], "scissor": -0.0005819999999999714, "ncpu": 32, "calc_time": 2734.1364347934723}, "g0w0_ppa_lda": {"gw_direct_gap": -0.0006539999999999324, "kppa": 220, "kpt_grid": "4x4x4", "num_kpt": 13, "bands_in X": 400, "bands_in_G": 400, "cutoff": 12, "z_factor": [[68.0, 0.75, -0.0016375], [69.0, 0.75, -0.00163747]], "scissor": -0.0006539999999999324, "ncpu": 32, "calc_time": 2726.0619235038757}}, "data": {}}