{"@module": "pymatgen.entries.computed_entries", "@class": "ComputedEntry", "energy": 0.0, "composition": {"Cu": 4.0, "Sn": 2.0, "Se": 6.0}, "entry_id": "97966", "correction": 0.0, "energy_adjustments": [], "parameters": {"id": "97966", "name": "Cu2SnSe3", "ibrav": 0, "vol": 1857.9616679125031, "lda_pw_cutoff_Ry": 78, "qe_conv_pbe": {"qe_conv_maxiter": 20, "qe_delta_kppa": 1500, "qe_delta_cutoff": 5, "qe_conv_thresh": 0.00044099190468536564, "qe_conv_steps": [[60, 1500, -907.7412705065746], [65, 1500, -907.860084075061], [70, 1500, -907.8971118932071], [75, 1500, -907.9059586764884], [80, 1500, -907.9072813778089], [85, 1500, -907.9073666112178], [85, 3000, -907.9075078740019]], "qe_conv_time": 753.338681936264}, "num_elec_pbe": 140.0, "max_mem": 227253.0, "qe_conv_lda": {"qe_conv_maxiter": 20, "qe_delta_kppa": 1500, "qe_delta_cutoff": 5, "qe_conv_thresh": 0.00044099190468536564, "qe_conv_steps": [[78, 1500, -1642.089289883234], [83, 1500, -1642.095896112902], [88, 1500, -1642.097175137854], [93, 1500, -1642.097347361861], [93, 3000, -1642.097523622193]], "qe_conv_time": 868.8493843078613}, "num_elec_lda": 200.0, "bg_conv_pbe": {"bg_conv_maxiter": 20, "bg_delta_kppa": 1500, "bg_delta_cutoff": 5, "bg_conv_thresh": 0.025, "bg_conv_steps": [[85, 3000, 0.06959520666448858], [85, 4500, 0.05068062483256135]], "bg_conv_time": 601.6867606639862}, "indirect_gap_pbe": 0.050664324680438924, "bg_conv_lda": {"bg_conv_maxiter": 20, "bg_delta_kppa": 1500, "bg_delta_cutoff": 5, "bg_conv_thresh": 0.025, "bg_conv_steps": [[93, 3000, -0.0010521417091629594], [93, 4500, 0.02673602768894381], [93, 9000, 0.016366506867242978]], "bg_conv_time": 1734.1676332950592}, "indirect_gap_lda": 0.017096011746423518, "gw_conv_pbe": {"gw_conv_thr": 0.025, "gw_bnd_start": 200, "gw_bnd_step": 100, "gw_cut_start": 4, "gw_cut_step": 4, "kpt_bnd_idx": {"@module": "numpy", "@class": "array", "dtype": "int64", "data": [1, 1, 70, 71]}, "gw_bands": 200, "gw_cutoff": 4, "w_conv_grid": [[200, 4, 0.338379], [300, 4, 0.332514], [300, 8, 0.325652], [300, 8, 0.325652]], "pwcutoff": 85, "w_conv_time": [15.149584531784058, 16.703064680099487, 30.04171061515808, 30.044073343276978], "w_ngw": 3, "w_z_factor": [{"@module": "numpy", "@class": "array", "dtype": "float64", "data": [[70.0, 0.74, -0.183017], [71.0, 0.74, -0.185023]]}, {"@module": "numpy", "@class": "array", "dtype": "float64", "data": [[70.0, 0.74, -0.174653], [71.0, 0.74, -0.176888]]}, {"@module": "numpy", "@class": "array", "dtype": "float64", "data": [[70.0, 0.74, -0.175419], [71.0, 0.73, -0.180323]]}], "gw_kppa": 330, "gw_kpt_grid": {"@module": "numpy", "@class": "array", "dtype": "int64", "data": [4, 4, 4]}, "conv_list": [[{"kppa": 0}, {"kpt_grid": "1x1x1"}, {"num_kpts": 1}, {"X_bnds": 300.0}, {"G_bnds": 300.0}, {"X_cutoff": 8.0}, {"gamma_gap": 0.325652}, {"num_gw_calc": 3}, {"wall_time": 649}, {"num_cores": 8}, {"z-factor": "None"}], [{"kppa": 0}, {"kpt_grid": "1x1x1"}, {"num_kpts": 1}, {"X_bnds": 200}, {"G_bnds": 200}, {"X_cutoff": 4}, {"gamma_gap": 8}, {"num_gw_calc": 1}, {"wall_time": 16}, {"num_cores": 8}, {"z-factor": "None"}], [{"kppa": 10}, {"kpt_grid": "2x2x2"}, {"num_kpts": 1}, {"X_bnds": 200}, {"G_bnds": 200}, {"X_cutoff": 4}, {"gamma_gap": 0.185217}, {"num_gw_calc": 2}, {"wall_time": 136}, {"num_cores": 8}, {"z-factor": {"@module": "numpy", "@class": "array", "dtype": "float64", "data": [[70.0, 0.75, -0.177391], [71.0, 0.75, -0.178229]]}}], [{"kppa": 330}, {"kpt_grid": "4x4x4"}, {"num_kpts": 1}, {"X_bnds": 200}, {"G_bnds": 200}, {"X_cutoff": 4}, {"gamma_gap": 0.179311}, {"num_gw_calc": 3}, {"wall_time": 2556}, {"num_cores": 8}, {"z-factor": {"@module": "numpy", "@class": "array", "dtype": "float64", "data": [[70.0, 0.75, -0.175524], [71.0, 0.75, -0.176222]]}}]], "conv_time": 3339.4975719451904}, "gw_band_range_pbe": [1, 78], "gw_conv_lda": {"gw_conv_thr": 0.025, "gw_bnd_start": 200, "gw_bnd_step": 100, "gw_cut_start": 4, "gw_cut_step": 4, "kpt_bnd_idx": {"@module": "numpy", "@class": "array", "dtype": "int64", "data": [1, 1, 100, 101]}, "gw_bands": 200, "gw_cutoff": 4, "w_conv_grid": [[200, 4, 0.328131], [300, 4, 0.317166], [300, 8, 0.31399599999999994], [300, 8, 0.31399599999999994]], "pwcutoff": 93, "w_conv_time": [15.859327793121338, 18.06515407562256, 32.632787227630615, 32.63479232788086], "w_ngw": 3, "w_z_factor": [{"@module": "numpy", "@class": "array", "dtype": "float64", "data": [[100.0, 0.74, -0.194091], [101.0, 0.73, -0.196883]]}, {"@module": "numpy", "@class": "array", "dtype": "float64", "data": [[100.0, 0.75, -0.176776], [101.0, 0.74, -0.178927]]}, {"@module": "numpy", "@class": "array", "dtype": "float64", "data": [[100.0, 0.74, -0.179019], [101.0, 0.73, -0.182176]]}], "gw_kppa": 330, "gw_kpt_grid": {"@module": "numpy", "@class": "array", "dtype": "int64", "data": [4, 4, 4]}, "conv_list": [[{"kppa": 0}, {"kpt_grid": "1x1x1"}, {"num_kpts": 1}, {"X_bnds": 300.0}, {"G_bnds": 300.0}, {"X_cutoff": 8.0}, {"gamma_gap": 0.31399599999999994}, {"num_gw_calc": 3}, {"wall_time": 2722}, {"num_cores": 8}, {"z-factor": "None"}], [{"kppa": 0}, {"kpt_grid": "1x1x1"}, {"num_kpts": 1}, {"X_bnds": 200}, {"G_bnds": 200}, {"X_cutoff": 4}, {"gamma_gap": 8}, {"num_gw_calc": 1}, {"wall_time": 16}, {"num_cores": 8}, {"z-factor": "None"}], [{"kppa": 10}, {"kpt_grid": "2x2x2"}, {"num_kpts": 1}, {"X_bnds": 200}, {"G_bnds": 200}, {"X_cutoff": 4}, {"gamma_gap": 0.141135}, {"num_gw_calc": 2}, {"wall_time": 152}, {"num_cores": 8}, {"z-factor": {"@module": "numpy", "@class": "array", "dtype": "float64", "data": [[100.0, 0.75, -0.185182], [101.0, 0.75, -0.186732]]}}], [{"kppa": 330}, {"kpt_grid": "4x4x4"}, {"num_kpts": 1}, {"X_bnds": 200}, {"G_bnds": 200}, {"X_cutoff": 4}, {"gamma_gap": 0.14101199999999992}, {"num_gw_calc": 3}, {"wall_time": 3050}, {"num_cores": 8}, {"z-factor": {"@module": "numpy", "@class": "array", "dtype": "float64", "data": [[100.0, 0.75, -0.183563], [101.0, 0.75, -0.185987]]}}]], "conv_time": 5922.239318847656}, "gw_band_range_lda": [1, 108], "g0w0_ppa_pbe": {"gw_direct_gap": 0.17274699999999998, "kppa": 1500, "kpt_grid": "4x4x6", "num_kpt": 52, "bands_in X": 400, "bands_in_G": 400, "cutoff": 12, "z_factor": [[70.0, 0.75, -0.00162216], [71.0, 0.75, -0.00162516]], "scissor": 0.03148799999999999, "ncpu": 32, "calc_time": 23181.863946914673}, "g0w0_ppa_lda": {"gw_direct_gap": 0.14001000000000002, "kppa": 1500, "kpt_grid": "4x4x6", "num_kpt": 52, "bands_in X": 400, "bands_in_G": 400, "cutoff": 12, "z_factor": [[100.0, 0.75, -0.00163028], [101.0, 0.75, -0.00163899]], "scissor": -0.008965999999999974, "ncpu": 32, "calc_time": 29352.10077404976}}, "data": {}}