{"@module": "pymatgen.entries.computed_entries", "@class": "ComputedEntry", "energy": 0.0, "composition": {"Mg": 1.0, "O": 1.0}, "entry_id": "9863", "correction": 0.0, "energy_adjustments": [], "parameters": {"id": "9863", "name": "MgO", "ibrav": {"celldm(1)": 7.96897510593963, "ibrav": 2}, "vol": 126.51657288370417, "lda_pw_cutoff_Ry": 76, "qe_conv_pbe": {"qe_conv_maxiter": 20, "qe_delta_kppa": 1500, "qe_delta_cutoff": 5, "qe_conv_thresh": 7.349865078089427e-05, "qe_conv_steps": [[60, 1500, -70.41644642305774], [65, 1500, -70.42211414413245], [70, 1500, -70.42488441334439], [75, 1500, -70.42607519064475], [80, 1500, -70.4265549104068], [85, 1500, -70.42673560557958], [90, 1500, -70.42680483223151], [90, 3000, -70.42680475400267]], "qe_conv_time": 44.360796213150024}, "num_elec_pbe": 16.0, "max_mem": 22705.0, "qe_conv_lda": {"qe_conv_maxiter": 20, "qe_delta_kppa": 1500, "qe_delta_cutoff": 5, "qe_conv_thresh": 7.349865078089427e-05, "qe_conv_steps": [[76, 1500, -75.91199740107417], [81, 1500, -75.91228729922194], [86, 1500, -75.91232716486286], [86, 3000, -75.91232727400376]], "qe_conv_time": 24.075576782226562}, "num_elec_lda": 16.0, "bg_conv_pbe": {"bg_conv_maxiter": 20, "bg_delta_kppa": 1500, "bg_delta_cutoff": 5, "bg_conv_thresh": 0.025, "bg_conv_steps": [[90, 3000, 4.731437390417545], [90, 4500, 4.731461523498202]], "bg_conv_time": 11.317584753036499}, "indirect_gap_pbe": 4.731437390417545, "bg_conv_lda": {"bg_conv_maxiter": 20, "bg_delta_kppa": 1500, "bg_delta_cutoff": 5, "bg_conv_thresh": 0.025, "bg_conv_steps": [[86, 3000, 4.650206776548554], [86, 4500, 4.650158314462367]], "bg_conv_time": 12.374561786651611}, "indirect_gap_lda": 4.6502068093226905, "gw_conv_pbe": {"gw_conv_thr": 0.025, "gw_bnd_start": 200, "gw_bnd_step": 100, "gw_cut_start": 4, "gw_cut_step": 4, "kpt_bnd_idx": {"@module": "numpy", "@class": "array", "dtype": "int64", "data": [1, 1, 8, 9]}, "gw_bands": 200, "gw_cutoff": 4, "w_conv_grid": [[200, 4, 3.746073], [300, 4, 3.7453440000000002], [300, 8, 4.185968], [300, 8, 4.185968], [300, 12, 4.353452], [300, 12, 4.353452], [300, 16, 4.441863], [300, 16, 4.441863], [300, 20, 4.473491], [300, 20, 4.473491], [300, 24, 4.497313], [300, 24, 4.497313], [400, 24, 4.499299000000001], [400, 28, 4.5131879999999995], [400, 28, 4.5131879999999995]], "pwcutoff": 96, "w_conv_time": [12.315295457839966, 12.030761003494263, 12.53098201751709, 12.532413005828857, 12.491260528564453, 12.492521524429321, 12.586422681808472, 12.587763786315918, 12.825679302215576, 12.827076196670532, 13.335901498794556, 13.336680889129639, 13.08622431755066, 13.545928955078125, 13.547346115112305], "w_ngw": 9, "w_z_factor": [{"@module": "numpy", "@class": "array", "dtype": "float64", "data": [[8.0, 0.77, -0.115681], [9.0, 0.8, -0.110408]]}, {"@module": "numpy", "@class": "array", "dtype": "float64", "data": [[8.0, 0.77, -0.115702], [9.0, 0.8, -0.110404]]}, {"@module": "numpy", "@class": "array", "dtype": "float64", "data": [[8.0, 0.77, -0.108412], [9.0, 0.79, -0.110853]]}, {"@module": "numpy", "@class": "array", "dtype": "float64", "data": [[8.0, 0.77, -0.108633], [9.0, 0.79, -0.110246]]}, {"@module": "numpy", "@class": "array", "dtype": "float64", "data": [[8.0, 0.77, -0.104449], [9.0, 0.79, -0.109948]]}, {"@module": "numpy", "@class": "array", "dtype": "float64", "data": [[8.0, 0.77, -0.105964], [9.0, 0.79, -0.108975]]}, {"@module": "numpy", "@class": "array", "dtype": "float64", "data": [[8.0, 0.77, -0.105854], [9.0, 0.79, -0.109234]]}, {"@module": "numpy", "@class": "array", "dtype": "float64", "data": [[8.0, 0.77, -0.103564], [9.0, 0.79, -0.10953]]}, {"@module": "numpy", "@class": "array", "dtype": "float64", "data": [[8.0, 0.77, -0.104935], [9.0, 0.79, -0.109412]]}], "gw_kppa": 260, "gw_kpt_grid": {"@module": "numpy", "@class": "array", "dtype": "int64", "data": [6, 6, 6]}, "conv_list": [[{"kppa": 0}, {"kpt_grid": "1x1x1"}, {"num_kpts": 1}, {"X_bnds": 400.0}, {"G_bnds": 400.0}, {"X_cutoff": 28.0}, {"gamma_gap": 4.5131879999999995}, {"num_gw_calc": 9}, {"wall_time": 169}, {"num_cores": 8}, {"z-factor": "None"}], [{"kppa": 0}, {"kpt_grid": "1x1x1"}, {"num_kpts": 1}, {"X_bnds": 200}, {"G_bnds": 200}, {"X_cutoff": 4}, {"gamma_gap": 8}, {"num_gw_calc": 1}, {"wall_time": 13}, {"num_cores": 8}, {"z-factor": "None"}], [{"kppa": 10}, {"kpt_grid": "2x2x2"}, {"num_kpts": 1}, {"X_bnds": 200}, {"G_bnds": 200}, {"X_cutoff": 4}, {"gamma_gap": 6.303056999999999}, {"num_gw_calc": 2}, {"wall_time": 19}, {"num_cores": 8}, {"z-factor": {"@module": "numpy", "@class": "array", "dtype": "float64", "data": [[8.0, 0.81, -0.107348], [9.0, 0.84, -0.870905]]}}], [{"kppa": 60}, {"kpt_grid": "4x4x4"}, {"num_kpts": 1}, {"X_bnds": 200}, {"G_bnds": 200}, {"X_cutoff": 4}, {"gamma_gap": 6.531121000000001}, {"num_gw_calc": 3}, {"wall_time": 38}, {"num_cores": 8}, {"z-factor": {"@module": "numpy", "@class": "array", "dtype": "float64", "data": [[8.0, 0.81, -0.103758], [9.0, 0.86, -0.738818]]}}], [{"kppa": 260}, {"kpt_grid": "6x6x6"}, {"num_kpts": 1}, {"X_bnds": 200}, {"G_bnds": 200}, {"X_cutoff": 4}, {"gamma_gap": 6.515189}, {"num_gw_calc": 4}, {"wall_time": 58}, {"num_cores": 32}, {"z-factor": {"@module": "numpy", "@class": "array", "dtype": "float64", "data": [[8.0, 0.82, -0.990954], [9.0, 0.86, -0.728988]]}}]], "conv_time": 282.264262676239}, "gw_band_range_pbe": [1, 10], "gw_conv_lda": {"gw_conv_thr": 0.025, "gw_bnd_start": 200, "gw_bnd_step": 100, "gw_cut_start": 4, "gw_cut_step": 4, "kpt_bnd_idx": {"@module": "numpy", "@class": "array", "dtype": "int64", "data": [1, 1, 8, 9]}, "gw_bands": 200, "gw_cutoff": 4, "w_conv_grid": [[200, 4, 4.35957], [300, 4, 4.358174999999999], [300, 8, 4.823124], [300, 8, 4.823124], [300, 12, 4.99793], [300, 12, 4.99793], [300, 16, 5.087565], [300, 16, 5.087565], [300, 20, 5.118985], [300, 20, 5.118985], [300, 24, 5.1436649999999995], [300, 24, 5.1436649999999995], [400, 24, 5.144596999999999], [400, 28, 5.157647], [400, 28, 5.157647]], "pwcutoff": 96, "w_conv_time": [12.452025175094604, 12.341800689697266, 12.58185625076294, 12.583202362060547, 12.5064697265625, 12.508114099502563, 13.009153127670288, 13.010461807250977, 13.221353769302368, 13.223450899124146, 12.908918142318726, 12.910118818283081, 13.288954734802246, 13.62222409248352, 13.623105764389038], "w_ngw": 9, "w_z_factor": [{"@module": "numpy", "@class": "array", "dtype": "float64", "data": [[8.0, 0.77, -0.117174], [9.0, 0.79, -0.113149]]}, {"@module": "numpy", "@class": "array", "dtype": "float64", "data": [[8.0, 0.77, -0.117364], [9.0, 0.79, -0.113132]]}, {"@module": "numpy", "@class": "array", "dtype": "float64", "data": [[8.0, 0.77, -0.10195], [9.0, 0.79, -0.108632]]}, {"@module": "numpy", "@class": "array", "dtype": "float64", "data": [[8.0, 0.77, -0.733985], [9.0, 0.79, -0.984068]]}, {"@module": "numpy", "@class": "array", "dtype": "float64", "data": [[8.0, 0.77, -0.858596], [9.0, 0.79, -0.106466]]}, {"@module": "numpy", "@class": "array", "dtype": "float64", "data": [[8.0, 0.77, -0.643941], [9.0, 0.79, -0.985702]]}, {"@module": "numpy", "@class": "array", "dtype": "float64", "data": [[8.0, 0.77, -0.999013], [9.0, 0.79, -0.109874]]}, {"@module": "numpy", "@class": "array", "dtype": "float64", "data": [[8.0, 0.77, -0.102171], [9.0, 0.79, -0.110403]]}, {"@module": "numpy", "@class": "array", "dtype": "float64", "data": [[8.0, 0.77, -0.101488], [9.0, 0.79, -0.11018]]}], "gw_kppa": 260, "gw_kpt_grid": {"@module": "numpy", "@class": "array", "dtype": "int64", "data": [6, 6, 6]},